{
    "Changes": 

        [

            {
                //Directions: 0 = UP, 1 = RIGHT, 2 = DOWN, 3 = LEFT
                "LogName": "Fievel First Schedule",
                "Action": "EditData",
                "Target": "Characters/Schedules/Fievel",
                "Entries": {

                    "spring": "610 EastScarp_Village {{Random:25 70 0++23 60 2++33 65 3++53 63 2|inputSeparator=++}}/900 EastScarp_Village {{Random:35 76 1++7 43 1++37 39 2++42 81 2|inputSeparator=++}}/1100 EastScarp_Village {{Random:46 131++43 82++70 122++60 22|inputSeparator=++}} 2 eatcheese/1530 EastScarp_Village {{Random:46 131 2 sitfront++21 111 2 liedown++45 103 1++79 78 2 sitfront|inputSeparator=++}}/1800 EastScarp_Village {{Random:78 108 2++92 110 2++52 40 2++44 89 0|inputSeparator=++}}/2000 EastScarp_VillageInn {{Random:31 31++25 32++22 32++46 11++40 9|inputSeparator=++}} 2 eatcheese/2200 EastScarp_VillageInn {{Random:47 35++17 35|inputSeparator=++}} 2 sleep",
                    "summer": "610 EastScarp_Village {{Random:25 70 0++23 60 2++33 65 3++53 63 2|inputSeparator=++}}/930 EastScarp_Village {{Random:12 125 2++43 129 3++51 129 1++57 113 2|inputSeparator=++}}/1130 EastScarp_Village {{Random:25 104++77 99++80 79++45 82|inputSeparator=++}} 2 eatcheese/1530 EastScarp_Village {{Random:16 109++12 120++21 119|inputSeparator=++}} 2 liedown/1800 EastScarp_Village {{Random:35 99++73 121++94 111++48 130|inputSeparator=++}} 2/2000 EastScarp_VillageInn {{Random:31 31++25 32++22 32++46 11++40 9|inputSeparator=++}} 2 eatcheese/2200 EastScarp_VillageInn {{Random:47 35++17 35|inputSeparator=++}} 2 sleep",
                    "fall": "610 EastScarp_Village {{Random:25 70 0++23 60 2++33 65 3++53 63 2|inputSeparator=++}}/930 EastScarp_Village {{Random:12 125 2++43 129 3++37 39 2++42 81 2|inputSeparator=++}}/1130 EastScarp_Village {{Random:25 104++77 99++70 122++60 22|inputSeparator=++}} 2 eatcheese/1530 EastScarp_Village {{Random:46 131 2 sitfront++45 103 1++79 78 2 sitfront++75 60 0|inputSeparator=++}}/1900 EastScarp_VillageInn {{Random:31 31++25 32++22 32++46 11++40 9|inputSeparator=++}} 2 eatcheese/2200 EastScarp_VillageInn {{Random:47 35++17 35|inputSeparator=++}} 2 sleep",
                    "winter": "610 EastScarp_Village {{Random:48 65 2++47 67 2++56 77 2|inputSeparator=++}}/1000 EastScarp_Village {{Random:19 102 0++51 111 2++77 79 2 sitright++54 66 2 sitback|inputSeparator=++}}/1200 EastScarp_VillageInn {{Random:31 31++25 32++22 32++46 11++40 9|inputSeparator=++}} 2 eatcheese/1530 EastScarp_Village {{Random:67 61 0++69 70 2++63 76 2++66 44 2 sitback|inputSeparator=++}}/1700 EastScarp_VillageInn {{Random:23 12 0++33 14 1 sitleft++22 32 1 sitright++11 18 0|inputSeparator=++}}/2000 EastScarp_VillageInn {{Random:31 31++25 32++22 32++46 11++40 9|inputSeparator=++}} 2 eatcheese/2200 EastScarp_VillageInn {{Random:47 35++17 35|inputSeparator=++}} 2 sleep",
                    "rain": "610 EastScarp_Village {{Random:53 62 2++43 47 2++49 40 2++52 40 2|inputSeparator=++}}/1200 EastScarp_VillageInn {{Random:31 31++25 32++22 32++46 11++40 9|inputSeparator=++}} 2 eatcheese/1500 EastScarp_Village {{Random:67 61 0++69 70 2++63 76 2++66 44 2 sitback|inputSeparator=++}}/1700 EastScarp_VillageInn {{Random:23 12 0++33 14 1 sitleft++22 32 2 sitright++11 18 0|inputSeparator=++}}/2000 EastScarp_VillageInn {{Random:31 31++25 32++22 32++46 11++40 9|inputSeparator=++}} 2 eatcheese/2200 EastScarp_VillageInn {{Random:47 35++17 35|inputSeparator=++}} 2 sleep",
                },
              "When": {"HasSeenEvent |contains=17315001": false},
            },
            {
                "LogName": "Fievel Undecorated Cave Schedule",
                "Action": "EditData",
                "Target": "Characters/Schedules/Fievel",
                "Entries": {

                    "spring": "610 Custom_MouseHole {{Random:8 20 1++6 18 3++11 20 0|inputSeparator=++}}/730 EastScarp_Village {{Random:35 76 1++7 43 1++37 39 2++42 81 2|inputSeparator=++}}/1100 EastScarp_Village {{Random:46 131++43 82++70 122++60 22|inputSeparator=++}} 2 eatcheese/1530 EastScarp_Village {{Random:46 131 2 sitfront++21 111 2 liedown++45 103 1++79 78 2 sitfront|inputSeparator=++}}/1800 EastScarp_Village {{Random:78 108 2++92 110 2++52 40 2++44 89 0|inputSeparator=++}}/2000 Custom_MouseHole 3 18 2 eatcheese/2230 Custom_MouseHole 11 8 0 sleep",
                    "spring_Fri": "610 Custom_MouseHole {{Random:8 20 1++6 18 3++11 20 0|inputSeparator=++}}/730 Forest {{Random:35 96 3++33 96 1++32 96 3++35 97 0|inputSeparator=++}}/1300 Forest {{Random:40 85++44 80++51 82++58 88|inputSeparator=++}} 2 eatcheese/1530 Forest {{Random:35 96 3++33 96 1++32 96 3++35 97 0|inputSeparator=++}}/1800 Custom_MouseHole 3 18 2 eatcheese/2230 Custom_MouseHole 11 8 0 sleep",
                    "summer": "610 Custom_MouseHole {{Random:8 20 1++6 18 3++11 20 0|inputSeparator=++}}/730 EastScarp_Village {{Random:21 46 0++18 54 1++26 14 3++25 45 1|inputSeparator=++}}/1130 EastScarp_Village {{Random:10 49++11 26++80 79++45 82|inputSeparator=++}} 2 eatcheese/1530 EastScarp_Village {{Random:16 109++12 120++21 119|inputSeparator=++}} 2 liedown/1800 EastScarp_Village {{Random:35 99++73 121++94 111++48 130|inputSeparator=++}} 2/2000 Custom_MouseHole 3 18 2 eatcheese/2230 Custom_MouseHole 11 8 0 sleep",
                    "summer_Fri": "610 Custom_MouseHole {{Random:8 20 1++6 18 3++11 20 0|inputSeparator=++}}/730 Forest {{Random:35 96 3++33 96 1++32 96 3++35 97 0|inputSeparator=++}}/1300 Forest {{Random:40 85++44 80++51 82++58 88|inputSeparator=++}} 2 eatcheese/1530 Forest {{Random:24 60 0++44 41 0++8 72 2|inputSeparator=++}}/1800 Custom_MouseHole 3 18 2 eatcheese/2230 Custom_MouseHole 11 8 0 sleep",
                    "fall": "610 Custom_MouseHole {{Random:8 20 1++6 18 3++11 20 0|inputSeparator=++}}/730 EastScarp_Village {{Random:12 125 2++43 129 3++37 39 2++42 81 2|inputSeparator=++}}/1130 EastScarp_Village {{Random:28 61++11 49++18 37++10 49|inputSeparator=++}} 2 eatcheese/1530 EastScarp_Village {{Random:46 131 2 sitfront++45 103 1++79 78 2 sitfront++75 60 0|inputSeparator=++}}/2000 Custom_MouseHole 3 18 2 eatcheese/2230 Custom_MouseHole 11 8 0 sleep",
                    "fall_Fri": "610 Custom_MouseHole {{Random:8 20 1++6 18 3++11 20 0|inputSeparator=++}}/730 Forest {{Random:35 96 3++33 96 1++32 96 3++35 97 0|inputSeparator=++}}/1300 Forest {{Random:33 26++88 17++63 51|inputSeparator=++}} 2 eatcheese/1530 Forest {{Random:72 91 1++91 59 3++37 10 1|inputSeparator=++}}/1800 Custom_MouseHole 3 18 2 eatcheese/2230 Custom_MouseHole 11 8 0 sleep",
                    "winter": "610 Custom_MouseHole {{Random:8 20 1++6 18 3++11 20 0|inputSeparator=++}}/730 EastScarp_Village {{Random:19 102 0++51 111 2++77 79 2 sitright++54 66 2 sitback|inputSeparator=++}}/1200 EastScarp_VillageInn {{Random:31 31++25 32++22 32++46 11++40 9|inputSeparator=++}} 2 eatcheese/1530 EastScarp_Village {{Random:67 61 0++69 70 2++63 76 2++66 44 2 sitback|inputSeparator=++}}/1700 EastScarp_VillageInn {{Random:23 12 0++33 14 1 sitleft++22 32 1 sitright++11 18 0|inputSeparator=++}}/2000 Custom_MouseHole 3 18 2 eatcheese/2230 Custom_MouseHole 11 8 0 sleep",
                    "winter_Fri": "610 Custom_MouseHole {{Random:8 20 1++6 18 3++11 20 0|inputSeparator=++}}/730 Forest {{Random:35 96 3++33 96 1++32 96 3++35 97 0|inputSeparator=++}}/1300 Forest {{Random:33 26++88 17++63 51|inputSeparator=++}} 2 eatcheese/1530 Forest {{Random:108 34 3++91 59 3++22 18 0++5 40 0|inputSeparator=++}}/1800 Custom_MouseHole 3 18 2 eatcheese/2230 Custom_MouseHole 11 8 0 sleep",
                    "rain": "610 Custom_MouseHole {{Random:8 20 1++6 18 3++11 20 0|inputSeparator=++}}/1030 EastScarp_VillageInn {{Random:31 31++25 32++22 32++46 11++40 9|inputSeparator=++}} 2 eatcheese/1530 EastScarp_Village {{Random:67 61 0++69 70 2++63 76 2++66 44 2 sitback|inputSeparator=++}}/1700 EastScarp_VillageInn {{Random:23 12 0++33 14 1 sitleft++22 32 1 sitright++11 18 0|inputSeparator=++}}/2000 Custom_MouseHole 3 18 2 eatcheese/2230 Custom_MouseHole 11 8 0 sleep",

                },
             "When": {
                "HasSeenEvent |contains=17315001": true,
                "HasSeenEvent |contains=17315004": false,
                  },
            },
            {
                "LogName": "Fievel Final Schedule",
                "Action": "EditData",
                "Target": "Characters/Schedules/Fievel",
                "Entries": {

                    "spring": "610 Custom_MouseHoleRenovated {{Random:6 19 2 eatcheese++3 19 2 eatcheese++|inputSeparator=++}}/900 EastScarp_Village {{Random:35 76 1++7 43 1++37 39 2++42 81 2|inputSeparator=++}}/1100 EastScarp_Village {{Random:46 131++43 82++70 122++60 22|inputSeparator=++}} 2 eatcheese/1530 EastScarp_Village {{Random:46 131 2 sitfront++21 111 2 liedown++45 103 1++79 78 2 sitfront|inputSeparator=++}}/1800 EastScarp_Village {{Random:78 108 2++92 110 2++52 40 2++44 89 0|inputSeparator=++}}/2000 Custom_MouseHoleRenovated 3 18 2 eatcheese/2200 Custom_MouseHoleRenovated 10 7 2 sleep",
                    "spring_Tue": "610 Custom_MouseHoleRenovated {{Random:6 19 2 eatcheese++3 19 2 eatcheese++|inputSeparator=++}}/800 Mountain {{Random:34 20 2++46 25 0++57 35 1++5 23 1|inputSeparator=++}}/1300 Mountain {{Random:5 18++29 25++58 26++56 9|inputSeparator=++}} 2 eatcheese/1530 {{Random:Beach 37 34 0++Beach 11 38 1++Beach 14 25 2 sitfront++Town 15 13 2 sitfront++Town 18 59 2|inputSeparator=++}}/1900 Custom_MouseHoleRenovated 3 18 2 eatcheese/2230 Custom_MouseHoleRenovated 10 7 2 sleep",
                    "spring_Fri": "610 Custom_MouseHoleRenovated {{Random:6 19 2 eatcheese++3 19 2 eatcheese++|inputSeparator=++}}/800 Forest {{Random:35 96 3++33 96 1++32 96 3++35 97 0|inputSeparator=++}}/1300 Forest {{Random:40 85++44 80++51 82++58 88|inputSeparator=++}} 2 eatcheese/1530 Forest {{Random:35 96 3++33 96 1++32 96 3++35 97 0|inputSeparator=++}}/1900 Custom_MouseHoleRenovated 3 18 2 eatcheese/2230 Custom_MouseHoleRenovated 10 7 2 sleep",
                    "summer": "610 Custom_MouseHoleRenovated {{Random:6 19 2 eatcheese++3 19 2 eatcheese++|inputSeparator=++}}/930 EastScarp_Village {{Random:21 46 0++18 54 1++26 14 3++25 45 1|inputSeparator=++}}/1130 EastScarp_Village {{Random:10 49++11 26++80 79++45 82|inputSeparator=++}} 2 eatcheese/1530 EastScarp_Village {{Random:16 109++12 120++21 119|inputSeparator=++}} 2 liedown/1800 EastScarp_Village {{Random:35 99++73 121++94 111++48 130|inputSeparator=++}} 2/1930 Custom_MouseHoleRenovated 3 18 2 eatcheese/2230 Custom_MouseHoleRenovated 10 7 2 sleep",
                    "summer_Tue": "610 Custom_MouseHoleRenovated {{Random:6 19 2 eatcheese++3 19 2 eatcheese++|inputSeparator=++}}/730 Beach {{Random:16 7 0++44 11 0++50 21 3++54 10 3|inputSeparator=++}}/1230 Beach {{Random:53 7++13 40++41 35++31 37|inputSeparator=++}} 2 eatcheese/1530 {{Random:Beach 37 34 0++Beach 11 38 1++Beach 14 25 2 sitfront|inputSeparator=++}}/1800 Custom_MouseHoleRenovated 3 18 2 eatcheese/2230 Custom_MouseHoleRenovated 10 7 2 sleep",
                    "summer_Fri": "610 Custom_MouseHoleRenovated {{Random:6 19 2 eatcheese++3 19 2 eatcheese++|inputSeparator=++}}/800 Forest {{Random:35 96 3++33 96 1++32 96 3++35 97 0|inputSeparator=++}}/1300 Forest {{Random:40 85++44 80++51 82++58 88|inputSeparator=++}} 2 eatcheese/1530 Forest {{Random:24 60 0++44 41 0++8 72 2|inputSeparator=++}}/1800 Custom_MouseHoleRenovated 3 18 2 eatcheese/2230 Custom_MouseHoleRenovated 10 7 2 sleep",
                    "fall": "610 Custom_MouseHoleRenovated {{Random:6 19 2 eatcheese++3 19 2 eatcheese++|inputSeparator=++}}/930 EastScarp_Village {{Random:12 125 2++43 129 3++37 39 2++42 81 2|inputSeparator=++}}/1130 EastScarp_Village {{Random:28 61++11 49++18 37++10 49|inputSeparator=++}} 2 eatcheese/1530 EastScarp_Village {{Random:46 131 2 sitfront++45 103 1++79 78 2 sitfront++75 60 0|inputSeparator=++}}/1900 Custom_MouseHoleRenovated 3 18 2 eatcheese/2230 Custom_MouseHoleRenovated 10 7 2 sleep",
                    "fall_Tue": "610 Custom_MouseHoleRenovated {{Random:6 19 2 eatcheese++3 19 2 eatcheese++|inputSeparator=++}}/800 Mountain {{Random:34 20 2++46 25 0++57 35 1++5 23 1|inputSeparator=++}}/1300 Mountain {{Random:5 18++29 25++58 26++56 9|inputSeparator=++}} 2 eatcheese/1530 {{Random:Beach 37 34 0++Beach 11 38 1++Beach 14 25 2 sitfront++Town 15 13 2 sitfront++Town 18 59 2|inputSeparator=++}}/1900 Custom_MouseHoleRenovated 3 18 2 eatcheese/2230 Custom_MouseHoleRenovated 10 7 2 sleep",
                    "fall_Fri": "610 Custom_MouseHoleRenovated {{Random:6 19 2 eatcheese++3 19 2 eatcheese++|inputSeparator=++}}/800 Forest {{Random:35 96 3++33 96 1++32 96 3++35 97 0|inputSeparator=++}}/1300 Forest {{Random:33 26++88 17++63 51|inputSeparator=++}} 2 eatcheese/1530 Forest {{Random:72 91 1++91 59 3++37 10 1|inputSeparator=++}}/1800 Custom_MouseHoleRenovated 3 18 2 eatcheese/2230 Custom_MouseHoleRenovated 10 7 2 sleep",
                    "winter": "610 Custom_MouseHoleRenovated {{Random:6 19 2 eatcheese++3 19 2 eatcheese++|inputSeparator=++}}/1000 EastScarp_Village {{Random:19 102 0++51 111 2++77 79 2 sitright++54 66 2 sitback|inputSeparator=++}}/1200 EastScarp_VillageInn {{Random:31 31++25 32++22 32++46 11++40 9|inputSeparator=++}} 2 eatcheese/1530 EastScarp_Village {{Random:67 61 0++69 70 2++63 76 2++66 44 2 sitback|inputSeparator=++}}/1700 EastScarp_VillageInn {{Random:23 12 0++33 14 1 sitleft++22 32 2 sitright++11 18 0|inputSeparator=++}}/1930 Custom_MouseHoleRenovated 3 18 2 eatcheese/2230 Custom_MouseHoleRenovated 10 7 2 sleep",
                    "winter_Tue": "610 Custom_MouseHoleRenovated {{Random:6 19 2 eatcheese++3 19 2 eatcheese++|inputSeparator=++}}/730 Beach {{Random:16 7 0++44 11 0++50 21 3++54 10 3|inputSeparator=++}}/1230 Beach {{Random:53 7++13 40++41 35++31 37|inputSeparator=++}} 2 eatcheese/1530 {{Random:Town 15 13 2 sitfront++Town 18 59 2++Town 66 87 0++97 81 0++39 57 0|inputSeparator=++}}/1900 Custom_MouseHoleRenovated 3 18 2 eatcheese/2230 Custom_MouseHoleRenovated 10 7 2 sleep",
                    "winter_Fri": "610 Custom_MouseHoleRenovated {{Random:6 19 2 eatcheese++3 19 2 eatcheese++|inputSeparator=++}}/800 Forest {{Random:35 96 3++33 96 1++32 96 3++35 97 0|inputSeparator=++}}/1300 Forest {{Random:33 26++88 17++63 51|inputSeparator=++}} 2 eatcheese/1530 Forest {{Random:108 34 3++91 59 3++22 18 0++5 40 0|inputSeparator=++}}/1800 Custom_MouseHoleRenovated 3 18 2 eatcheese/2230 Custom_MouseHoleRenovated 10 7 2 sleep",
                    "rain": "610 Custom_MouseHoleRenovated {{Random:6 19 2 eatcheese++3 19 2 eatcheese++|inputSeparator=++}}/830 Custom_MouseHoleRenovated {{Random:8 8 0++3 17 3++5 16 2|inputSeparator=++}}/1200 EastScarp_VillageInn {{Random:31 31++25 32++22 32++46 11++40 9|inputSeparator=++}} 2 eatcheese/1530 EastScarp_Village {{Random:67 61 0++69 70 2++63 76 2++66 44 2 sitback|inputSeparator=++}}/1700 EastScarp_VillageInn {{Random:23 12 0++33 14 1 sitleft++22 32 2 sitright++11 18 0|inputSeparator=++}}/2000 Custom_MouseHoleRenovated 3 18 2 eatcheese/2230 Custom_MouseHoleRenovated 10 7 2 sleep",

                },
             "When": {"HasSeenEvent |contains=17315004": true},

            },
            {
                "LogName": "Fievel Shop Schedule",
                "Action": "EditData",
                "Target": "Characters/Schedules/Fievel",
                "Entries": {

					"Mon": "610 Custom_MouseHoleRenovated {{Random:6 19 2 eatcheese++3 19 2 eatcheese++|inputSeparator=++}}/700 Custom_MouseHoleRenovated 7 20 2/1230 Custom_MouseHoleRenovated 6 18 2 eatcheese/1430 Custom_MouseHoleRenovated 7 20 2/2000 Custom_MouseHoleRenovated 3 18 2 eatcheese/2200 Custom_MouseHoleRenovated 10 7 2 sleep",
                    "Thu": "610 Custom_MouseHoleRenovated {{Random:6 19 2 eatcheese++3 19 2 eatcheese++|inputSeparator=++}}/700 Custom_MouseHoleRenovated 7 20 2/1230 Custom_MouseHoleRenovated 6 18 2 eatcheese/1430 Custom_MouseHoleRenovated 7 20 2/2000 Custom_MouseHoleRenovated 3 18 2 eatcheese/2200 Custom_MouseHoleRenovated 10 7 2 sleep",
                },
              "When": {"HasSeenEvent |contains=17315005": true},
            },
    ]
}
