{
    "Changes": [
        {
            "Action": "EditData",
            "Target": "Strings/StringsFromCSFiles",
            "Entries": {
                "SenS_Engaged": "{{i18n:Relationship.SenS.Engaged.{{SenPartnershipRoute}}{{RelationshipTokens}}}}",
                "SenS_AfterWedding": "{{i18n:Relationship.SenS.AfterWedding.{{SenPartnershipRoute}}}}"
            }
        },
        {
			"LogName": "Sen Engagement 3 Day Wait Dialogue",
			"Action": "EditData",
			"Target": "Data/EngagementDialogue",
			"Entries": {
				"SenS0": "{{i18n:Relationship.SenS.Engaged.3DayWait.{{SenPartnershipRoute}}.1{{RelationshipTokens}}}}",
				"SenS1": "{{i18n:Relationship.SenS.Engaged.3DayWait.{{SenPartnershipRoute}}.2}}"
			}
		},
        {
            "LogName": "Sen Romance Main Dialogue Keys",
            "Action": "EditData",
            "Target": "Characters/Dialogue/SenS",
            "Entries": {

                //Memory Wipe
                "WipedMemory": "{{i18n:Relationship.SenS.MemoryWiped{{RelationshipTokens}}}}",

                //Stardrop
                "SpouseStardrop": "{{i18n:Relationship.SenS.StarDrop.{{SenPartnershipRoute}}{{RelationshipTokens}}}}",
                
                //Situational
                "SpouseFarmhouseClutter": "{{i18n:Relationship.SenS.KitchenBlocked.{{Random:{{Range: 1, 2}}}}{{RelationshipTokens}}}}",
                "Spouse_MonstersInHouse": "{{i18n:Relationship.SenS.MonstersInHouse.{{Random:{{Range: 1, 2}}}}{{RelationshipTokens}}}}",
                "SpouseGiftJealous": "{{i18n:Relationship.SenS.JealousyOveride{{RelationshipTokens}}}}",

                //Bouquet
                "RejectBouquet_Divorced": "{{i18n:Relationship.SenS.Rejection.Divorced{{RelationshipTokens}}}}",
                "RejectBouquet": "{{i18n:Core.SenS.BouquetRejection.{{Random:{{Range: 1, 2}}}}{{RelationshipTokens}}}}",
                "AcceptBouquet": "{{i18n:Relationship.SenS.BouquetAccept.{{Random:{{Range: 1, 2}}}}{{RelationshipTokens}}}}",

                //Reject Pendant
                "RejectMermaidPendant_Divorced": "{{i18n:Relationship.SenS.Rejection.Divorced{{RelationshipTokens}}}}",
                "RejectMermaidPendant_NeedHouseUpgrade": "{{i18n:Relationship.SenS.PendantRejection.NeedHouseUpgrade{{RelationshipTokens}}}}",
                "RejectMermaidPendant_NpcWithSomeoneElse": "{{i18n:Relationship.SenS.PendantRejection.NpcWithSomeoneElse{{RelationshipTokens}}}}",
                "RejectMermaidPendant_PlayerWithSomeoneElse": "{{i18n:Relationship.SenS.PendantRejection.PlayerWithSomeoneElse{{RelationshipTokens}}}}",
                "RejectMermaidPendant_Under8Hearts": "{{i18n:Relationship.SenS.PendantRejection.1{{RelationshipTokens}}}}",
                "RejectMermaidPendant_Under10Hearts": "{{i18n:Relationship.SenS.PendantRejection.2{{RelationshipTokens}}}}",
                "RejectMermaidPendant_Under10Hearts_AskedAgain": "{{i18n:Relationship.SenS.PendantPester.{{Random:{{Range: 1, 2}}}}{{RelationshipTokens}}}}",
                "RejectMermaidPendant": "{{i18n:Relationship.SenS.PendantRejection.{{Random:{{Range: 1, 2}}}}{{RelationshipTokens}}}}",

                //Flower Dance
                "FlowerDance_Accept_Spouse": "{{i18n:Relationship.SenS.DanceAccept.Spouse{{RelationshipTokens}}}}",
                "FlowerDance_Accept_Roommate": "{{i18n:Relationship.SenS.DanceAccept.Roommate{{RelationshipTokens}}}}",
                "FlowerDance_Accept": "{{i18n:Relationship.SenS.DanceAccept{{RelationshipTokens}}}}",
                "FlowerDance_Decline": "{{i18n:Relationship.SenS.DanceRejection{{RelationshipTokens}}}}",
                "divorced": "{{i18n:Relationship.SenS.Divorced{{RelationshipTokens}}}}",
                "breakUp": "{{i18n:Relationship.SenS.BreakUp}}"
            }
        },
        {
            "Action": "EditData",
            "Target": "Strings/StringsFromCSFiles",
            "Priority": "Late + 1",
            "Entries": {
                "Utility.cs.5367": "{{i18n:Relationship.SenS.MarriageEvent.1{{RelationshipTokens}}}}", //Wedding speech M
                "Utility.cs.5369": "{{i18n:Relationship.SenS.MarriageEvent.1{{RelationshipTokens}}}}", //Wedding speech F
                "Utility.cs.5371": "{{i18n:Relationship.SenS.MarriageEvent.2{{RelationshipTokens}}}}", //Pronounce u partners
                "Utility.cs.5373": "{{i18n:Relationship.SenS.MarriageEvent.2{{RelationshipTokens}}}}", //Pronounce u partners
                "Utility.cs.5375": "{{i18n:Relationship.SenS.MarriageEvent.2{{RelationshipTokens}}}}", //Pronounce u partners
                "Utility.cs.5377": "{{i18n:Relationship.SenS.MarriageEvent.2}}" //Pronounce u partners
            },
            "When": { "Relationship:SenS": "Engaged" }
        },
        {
            "LogName": "Relationship Dialogue",
            "Action": "EditData",
            "Target": "Characters/Dialogue/MarriageDialogueSenS, Characters/Dialogue/MarriageDialogueSenSRoommate",
            "Entries": {
                //Location
                "patio_SenS": "{{i18n:Relationship.SenS.Patio.{{SenPartnershipRoute}}.{{Random:{{Range: 1, 4}}}}{{RelationshipTokens}}}}",
                "spouseRoom_SenS": "{{i18n:Relationship.SenS.SpouseRoom.{{SenPartnershipRoute}}.{{Random:{{Range: 1, 4}}}}{{RelationshipTokens}}}}",
                "funLeave_SenS": "{{i18n:Relationship.SenS.FunLeave.{{SenPartnershipRoute}}.{{Random:{{Range: 1, 4}}}}{{RelationshipTokens}}}}",
                "funReturn_SenS": "{{i18n:Relationship.SenS.FunReturn.{{SenPartnershipRoute}}.{{Random:{{Range: 1, 4}}}}{{RelationshipTokens}}}}",

                //GENERIC DIALOGUE
                "Rainy_Day_SenS": "{{i18n:Relationship.SenS.RainyDay.1{{RelationshipTokens}}}}",
                "Rainy_Day_0": "{{i18n:Relationship.SenS.RainyDay.2{{RelationshipTokens}}}}",
                "Rainy_Day_1": "{{i18n:Relationship.SenS.RainyDay.3{{RelationshipTokens}}}}",
                "Rainy_Day_2": "{{i18n:Relationship.SenS.RainyDay.4{{RelationshipTokens}}}}",
                "Rainy_Day_3": "{{i18n:Relationship.SenS.RainyDay.5{{RelationshipTokens}}}}",
                "Rainy_Day_4": "{{i18n:Relationship.SenS.RainyDay.6.{{SenPartnershipRoute}}{{RelationshipTokens}}}}",
                "Rainy_Day_5": "{{i18n:Relationship.SenS.RainyDay.7.{{SenPartnershipRoute}}{{RelationshipTokens}}}}",

                "Rainy_Night_SenS": "{{i18n:Relationship.SenS.RainyNight.1{{SenRandTokens}}{{RelationshipTokens}}}}",
                "Rainy_Night_0": "{{i18n:Relationship.SenS.RainyNight.2{{SenRandTokens}}{{RelationshipTokens}}}}",
                "Rainy_Night_1": "{{i18n:Relationship.SenS.RainyNight.3{{SenRandTokens}}{{RelationshipTokens}}}}",
                "Rainy_Night_2": "{{i18n:Relationship.SenS.RainyNight.4{{RelationshipTokens}}}}",
                "Rainy_Night_3": "{{i18n:Relationship.SenS.RainyNight.5{{RelationshipTokens}}}}",
                "Rainy_Night_4": "{{i18n:Relationship.SenS.RainyNight.6.{{SenPartnershipRoute}}{{RelationshipTokens}}}}",
                "Rainy_Night_5": "{{i18n:Relationship.SenS.RainyNight.7.{{SenPartnershipRoute}}{{RelationshipTokens}}}}",

                "Indoor_Day_SenS": "{{i18n:Relationship.SenS.IndoorDay.1.{{Random:{{Range: 1, 5}}}}.{{SenPartnershipRoute}}{{RelationshipTokens}}}}",
                "Indoor_Day_0": "{{i18n:Relationship.SenS.IndoorDay.2{{RelationshipTokens}}}}",
                "Indoor_Day_1": "{{i18n:Relationship.SenS.IndoorDay.3{{SenRandTokens}}{{RelationshipTokens}}}}",
                "Indoor_Day_2": "{{i18n:Relationship.SenS.IndoorDay.4{{RelationshipTokens}}}}",
                "Indoor_Day_3": "{{i18n:Relationship.SenS.IndoorDay.5{{RelationshipTokens}}}}",
                "Indoor_Day_4": "{{i18n:Relationship.SenS.IndoorDay.6.{{SenPartnershipRoute}}{{RelationshipTokens}}}}",
                "Indoor_Day_5": "{{i18n:Relationship.SenS.IndoorDay.7.{{SenPartnershipRoute}}{{RelationshipTokens}}}}",

                "Indoor_Night_SenS": "{{i18n:Relationship.SenS.IndoorNight.1.{{Random:{{Range: 1, 5}}}}.{{SenPartnershipRoute}}{{RelationshipTokens}}}}",
                "Indoor_Night_0": "{{i18n:Relationship.SenS.IndoorNight.2{{RelationshipTokens}}}}",
                "Indoor_Night_1": "{{i18n:Relationship.SenS.IndoorNight.3{{RelationshipTokens}}}}",
                "Indoor_Night_2": "{{i18n:Relationship.SenS.IndoorNight.4{{RelationshipTokens}}}}",
                "Indoor_Night_3": "{{i18n:Relationship.SenS.IndoorNight.5{{RelationshipTokens}}}}",
                "Indoor_Night_4": "{{i18n:Relationship.SenS.IndoorNight.6.{{SenPartnershipRoute}}{{RelationshipTokens}}}}",
                "Indoor_Night_5": "{{i18n:Relationship.SenS.IndoorNight.7.{{SenPartnershipRoute}}{{RelationshipTokens}}}}",

                "Outdoor_SenS": "{{i18n:Relationship.SenS.Outdoor.1{{RelationshipTokens}}}}",
                "Outdoor_0": "{{i18n:Relationship.SenS.Outdoor.2{{RelationshipTokens}}}}",
                "Outdoor_1": "{{i18n:Relationship.SenS.Outdoor.3}}{{i18n:Relationship.SenS.Outdoor.3.Bird.{{Random:{{Range: 1, 4}}}}{{RelationshipTokens}}}}",
                "Outdoor_2": "{{i18n:Relationship.SenS.Outdoor.4{{RelationshipTokens}}}}",
                "Outdoor_3": "{{i18n:Relationship.SenS.Outdoor.5.{{SenPartnershipRoute}}{{RelationshipTokens}}}}",
                "Outdoor_4": "{{i18n:Relationship.SenS.Outdoor.6.{{SenPartnershipRoute}}{{RelationshipTokens}}}}",

                "OneKid_0": "{{i18n:Relationship.SenS.OneKid.1{{RelationshipTokens}}}}",
                "OneKid_1": "{{i18n:Relationship.SenS.OneKid.2{{RelationshipTokens}}}}",
                "OneKid_2": "{{i18n:Relationship.SenS.OneKid.3{{RelationshipTokens}}}}",
                "OneKid_3": "{{i18n:Relationship.SenS.OneKid.4{{RelationshipTokens}}}}",
                "OneKid_4": "{{i18n:Relationship.SenS.OneKid.5{{RelationshipTokens}}}}",

                "TwoKids_0": "{{i18n:Relationship.SenS.TwoKid.1{{RelationshipTokens}}}}",
                "TwoKids_1": "{{i18n:Relationship.SenS.TwoKid.2{{RelationshipTokens}}}}",
                "TwoKids_2": "{{i18n:Relationship.SenS.TwoKid.3{{RelationshipTokens}}}}",
                "TwoKids_3": "{{i18n:Relationship.SenS.TwoKid.4}}{{i18n:Relationship.SenS.TwoKidAction.{{Random:{{Range: 1, 4}}}}{{RelationshipTokens}}}}",
                "TwoKids_4": "{{i18n:Relationship.SenS.TwoKid.5.{{SenPartnershipRoute}}{{RelationshipTokens}}}}",

                //AFFECTION DIALOGUE
                "Good_0": "{{i18n:Relationship.SenS.Positive.1.{{SenPartnershipRoute}}{{RelationshipTokens}}}}",
                "Good_1": "{{i18n:Relationship.SenS.Positive.2.{{SenPartnershipRoute}}{{RelationshipTokens}}}}",
                "Good_2": "{{i18n:Relationship.SenS.Positive.3.{{SenPartnershipRoute}}{{RelationshipTokens}}}}",
                "Good_3": "{{i18n:Relationship.SenS.Positive.4.{{SenPartnershipRoute}}{{RelationshipTokens}}}}",
                "Good_4": "{{i18n:Relationship.SenS.Positive.5.{{SenPartnershipRoute}}{{RelationshipTokens}}}}",
                "Good_5": "{{i18n:Relationship.SenS.Positive.6.{{SenPartnershipRoute}}{{RelationshipTokens}}}}",
                "Good_6": "{{i18n:Relationship.SenS.Positive.7.{{SenPartnershipRoute}}{{RelationshipTokens}}}}",
                "Good_7": "{{i18n:Relationship.SenS.Positive.8.{{SenPartnershipRoute}}{{RelationshipTokens}}}}",
                "Good_8": "{{i18n:Relationship.SenS.Positive.9.{{SenPartnershipRoute}}{{RelationshipTokens}}}}",
                "Good_9": "{{i18n:Relationship.SenS.Positive.10.{{SenPartnershipRoute}}{{RelationshipTokens}}}}",

                "Neutral_0": "{{i18n:Relationship.SenS.Neutral.1{{RelationshipTokens}}}}",
                "Neutral_1": "{{i18n:Relationship.SenS.Neutral.2{{RelationshipTokens}}}}",
                "Neutral_2": "{{i18n:Relationship.SenS.Neutral.3{{RelationshipTokens}}}}",
                "Neutral_3": "{{i18n:Relationship.SenS.Neutral.4{{RelationshipTokens}}}}",
                "Neutral_4": "{{i18n:Relationship.SenS.Neutral.5{{RelationshipTokens}}}}",
                "Neutral_5": "{{i18n:Relationship.SenS.Neutral.6{{RelationshipTokens}}}}",
                "Neutral_6": "{{i18n:Relationship.SenS.Neutral.7{{RelationshipTokens}}}}",
                "Neutral_7": "{{i18n:Relationship.SenS.Neutral.8{{RelationshipTokens}}}}",
                "Neutral_8": "{{i18n:Relationship.SenS.Neutral.9{{RelationshipTokens}}}}",
                "Neutral_9": "{{i18n:Relationship.SenS.Neutral.10{{RelationshipTokens}}}}",

                "Bad_0": "{{i18n:Relationship.SenS.Negative.1{{RelationshipTokens}}}}",
                "Bad_1": "{{i18n:Relationship.SenS.Negative.2{{RelationshipTokens}}}}",
                "Bad_2": "{{i18n:Relationship.SenS.Negative.3{{RelationshipTokens}}}}",
                "Bad_3": "{{i18n:Relationship.SenS.Negative.4{{RelationshipTokens}}}}",
                "Bad_4": "{{i18n:Relationship.SenS.Negative.5{{RelationshipTokens}}}}",
                "Bad_5": "{{i18n:Relationship.SenS.Negative.6{{RelationshipTokens}}}}",
                "Bad_6": "{{i18n:Relationship.SenS.Negative.7{{RelationshipTokens}}}}",
                "Bad_7": "{{i18n:Relationship.SenS.Negative.8{{RelationshipTokens}}}}",
                "Bad_8": "{{i18n:Relationship.SenS.Negative.9{{RelationshipTokens}}}}",
                "Bad_9": "{{i18n:Relationship.SenS.Negative.10{{RelationshipTokens}}}}",

                //SPECIAL DATES   
                "spring_SenS": "{{i18n:Relationship.SenS.Spring{{RelationshipTokens}}}}",
                "spring_12": "{{i18n:Relationship.SenS.Spring.Day.12{{RelationshipTokens}}}}", //Day before Egg festival
                "spring_13": "{{i18n:Relationship.SenS.Spring.Day.13{{RelationshipTokens}}}}", // Egg festival
                "spring_20": "{{i18n:Relationship.SenS.Spring.Day.20{{RelationshipTokens}}}}",
                "spring_23": "{{i18n:Relationship.SenS.Spring.Day.23{{RelationshipTokens}}}}", // Day Before Flower Dance
                "spring_24": "{{i18n:Relationship.SenS.Spring.Day.24.{{SenPartnershipRoute}}{{RelationshipTokens}}}}", //Flower Dance

                "summer_SenS": "{{i18n:Relationship.SenS.Summer{{RelationshipTokens}}}}",
                "summer_10": "{{i18n:Relationship.SenS.Summer.Day.10{{RelationshipTokens}}}}", // Day before Luau
                "summer_11": "{{i18n:Relationship.SenS.Summer.Day.11{{RelationshipTokens}}}}", // Luau
                "summer_27": "{{i18n:Relationship.SenS.Summer.Day.27{{RelationshipTokens}}}}", //Day before Moonlight Jelly
                "summer_28": "{{i18n:Relationship.SenS.Summer.Day.28{{RelationshipTokens}}}}", //Moonlight Jelly

                "fall_SenS": "{{i18n:Relationship.SenS.Fall{{RelationshipTokens}}}}",
                "fall_15": "{{i18n:Relationship.SenS.Fall.Day.15.{{SenPartnershipRoute}}{{RelationshipTokens}}}}", //Day before stardew fair
                "fall_16": "{{i18n:Relationship.SenS.Fall.Day.16.{{SenPartnershipRoute}}{{RelationshipTokens}}}}", //Stardew Fair
                "fall_26": "{{i18n:Relationship.SenS.Fall.Day.26{{RelationshipTokens}}}}", //Day before Spirits Eve
                "fall_27": "{{i18n:Relationship.SenS.Fall.Day.27{{RelationshipTokens}}}}", //Spirits Eve

                "winter_SenS": "{{i18n:Relationship.SenS.Winter{{RelationshipTokens}}}}",
                "winter_7": "{{i18n:Relationship.SenS.Winter.Day.7{{RelationshipTokens}}}}", //day before ice festival
                "winter_8": "{{i18n:Relationship.SenS.Winter.Day.8{{RelationshipTokens}}}}", //ice festival
                "winter_25": "{{i18n:Relationship.SenS.Winter.Day.25.{{SenPartnershipRoute}}{{RelationshipTokens}}}}", //Winter Star
                "winter_28": "{{i18n:Relationship.SenS.Winter.Day.28.{{SenPartnershipRoute}}}}" //Day before new year
            }
        },
        {
            "LogName": "Dialogue changes post-partners",
            "Action": "EditData",
            "Target": "Characters/Dialogue/SenS",
            "Entries": {
                "NoBed_0": "{{i18n:Relationship.SenS.NoBed.1{{RelationshipTokens}}}}",
                "NoBed_1": "{{i18n:Relationship.SenS.NoBed.2{{RelationshipTokens}}}}",
                "NoBed_2": "{{i18n:Relationship.SenS.NoBed.3{{RelationshipTokens}}}}",
                "NoBed_3": "{{i18n:Relationship.SenS.NoBed.4{{RelationshipTokens}}}}",
                "AcceptGift_(O)808": "{{i18n:Gifts.SenS.VoidPendant.Relationship{{RelationshipTokens}}}}",
                "AcceptGift_(O)874": "{{i18n:Gifts.SenS.BugSteak.Relationship{{RelationshipTokens}}}}",
                "AcceptBirthdayGift_(O)769": "{{i18n:Gifts.SenS.VoidPendant.Birthday.Relationship}}"
            },
            "When": { "LivingWithSen": true }           
        },
        {
            "LogName": "Extra Dialogue",
            "Action": "EditData",
            "Target": "Data/ExtraDialogue",
            "Entries": {
                "SummitEvent_Intro_Spouse": "{{i18n:Relationship.SenS.SummitEvent.1{{RelationshipTokens}}}}", //greeting
                "SummitEvent_Intro2_Spouse": "{{i18n:Relationship.SenS.SummitEvent.2{{RelationshipTokens}}}}",
                "SummitEvent_Intro2_Spouse_Gruff": "{{i18n:Relationship.SenS.SummitEvent.2{{RelationshipTokens}}}}", //Only used if male, make same as SummitEvent_Intro2_Spouse
                //spouse turn left
                "SummitEvent_Dialogue1_Spouse": "{{i18n:Relationship.SenS.SummitEvent.3{{RelationshipTokens}}}}",
                "SummitEvent_Dialogue1B_Spouse": "{{i18n:Relationship.SenS.SummitEvent.4{{RelationshipTokens}}}}",
                "SummitEvent_Dialogue2_Spouse": "{{i18n:Relationship.SenS.SummitEvent.5{{RelationshipTokens}}}}",
                //spouse turn up
                "SummitEvent_Dialogue3_SenS": "{{i18n:Relationship.SenS.SummitEvent.6{{RelationshipTokens}}}}", //change to NPC internal name
                //roll credits
                "SummitEvent_closingmessage": "{{i18n:Relationship.SenS.SummitEvent.7{{RelationshipTokens}}}}",

                "NewChild_FirstChild": "{{i18n:Relationship.SenS.NewChild.{{Random:{{Range: 1, 2}}}}{{RelationshipTokens}}}}",
                "NewChild_SecondChild1": "{{i18n:Relationship.SenS.NewChild.{{Random:{{Range: 1, 2}}}}{{RelationshipTokens}}}}",
                "NewChild_SecondChild2": "{{i18n:Relationship.SenS.NewChild.{{Random:{{Range: 1, 2}}}}{{RelationshipTokens}}}}",
                "NewChild_Adoption": "{{i18n:Relationship.SenS.NewChild.{{Random:{{Range: 1, 2}}}}}}"
            },
            "When": { "LivingWithSen": true }      
        },
        {
            "LogName": "Sen Stays in Bed",
            "Action": "EditData",
            "Target": "Strings/StringsFromCSFiles",
            "Entries": {
                "NPC.cs.4406": "{{i18n:Relationship.SenS.StayInBed}}",
                "NPC.cs.4446": "{{i18n:Relationship.SenS.StayInBed}}"
            },
            "When": { "LivingWithSen": true }      
        },
        //Birth and adoption dialogue
        {
            "LogName": "Have Shadow Kids Dialogue False",
            "Action": "EditData",
            "Target": "Strings/StringsFromCSFiles",
            "Entries": {
                "NPC.cs.4448": "{{i18n:Relationship.SenS.AdoptionRemark{{RelationshipTokens}}}}", //Pregnancy adoption edit
                "NPC.cs.4440": "{{i18n:Relationship.SenS.AdoptionRemark{{RelationshipTokens}}}}", //Adoption 1 
                "NPC.cs.4441": "{{i18n:Relationship.SenS.AdoptionRemark}}", //Adoption 2
                "NPC.cs.4447": "{{i18n:Relationship.SenS.AdoptionRemark}}"
            },
            "When":{ "Spouse": "SenS", "Have Shadow Kids": false }
        },
        {
            "LogName": "Change Shadow baby sleeping dialogue",
            "Action": "EditData",
            "Target": "Strings/Locations",
            "Entries": {
                "FarmHouse_Crib_NewbornSleeping": "{{i18n:Relationship.SenS.ChildSleeping}}"
            },
            "When":{ "ShadowKidsActive": true }
        },
        {
            "LogName": "Have Shadow Kids Dialogue False 2",
            "Action": "EditData",
            "Target": "Strings/Events",
            "Entries": {
                "BabyNamingTitle_Male": "{{i18n:Relationship.SenS.NameChildMale}}",
                "BabyNamingTitle_Female": "{{i18n:Relationship.SenS.NameChildFemale}}",
                "BirthMessage_SpouseNaming_Male": "{{i18n:Relationship.SenS.SenNameChildMale}}",
                "BirthMessage_SpouseNaming_Female": "{{i18n:Relationship.SenS.SenNameChildFemale}}",
                "HaveBabyQuestion": "{{i18n:Relationship.SenS.AdoptionQuestion{{RelationshipTokens}}}}",
                "HaveBabyQuestion_Adoption": "{{i18n:Relationship.SenS.AdoptionQuestion{{RelationshipTokens}}}}",
                "HavePlayerBabyQuestion": "{{i18n:Relationship.SenS.AdoptionQuestion{{RelationshipTokens}}}}",
                "HavePlayerBabyQuestion_Adoption": "{{i18n:Relationship.SenS.AdoptionQuestion{{RelationshipTokens}}}}",
                "BirthMessage_PlayerMother": "{{i18n:Relationship.SenS.AdoptionMessage}}",
                "BirthMessage_Adoption": "{{i18n:Relationship.SenS.AdoptionMessage}}"
            },
            "When":{ "Spouse": "SenS", "Have Shadow Kids": false }
        },
        {
            "LogName": "Have Shadow Kids Dialogue True",
            "Action": "EditData",
            "Target": "Strings/StringsFromCSFiles",
            "Entries": {
                "NPC.cs.4448": "{{i18n:Relationship.SenS.BabyRemark{{RelationshipTokens}}}}",
                "NPC.cs.4440": "{{i18n:Relationship.SenS.BabyRemark{{RelationshipTokens}}}}", 
                "NPC.cs.4441": "{{i18n:Relationship.SenS.BabyRemark}}", //Gonna have a baby 2
                "NPC.cs.4447": "{{i18n:Relationship.SenS.BabyRemark}}"
            },
            "When":{ "Spouse": "SenS", "Have Shadow Kids": true }
        },
        {
            "LogName": "Have Shadow Kids Dialogue True 2",
            "Action": "EditData",
            "Target": "Strings/Events",
            "Entries": {
                "BabyNamingTitle_Male": "{{i18n:Relationship.SenS.NameChildMale}}",
                "BabyNamingTitle_Female": "{{i18n:Relationship.SenS.NameChildFemale}}",
                "BirthMessage_SpouseNaming_Male": "{{i18n:Relationship.SenS.SenNameChildMale}}",
                "BirthMessage_SpouseNaming_Female": "{{i18n:Relationship.SenS.SenNameChildFemale}}",
                "HaveBabyQuestion": "{{i18n:Relationship.SenS.BabyQuestion{{RelationshipTokens}}}}",
                "HaveBabyQuestion_Adoption": "{{i18n:Relationship.SenS.BabyQuestion{{RelationshipTokens}}}}",
                "HavePlayerBabyQuestion": "{{i18n:Relationship.SenS.BabyQuestion{{RelationshipTokens}}}}",
                "HavePlayerBabyQuestion_Adoption": "{{i18n:Relationship.SenS.BabyQuestion{{RelationshipTokens}}}}",
                "BirthMessage_PlayerMother": "{{i18n:Relationship.SenS.BabyMessage}}",
                "BirthMessage_Adoption": "{{i18n:Relationship.SenS.BabyMessage}}"
            },
            "When":{ "Spouse": "SenS", "Have Shadow Kids": true }
        }
    ]
}