{
    "rain": "800 EastScarp_Village 13 67 0/1000 EastScarp_ToriSlimeBasement 15 20 2/1200 EastScarp_ToriSlimeBasement 17 18 0/1700 EastScarp_NTHouse 9 17 0/2000 EastScarp_NTHouse 26 17 0/2030 EastScarp_NTHouse 26 19 3/2200 EastScarp_NTHouse 8 7 3",
    //"spring":"800 EastScarp_Village 13 67 0/900 EastScarp_Village 52 41 2/1100 EastScarp_NTHouse 9 17 0/1400 EastScarp_NTHouse 26 17 0/1800 EastScarp_NTHouse 26 19 3/2200 EastScarp_NTHouse 8 7 3",
    "Sat": "800 EastScarp_Village 13 67 0/900 EastScarp_Village 14 124 2/1030 EastScarp_Village 20 115 1/1100 EastScarp_Village 45 130 2/1300 EastScarp_Village 49 41 2/1600 EastScarp_NTHouse 22 17 0 \"Strings\\schedules\\ToriLK:Tori_phone\"/2200 EastScarp_NTHouse 8 7 3",
    "spring": "800 EastScarp_Village 13 67 0/900 EastScarp_Village 19 64 1/1000 EastScarp_ToriSlimeBasement 15 20 2/1200 EastScarp_Village 45 41 2/1400 EastScarp_ToriSlimeBasement 15 20 2/1700 EastScarp_NTHouse 9 17 0/2000 EastScarp_NTHouse 26 17 0/2030 EastScarp_NTHouse 26 19 3/2200 EastScarp_NTHouse 8 7 3",
    "Mon": "800 EastScarp_Village 13 67 0/900 Town 98 20 0/1100 JojaMart 9 18 3/1200 JojaMart 22 11 1/1300 JojaMart 11 25 3/1340 Town 75 54 2/1800 EastScarp_NTHouse 26 19 3/2200 EastScarp_NTHouse 8 7 3",
    "JojaMart_Replacement": "SeedShop 3 19 0",
    "GreenRain":"0 EastScarp_VillageInn 24 29 1"
}