{
    "Changes": [
		
        // EGG FESTIVAL

        {
            "Action": "EditData",
            "Target": "Data/Festivals/spring13",
            "TextOperations": [
                {   // LOCATION: SET UP (VANILLA)
                    "Operation": "Append",
                    "Target": [  "Entries", "Set-Up_additionalCharacters" ],
                    "Value": "Dandelion 15 72 1",
                    "Delimiter": "/"
                },
                {   // LOCATION: MAIN EVENT (VANILLA)
                    "Operation": "Append",
                    "Target": [  "Entries",  "MainEvent_additionalCharacters"  ],
                    "Value": "Dandelion 15 72 1",
                    "Delimiter": "/"
                },
				{   // LOCATION: SET UP Y2 (VANILLA)
                    "Operation": "Append",
                    "Target": [  "Entries", "Set-Up_additionalCharacters_y2" ],
                    "Value": "Dandelion 15 72 1",
                    "Delimiter": "/"
                },
                {   // LOCATION: MAIN EVENT Y2 (VANILLA)
                    "Operation": "Append",
                    "Target": [  "Entries",  "MainEvent_additionalCharacters_y2"  ],
                    "Value": "Dandelion 15 72 1",
                    "Delimiter": "/"
                },
			],
			"When": {
				"HasSeenEvent |contains=SnS.Ch4.Roslin.6": true,
			  },	  
        },
	

        // FLOWER DANCE

        {   
    
            "Action": "EditData",
            "Target": "Data/Festivals/spring24",
            "TextOperations": [
                {	// LOCATION: SET UP (VANILLA)
                    "Operation": "Append",
                    "Target": [ "Entries","Set-Up_additionalCharacters" ],
                    "Value": "Dandelion 62 44 2",
                    "Delimiter": "/"
                },
                {	// LOCATION: MAIN EVENT (VANILLA)
                    "Operation": "Append",
                    "Target": [ "Entries","MainEvent_additionalCharacters"  ],
                    "Value": "Dandelion 62 44 2",
                    "Delimiter": "/"
                },
				{	// LOCATION: SET UP Y2 (VANILLA)
                    "Operation": "Append",
                    "Target": [ "Entries","Set-Up_additionalCharacters_y2" ],
                    "Value": "Dandelion 62 44 2",
                    "Delimiter": "/"
                },
                {	// LOCATION: MAIN EVENT Y2 (VANILLA)
                    "Operation": "Append",
                    "Target": [ "Entries","MainEvent_additionalCharacters_y2"  ],
                    "Value": "Dandelion 62 44 2",
                    "Delimiter": "/"
                },
            ],
			"When": {
				"HasSeenEvent |contains=SnS.Ch4.Roslin.6": true,
			  },  
        },


		{
			"LogName": "Marriage Flower Dance Accept",
			"Action": "EditData",
			"Target": "Strings/Events",
			"Entries": {
				"SpouseFlowerDanceAccept_Dandelion":"{{i18n:Festivals.Dandelion.FlowerDance.Accept}}",
			}
		},

        // LUAU

        {
			"Action": "EditData",
			"Target": "Data/Festivals/summer11",
			"TextOperations": [
				{	// LOCATION: SET UP (VANILLA)
					"Operation": "Append",
					"Target": ["Entries","Set-Up_additionalCharacters"],
					"Value": "Dandelion 4 5 1",
					"Delimiter": "/"
				},
				{	// LOCATION: SET UP Y2 (VANILLA)
					"Operation": "Append",
					"Target": ["Entries","Set-Up_additionalCharacters_y2"],
					"Value": "Dandelion 4 5 1",
					"Delimiter": "/"
				},
			],
			"When": {
				"HasSeenEvent |contains=SnS.Ch4.Roslin.6": true,
			  },
		},


        // DANCE OF THE MOONLIGHT JELLIES

        {
			"Action": "EditData",
			"Target": "Data/Festivals/summer28",
			"TextOperations": [
				{   // LOCATION: SET UP & MAIN EVENT
					"Operation": "Append",
					"Target": ["Entries", "Set-Up_additionalCharacters"],
					"Value": "Dandelion 97 46 2",
					"Delimiter": "/"
				},
				{   // LOCATION: SET UP & MAIN EVENT Y2
					"Operation": "Append",
					"Target": ["Entries", "Set-Up_additionalCharacters_y2"],
					"Value": "Dandelion 97 46 2",
					"Delimiter": "/"
				},
			],
			"When": {
				"HasSeenEvent |contains=SnS.Ch4.Roslin.6": true,

			  },
		},

        // STARDEW VALLEY FAIR

        {
			"Action": "EditData",
			"Target": "Data/Festivals/fall16",
			"TextOperations": [
				{	// LOCATION: SET UP & MAIN EVENT (VANILLA)
					"Operation": "Append",
					"Target": ["Entries","Set-Up_additionalCharacters"],
					"Value": "Dandelion 45 32 1",
					"Delimiter": "/"
				},
				{	// LOCATION: SET UP & MAIN EVENT Y2 (VANILLA)
					"Operation": "Append",
					"Target": ["Entries","Set-Up_additionalCharacters_y2"],
					"Value": "Dandelion 53 81 2",
					"Delimiter": "/"
				},
			],
			"When": {
				"HasSeenEvent |contains=SnS.Ch4.Roslin.6": true,
			  },
		},

        // SPIRIT'S EVE

       {
			"Action": "EditData",
			"Target": "Data/Festivals/fall27",
			"TextOperations": [
				{	// LOCATION: SET UP & MAIN EVENT (VANILLA)
					"Operation": "Append",
					"Target": ["Entries",	"Set-Up_additionalCharacters"],
					"Value": "Dandelion 25 56 1",
					"Delimiter": "/"
				},
				{	// LOCATION: SET UP & MAIN EVENT Y2 (VANILLA)
					"Operation": "Append",
					"Target": ["Entries",	"Set-Up_additionalCharacters_y2"],
					"Value": "Dandelion 25 56 1",
					"Delimiter": "/"
				},
				],
				"When": {
					"HasSeenEvent |contains=SnS.Ch4.Roslin.6": true,
				  },
		},

        // ICE FESTIVAL 

        {
			"Action": "EditData",
			"Target": "Data/Festivals/winter8",
			"TextOperations": [
				{	// LOCATION: SET UP (VANILLA)
					"Operation": "Append",
					"Target": ["Entries","Set-Up_additionalCharacters"],
					"Value": "Dandelion 35 7 2",
					"Delimiter": "/"
				},
                {   // LOCATION: MAIN EVENT (VANILLA)
					"Operation": "Append",
					"Target": ["Entries","Main-Event_additionalCharacters"],
					"Value": "Dandelion 35 7 2",
					"Delimiter": "/"
				},
				{	// LOCATION: SET UP Y2 (VANILLA)
					"Operation": "Append",
					"Target": ["Entries","Set-Up_additionalCharacters_y2"],
					"Value": "Dandelion 35 7 2",
					"Delimiter": "/"
				},
                {   // LOCATION: MAIN EVENT Y2 (VANILLA)
					"Operation": "Append",
					"Target": ["Entries","Main-Event_additionalCharacters_y2"],
					"Value": "Dandelion 35 7 2",
					"Delimiter": "/"
				},
			],
			"When": {
				"HasSeenEvent |contains=SnS.Ch4.Roslin.6": true,
			  },
		},

        // WINTER STAR

        {
			"Action": "EditData",
			"Target": "Data/Festivals/winter25",
			"TextOperations": [
				{	// LOCATION: SET UP (VANILLA)
					"Operation": "Append",
					"Target": [	"Entries","Set-Up_additionalCharacters"	],
					"Value": "Dandelion 6 65 1",
					"Delimiter": "/"
				},
				{	// LOCATION: SET UP Y2 (VANILLA)
					"Operation": "Append",
					"Target": [	"Entries","Set-Up_additionalCharacters_y2"	],
					"Value": "Dandelion 6 65 1",
					"Delimiter": "/"
				},
			],
			"When": {
				"HasSeenEvent |contains=SnS.Ch4.Roslin.6": true,
			  },
        },

		// RSV GATHERING FESTIVAL 

		{
			"Action": "EditData",
			"Target": "Data/Festivals/fall20",
			"TextOperations": [
					{ // LOCATION: SET UP
					  "Operation": "Append",
					  "Target": ["Entries", "Set-Up_additionalCharacters"],
					  "Value": "Dandelion 124 47 2",
					  "Delimiter": "/"
					 },
					 { // LOCATION: MAIN EVENT
					  "Operation": "Append",
					  "Target": ["Entries", "MainEvent_additionalCharacters"],
					  "Value": "Dandelion 124 47 2",
					  "Delimiter": "/"
					 },
					 { // LOCATION: SET UP Y2
					  "Operation": "Append",
					  "Target": ["Entries", "Set-Up_additionalCharacters_y2"],
					  "Value": "Dandelion 124 47 2",
					  "Delimiter": "/"
					 },
					 { // LOCATION: MAIN EVENT Y2
					  "Operation": "Append",
					  "Target": ["Entries", "MainEvent_additionalCharacters_y2"],
					  "Value": "Dandelion 124 47 2",
					  "Delimiter": "/"
					 },
				],
				"When": {
					"HasMod |contains=Rafseazz.RSVCP": true,
					"HasSeenEvent |contains=SnS.Ch4.Roslin.6": true,
				  },
		},

		// RSV EMBER OF RESOLUTIONS 		

		{

			"Action": "EditData",
			"Target": "Data/Festivals/winter28",
			"TextOperations": [
				 { // LOCATION: SET UP 
				  "Operation": "Append",
				  "Target": ["Entries", "Set-Up_additionalCharacters"],
				  "Value": "Dandelion 30 52 0",
				  "Delimiter": "/"
				 },
				 { // LOCATION: MAIN EVENT
				  "Operation": "Append",
				  "Target": ["Entries", "MainEvent_additionalCharacters"],
				  "Value": "Dandelion 30 52 0",
				  "Delimiter": "/"
				 },
				 { // LOCATION: SET UP Y2
				  "Operation": "Append",
				  "Target": ["Entries", "Set-Up_additionalCharacters_y2"],
				  "Value": "Dandelion 30 52 0",
				  "Delimiter": "/"
				 },
				 { // LOCATION: MAIN EVENT Y2
				  "Operation": "Append",
				  "Target": ["Entries", "MainEvent_additionalCharacters_y2"],
				  "Value": "Dandelion 30 52 0",
				  "Delimiter": "/"
				 },
		 	],
				"When": {
					"HasMod |contains=Rafseazz.RSVCP": true,
					"HasSeenEvent |contains=SnS.Ch4.Roslin.6": true,
				  },
		},


    ]
}