{
    "Changes": [
		
		// EGG FESTIVAL

        {
            "Action": "EditData",
            "Target": "Data/Festivals/spring13",
            "TextOperations": [
                {   // LOCATION: SET UP
                    "Operation": "Append",
                    "Target": [  "Entries", "Set-Up_additionalCharacters" ],
                    "Value": "Hector 13 61 2",
                    "Delimiter": "/"
                },
                {   // LOCATION: MAIN EVENT
                    "Operation": "Append",
                    "Target": [  "Entries",  "MainEvent_additionalCharacters"  ],
                    "Value": "Hector 36 68 3",
                    "Delimiter": "/"
                },
				{   // LOCATION: SET UP Y2
                    "Operation": "Append",
                    "Target": [  "Entries", "Set-Up_additionalCharacters_y2" ],
                    "Value": "Hector 12 62 1",
                    "Delimiter": "/"
                },
                {   // LOCATION: MAIN EVENT Y2
                    "Operation": "Append",
                    "Target": [  "Entries",  "MainEvent_additionalCharacters_y2"  ],
                    "Value": "Hector 12 62 1",
                    "Delimiter": "/"
                },
			],
			"When": {"HasSeenEvent |contains=SnS.Ch2.Hector.6": "true"},	  
        },

        // FLOWER DANCE

        {   
    
            "Action": "EditData",
            "Target": "Data/Festivals/spring24",
            "TextOperations": [
                {	// LOCATION: SET UP (VANILLA)
                    "Operation": "Append",
                    "Target": [ "Entries","Set-Up_additionalCharacters" ],
                    "Value": "Hector 54 30 2",
                    "Delimiter": "/"
                },
                {	// LOCATION: MAIN EVENT (VANILLA)
                    "Operation": "Append",
                    "Target": [ "Entries","MainEvent_additionalCharacters"  ],
                    "Value": "Hector 54 30 2",
                    "Delimiter": "/"
                },
				{	// LOCATION: SET UP Y2 (VANILLA)
                    "Operation": "Append",
                    "Target": [ "Entries","Set-Up_additionalCharacters_y2" ],
                    "Value": "Hector 54 30 2",
                    "Delimiter": "/"
                },
                {	// LOCATION: MAIN EVENT Y2 (VANILLA)
                    "Operation": "Append",
                    "Target": [ "Entries","MainEvent_additionalCharacters_y2"  ],
                    "Value": "Hector 54 30 2",
                    "Delimiter": "/"
                },
            ],
			"When": {"HasSeenEvent |contains=SnS.Ch2.Hector.6": true},  
        },
		{
			"LogName": "Marriage Flower Dance Accept",
			"Action": "EditData",
			"Target": "Strings/Events",
			"Entries": {
				"SpouseFlowerDanceAccept_Hector":"{{i18n:Festivals.Hector.FlowerDance.Accept}}",
			}
		},

        // LUAU

        {
			"Action": "EditData",
			"Target": "Data/Festivals/summer11",
			"TextOperations": [
				{	// LOCATION: SET UP
					"Operation": "Append",
					"Target": ["Entries","Set-Up_additionalCharacters"],
					"Value": "Hector 13 13 2",
					"Delimiter": "/"
				},
				{	// LOCATION: MAIN EVENT 
					"Operation": "Append",
					"Target": ["Entries","MainEvent_additionalCharacters"],
					"Value": "Hector 22 23 2",
					"Delimiter": "/"
				},
				{	// LOCATION: SET UP Y2
					"Operation": "Append",
					"Target": ["Entries","Set-Up_additionalCharacters_y2"],
					"Value": "Hector 19 9 3",
					"Delimiter": "/"
				},
				{	// LOCATION: MAIN EVENT Y2
					"Operation": "Append",
					"Target": ["Entries","MainEvent_additionalCharacters_y2"],
					"Value": "Hector 19 9 3",
					"Delimiter": "/"
				},
			],
			"When": {"HasSeenEvent |contains=SnS.Ch2.Hector.6": true},
		},

        // DANCE OF THE MOONLIGHT JELLIES

        {
			"Action": "EditData",
			"Target": "Data/Festivals/summer28",
			"TextOperations": [
				{   // LOCATION: SET UP & MAIN EVENT
					"Operation": "Append",
					"Target": ["Entries", "Set-Up_additionalCharacters"],
					"Value": "Hector 85 25 2",
					"Delimiter": "/"
				},
				{   // LOCATION: SET UP & MAIN EVENT Y2
					"Operation": "Append",
					"Target": ["Entries", "Set-Up_additionalCharacters_y2"],
					"Value": "Hector 85 25 2",
					"Delimiter": "/"
				},
			],
			"When": {"HasSeenEvent |contains=SnS.Ch2.Hector.6": true},
		},

        // STARDEW VALLEY FAIR

        {
			"Action": "EditData",
			"Target": "Data/Festivals/fall16",
			"TextOperations": [
				{	// LOCATION: SET UP & MAIN EVENT
					"Operation": "Append",
					"Target": ["Entries","Set-Up_additionalCharacters"],
					"Value": "Hector 26 74 2",
					"Delimiter": "/"
				},
				{	// LOCATION: SET UP & MAIN EVENT Y2
					"Operation": "Append",
					"Target": ["Entries","Set-Up_additionalCharacters_y2"],
					"Value": "Hector 39 77 3",
					"Delimiter": "/"
				},
			],
			"When": {"HasSeenEvent |contains=SnS.Ch2.Hector.6": true},
		},

        // SPIRIT'S EVE

       {
			"Action": "EditData",
			"Target": "Data/Festivals/fall27",
			"TextOperations": [
				{	// LOCATION: SET UP & MAIN EVENT
					"Operation": "Append",
					"Target": ["Entries", "Set-Up_additionalCharacters"],
					"Value": "Hector 25 58 1",
					"Delimiter": "/"},
				{	// LOCATION: SET UP & MAIN EVENT Y2
					"Operation": "Append",
					"Target": ["Entries", "Set-Up_additionalCharacters_y2"],
					"Value": "Hector 25 58 1",
					"Delimiter": "/"},
				],
				"When": {"HasSeenEvent |contains=SnS.Ch2.Hector.6": true},
		},

        // ICE FESTIVAL 

        {
			"Action": "EditData",
			"Target": "Data/Festivals/winter8",
			"TextOperations": [
				{	// LOCATION: SET UP
					"Operation": "Append",
					"Target": ["Entries","Set-Up_additionalCharacters"],
					"Value": "Hector 54 50 2",
					"Delimiter": "/"
				},
                {   // LOCATION: MAIN EVENT
					"Operation": "Append",
					"Target": ["Entries","Main-Event_additionalCharacters"],
					"Value": "Hector 84 35 3",
					"Delimiter": "/"
				},
				{	// LOCATION: SET UP Y2
					"Operation": "Append",
					"Target": ["Entries","Set-Up_additionalCharacters_y2"],
					"Value": "Hector 72 52 0",
					"Delimiter": "/"
				},
                {   // LOCATION: MAIN EVENT Y2
					"Operation": "Append",
					"Target": ["Entries","Main-Event_additionalCharacters_y2"],
					"Value": "Hector 72 52 0",
					"Delimiter": "/"
				},
			],
			"When": {"HasSeenEvent |contains=SnS.Ch2.Hector.6": true}
		},

        // WINTER STAR

        {
			"Action": "EditData",
			"Target": "Data/Festivals/winter25",
			"TextOperations": [
				{	// LOCATION: SET UP
					"Operation": "Append",
					"Target": [	"Entries","Set-Up_additionalCharacters"	],
					"Value": "Hector 37 70 3",
					"Delimiter": "/"
				},
				{	// LOCATION: SET UP Y2
					"Operation": "Append",
					"Target": [	"Entries","Set-Up_additionalCharacters_y2"	],
					"Value": "Hector 24 57 2",
					"Delimiter": "/"
				},
			],
			"When": {"HasSeenEvent |contains=SnS.Ch2.Hector.6": true}
		},

		// RSV GATHERING FESTIVAL 

		{
			"Action": "EditData",
			"Target": "Data/Festivals/fall20",
			"TextOperations": [
					{ // LOCATION: SET UP
					  "Operation": "Append",
					  "Target": ["Entries", "Set-Up_additionalCharacters"],
					  "Value": "Hector 114 43 2",
					  "Delimiter": "/"
					 },
					 { // LOCATION: MAIN EVENT
					  "Operation": "Append",
					  "Target": ["Entries", "MainEvent_additionalCharacters"],
					  "Value": "Hector 76 50 0",
					  "Delimiter": "/"
					 },
					 { // LOCATION: SET UP Y2
					  "Operation": "Append",
					  "Target": ["Entries", "Set-Up_additionalCharacters_y2"],
					  "Value": "Hector 114 43 2",
					  "Delimiter": "/"
					 },
					 { // LOCATION: MAIN EVENT Y2
					  "Operation": "Append",
					  "Target": ["Entries", "MainEvent_additionalCharacters_y2"],
					  "Value": "Hector 76 50 0",
					  "Delimiter": "/"
					 },
				],
				"When": {
					"HasMod |contains=Rafseazz.RSVCP": true,
					"HasSeenEvent |contains=SnS.Ch2.Hector.6": true,
				  		},
		},

		// RSV EMBER OF RESOLUTIONS 		

		{

			"Action": "EditData",
			"Target": "Data/Festivals/winter28",
			"TextOperations": [
				 { // LOCATION: SET UP 
				  "Operation": "Append",
				  "Target": ["Entries", "Set-Up_additionalCharacters"],
				  "Value": "Hector 53 42 3",
				  "Delimiter": "/"
				 },
				 { // LOCATION: MAIN EVENT
				  "Operation": "Append",
				  "Target": ["Entries", "MainEvent_additionalCharacters"],
				  "Value": "Hector 49 41 3",
				  "Delimiter": "/"
				 },
				 { // LOCATION: SET UP Y2
				  "Operation": "Append",
				  "Target": ["Entries", "Set-Up_additionalCharacters_y2"],
				  "Value": "Hector 61 43 1",
				  "Delimiter": "/"
				 },
				 { // LOCATION: MAIN EVENT Y2
				  "Operation": "Append",
				  "Target": ["Entries", "MainEvent_additionalCharacters_y2"],
				  "Value": "Hector 61 43 1",
				  "Delimiter": "/"
				 },
		 	],
				"When": {
					"HasMod |contains=Rafseazz.RSVCP": true,
					"HasSeenEvent |contains=SnS.Ch2.Hector.6": true,
				  		},
		},
    ]
}