{
    "Changes": [

        // PORTRAIT & SPRITE DEFAULT LOAD
        {
            "LogName": "Default Portraits & Sprites - Roslin",
            "Action": "Load",
            "Priority": "Low",
            "Target": "Portraits/Roslin",
            "FromFile": "assets/{{TargetPathOnly}}/{{Portrait Style}}/Roslin/HoodDown/fall_Roslin.png"
        },
        {
            "LogName": "Default Portraits & Sprites - Roslin",
            "Action": "Load",
            "Priority": "Low",
            "Target": "Characters/Roslin",
            "FromFile": "assets/{{TargetPathOnly}}/Roslin/HoodDown/fall_Roslin.png"
        },
        
        //Loads
        {
            "LogName": "Indoor Portraits - Roslin",
            "Action": "Load",
            "Priority": "Low",
            "Target": "Portraits/HoodDown/spring_Roslin, Portraits/HoodDown/summer_Roslin, Portraits/HoodDown/fall_Roslin, Portraits/HoodDown/winter_Roslin",
            "FromFile": "assets/Portraits/{{Portrait Style}}/Roslin/HoodDown/{{TargetWithoutPath}}.png"
        },
        {
            "LogName": "Indoor Characters - Roslin",
            "Action": "Load",
            "Priority": "Low",
            "Target": "Characters/HoodDown/spring_Roslin, Characters/HoodDown/summer_Roslin, Characters/HoodDown/fall_Roslin, Characters/HoodDown/winter_Roslin",
            "FromFile": "assets/Characters/Roslin/HoodDown/{{TargetWithoutPath}}.png"
        },
        {
            "LogName": "Outdoors Portraits - Roslin",
            "Action": "Load",
            "Priority": "Low",
            "Target": "Portraits/HoodUp/spring_Roslin, Portraits/HoodUp/summer_Roslin, Portraits/HoodUp/fall_Roslin, Portraits/HoodUp/winter_Roslin",
            "FromFile": "assets/Portraits/{{Portrait Style}}/Roslin/HoodUp/{{TargetWithoutPath}}.png"
        },
        {
            "LogName": "Outdoors Characters - Roslin",
            "Action": "Load",
            "Priority": "Low",
            "Target": "Characters/HoodUp/spring_Roslin, Characters/HoodUp/summer_Roslin, Characters/HoodUp/fall_Roslin, Characters/HoodUp/winter_Roslin,",
            "FromFile": "assets/Characters/Roslin/HoodUp/{{TargetWithoutPath}}.png"
        },
        {
            "LogName": "Armor - Roslin",
            "Action": "Load",
            "Priority": "Low",
            "Target": "Characters/Roslin_armored, Characters/RoslinMine",
            "FromFile": "assets/Characters/Roslin/Roslin_armored.png"
        },
        {
            "LogName": "Armor - Roslin",
            "Action": "Load",
            "Priority": "Low",
            "Target": "Portraits/Roslin_armored, Portraits/RoslinMine",
            "FromFile": "assets/Portraits/{{Portrait Style}}/Roslin/Roslin_armored.png"
        },

        //Overlay
        {
            "LogName": "Pendant Overlay",
            "Action": "EditImage",
            "Priority": "Early",
            "Target": "Portraits/Roslin, Portraits/HoodDown/spring_Roslin, Portraits/HoodDown/summer_Roslin, Portraits/HoodDown/fall_Roslin, Portraits/HoodDown/winter_Roslin, Portraits/HoodUp/spring_Roslin, Portraits/HoodUp/summer_Roslin, Portraits/HoodUp/fall_Roslin, Portraits/HoodUp/winter_Roslin, Portraits/Roslin_armored",
            "FromFile": "Assets/Portraits/{{Portrait Style}}/Roslin/Pendant_Overlay.png",
            "PatchMode": "Overlay",
            "Update": "OnLocationChange",
            "When": { "HasSeenEvent |contains=SnS.Ch5.Dandelion": true, "HasMod |contains=McJoan.Roslin": false }
        }
    ]
}