{
    "Changes": [

        // PORTRAIT & SPRITE DEFAULT LOAD
        {
            "LogName": "Default Portraits & Sprites - Mateo",
            "Action": "Load",
            "Priority": "Low",
            "Target": "Characters/Mateo",
            "FromFile": "Assets/Characters/Mateo/Seasonal/Mateo_Seasonal_Spring.png"
        },
        {
            "LogName": "Default Portraits & Sprites - Mateo",
            "Action": "Load",
            "Priority": "Low",
            "Target": "Portraits/Mateo",
            "FromFile": "Assets/Portraits/{{Portrait Style}}/Mateo/Seasonal/Mateo_Seasonal_Spring.png"
        },

        // LOADS
        {
            "LogName": "Beach Portraits - Mateo",
            "Action": "Load",
            "Priority": "Low",
            "Target": "Portraits/Mateo_Beach",
            "FromFile": "Assets/Portraits/{{Portrait Style}}/Mateo/{{MateoBeach}}"
        },
        {
            "LogName": "Shirtless Sprites - Mateo",
            "Action": "Load",
            "Priority": "Low",
            "Target": "Characters/Shirtless_Mateo",
            "FromFile": "Assets/Characters/Mateo/Shirtless_Mateo.png"
        },
        {
            "LogName": "Beach Sprites - Mateo",
            "Action": "Load",
            "Priority": "Low",
            "Target": "Characters/Mateo_Beach",
            "FromFile": "Assets/Characters/Mateo/Beach_Mateo{{MateoHorns}}.png"
        },
        {
            "LogName": "Date Night Portraits - Mateo",
            "Action": "Load",
            "Priority": "Low",
            "Target": "Portraits/DateNight_Mateo",
            "FromFile": "Assets/Portraits/{{Portrait Style}}/Mateo/DateNight_Mateo.png"
        },
        {
            "LogName": "Date Night Sprites - Mateo",
            "Action": "Load",
            "Priority": "Low",
            "Target": "Characters/DateNight_Mateo",
            "FromFile": "Assets/Characters/Mateo/DateNight_Mateo{{MateoHorns}}.png"
        },
        {
            "LogName": "Armor Portraits - Mateo",
            "Action": "Load",
            "Priority": "Low",
            "Target": "Portraits/Armor_Mateo, Portraits/MateoMine",
            "FromFile": "Assets/Portraits/{{Portrait Style}}/Mateo/Armor_Mateo.png"
        },
        {
            "LogName": "Armor Portraits - Mateo",
            "Action": "Load",
            "Priority": "Medium",
            "Target": "Portraits/Armor_Mateo, Portraits/MateoMine",
            "FromFile": "Assets/Portraits/{{Portrait Style}}/Mateo/{{MateoArmor}}"
        },
        {
            "LogName": "Armor Sprites - Mateo",
            "Action": "Load",
            "Priority": "Low",
            "Target": "Characters/Armor_Mateo, Characters/MateoMine",
            "FromFile": "Assets/Characters/Mateo/Armor_Mateo.png"
        },
        {
            "LogName": "Flower Dance Sprites - Mateo",
            "Action": "Load",
            "Priority": "Low",
            "Target": "Characters/FlowerDance_Mateo",
            "FromFile": "Assets/Characters/Mateo/Festivals/FlowerDance_Mateo{{MateoHorns}}.png"
        },
        {
            "Action": "Load",
            "Priority": "Low",
            "Target": "Characters/Mateo_Seasonal_Spring, Characters/Mateo_Seasonal_Summer, Characters/Mateo_Seasonal_Winter, Characters/Mateo_Seasonal_Fall_1, Characters/Mateo_Seasonal_Fall_2",
            "FromFile": "Assets/{{TargetPathOnly}}/Mateo/Seasonal/{{TargetWithoutPath}}.png"
        },
        {
            "Action": "Load",
            "Priority": "Low",
            "Target": "Portraits/Mateo_Seasonal_Spring, Portraits/Mateo_Seasonal_Summer, Portraits/Mateo_Seasonal_Winter, Portraits/Mateo_Seasonal_Fall_1, Portraits/Mateo_Seasonal_Fall_2",
            "FromFile": "Assets/{{TargetPathOnly}}/{{Portrait Style}}/Mateo/Seasonal/{{TargetWithoutPath}}.png"
        },
        {
            "Action": "Load",
            "Priority": "Low",
            "Target": "Portraits/EggFair_Mateo, Portraits/FlowerDance_Mateo, Portraits/IceFestWinterStar_Mateo, Portraits/LuauMoonlight_Mateo",
            "FromFile": "Assets/{{TargetPathOnly}}/{{Portrait Style}}/Mateo/Festivals/{{TargetWithoutPath}}.png"
        },
        {
            "Action": "Load",
            "Priority": "Low",
            "Target": "Characters/EggFair_Mateo, Characters/IceFestWinterStar_Mateo, Characters/LuauMoonlight_Mateo, Characters/SpiritsEve_Mateo",
            "FromFile": "Assets/{{TargetPathOnly}}/Mateo/Festivals/{{TargetWithoutPath}}.png"
        },


        //OVERLAYS
        {
            "LogName": "Mateo's Scar Overlay",
            "Action": "EditImage",
            "Priority": "Early",
            "Target": "Portraits/Mateo_Seasonal_Spring, Portraits/Mateo_Seasonal_Summer, Portraits/Mateo_Seasonal_Winter, Portraits/Mateo_Seasonal_Fall_1, Portraits/Mateo_Seasonal_Fall_2, Portraits/EggFair_Mateo, Portraits/FlowerDance_Mateo, Portraits/IceFestWinterStar_Mateo, Portraits/LuauMoonlight_Mateo, Portraits/DateNight_Mateo",
            "PatchMode": "Overlay",
            "FromFile": "Assets/Portraits/{{Portrait Style}}/Mateo/scar_overlay_mateo.png",
            "Update": "OnLocationChange",
            "When": { "HasSeenEvent |contains=SnS.Ch1.Mateo.9": true, "HasMod |contains=McJoan.Mateo": false }
        },
        {   
            "LogName": "Mermaid Pendant Earring",
            "Action": "EditImage",
            "Priority": "Early",
            "Target": "Portraits/Mateo_Seasonal_Spring, Portraits/Mateo_Seasonal_Summer, Portraits/Mateo_Seasonal_Winter, Portraits/Mateo_Seasonal_Fall_1, Portraits/Mateo_Seasonal_Fall_2, Portraits/EggFair_Mateo, Portraits/FlowerDance_Mateo, Portraits/IceFestWinterStar_Mateo, Portraits/LuauMoonlight_Mateo, Portraits/DateNight_Mateo",
            "PatchMode": "Overlay",
            "FromFile": "Assets/Portraits/{{Portrait Style}}/Mateo/pendant_overlay_mateo.png",
            "Update": "OnLocationChange",
            "When": { "Relationship:Mateo |contains=Married": true, "MermaidPendantEarring": true,
                      "HasMod |contains=McJoan.Mateo": false }
        },
        {   
            "LogName": "Mateo's Troll Heritage Portrait Overlay",
            "Action": "EditImage",
            "Priority": "Early",
            "Target": "Portraits/Mateo_Seasonal_Spring, Portraits/Mateo_Seasonal_Summer, Portraits/Mateo_Seasonal_Winter, Portraits/Mateo_Seasonal_Fall_1, Portraits/Mateo_Seasonal_Fall_2, Portraits/EggFair_Mateo, Portraits/FlowerDance_Mateo, Portraits/IceFestWinterStar_Mateo, Portraits/LuauMoonlight_Mateo, Portraits/DateNight_Mateo, Portraits/Mateo_Beach",
            "PatchMode": "Overlay",
            "FromFile": "Assets/Portraits/{{Portrait Style}}/Mateo/{{Horns}}_Overlay_Mateo.png",
            "When": { "MateoTrollHeritage": true, "HasMod |contains=McJoan.Mateo": false }
        },
        {
            "LogName": "Mateo's Troll Heritage Portrait Overlay Stage 1 - Armor",
            "Action": "EditImage",
            "Priority": "Early",
            "Target": "Portraits/Armor_Mateo",
            "PatchMode":"Overlay",
            "FromFile": "Assets/Portraits/{{Portrait Style}}/Mateo/Armor_Horns1_Overlay_Mateo.png",
            "When": { "MateoTrollHeritage": true, "Horns |contains=Horns1": true,
                      "HasMod |contains=McJoan.Mateo": false }
        },
        {
            "LogName": "Mateo's Troll Heritage Portrait Overlay Other Stages - Armor",
            "Action": "EditImage",
            "Priority": "Early",
            "Target": "Portraits/Armor_Mateo",
            "PatchMode":"Overlay",
            "FromFile": "Assets/Portraits/{{Portrait Style}}/Mateo/{{Horns}}_Overlay_Mateo.png",
            "When": { "MateoTrollHeritage": true, "Horns |contains=Horns1": false,
                      "HasMod |contains=McJoan.Mateo": false }
        },
        {
            "LogName": "Mateo's Troll Heritage Portrait Overlay Googles Patch - Armor",
            "Action": "EditImage",
            "Priority": "Early",
            "Target": "Portraits/Armor_Mateo",
            "PatchMode":"Overlay",
            "FromFile": "Assets/Portraits/{{Portrait Style}}/Mateo/Armor_Goggles_Overlay_Mateo.png",
            "When": { "MateoTrollHeritage": true, "HasMod |contains=McJoan.Mateo": false }
        },
        {   
            "LogName": "Mateo's Troll Heritage Sprite Overlay",
            "Action": "EditImage",
            "Priority": "Early",
            "Target": "Characters/Mateo, Characters/Mateo_Seasonal_Spring, Characters/Mateo_Seasonal_Summer, Characters/Mateo_Seasonal_Winter, Characters/Mateo_Seasonal_Fall_1, Characters/Mateo_Seasonal_Fall_2, Characters/EggFair_Mateo, Characters/IceFestWinterStar_Mateo, Characters/LuauMoonlight_Mateo, Characters/Armor_Mateo, Characters/Shirtless_Mateo",
            "PatchMode": "Overlay",
            "FromFile": "assets/Characters/Mateo/horn_overlay_mateo.png",
            "When": { "MateoTrollHeritage": true }
        },
        {   
            "LogName": "Tail Overlay Normal",
            "Action": "EditImage",
            "Priority": "Early",
            "Target": "Characters/Mateo, Characters/Mateo_Seasonal_Spring, Characters/Mateo_Seasonal_Summer, Characters/Mateo_Seasonal_Winter, Characters/Mateo_Seasonal_Fall_1, Characters/Mateo_Seasonal_Fall_2, Characters/EggFair_Mateo, Characters/IceFestWinterStar_Mateo, Characters/LuauMoonlight_Mateo, Characters/Armor_Mateo, Characters/Shirtless_Mateo, Characters/FlowerDance_Mateo, Characters/Mateo_Beach",
            "PatchMode": "Overlay",
            "FromFile": "assets/Characters/Mateo/TailOverlays/tail_overlay_normal.png",
            "When": { "MateoTrollHeritage": true, "MateoTail": true }
        },
        {   
            "LogName": "Tail Overlay Others",
            "Action": "EditImage",
            "Priority": "Early",
            "Target": "Characters/DateNight_Mateo, Characters/BlacksmithMateo",
            "PatchMode": "Overlay",
            "FromFile": "assets/Characters/Mateo/TailOverlays/tail_overlay_{{TargetWithoutPath}}.png",
            "When": { "MateoTrollHeritage": true, "MateoTail": true }
        }
    ]
}