{
  "Changes": [
    {

      "LogName": "Normal Dialogue",
      "Action": "EditData",
      "Target": "Characters/Dialogue/MarriageDialogueMadDog.HashtagBearFam.Sigurd",
      "Entries": {

        //this gets renamed back to MarriageDialogueSigurd    

        "patio_MadDog.HashtagBearFam.Sigurd": "{{i18n:patio.Sigurd.{{SigRomanceDialogueType}}.{{Random:1++2++3|inputSeparator=++}}{{SigurdSpousePetName}}{{BearFamProfanityChanges}}{{SigurdRandomTokens}}{{PlayerJobTitle}}}}",
        "spouseRoom_MadDog.HashtagBearFam.Sigurd": "{{i18n:spouseroom.Sigurd.{{SigRomanceDialogueType}}.{{Random:1++2++3|inputSeparator=++}}{{SigurdSpousePetName}}{{BearFamProfanityChanges}}{{SigurdRandomTokens}}{{PlayerJobTitle}}}}",


        "funLeave_MadDog.HashtagBearFam.Sigurd": "{{i18n:funLeave.Married.Sigurd.{{Random:1++2++3|inputSeparator=++}}{{SigurdSpousePetName}}{{BearFamProfanityChanges}}{{SigurdRandomTokens}}{{PlayerJobTitle}}}}",
        "funReturn_MadDog.HashtagBearFam.Sigurd": "{{i18n:funReturn.Married.Sigurd.{{Random:1++2++3|inputSeparator=++}}{{SigurdSpousePetName}}{{BearFamProfanityChanges}}{{SigurdRandomTokens}}{{PlayerJobTitle}}}}",
        //dates
        "spring_MadDog.HashtagBearFam.Sigurd": "{{i18n:spring.Married.Sigurd.{{SigRomanceDialogueType}}{{SigurdSpousePetName}}{{BearFamProfanityChanges}}{{SigurdRandomTokens}}{{PlayerJobTitle}}}}",
        "summer_1": "{{i18n:spring.Married.Sigurd.28{{SigurdSpousePetName}}{{BearFamProfanityChanges}}{{SigurdRandomTokens}}{{PlayerJobTitle}}}}",
        "spring_19": "{{i18n:spring.Married.Sigurd.19{{SigurdSpousePetName}}{{BearFamProfanityChanges}}{{SigurdRandomTokens}}{{PlayerJobTitle}}}}",
        "summer_MadDog.HashtagBearFam.Sigurd": "{{i18n:summer.Married.Sigurd.{{SigRomanceDialogueType}}{{SigurdSpousePetName}}{{BearFamProfanityChanges}}{{SigurdRandomTokens}}{{PlayerJobTitle}}}}",
        "summer_11": "{{i18n:summer.Married.Sigurd.11{{SigurdSpousePetName}}{{BearFamProfanityChanges}}{{SigurdRandomTokens}}{{PlayerJobTitle}}}}",
        "fall_MadDog.HashtagBearFam.Sigurd": "{{i18n:fall.Married.Sigurd.{{SigRomanceDialogueType}}{{SigurdSpousePetName}}{{BearFamProfanityChanges}}{{SigurdRandomTokens}}{{PlayerJobTitle}}}}",
        "fall_19": "{{i18n:fall.Married.Sigurd.19{{SigurdSpousePetName}}{{BearFamProfanityChanges}}{{SigurdRandomTokens}}{{PlayerJobTitle}}}}",
        "winter_MadDog.HashtagBearFam.Sigurd": "{{i18n:winter.Married.Sigurd.{{SigRomanceDialogueType}}{{SigurdSpousePetName}}{{BearFamProfanityChanges}}{{SigurdRandomTokens}}{{PlayerJobTitle}}}}",
        "winter_24": "{{i18n:winter.Married.Sigurd.24{{SigurdSpousePetName}}{{BearFamProfanityChanges}}{{SigurdRandomTokens}}{{PlayerJobTitle}}}}",


        //GENERIC DIALOGUE
        //RainyDay. 
        "Rainy_Day_0": "{{i18n:RainyDay.Sigurd.{{SigRomanceDialogueType}}.{{Random:0++1++2++3|inputSeparator=++}}{{SigurdSpousePetName}}{{BearFamProfanityChanges}}{{SigurdRandomTokens}}{{PlayerJobTitle}}}}",
        "Rainy_Day_1": "{{i18n:RainyDay.Sigurd.{{SigRomanceDialogueType}}.{{Random:0++1++2++3|inputSeparator=++}}{{SigurdSpousePetName}}{{BearFamProfanityChanges}}{{SigurdRandomTokens}}{{PlayerJobTitle}}}}",
        "Rainy_Day_2": "{{i18n:RainyDay.Sigurd.{{SigRomanceDialogueType}}.{{Random:0++1++2++3|inputSeparator=++}}{{SigurdSpousePetName}}{{BearFamProfanityChanges}}{{SigurdRandomTokens}}{{PlayerJobTitle}}}}",
        "Rainy_Day_3": "{{i18n:RainyDay.Sigurd.{{SigRomanceDialogueType}}.{{Random:0++1++2++3|inputSeparator=++}}{{SigurdSpousePetName}}{{BearFamProfanityChanges}}{{SigurdRandomTokens}}{{PlayerJobTitle}}}}",
        "Rainy_Day_4": "{{i18n:RainyDay.Sigurd.{{Random:4++5++6++Default|inputSeparator=++}}{{SigurdSpousePetName}}{{BearFamProfanityChanges}}{{SigurdRandomTokens}}{{PlayerJobTitle}}}}",
        "Rainy_Day_5": "{{i18n:RainyDay.Sigurd.{{Random:4++5++6++Default|inputSeparator=++}}{{SigurdSpousePetName}}{{BearFamProfanityChanges}}{{SigurdRandomTokens}}{{PlayerJobTitle}}}}",
        "Rainy_Day_6": "{{i18n:RainyDay.Sigurd.{{Random:4++5++6++Default|inputSeparator=++}}{{SigurdSpousePetName}}{{BearFamProfanityChanges}}{{SigurdRandomTokens}}{{PlayerJobTitle}}}}",
        "Rainy_Day_MadDog.HashtagBearFam.Sigurd": "{{i18n:RainyDay.Sigurd.{{Random:4++5++6++Default|inputSeparator=++}}{{SigurdSpousePetName}}{{BearFamProfanityChanges}}{{SigurdRandomTokens}}{{PlayerJobTitle}}}}",

        //rainynight
        "Rainy_Night_0": "{{i18n:RainyNight.Sigurd.{{SigRomanceDialogueType}}.{{Random:0++1++2++3|inputSeparator=++}}{{SigurdSpousePetName}}{{BearFamProfanityChanges}}{{SigurdRandomTokens}}{{PlayerJobTitle}}}}", //Ecclesiastes 4:11
        "Rainy_Night_1": "{{i18n:RainyNight.Sigurd.{{SigRomanceDialogueType}}.{{Random:0++1++2++3|inputSeparator=++}}{{SigurdSpousePetName}}{{BearFamProfanityChanges}}{{SigurdRandomTokens}}{{PlayerJobTitle}}}}",
        "Rainy_Night_2": "{{i18n:RainyNight.Sigurd.{{SigRomanceDialogueType}}.{{Random:0++1++2++3|inputSeparator=++}}{{SigurdSpousePetName}}{{BearFamProfanityChanges}}{{SigurdRandomTokens}}{{PlayerJobTitle}}}}",
        "Rainy_Night_3": "{{i18n:RainyNight.Sigurd.{{SigRomanceDialogueType}}.{{Random:0++1++2++3|inputSeparator=++}}{{SigurdSpousePetName}}{{BearFamProfanityChanges}}{{SigurdRandomTokens}}{{PlayerJobTitle}}}}", //Jojaflix = Netflix
        "Rainy_Night_4": "{{i18n:RainyNight.Sigurd.{{Random:4++5++6++Default|inputSeparator=++}}{{SigurdSpousePetName}}{{BearFamProfanityChanges}}{{SigurdRandomTokens}}{{PlayerJobTitle}}}}", //Student-Song - John Milton May
        "Rainy_Night_5": "{{i18n:RainyNight.Sigurd.{{Random:4++5++6++Default|inputSeparator=++}}{{SigurdSpousePetName}}{{BearFamProfanityChanges}}{{SigurdRandomTokens}}{{PlayerJobTitle}}}}",
        "Rainy_Night_6": "{{i18n:RainyNight.Sigurd.{{Random:4++5++6++Default|inputSeparator=++}}{{SigurdSpousePetName}}{{BearFamProfanityChanges}}{{SigurdRandomTokens}}{{PlayerJobTitle}}}}",
        "Rainy_Night_MadDog.HashtagBearFam.Sigurd": "{{i18n:RainyNight.Sigurd.{{Random:4++5++6++Default|inputSeparator=++}}{{SigurdSpousePetName}}{{BearFamProfanityChanges}}{{SigurdRandomTokens}}{{PlayerJobTitle}}}}",

        //indoorday
        "Indoor_Day_0": "{{i18n:IndoorDay.Sigurd.{{SigRomanceDialogueType}}.{{Random:0++1++2++3|inputSeparator=++}}{{SigurdSpousePetName}}{{BearFamProfanityChanges}}{{SigurdRandomTokens}}{{PlayerJobTitle}}}}",
        "Indoor_Day_1": "{{i18n:IndoorDay.Sigurd.{{SigRomanceDialogueType}}.{{Random:0++1++2++3|inputSeparator=++}}{{SigurdSpousePetName}}{{BearFamProfanityChanges}}{{SigurdRandomTokens}}{{PlayerJobTitle}}}}",
        "Indoor_Day_2": "{{i18n:IndoorDay.Sigurd.{{SigRomanceDialogueType}}.{{Random:0++1++2++3|inputSeparator=++}}{{SigurdSpousePetName}}{{BearFamProfanityChanges}}{{SigurdRandomTokens}}{{PlayerJobTitle}}}}",
        "Indoor_Day_3": "{{i18n:IndoorDay.Sigurd.{{SigRomanceDialogueType}}.{{Random:0++1++2++3|inputSeparator=++}}{{SigurdSpousePetName}}{{BearFamProfanityChanges}}{{SigurdRandomTokens}}{{PlayerJobTitle}}}}",
        "Indoor_Day_4": "{{i18n:IndoorDay.Sigurd.{{Random:4++5++6++Default|inputSeparator=++}}{{SigurdSpousePetName}}{{BearFamProfanityChanges}}{{SigurdRandomTokens}}{{PlayerJobTitle}}}}",
        "Indoor_Day_5": "{{i18n:IndoorDay.Sigurd.{{Random:4++5++6++Default|inputSeparator=++}}{{SigurdSpousePetName}}{{BearFamProfanityChanges}}{{SigurdRandomTokens}}{{PlayerJobTitle}}}}",
        "Indoor_Day_6": "{{i18n:IndoorDay.Sigurd.{{Random:4++5++6++Default|inputSeparator=++}}{{SigurdSpousePetName}}{{BearFamProfanityChanges}}{{SigurdRandomTokens}}{{PlayerJobTitle}}}}",
        "Indoor_Day_MadDog.HashtagBearFam.Sigurd": "{{i18n:IndoorDay.Sigurd.{{Random:4++5++6++Default|inputSeparator=++}}{{SigurdSpousePetName}}{{BearFamProfanityChanges}}{{SigurdRandomTokens}}{{PlayerJobTitle}}}}",

        //indoornight
        "Indoor_Night_0": "{{i18n:IndoorNight.Sigurd.{{SigRomanceDialogueType}}.{{Random:0++1++2++3|inputSeparator=++}}{{SigurdSpousePetName}}{{BearFamProfanityChanges}}{{SigurdRandomTokens}}{{PlayerJobTitle}}}}",
        "Indoor_Night_1": "{{i18n:IndoorNight.Sigurd.{{SigRomanceDialogueType}}.{{Random:0++1++2++3|inputSeparator=++}}{{SigurdSpousePetName}}{{BearFamProfanityChanges}}{{SigurdRandomTokens}}{{PlayerJobTitle}}}}",
        "Indoor_Night_2": "{{i18n:IndoorNight.Sigurd.{{SigRomanceDialogueType}}.{{Random:0++1++2++3|inputSeparator=++}}{{SigurdSpousePetName}}{{BearFamProfanityChanges}}{{SigurdRandomTokens}}{{PlayerJobTitle}}}}",
        "Indoor_Night_3": "{{i18n:IndoorNight.Sigurd.{{SigRomanceDialogueType}}.{{Random:0++1++2++3|inputSeparator=++}}{{SigurdSpousePetName}}{{BearFamProfanityChanges}}{{SigurdRandomTokens}}{{PlayerJobTitle}}}}",
        "Indoor_Night_4": "{{i18n:IndoorNight.Sigurd.{{Random:4++5++6++Default|inputSeparator=++}}{{SigurdSpousePetName}}{{BearFamProfanityChanges}}{{SigurdRandomTokens}}{{PlayerJobTitle}}}}",
        "Indoor_Night_5": "{{i18n:IndoorNight.Sigurd.{{Random:4++5++6++Default|inputSeparator=++}}{{SigurdSpousePetName}}{{BearFamProfanityChanges}}{{SigurdRandomTokens}}{{PlayerJobTitle}}}}",
        "Indoor_Night_6": "{{i18n:IndoorNight.Sigurd.{{Random:4++5++6++Default|inputSeparator=++}}{{SigurdSpousePetName}}{{BearFamProfanityChanges}}{{SigurdRandomTokens}}{{PlayerJobTitle}}}}",
        "Indoor_Night_MadDog.HashtagBearFam.Sigurd": "{{i18n:IndoorNight.Sigurd.{{Random:4++5++6++Default|inputSeparator=++}}{{SigurdSpousePetName}}{{BearFamProfanityChanges}}{{SigurdRandomTokens}}{{PlayerJobTitle}}}}",

        //outdoor
        "Outdoor_0": "{{i18n:Outdoor.Sigurd.{{SigRomanceDialogueType}}.{{Random:0++1++2++3|inputSeparator=++}}{{SigurdSpousePetName}}{{BearFamProfanityChanges}}{{SigurdRandomTokens}}{{PlayerJobTitle}}}}", //Give Me The Splendid, Silent Sun - Walt Whitman
        "Outdoor_1": "{{i18n:Outdoor.Sigurd.{{SigRomanceDialogueType}}.{{Random:0++1++2++3|inputSeparator=++}}{{SigurdSpousePetName}}{{BearFamProfanityChanges}}{{SigurdRandomTokens}}{{PlayerJobTitle}}}}",
        "Outdoor_2": "{{i18n:Outdoor.Sigurd.{{SigRomanceDialogueType}}.{{Random:0++1++2++3|inputSeparator=++}}{{SigurdSpousePetName}}{{BearFamProfanityChanges}}{{SigurdRandomTokens}}{{PlayerJobTitle}}}}",
        "Outdoor_3": "{{i18n:Outdoor.Sigurd.{{SigRomanceDialogueType}}.{{Random:0++1++2++3|inputSeparator=++}}{{SigurdSpousePetName}}{{BearFamProfanityChanges}}{{SigurdRandomTokens}}{{PlayerJobTitle}}}}",
        "Outdoor_4": "{{i18n:Outdoor.Sigurd.{{Random:4++5++6++Default|inputSeparator=++}}{{SigurdSpousePetName}}{{BearFamProfanityChanges}}{{SigurdRandomTokens}}{{PlayerJobTitle}}}}",
        "Outdoor_5": "{{i18n:Outdoor.Sigurd.{{Random:4++5++6++Default|inputSeparator=++}}{{SigurdSpousePetName}}{{BearFamProfanityChanges}}{{SigurdRandomTokens}}{{PlayerJobTitle}}}}",
        "Outdoor_6": "{{i18n:Outdoor.Sigurd.{{Random:4++5++6++Default|inputSeparator=++}}{{SigurdSpousePetName}}{{BearFamProfanityChanges}}{{SigurdRandomTokens}}{{PlayerJobTitle}}}}",
        "Outdoor_MadDog.HashtagBearFam.Sigurd": "{{i18n:Outdoor.Sigurd.{{Random:4++5++6++Default|inputSeparator=++}}{{SigurdSpousePetName}}{{BearFamProfanityChanges}}{{SigurdRandomTokens}}{{PlayerJobTitle}}}}",

        //kids

        "OneKid_0": "{{i18n:OneKid.Sigurd.{{Random:0++1++2++3++4|inputSeparator=++}}{{SigurdSpousePetName}}{{BearFamProfanityChanges}}{{SigurdRandomTokens}}{{PlayerJobTitle}}}}",
        "OneKid_1": "{{i18n:OneKid.Sigurd.{{Random:0++1++2++3++4|inputSeparator=++}}{{SigurdSpousePetName}}{{BearFamProfanityChanges}}{{SigurdRandomTokens}}{{PlayerJobTitle}}}}",
        "OneKid_2": "{{i18n:OneKid.Sigurd.{{Random:0++1++2++3++4|inputSeparator=++}}{{SigurdSpousePetName}}{{BearFamProfanityChanges}}{{SigurdRandomTokens}}{{PlayerJobTitle}}}}",
        "OneKid_3": "{{i18n:OneKid.Sigurd.{{Random:0++1++2++3++4|inputSeparator=++}}{{SigurdSpousePetName}}{{BearFamProfanityChanges}}{{SigurdRandomTokens}}{{PlayerJobTitle}}}}",
        "OneKid_4": "{{i18n:OneKid.Sigurd.{{Random:0++1++2++3++4|inputSeparator=++}}{{SigurdSpousePetName}}{{BearFamProfanityChanges}}{{SigurdRandomTokens}}{{PlayerJobTitle}}}}",
        "TwoKids_0": "{{i18n:TwoKids.Sigurd.{{Random:0++1++2++3++4|inputSeparator=++}}{{SigurdSpousePetName}}{{BearFamProfanityChanges}}{{SigurdRandomTokens}}{{PlayerJobTitle}}}}",
        "TwoKids_1": "{{i18n:TwoKids.Sigurd.{{Random:0++1++2++3++4|inputSeparator=++}}{{SigurdSpousePetName}}{{BearFamProfanityChanges}}{{SigurdRandomTokens}}{{PlayerJobTitle}}}}",
        "TwoKids_2": "{{i18n:TwoKids.Sigurd.{{Random:0++1++2++3++4|inputSeparator=++}}{{SigurdSpousePetName}}{{BearFamProfanityChanges}}{{SigurdRandomTokens}}{{PlayerJobTitle}}}}",
        "TwoKids_3": "{{i18n:TwoKids.Sigurd.{{Random:0++1++2++3++4|inputSeparator=++}}{{SigurdSpousePetName}}{{BearFamProfanityChanges}}{{SigurdRandomTokens}}{{PlayerJobTitle}}}}",
        "TwoKids_4": "{{i18n:TwoKids.Sigurd.{{Random:0++1++2++3++4|inputSeparator=++}}{{SigurdSpousePetName}}{{BearFamProfanityChanges}}{{SigurdRandomTokens}}{{PlayerJobTitle}}}}",

        //AFFECTION DIALOGUE

        "Good_0": "{{i18n:Good.Sigurd.{{SigRomanceDialogueType}}.{{Random:0++1++2++3++4|inputSeparator=++}}{{SigurdSpousePetName}}{{BearFamProfanityChanges}}{{SigurdRandomTokens}}{{PlayerJobTitle}}}}",
        "Good_1": "{{i18n:Good.Sigurd.{{SigRomanceDialogueType}}.{{Random:0++1++2++3++4|inputSeparator=++}}{{SigurdSpousePetName}}{{BearFamProfanityChanges}}{{SigurdRandomTokens}}{{PlayerJobTitle}}}}",
        "Good_2": "{{i18n:Good.Sigurd.{{SigRomanceDialogueType}}.{{Random:0++1++2++3++4|inputSeparator=++}}{{SigurdSpousePetName}}{{BearFamProfanityChanges}}{{SigurdRandomTokens}}{{PlayerJobTitle}}}}",
        "Good_3": "{{i18n:Good.Sigurd.{{SigRomanceDialogueType}}.{{Random:0++1++2++3++4|inputSeparator=++}}{{SigurdSpousePetName}}{{BearFamProfanityChanges}}{{SigurdRandomTokens}}{{PlayerJobTitle}}}}",
        "Good_4": "{{i18n:Good.Sigurd.{{SigRomanceDialogueType}}.{{Random:0++1++2++3++4|inputSeparator=++}}{{SigurdSpousePetName}}{{BearFamProfanityChanges}}{{SigurdRandomTokens}}{{PlayerJobTitle}}}}",
        "Good_5": "{{i18n:Good.Sigurd.{{Random:5++6++7++8|inputSeparator=++}}{{SigurdSpousePetName}}{{BearFamProfanityChanges}}{{SigurdRandomTokens}}{{PlayerJobTitle}}}}",
        "Good_6": "{{i18n:Good.Sigurd.{{Random:5++6++7++8|inputSeparator=++}}{{SigurdSpousePetName}}{{BearFamProfanityChanges}}{{SigurdRandomTokens}}{{PlayerJobTitle}}}}",
        "Good_7": "{{i18n:Good.Sigurd.{{Random:5++6++7++8|inputSeparator=++}}{{SigurdSpousePetName}}{{BearFamProfanityChanges}}{{SigurdRandomTokens}}{{PlayerJobTitle}}}}",
        "Good_8": "{{i18n:Good.Sigurd.{{Random:5++6++7++8|inputSeparator=++}}{{SigurdSpousePetName}}{{BearFamProfanityChanges}}{{SigurdRandomTokens}}{{PlayerJobTitle}}}}",

        "Neutral_0": "{{i18n:Neutral.Sigurd.{{Random:0++1++2++3++4++5++6++7++8|inputSeparator=++}}{{SigurdSpousePetName}}{{BearFamProfanityChanges}}{{SigurdRandomTokens}}{{PlayerJobTitle}}}}",
        "Neutral_1": "{{i18n:Neutral.Sigurd.{{Random:0++1++2++3++4++5++6++7++8|inputSeparator=++}}{{SigurdSpousePetName}}{{BearFamProfanityChanges}}{{SigurdRandomTokens}}{{PlayerJobTitle}}}}",
        "Neutral_2": "{{i18n:Neutral.Sigurd.{{Random:0++1++2++3++4++5++6++7++8|inputSeparator=++}}{{SigurdSpousePetName}}{{BearFamProfanityChanges}}{{SigurdRandomTokens}}{{PlayerJobTitle}}}}",
        "Neutral_3": "{{i18n:Neutral.Sigurd.{{Random:0++1++2++3++4++5++6++7++8|inputSeparator=++}}{{SigurdSpousePetName}}{{BearFamProfanityChanges}}{{SigurdRandomTokens}}{{PlayerJobTitle}}}}",
        "Neutral_4": "{{i18n:Neutral.Sigurd.{{Random:0++1++2++3++4++5++6++7++8|inputSeparator=++}}{{SigurdSpousePetName}}{{BearFamProfanityChanges}}{{SigurdRandomTokens}}{{PlayerJobTitle}}}}",
        "Neutral_5": "{{i18n:Neutral.Sigurd.{{Random:0++1++2++3++4++5++6++7++8|inputSeparator=++}}{{SigurdSpousePetName}}{{BearFamProfanityChanges}}{{SigurdRandomTokens}}{{PlayerJobTitle}}}}",
        "Neutral_6": "{{i18n:Neutral.Sigurd.{{Random:0++1++2++3++4++5++6++7++8|inputSeparator=++}}{{SigurdSpousePetName}}{{BearFamProfanityChanges}}{{SigurdRandomTokens}}{{PlayerJobTitle}}}}",
        "Neutral_7": "{{i18n:Neutral.Sigurd.{{Random:0++1++2++3++4++5++6++7++8|inputSeparator=++}}{{SigurdSpousePetName}}{{BearFamProfanityChanges}}{{SigurdRandomTokens}}{{PlayerJobTitle}}}}",
        "Neutral_8": "{{i18n:Neutral.Sigurd.{{Random:0++1++2++3++4++5++6++7++8|inputSeparator=++}}{{SigurdSpousePetName}}{{BearFamProfanityChanges}}{{SigurdRandomTokens}}{{PlayerJobTitle}}}}",

        "Bad_0": "{{i18n:Bad.Sigurd.{{Random:0++1++2++3++4++5++6++7++8|inputSeparator=++}}{{SigurdSpousePetName}}{{BearFamProfanityChanges}}{{SigurdRandomTokens}}{{PlayerJobTitle}}}}",
        "Bad_1": "{{i18n:Bad.Sigurd.{{Random:0++1++2++3++4++5++6++7++8|inputSeparator=++}}{{SigurdSpousePetName}}{{BearFamProfanityChanges}}{{SigurdRandomTokens}}{{PlayerJobTitle}}}}",
        "Bad_2": "{{i18n:Bad.Sigurd.{{Random:0++1++2++3++4++5++6++7++8|inputSeparator=++}}{{SigurdSpousePetName}}{{BearFamProfanityChanges}}{{SigurdRandomTokens}}{{PlayerJobTitle}}}}",
        "Bad_3": "{{i18n:Bad.Sigurd.{{Random:0++1++2++3++4++5++6++7++8|inputSeparator=++}}{{SigurdSpousePetName}}{{BearFamProfanityChanges}}{{SigurdRandomTokens}}{{PlayerJobTitle}}}}",
        "Bad_4": "{{i18n:Bad.Sigurd.{{Random:0++1++2++3++4++5++6++7++8|inputSeparator=++}}{{SigurdSpousePetName}}{{BearFamProfanityChanges}}{{SigurdRandomTokens}}{{PlayerJobTitle}}}}",
        "Bad_5": "{{i18n:Bad.Sigurd.{{Random:0++1++2++3++4++5++6++7++8|inputSeparator=++}}{{SigurdSpousePetName}}{{BearFamProfanityChanges}}{{SigurdRandomTokens}}{{PlayerJobTitle}}}}",
        "Bad_6": "{{i18n:Bad.Sigurd.{{Random:0++1++2++3++4++5++6++7++8|inputSeparator=++}}{{SigurdSpousePetName}}{{BearFamProfanityChanges}}{{SigurdRandomTokens}}{{PlayerJobTitle}}}}",
        "Bad_7": "{{i18n:Bad.Sigurd.{{Random:0++1++2++3++4++5++6++7++8|inputSeparator=++}}{{SigurdSpousePetName}}{{BearFamProfanityChanges}}{{SigurdRandomTokens}}{{PlayerJobTitle}}}}",
        "Bad_8": "{{i18n:Bad.Sigurd.{{Random:0++1++2++3++4++5++6++7++8|inputSeparator=++}}{{SigurdSpousePetName}}{{BearFamProfanityChanges}}{{SigurdRandomTokens}}{{PlayerJobTitle}}}}"

      }
    },
    {
      "LogName": "Kids with Sigurd",
      "Action": "EditData",
      "Target": "Strings/StringsFromCSFiles",
      "Entries": {
        "NPC.cs.4447": "{{i18n:Sigurd.Dialogue.Children.{{KidsWithSigurd}}.Remark}}",
        "NPC.cs.4448": "{{i18n:Sigurd.Dialogue.Children.{{KidsWithSigurd}}.Remark}}",
        "NPC.cs.4440": "{{i18n:Sigurd.Dialogue.Children.{{KidsWithSigurd}}.Remark}}",
        "NPC.cs.4441": "{{i18n:Sigurd.Dialogue.Children.{{KidsWithSigurd}}.Remark}}"
      },
      "When": {
        "Relationship:MadDog.HashtagBearFam.Sigurd": "Married"
      }
    },
    {
      "LogName": "Kids with Sigurd the question",
      "Action": "EditData",
      "Target": "Strings/Events",
      "Entries": {
        "HaveBabyQuestion": "{{i18n:Sigurd.Dialogue.Children.{{KidsWithSigurd}}.Question}}",
        "HaveBabyQuestion_Adoption": "{{i18n:Sigurd.Dialogue.Children.{{KidsWithSigurd}}.Question}}",
        "BirthMessage_PlayerMother": "{{i18n:Sigurd.Dialogue.Children.{{KidsWithSigurd}}.Message}}",
        "BirthMessage_Adoption": "{{i18n:Sigurd.Dialogue.Children.{{KidsWithSigurd}}.Message}}"
      },
      "When": {
        "Relationship:MadDog.HashtagBearFam.Sigurd": "Married"
      }
    },
    {
      "LogName": "Sigurd Dialogue for Summit + New Children",
      "Action": "EditData",
      "Target": "Data/ExtraDialogue",
      "Entries": {
        "SummitEvent_Intro_Spouse": "{{i18n:Sigurd.Dialogue.Summit.1{{SigurdSpousePetName}}{{BearFamProfanityChanges}}{{SigurdRandomTokens}}{{PlayerJobTitle}}}}",
        "SummitEvent_Intro2_Spouse": "{{i18n:Sigurd.Dialogue.Summit.2{{BearFamProfanityChanges}}}}",
        "SummitEvent_Intro2_Spouse_Gruff": "{{i18n:Sigurd.Dialogue.Summit.2{{BearFamProfanityChanges}}}}",
        "SummitEvent_Dialogue1_Spouse": "{{i18n:Sigurd.Dialogue.Summit.3}}",
        "SummitEvent_Dialogue2_Spouse": "{{i18n:Sigurd.Dialogue.Summit.4}}",
        "SummitEvent_Dialogue3_MadDog.HashtagBearFam.Sigurd": "{{i18n:Sigurd.Dialogue.Summit.5{{SigurdSpousePetName}}{{BearFamProfanityChanges}}{{SigurdRandomTokens}}{{PlayerJobTitle}}}}",

        "NewChild_FirstChild": "{{i18n:Sigurd.Dialogue.Children.{{Random:1++2|inputSeparator=++}}}}",
        "NewChild_SecondChild1": "{{i18n:Sigurd.Dialogue.Children.Second.{{Random:1++2|inputSeparator=++}}{{BearFamProfanityChanges}}}}",
        "NewChild_SecondChild2": "{{i18n:Sigurd.Dialogue.Children.Second.{{Random:1++2|inputSeparator=++}}{{BearFamProfanityChanges}}}}",
        "NewChild_Adoption": "{{i18n:Sigurd.Dialogue.Children.{{Random:1++2|inputSeparator=++}}}}"
      },
      "When": {
        "Relationship:MadDog.HashtagBearFam.Sigurd": "Married"
      }
    }
  ]
}