{
  "Changes": [
    {

      "LogName": "Normal Dialogue",
      "Action": "EditData",
      "Target": "Characters/Dialogue/MarriageDialogueMadDog.HashtagBearFam.Teren",
      "Entries": {

        //this gets renamed back to MarriageDialogueTeren    

        "patio_MadDog.HashtagBearFam.Teren": "{{i18n:patio.Teren.{{TerenRomanceDialogueType}}.{{Random:1++2++3|inputSeparator=++}}{{TerenSpousePetName}}{{BearFamProfanityChanges}}{{PlayerJobTitle}}{{TerenRandomTokens}}}}",
        "spouseRoom_MadDog.HashtagBearFam.Teren": "{{i18n:spouseroom.Teren.{{TerenRomanceDialogueType}}.{{Random:1++2++3|inputSeparator=++}}{{TerenSpousePetName}}{{BearFamProfanityChanges}}{{PlayerJobTitle}}{{TerenRandomTokens}}}}",


        "funLeave_MadDog.HashtagBearFam.Teren": "{{i18n:funLeave.Married.Teren.{{Random:1++2++3|inputSeparator=++}}{{TerenSpousePetName}}{{BearFamProfanityChanges}}{{PlayerJobTitle}}{{TerenRandomTokens}}}}",
        "funReturn_MadDog.HashtagBearFam.Teren": "{{i18n:funReturn.Married.Teren.{{Random:1++2++3|inputSeparator=++}}{{TerenSpousePetName}}{{BearFamProfanityChanges}}{{PlayerJobTitle}}{{TerenRandomTokens}}}}",
        //dates
        "spring_MadDog.HashtagBearFam.Teren": "{{i18n:spring.Married.Teren.{{TerenRomanceDialogueType}}{{TerenSpousePetName}}{{BearFamProfanityChanges}}{{PlayerJobTitle}}{{TerenRandomTokens}}}}",
        "spring_19": "{{i18n:spring.Married.Teren.19{{TerenSpousePetName}}{{BearFamProfanityChanges}}{{PlayerJobTitle}}{{TerenRandomTokens}}}}",
        "summer_1": "{{i18n:spring.Married.Teren.28{{TerenSpousePetName}}{{BearFamProfanityChanges}}{{PlayerJobTitle}}{{TerenRandomTokens}}}}",
        "summer_MadDog.HashtagBearFam.Teren": "{{i18n:summer.Married.Teren.{{TerenRomanceDialogueType}}{{TerenSpousePetName}}{{BearFamProfanityChanges}}{{PlayerJobTitle}}{{TerenRandomTokens}}}}",
        "fall_MadDog.HashtagBearFam.Teren": "{{i18n:fall.Married.Teren.{{TerenRomanceDialogueType}}{{TerenSpousePetName}}{{BearFamProfanityChanges}}{{PlayerJobTitle}}{{TerenRandomTokens}}}}",
        "fall_19": "{{i18n:fall.Married.Teren.19{{TerenSpousePetName}}{{BearFamProfanityChanges}}{{PlayerJobTitle}}{{TerenRandomTokens}}}}",
        "winter_MadDog.HashtagBearFam.Teren": "{{i18n:winter.Married.Teren.{{TerenRomanceDialogueType}}{{TerenSpousePetName}}{{BearFamProfanityChanges}}{{PlayerJobTitle}}{{TerenRandomTokens}}}}",
        "winter_24": "{{i18n:winter.Married.Teren.24{{TerenSpousePetName}}{{BearFamProfanityChanges}}{{PlayerJobTitle}}{{TerenRandomTokens}}}}",


        //GENERIC DIALOGUE
        //RainyDay. 
        "Rainy_Day_0": "{{i18n:RainyDay.Teren.{{TerenRomanceDialogueType}}.{{Random:0++1++2++3|inputSeparator=++}}{{TerenSpousePetName}}{{BearFamProfanityChanges}}{{PlayerJobTitle}}{{TerenRandomTokens}}}}",
        "Rainy_Day_1": "{{i18n:RainyDay.Teren.{{TerenRomanceDialogueType}}.{{Random:0++1++2++3|inputSeparator=++}}{{TerenSpousePetName}}{{BearFamProfanityChanges}}{{PlayerJobTitle}}{{TerenRandomTokens}}}}",
        "Rainy_Day_2": "{{i18n:RainyDay.Teren.{{TerenRomanceDialogueType}}.{{Random:0++1++2++3|inputSeparator=++}}{{TerenSpousePetName}}{{BearFamProfanityChanges}}{{PlayerJobTitle}}{{TerenRandomTokens}}}}",
        "Rainy_Day_3": "{{i18n:RainyDay.Teren.{{TerenRomanceDialogueType}}.{{Random:0++1++2++3|inputSeparator=++}}{{TerenSpousePetName}}{{BearFamProfanityChanges}}{{PlayerJobTitle}}{{TerenRandomTokens}}}}",
        "Rainy_Day_4": "{{i18n:RainyDay.Teren.{{Random:4++5++6++Default|inputSeparator=++}}{{TerenSpousePetName}}{{BearFamProfanityChanges}}{{PlayerJobTitle}}{{TerenRandomTokens}}}}",
        "Rainy_Day_5": "{{i18n:RainyDay.Teren.{{Random:4++5++6++Default|inputSeparator=++}}{{TerenSpousePetName}}{{BearFamProfanityChanges}}{{PlayerJobTitle}}{{TerenRandomTokens}}}}",
        "Rainy_Day_6": "{{i18n:RainyDay.Teren.{{Random:4++5++6++Default|inputSeparator=++}}{{TerenSpousePetName}}{{BearFamProfanityChanges}}{{PlayerJobTitle}}{{TerenRandomTokens}}}}",
        "Rainy_Day_MadDog.HashtagBearFam.Teren": "{{i18n:RainyDay.Teren.{{Random:4++5++6++Default|inputSeparator=++}}{{TerenSpousePetName}}{{BearFamProfanityChanges}}{{PlayerJobTitle}}{{TerenRandomTokens}}}}",

        //rainynight
        "Rainy_Night_0": "{{i18n:RainyNight.Teren.{{TerenRomanceDialogueType}}.{{Random:0++1++2++3|inputSeparator=++}}{{TerenSpousePetName}}{{BearFamProfanityChanges}}{{PlayerJobTitle}}{{TerenRandomTokens}}}}",
        "Rainy_Night_1": "{{i18n:RainyNight.Teren.{{TerenRomanceDialogueType}}.{{Random:0++1++2++3|inputSeparator=++}}{{TerenSpousePetName}}{{BearFamProfanityChanges}}{{PlayerJobTitle}}{{TerenRandomTokens}}}}",
        "Rainy_Night_2": "{{i18n:RainyNight.Teren.{{TerenRomanceDialogueType}}.{{Random:0++1++2++3|inputSeparator=++}}{{TerenSpousePetName}}{{BearFamProfanityChanges}}{{PlayerJobTitle}}{{TerenRandomTokens}}}}",
        "Rainy_Night_3": "{{i18n:RainyNight.Teren.{{TerenRomanceDialogueType}}.{{Random:0++1++2++3|inputSeparator=++}}{{TerenSpousePetName}}{{BearFamProfanityChanges}}{{PlayerJobTitle}}{{TerenRandomTokens}}}}",
        "Rainy_Night_4": "{{i18n:RainyNight.Teren.{{Random:4++5++6++Default|inputSeparator=++}}{{TerenSpousePetName}}{{BearFamProfanityChanges}}{{PlayerJobTitle}}{{TerenRandomTokens}}}}",
        "Rainy_Night_5": "{{i18n:RainyNight.Teren.{{Random:4++5++6++Default|inputSeparator=++}}{{TerenSpousePetName}}{{BearFamProfanityChanges}}{{PlayerJobTitle}}{{TerenRandomTokens}}}}",
        "Rainy_Night_6": "{{i18n:RainyNight.Teren.{{Random:4++5++6++Default|inputSeparator=++}}{{TerenSpousePetName}}{{BearFamProfanityChanges}}{{PlayerJobTitle}}{{TerenRandomTokens}}}}",
        "Rainy_Night_MadDog.HashtagBearFam.Teren": "{{i18n:RainyNight.Teren.{{Random:4++5++6++Default|inputSeparator=++}}{{TerenSpousePetName}}{{BearFamProfanityChanges}}{{PlayerJobTitle}}{{TerenRandomTokens}}}}",

        //indoorday
        "Indoor_Day_0": "{{i18n:IndoorDay.Teren.{{TerenRomanceDialogueType}}.{{Random:0++1++2++3|inputSeparator=++}}{{TerenSpousePetName}}{{BearFamProfanityChanges}}{{PlayerJobTitle}}{{TerenRandomTokens}}}}",
        "Indoor_Day_1": "{{i18n:IndoorDay.Teren.{{TerenRomanceDialogueType}}.{{Random:0++1++2++3|inputSeparator=++}}{{TerenSpousePetName}}{{BearFamProfanityChanges}}{{PlayerJobTitle}}{{TerenRandomTokens}}}}",
        "Indoor_Day_2": "{{i18n:IndoorDay.Teren.{{TerenRomanceDialogueType}}.{{Random:0++1++2++3|inputSeparator=++}}{{TerenSpousePetName}}{{BearFamProfanityChanges}}{{PlayerJobTitle}}{{TerenRandomTokens}}}}",
        "Indoor_Day_3": "{{i18n:IndoorDay.Teren.{{TerenRomanceDialogueType}}.{{Random:0++1++2++3|inputSeparator=++}}{{TerenSpousePetName}}{{BearFamProfanityChanges}}{{PlayerJobTitle}}{{TerenRandomTokens}}}}",
        "Indoor_Day_4": "{{i18n:IndoorDay.Teren.{{Random:4++5++6++Default|inputSeparator=++}}{{TerenSpousePetName}}{{BearFamProfanityChanges}}{{PlayerJobTitle}}{{TerenRandomTokens}}}}",
        "Indoor_Day_5": "{{i18n:IndoorDay.Teren.{{Random:4++5++6++Default|inputSeparator=++}}{{TerenSpousePetName}}{{BearFamProfanityChanges}}{{PlayerJobTitle}}{{TerenRandomTokens}}}}",
        "Indoor_Day_6": "{{i18n:IndoorDay.Teren.{{Random:4++5++6++Default|inputSeparator=++}}{{TerenSpousePetName}}{{BearFamProfanityChanges}}{{PlayerJobTitle}}{{TerenRandomTokens}}}}",
        "Indoor_Day_MadDog.HashtagBearFam.Teren": "{{i18n:IndoorDay.Teren.{{Random:4++5++6++Default|inputSeparator=++}}{{TerenSpousePetName}}{{BearFamProfanityChanges}}{{PlayerJobTitle}}{{TerenRandomTokens}}}}",

        //indoornight
        "Indoor_Night_0": "{{i18n:IndoorNight.Teren.{{TerenRomanceDialogueType}}.{{Random:0++1++2++3|inputSeparator=++}}{{TerenSpousePetName}}{{BearFamProfanityChanges}}{{PlayerJobTitle}}{{TerenRandomTokens}}}}",
        "Indoor_Night_1": "{{i18n:IndoorNight.Teren.{{TerenRomanceDialogueType}}.{{Random:0++1++2++3|inputSeparator=++}}{{TerenSpousePetName}}{{BearFamProfanityChanges}}{{PlayerJobTitle}}{{TerenRandomTokens}}}}",
        "Indoor_Night_2": "{{i18n:IndoorNight.Teren.{{TerenRomanceDialogueType}}.{{Random:0++1++2++3|inputSeparator=++}}{{TerenSpousePetName}}{{BearFamProfanityChanges}}{{PlayerJobTitle}}{{TerenRandomTokens}}}}",
        "Indoor_Night_3": "{{i18n:IndoorNight.Teren.{{TerenRomanceDialogueType}}.{{Random:0++1++2++3|inputSeparator=++}}{{TerenSpousePetName}}{{BearFamProfanityChanges}}{{PlayerJobTitle}}{{TerenRandomTokens}}}}",
        "Indoor_Night_4": "{{i18n:IndoorNight.Teren.{{Random:4++5++6++Default|inputSeparator=++}}{{TerenSpousePetName}}{{BearFamProfanityChanges}}{{PlayerJobTitle}}{{TerenRandomTokens}}}}",
        "Indoor_Night_5": "{{i18n:IndoorNight.Teren.{{Random:4++5++6++Default|inputSeparator=++}}{{TerenSpousePetName}}{{BearFamProfanityChanges}}{{PlayerJobTitle}}{{TerenRandomTokens}}}}",
        "Indoor_Night_6": "{{i18n:IndoorNight.Teren.{{Random:4++5++6++Default|inputSeparator=++}}{{TerenSpousePetName}}{{BearFamProfanityChanges}}{{PlayerJobTitle}}{{TerenRandomTokens}}}}",
        "Indoor_Night_MadDog.HashtagBearFam.Teren": "{{i18n:IndoorNight.Teren.{{Random:4++5++6++Default|inputSeparator=++}}{{TerenSpousePetName}}{{BearFamProfanityChanges}}{{PlayerJobTitle}}{{TerenRandomTokens}}}}",

        //outdoor
        "Outdoor_0": "{{i18n:Outdoor.Teren.{{TerenRomanceDialogueType}}.{{Random:0++1++2++3|inputSeparator=++}}{{TerenSpousePetName}}{{BearFamProfanityChanges}}{{PlayerJobTitle}}{{TerenRandomTokens}}}}",
        "Outdoor_1": "{{i18n:Outdoor.Teren.{{TerenRomanceDialogueType}}.{{Random:0++1++2++3|inputSeparator=++}}{{TerenSpousePetName}}{{BearFamProfanityChanges}}{{PlayerJobTitle}}{{TerenRandomTokens}}}}",
        "Outdoor_2": "{{i18n:Outdoor.Teren.{{TerenRomanceDialogueType}}.{{Random:0++1++2++3|inputSeparator=++}}{{TerenSpousePetName}}{{BearFamProfanityChanges}}{{PlayerJobTitle}}{{TerenRandomTokens}}}}",
        "Outdoor_3": "{{i18n:Outdoor.Teren.{{TerenRomanceDialogueType}}.{{Random:0++1++2++3|inputSeparator=++}}{{TerenSpousePetName}}{{BearFamProfanityChanges}}{{PlayerJobTitle}}{{TerenRandomTokens}}}}",
        "Outdoor_4": "{{i18n:Outdoor.Teren.{{Random:4++5++6++Default|inputSeparator=++}}{{TerenSpousePetName}}{{BearFamProfanityChanges}}{{PlayerJobTitle}}{{TerenRandomTokens}}}}",
        "Outdoor_5": "{{i18n:Outdoor.Teren.{{Random:4++5++6++Default|inputSeparator=++}}{{TerenSpousePetName}}{{BearFamProfanityChanges}}{{PlayerJobTitle}}{{TerenRandomTokens}}}}",
        "Outdoor_6": "{{i18n:Outdoor.Teren.{{Random:4++5++6++Default|inputSeparator=++}}{{TerenSpousePetName}}{{BearFamProfanityChanges}}{{PlayerJobTitle}}{{TerenRandomTokens}}}}",
        "Outdoor_MadDog.HashtagBearFam.Teren": "{{i18n:Outdoor.Teren.{{Random:4++5++6++Default|inputSeparator=++}}{{TerenSpousePetName}}{{BearFamProfanityChanges}}{{PlayerJobTitle}}{{TerenRandomTokens}}}}",

        //kids

        "OneKid_0": "{{i18n:OneKid.Teren.{{Random:0++1++2++3++4|inputSeparator=++}}{{TerenSpousePetName}}{{BearFamProfanityChanges}}{{PlayerJobTitle}}{{TerenRandomTokens}}}}",
        "OneKid_1": "{{i18n:OneKid.Teren.{{Random:0++1++2++3++4|inputSeparator=++}}{{TerenSpousePetName}}{{BearFamProfanityChanges}}{{PlayerJobTitle}}{{TerenRandomTokens}}}}",
        "OneKid_2": "{{i18n:OneKid.Teren.{{Random:0++1++2++3++4|inputSeparator=++}}{{TerenSpousePetName}}{{BearFamProfanityChanges}}{{PlayerJobTitle}}{{TerenRandomTokens}}}}",
        "OneKid_3": "{{i18n:OneKid.Teren.{{Random:0++1++2++3++4|inputSeparator=++}}{{TerenSpousePetName}}{{BearFamProfanityChanges}}{{PlayerJobTitle}}{{TerenRandomTokens}}}}",
        "OneKid_4": "{{i18n:OneKid.Teren.{{Random:0++1++2++3++4|inputSeparator=++}}{{TerenSpousePetName}}{{BearFamProfanityChanges}}{{PlayerJobTitle}}{{TerenRandomTokens}}}}",
        "TwoKids_0": "{{i18n:TwoKids.Teren.{{Random:0++1++2++3++4|inputSeparator=++}}{{TerenSpousePetName}}{{BearFamProfanityChanges}}{{PlayerJobTitle}}{{TerenRandomTokens}}}}",
        "TwoKids_1": "{{i18n:TwoKids.Teren.{{Random:0++1++2++3++4|inputSeparator=++}}{{TerenSpousePetName}}{{BearFamProfanityChanges}}{{PlayerJobTitle}}{{TerenRandomTokens}}}}",
        "TwoKids_2": "{{i18n:TwoKids.Teren.{{Random:0++1++2++3++4|inputSeparator=++}}{{TerenSpousePetName}}{{BearFamProfanityChanges}}{{PlayerJobTitle}}{{TerenRandomTokens}}}}",
        "TwoKids_3": "{{i18n:TwoKids.Teren.{{Random:0++1++2++3++4|inputSeparator=++}}{{TerenSpousePetName}}{{BearFamProfanityChanges}}{{PlayerJobTitle}}{{TerenRandomTokens}}}}",
        "TwoKids_4": "{{i18n:TwoKids.Teren.{{Random:0++1++2++3++4|inputSeparator=++}}{{TerenSpousePetName}}{{BearFamProfanityChanges}}{{PlayerJobTitle}}{{TerenRandomTokens}}}}",

        //AFFECTION DIALOGUE

        "Good_0": "{{i18n:Good.Teren.{{TerenRomanceDialogueType}}.{{Random:0++1++2++3++4|inputSeparator=++}}{{TerenSpousePetName}}{{BearFamProfanityChanges}}{{PlayerJobTitle}}{{TerenRandomTokens}}}}",
        "Good_1": "{{i18n:Good.Teren.{{TerenRomanceDialogueType}}.{{Random:0++1++2++3++4|inputSeparator=++}}{{TerenSpousePetName}}{{BearFamProfanityChanges}}{{PlayerJobTitle}}{{TerenRandomTokens}}}}",
        "Good_2": "{{i18n:Good.Teren.{{TerenRomanceDialogueType}}.{{Random:0++1++2++3++4|inputSeparator=++}}{{TerenSpousePetName}}{{BearFamProfanityChanges}}{{PlayerJobTitle}}{{TerenRandomTokens}}}}",
        "Good_3": "{{i18n:Good.Teren.{{TerenRomanceDialogueType}}.{{Random:0++1++2++3++4|inputSeparator=++}}{{TerenSpousePetName}}{{BearFamProfanityChanges}}{{PlayerJobTitle}}{{TerenRandomTokens}}}}",
        "Good_4": "{{i18n:Good.Teren.{{TerenRomanceDialogueType}}.{{Random:0++1++2++3++4|inputSeparator=++}}{{TerenSpousePetName}}{{BearFamProfanityChanges}}{{PlayerJobTitle}}{{TerenRandomTokens}}}}",
        "Good_5": "{{i18n:Good.Teren.{{Random:5++6++7++8|inputSeparator=++}}{{TerenSpousePetName}}{{BearFamProfanityChanges}}{{PlayerJobTitle}}{{TerenRandomTokens}}}}",
        "Good_6": "{{i18n:Good.Teren.{{Random:5++6++7++8|inputSeparator=++}}{{TerenSpousePetName}}{{BearFamProfanityChanges}}{{PlayerJobTitle}}{{TerenRandomTokens}}}}",
        "Good_7": "{{i18n:Good.Teren.{{Random:5++6++7++8|inputSeparator=++}}{{TerenSpousePetName}}{{BearFamProfanityChanges}}{{PlayerJobTitle}}{{TerenRandomTokens}}}}",
        "Good_8": "{{i18n:Good.Teren.{{Random:5++6++7++8|inputSeparator=++}}{{TerenSpousePetName}}{{BearFamProfanityChanges}}{{PlayerJobTitle}}{{TerenRandomTokens}}}}",

        "Neutral_0": "{{i18n:Neutral.Teren.{{Random:0++1++2++3++4++5++6++7++8|inputSeparator=++}}{{TerenSpousePetName}}{{BearFamProfanityChanges}}{{PlayerJobTitle}}{{TerenRandomTokens}}}}",
        "Neutral_1": "{{i18n:Neutral.Teren.{{Random:0++1++2++3++4++5++6++7++8|inputSeparator=++}}{{TerenSpousePetName}}{{BearFamProfanityChanges}}{{PlayerJobTitle}}{{TerenRandomTokens}}}}",
        "Neutral_2": "{{i18n:Neutral.Teren.{{Random:0++1++2++3++4++5++6++7++8|inputSeparator=++}}{{TerenSpousePetName}}{{BearFamProfanityChanges}}{{PlayerJobTitle}}{{TerenRandomTokens}}}}",
        "Neutral_3": "{{i18n:Neutral.Teren.{{Random:0++1++2++3++4++5++6++7++8|inputSeparator=++}}{{TerenSpousePetName}}{{BearFamProfanityChanges}}{{PlayerJobTitle}}{{TerenRandomTokens}}}}",
        "Neutral_4": "{{i18n:Neutral.Teren.{{Random:0++1++2++3++4++5++6++7++8|inputSeparator=++}}{{TerenSpousePetName}}{{BearFamProfanityChanges}}{{PlayerJobTitle}}{{TerenRandomTokens}}}}",
        "Neutral_5": "{{i18n:Neutral.Teren.{{Random:0++1++2++3++4++5++6++7++8|inputSeparator=++}}{{TerenSpousePetName}}{{BearFamProfanityChanges}}{{PlayerJobTitle}}{{TerenRandomTokens}}}}",
        "Neutral_6": "{{i18n:Neutral.Teren.{{Random:0++1++2++3++4++5++6++7++8|inputSeparator=++}}{{TerenSpousePetName}}{{BearFamProfanityChanges}}{{PlayerJobTitle}}{{TerenRandomTokens}}}}",
        "Neutral_7": "{{i18n:Neutral.Teren.{{Random:0++1++2++3++4++5++6++7++8|inputSeparator=++}}{{TerenSpousePetName}}{{BearFamProfanityChanges}}{{PlayerJobTitle}}{{TerenRandomTokens}}}}",
        "Neutral_8": "{{i18n:Neutral.Teren.{{Random:0++1++2++3++4++5++6++7++8|inputSeparator=++}}{{TerenSpousePetName}}{{BearFamProfanityChanges}}{{PlayerJobTitle}}{{TerenRandomTokens}}}}",

        "Bad_0": "{{i18n:Bad.Teren.{{Random:0++1++2++3++4++5++6++7++8|inputSeparator=++}}{{TerenSpousePetName}}{{BearFamProfanityChanges}}{{PlayerJobTitle}}{{TerenRandomTokens}}}}",
        "Bad_1": "{{i18n:Bad.Teren.{{Random:0++1++2++3++4++5++6++7++8|inputSeparator=++}}{{TerenSpousePetName}}{{BearFamProfanityChanges}}{{PlayerJobTitle}}{{TerenRandomTokens}}}}",
        "Bad_2": "{{i18n:Bad.Teren.{{Random:0++1++2++3++4++5++6++7++8|inputSeparator=++}}{{TerenSpousePetName}}{{BearFamProfanityChanges}}{{PlayerJobTitle}}{{TerenRandomTokens}}}}",
        "Bad_3": "{{i18n:Bad.Teren.{{Random:0++1++2++3++4++5++6++7++8|inputSeparator=++}}{{TerenSpousePetName}}{{BearFamProfanityChanges}}{{PlayerJobTitle}}{{TerenRandomTokens}}}}",
        "Bad_4": "{{i18n:Bad.Teren.{{Random:0++1++2++3++4++5++6++7++8|inputSeparator=++}}{{TerenSpousePetName}}{{BearFamProfanityChanges}}{{PlayerJobTitle}}{{TerenRandomTokens}}}}",
        "Bad_5": "{{i18n:Bad.Teren.{{Random:0++1++2++3++4++5++6++7++8|inputSeparator=++}}{{TerenSpousePetName}}{{BearFamProfanityChanges}}{{PlayerJobTitle}}{{TerenRandomTokens}}}}",
        "Bad_6": "{{i18n:Bad.Teren.{{Random:0++1++2++3++4++5++6++7++8|inputSeparator=++}}{{TerenSpousePetName}}{{BearFamProfanityChanges}}{{PlayerJobTitle}}{{TerenRandomTokens}}}}",
        "Bad_7": "{{i18n:Bad.Teren.{{Random:0++1++2++3++4++5++6++7++8|inputSeparator=++}}{{TerenSpousePetName}}{{BearFamProfanityChanges}}{{PlayerJobTitle}}{{TerenRandomTokens}}}}",
        "Bad_8": "{{i18n:Bad.Teren.{{Random:0++1++2++3++4++5++6++7++8|inputSeparator=++}}{{TerenSpousePetName}}{{BearFamProfanityChanges}}{{PlayerJobTitle}}{{TerenRandomTokens}}}}"

      }
    },
    {
      "LogName": "Kids with Teren",
      "Action": "EditData",
      "Target": "Strings/StringsFromCSFiles",
      "Entries": {
        "NPC.cs.4447": "{{i18n:Teren.Dialogue.Children.{{KidsWithTeren}}.Remark}}",
        "NPC.cs.4448": "{{i18n:Teren.Dialogue.Children.{{KidsWithTeren}}.Remark}}",
        "NPC.cs.4440": "{{i18n:Teren.Dialogue.Children.{{KidsWithTeren}}.Remark}}",
        "NPC.cs.4441": "{{i18n:Teren.Dialogue.Children.{{KidsWithTeren}}.Remark}}"
      },
      "When": {
        "Relationship:MadDog.HashtagBearFam.Teren": "Married"
      }
    },
    {
      "LogName": "Kids with Teren the question",
      "Action": "EditData",
      "Target": "Strings/Events",
      "Entries": {
        "HaveBabyQuestion": "{{i18n:Teren.Dialogue.Children.{{KidsWithTeren}}.Question}}",
        "HaveBabyQuestion_Adoption": "{{i18n:Teren.Dialogue.Children.{{KidsWithTeren}}.Question}}",
        "BirthMessage_PlayerMother": "{{i18n:Teren.Dialogue.Children.{{KidsWithTeren}}.Message}}",
        "BirthMessage_Adoption": "{{i18n:Teren.Dialogue.Children.{{KidsWithTeren}}.Message}}"
      },
      "When": {
        "Relationship:MadDog.HashtagBearFam.Teren": "Married"
      }
    },
    {
      "LogName": "Teren Dialogue for Summit + New Children",
      "Action": "EditData",
      "Target": "Data/ExtraDialogue",
      "Entries": {
        "SummitEvent_Intro_Spouse": "{{i18n:Teren.Dialogue.Summit.1{{TerenSpousePetName}}{{BearFamProfanityChanges}}{{PlayerJobTitle}}{{TerenRandomTokens}}}}",
        "SummitEvent_Intro2_Spouse": "{{i18n:Teren.Dialogue.Summit.2}}",
        "SummitEvent_Intro2_Spouse_Gruff": "{{i18n:Teren.Dialogue.Summit.2}}",
        "SummitEvent_Dialogue1_Spouse": "{{i18n:Teren.Dialogue.Summit.3{{BearFamProfanityChanges}}}}",
        "SummitEvent_Dialogue2_Spouse": "{{i18n:Teren.Dialogue.Summit.4}}",
        "SummitEvent_Dialogue3_MadDog.HashtagBearFam.Teren": "{{i18n:Teren.Dialogue.Summit.5}}",

        "NewChild_FirstChild": "{{i18n:Teren.Dialogue.Children.{{Random:1++2|inputSeparator=++}}}}",
        "NewChild_SecondChild1": "{{i18n:Teren.Dialogue.Children.Second.{{Random:1++2|inputSeparator=++}}}}",
        "NewChild_SecondChild2": "{{i18n:Teren.Dialogue.Children.Second.{{Random:1++2|inputSeparator=++}}}}",
        "NewChild_Adoption": "{{i18n:Teren.Dialogue.Children.{{Random:1++2|inputSeparator=++}}}}"
      },
      "When": {
        "Relationship:MadDog.HashtagBearFam.Teren": "Married"
      }
    }

  ]
}