{
  "Changes": [
    {

      "LogName": "Normal Dialogue",
      "Action": "EditData",
      "Target": "Characters/Dialogue/MarriageDialogueMadDog.HashtagBearFam.Gunnar",
      "Entries": {

        //this gets renamed back to MarriageDialogueGunnar    

        "patio_MadDog.HashtagBearFam.Gunnar": "{{i18n:patio.Gunnar.{{GunnarRomanceDialogueType}}.{{Random:1++2++3|inputSeparator=++}}{{GunnarRandomTokens}}{{GunnarSpousePetName}}{{PlayerJobTitle}}{{BearFamProfanityChanges}}}}",
        "spouseRoom_MadDog.HashtagBearFam.Gunnar": "{{i18n:spouseroom.Gunnar.{{GunnarRomanceDialogueType}}.{{Random:1++2++3|inputSeparator=++}}{{GunnarRandomTokens}}{{GunnarSpousePetName}}{{PlayerJobTitle}}{{BearFamProfanityChanges}}}}",


        "funLeave_MadDog.HashtagBearFam.Gunnar": "{{i18n:funLeave.Married.Gunnar.{{Random:1++2++3|inputSeparator=++}}{{GunnarRandomTokens}}{{GunnarSpousePetName}}{{PlayerJobTitle}}{{BearFamProfanityChanges}}}}",
        "funReturn_MadDog.HashtagBearFam.Gunnar": "{{i18n:funReturn.Married.Gunnar.{{Random:1++2++3|inputSeparator=++}}{{GunnarRandomTokens}}{{GunnarSpousePetName}}{{PlayerJobTitle}}{{BearFamProfanityChanges}}}}",
        //dates
        "spring_MadDog.HashtagBearFam.Gunnar": "{{i18n:spring.Married.Gunnar.{{GunnarRomanceDialogueType}}{{GunnarRandomTokens}}{{GunnarSpousePetName}}{{PlayerJobTitle}}{{BearFamProfanityChanges}}}}",
        "summer_MadDog.HashtagBearFam.Gunnar": "{{i18n:summer.Married.Gunnar.{{GunnarRomanceDialogueType}}{{GunnarRandomTokens}}{{GunnarSpousePetName}}{{PlayerJobTitle}}{{BearFamProfanityChanges}}}}",
        "fall_MadDog.HashtagBearFam.Gunnar": "{{i18n:fall.Married.Gunnar.{{GunnarRomanceDialogueType}}{{GunnarRandomTokens}}{{GunnarSpousePetName}}{{PlayerJobTitle}}{{BearFamProfanityChanges}}}}",
        "winter_MadDog.HashtagBearFam.Gunnar": "{{i18n:winter.Married.Gunnar.{{GunnarRomanceDialogueType}}{{GunnarRandomTokens}}{{GunnarSpousePetName}}{{PlayerJobTitle}}{{BearFamProfanityChanges}}}}",

        "spring_19": "{{i18n:spring.Married.Gunnar.19{{GunnarRandomTokens}}{{GunnarSpousePetName}}{{PlayerJobTitle}}{{BearFamProfanityChanges}}}}",
        "summer_1": "{{i18n:spring.Married.Gunnar.28{{GunnarRandomTokens}}{{GunnarSpousePetName}}{{PlayerJobTitle}}{{BearFamProfanityChanges}}}}",
        "fall_19": "{{i18n:fall.Married.Gunnar.19{{GunnarRandomTokens}}{{GunnarSpousePetName}}{{PlayerJobTitle}}{{BearFamProfanityChanges}}}}",
        "winter_24": "{{i18n:winter.Married.Gunnar.24{{GunnarRandomTokens}}{{GunnarSpousePetName}}{{PlayerJobTitle}}{{BearFamProfanityChanges}}}}",


        //GENERIC DIALOGUE
        //RainyDay. 
        "Rainy_Day_0": "{{i18n:RainyDay.Gunnar.{{GunnarRomanceDialogueType}}.{{Random:0++1++2++3|inputSeparator=++}}{{GunnarRandomTokens}}{{GunnarSpousePetName}}{{PlayerJobTitle}}{{BearFamProfanityChanges}}}}",
        "Rainy_Day_1": "{{i18n:RainyDay.Gunnar.{{GunnarRomanceDialogueType}}.{{Random:0++1++2++3|inputSeparator=++}}{{GunnarRandomTokens}}{{GunnarSpousePetName}}{{PlayerJobTitle}}{{BearFamProfanityChanges}}}}",
        "Rainy_Day_2": "{{i18n:RainyDay.Gunnar.{{GunnarRomanceDialogueType}}.{{Random:0++1++2++3|inputSeparator=++}}{{GunnarRandomTokens}}{{GunnarSpousePetName}}{{PlayerJobTitle}}{{BearFamProfanityChanges}}}}",
        "Rainy_Day_3": "{{i18n:RainyDay.Gunnar.{{GunnarRomanceDialogueType}}.{{Random:0++1++2++3|inputSeparator=++}}{{GunnarRandomTokens}}{{GunnarSpousePetName}}{{PlayerJobTitle}}{{BearFamProfanityChanges}}}}",
        "Rainy_Day_4": "{{i18n:RainyDay.Gunnar.{{Random:4++5++6++Default|inputSeparator=++}}{{GunnarRandomTokens}}{{GunnarSpousePetName}}{{PlayerJobTitle}}{{BearFamProfanityChanges}}}}",
        "Rainy_Day_5": "{{i18n:RainyDay.Gunnar.{{Random:4++5++6++Default|inputSeparator=++}}{{GunnarRandomTokens}}{{GunnarSpousePetName}}{{PlayerJobTitle}}{{BearFamProfanityChanges}}}}",
        "Rainy_Day_6": "{{i18n:RainyDay.Gunnar.{{Random:4++5++6++Default|inputSeparator=++}}{{GunnarRandomTokens}}{{GunnarSpousePetName}}{{PlayerJobTitle}}{{BearFamProfanityChanges}}}}",
        "Rainy_Day_MadDog.HashtagBearFam.Gunnar": "{{i18n:RainyDay.Gunnar.{{Random:4++5++6++Default|inputSeparator=++}}{{GunnarRandomTokens}}{{GunnarSpousePetName}}{{PlayerJobTitle}}{{BearFamProfanityChanges}}}}",

        //rainynight
        "Rainy_Night_0": "{{i18n:RainyNight.Gunnar.{{GunnarRomanceDialogueType}}.{{Random:0++1++2++3|inputSeparator=++}}{{GunnarRandomTokens}}{{GunnarSpousePetName}}{{PlayerJobTitle}}{{BearFamProfanityChanges}}}}",
        "Rainy_Night_1": "{{i18n:RainyNight.Gunnar.{{GunnarRomanceDialogueType}}.{{Random:0++1++2++3|inputSeparator=++}}{{GunnarRandomTokens}}{{GunnarSpousePetName}}{{PlayerJobTitle}}{{BearFamProfanityChanges}}}}",
        "Rainy_Night_2": "{{i18n:RainyNight.Gunnar.{{GunnarRomanceDialogueType}}.{{Random:0++1++2++3|inputSeparator=++}}{{GunnarRandomTokens}}{{GunnarSpousePetName}}{{PlayerJobTitle}}{{BearFamProfanityChanges}}}}",
        "Rainy_Night_3": "{{i18n:RainyNight.Gunnar.{{GunnarRomanceDialogueType}}.{{Random:0++1++2++3|inputSeparator=++}}{{GunnarRandomTokens}}{{GunnarSpousePetName}}{{PlayerJobTitle}}{{BearFamProfanityChanges}}}}",
        "Rainy_Night_4": "{{i18n:RainyNight.Gunnar.{{Random:4++5++6++Default|inputSeparator=++}}{{GunnarRandomTokens}}{{GunnarSpousePetName}}{{PlayerJobTitle}}{{BearFamProfanityChanges}}}}",
        "Rainy_Night_5": "{{i18n:RainyNight.Gunnar.{{Random:4++5++6++Default|inputSeparator=++}}{{GunnarRandomTokens}}{{GunnarSpousePetName}}{{PlayerJobTitle}}{{BearFamProfanityChanges}}}}",
        "Rainy_Night_6": "{{i18n:RainyNight.Gunnar.{{Random:4++5++6++Default|inputSeparator=++}}{{GunnarRandomTokens}}{{GunnarSpousePetName}}{{PlayerJobTitle}}{{BearFamProfanityChanges}}}}",
        "Rainy_Night_MadDog.HashtagBearFam.Gunnar": "{{i18n:RainyNight.Gunnar.{{Random:4++5++6++Default|inputSeparator=++}}{{GunnarRandomTokens}}{{GunnarSpousePetName}}{{PlayerJobTitle}}{{BearFamProfanityChanges}}}}",

        //indoorday
        "Indoor_Day_0": "{{i18n:IndoorDay.Gunnar.{{GunnarRomanceDialogueType}}.{{Random:0++1++2++3|inputSeparator=++}}{{GunnarRandomTokens}}{{GunnarSpousePetName}}{{PlayerJobTitle}}{{BearFamProfanityChanges}}}}",
        "Indoor_Day_1": "{{i18n:IndoorDay.Gunnar.{{GunnarRomanceDialogueType}}.{{Random:0++1++2++3|inputSeparator=++}}{{GunnarRandomTokens}}{{GunnarSpousePetName}}{{PlayerJobTitle}}{{BearFamProfanityChanges}}}}",
        "Indoor_Day_2": "{{i18n:IndoorDay.Gunnar.{{GunnarRomanceDialogueType}}.{{Random:0++1++2++3|inputSeparator=++}}{{GunnarRandomTokens}}{{GunnarSpousePetName}}{{PlayerJobTitle}}{{BearFamProfanityChanges}}}}",
        "Indoor_Day_3": "{{i18n:IndoorDay.Gunnar.{{GunnarRomanceDialogueType}}.{{Random:0++1++2++3|inputSeparator=++}}{{GunnarRandomTokens}}{{GunnarSpousePetName}}{{PlayerJobTitle}}{{BearFamProfanityChanges}}}}",
        "Indoor_Day_4": "{{i18n:IndoorDay.Gunnar.{{Random:4++5++6++Default|inputSeparator=++}}{{GunnarRandomTokens}}{{GunnarRandomTokens}}{{GunnarSpousePetName}}{{PlayerJobTitle}}{{BearFamProfanityChanges}}}}",
        "Indoor_Day_5": "{{i18n:IndoorDay.Gunnar.{{Random:4++5++6++Default|inputSeparator=++}}{{GunnarRandomTokens}}{{GunnarRandomTokens}}{{GunnarSpousePetName}}{{PlayerJobTitle}}{{BearFamProfanityChanges}}}}}",
        "Indoor_Day_6": "{{i18n:IndoorDay.Gunnar.{{Random:4++5++6++Default|inputSeparator=++}}{{GunnarRandomTokens}}{{GunnarRandomTokens}}{{GunnarSpousePetName}}{{PlayerJobTitle}}{{BearFamProfanityChanges}}}}",
        "Indoor_Day_MadDog.HashtagBearFam.Gunnar": "{{i18n:IndoorDay.Gunnar.{{Random:4++5++6++Default|inputSeparator=++}}{{GunnarRandomTokens}}{{GunnarSpousePetName}}{{PlayerJobTitle}}{{BearFamProfanityChanges}}}}",

        //indoornight
        "Indoor_Night_0": "{{i18n:IndoorNight.Gunnar.{{GunnarRomanceDialogueType}}.{{Random:0++1++2++3|inputSeparator=++}}{{GunnarRandomTokens}}{{GunnarSpousePetName}}{{PlayerJobTitle}}{{BearFamProfanityChanges}}}}",
        "Indoor_Night_1": "{{i18n:IndoorNight.Gunnar.{{GunnarRomanceDialogueType}}.{{Random:0++1++2++3|inputSeparator=++}}{{GunnarRandomTokens}}{{GunnarSpousePetName}}{{PlayerJobTitle}}{{BearFamProfanityChanges}}}}",
        "Indoor_Night_2": "{{i18n:IndoorNight.Gunnar.{{GunnarRomanceDialogueType}}.{{Random:0++1++2++3|inputSeparator=++}}{{GunnarRandomTokens}}{{GunnarSpousePetName}}{{PlayerJobTitle}}{{BearFamProfanityChanges}}}}",
        "Indoor_Night_3": "{{i18n:IndoorNight.Gunnar.{{GunnarRomanceDialogueType}}.{{Random:0++1++2++3|inputSeparator=++}}{{GunnarRandomTokens}}{{GunnarSpousePetName}}{{PlayerJobTitle}}{{BearFamProfanityChanges}}}}",
        "Indoor_Night_4": "{{i18n:IndoorNight.Gunnar.{{Random:4++5++6++Default|inputSeparator=++}}{{GunnarRandomTokens}}{{GunnarSpousePetName}}{{PlayerJobTitle}}{{BearFamProfanityChanges}}}}",
        "Indoor_Night_5": "{{i18n:IndoorNight.Gunnar.{{Random:4++5++6++Default|inputSeparator=++}}{{GunnarRandomTokens}}{{GunnarSpousePetName}}{{PlayerJobTitle}}{{BearFamProfanityChanges}}}}",
        "Indoor_Night_6": "{{i18n:IndoorNight.Gunnar.{{Random:4++5++6++Default|inputSeparator=++}}{{GunnarRandomTokens}}{{GunnarSpousePetName}}{{PlayerJobTitle}}{{BearFamProfanityChanges}}}}",
        "Indoor_Night_MadDog.HashtagBearFam.Gunnar": "{{i18n:IndoorNight.Gunnar.{{Random:4++5++6++Default|inputSeparator=++}}{{GunnarRandomTokens}}{{GunnarSpousePetName}}{{PlayerJobTitle}}{{BearFamProfanityChanges}}}}",

        //outdoor
        "Outdoor_0": "{{i18n:Outdoor.Gunnar.{{GunnarRomanceDialogueType}}.{{Random:0++1++2++3|inputSeparator=++}}{{GunnarRandomTokens}}{{GunnarSpousePetName}}{{PlayerJobTitle}}{{BearFamProfanityChanges}}}}",
        "Outdoor_1": "{{i18n:Outdoor.Gunnar.{{GunnarRomanceDialogueType}}.{{Random:0++1++2++3|inputSeparator=++}}{{GunnarRandomTokens}}{{GunnarSpousePetName}}{{PlayerJobTitle}}{{BearFamProfanityChanges}}}}",
        "Outdoor_2": "{{i18n:Outdoor.Gunnar.{{GunnarRomanceDialogueType}}.{{Random:0++1++2++3|inputSeparator=++}}{{GunnarRandomTokens}}{{GunnarSpousePetName}}{{PlayerJobTitle}}{{BearFamProfanityChanges}}}}",
        "Outdoor_3": "{{i18n:Outdoor.Gunnar.{{GunnarRomanceDialogueType}}.{{Random:0++1++2++3|inputSeparator=++}}{{GunnarRandomTokens}}{{GunnarSpousePetName}}{{PlayerJobTitle}}{{BearFamProfanityChanges}}}}",
        "Outdoor_4": "{{i18n:Outdoor.Gunnar.{{Random:4++5++6++Default|inputSeparator=++}}{{GunnarRandomTokens}}{{GunnarSpousePetName}}{{PlayerJobTitle}}{{BearFamProfanityChanges}}}}",
        "Outdoor_5": "{{i18n:Outdoor.Gunnar.{{Random:4++5++6++Default|inputSeparator=++}}{{GunnarRandomTokens}}{{GunnarSpousePetName}}{{PlayerJobTitle}}{{BearFamProfanityChanges}}}}",
        "Outdoor_6": "{{i18n:Outdoor.Gunnar.{{Random:4++5++6++Default|inputSeparator=++}}{{GunnarRandomTokens}}{{GunnarSpousePetName}}{{PlayerJobTitle}}{{BearFamProfanityChanges}}}}",
        "Outdoor_MadDog.HashtagBearFam.Gunnar": "{{i18n:Outdoor.Gunnar.{{Random:4++5++6++Default|inputSeparator=++}}{{GunnarRandomTokens}}{{GunnarSpousePetName}}{{PlayerJobTitle}}{{BearFamProfanityChanges}}}}",

        //kids
        "OneKid_0": "{{i18n:OneKid.Gunnar.{{Random:0++1++2++3++4|inputSeparator=++}}{{GunnarRandomTokens}}{{GunnarSpousePetName}}{{PlayerJobTitle}}{{BearFamProfanityChanges}}}}",
        "OneKid_1": "{{i18n:OneKid.Gunnar.{{Random:0++1++2++3++4|inputSeparator=++}}{{GunnarRandomTokens}}{{GunnarSpousePetName}}{{PlayerJobTitle}}{{BearFamProfanityChanges}}}}",
        "OneKid_2": "{{i18n:OneKid.Gunnar.{{Random:0++1++2++3++4|inputSeparator=++}}{{GunnarRandomTokens}}{{GunnarSpousePetName}}{{PlayerJobTitle}}{{BearFamProfanityChanges}}}}",
        "OneKid_3": "{{i18n:OneKid.Gunnar.{{Random:0++1++2++3++4|inputSeparator=++}}{{GunnarRandomTokens}}{{GunnarSpousePetName}}{{PlayerJobTitle}}{{BearFamProfanityChanges}}}}",
        "OneKid_4": "{{i18n:OneKid.Gunnar.{{Random:0++1++2++3++4|inputSeparator=++}}{{GunnarRandomTokens}}{{GunnarSpousePetName}}{{PlayerJobTitle}}{{BearFamProfanityChanges}}}}",
        "TwoKids_0": "{{i18n:TwoKids.Gunnar.{{Random:0++1++2++3++4|inputSeparator=++}}{{GunnarRandomTokens}}{{GunnarSpousePetName}}{{PlayerJobTitle}}{{BearFamProfanityChanges}}{{CrossModCompatTokens}}}}",
        "TwoKids_1": "{{i18n:TwoKids.Gunnar.{{Random:0++1++2++3++4|inputSeparator=++}}{{GunnarRandomTokens}}{{GunnarSpousePetName}}{{PlayerJobTitle}}{{BearFamProfanityChanges}}{{CrossModCompatTokens}}}}",
        "TwoKids_2": "{{i18n:TwoKids.Gunnar.{{Random:0++1++2++3++4|inputSeparator=++}}{{GunnarRandomTokens}}{{GunnarSpousePetName}}{{PlayerJobTitle}}{{BearFamProfanityChanges}}{{CrossModCompatTokens}}}}",
        "TwoKids_3": "{{i18n:TwoKids.Gunnar.{{Random:0++1++2++3++4|inputSeparator=++}}{{GunnarRandomTokens}}{{GunnarSpousePetName}}{{PlayerJobTitle}}{{BearFamProfanityChanges}}{{CrossModCompatTokens}}}}",
        "TwoKids_4": "{{i18n:TwoKids.Gunnar.{{Random:0++1++2++3++4|inputSeparator=++}}{{GunnarRandomTokens}}{{GunnarSpousePetName}}{{PlayerJobTitle}}{{BearFamProfanityChanges}}{{CrossModCompatTokens}}}}",

        //AFFECTION DIALOGUE

        "Good_0": "{{i18n:Good.Gunnar.{{GunnarRomanceDialogueType}}.{{Random:0++1++2++3++4|inputSeparator=++}}{{GunnarRandomTokens}}{{GunnarSpousePetName}}{{PlayerJobTitle}}{{BearFamProfanityChanges}}}}",
        "Good_1": "{{i18n:Good.Gunnar.{{GunnarRomanceDialogueType}}.{{Random:0++1++2++3++4|inputSeparator=++}}{{GunnarRandomTokens}}{{GunnarSpousePetName}}{{PlayerJobTitle}}{{BearFamProfanityChanges}}}}",
        "Good_2": "{{i18n:Good.Gunnar.{{GunnarRomanceDialogueType}}.{{Random:0++1++2++3++4|inputSeparator=++}}{{GunnarRandomTokens}}{{GunnarSpousePetName}}{{PlayerJobTitle}}{{BearFamProfanityChanges}}}}",
        "Good_3": "{{i18n:Good.Gunnar.{{GunnarRomanceDialogueType}}.{{Random:0++1++2++3++4|inputSeparator=++}}{{GunnarRandomTokens}}{{GunnarSpousePetName}}{{PlayerJobTitle}}{{BearFamProfanityChanges}}}}",
        "Good_4": "{{i18n:Good.Gunnar.{{GunnarRomanceDialogueType}}.{{Random:0++1++2++3++4|inputSeparator=++}}{{GunnarRandomTokens}}{{GunnarSpousePetName}}{{PlayerJobTitle}}{{BearFamProfanityChanges}}}}",
        "Good_5": "{{i18n:Good.Gunnar.{{Random:5++6++7++8|inputSeparator=++}}{{GunnarRandomTokens}}{{GunnarSpousePetName}}{{PlayerJobTitle}}{{BearFamProfanityChanges}}}}",
        "Good_6": "{{i18n:Good.Gunnar.{{Random:5++6++7++8|inputSeparator=++}}{{GunnarRandomTokens}}{{GunnarSpousePetName}}{{PlayerJobTitle}}{{BearFamProfanityChanges}}}}",
        "Good_7": "{{i18n:Good.Gunnar.{{Random:5++6++7++8|inputSeparator=++}}{{GunnarRandomTokens}}{{GunnarSpousePetName}}{{PlayerJobTitle}}{{BearFamProfanityChanges}}}}",
        "Good_8": "{{i18n:Good.Gunnar.{{Random:5++6++7++8|inputSeparator=++}}{{GunnarRandomTokens}}{{GunnarSpousePetName}}{{PlayerJobTitle}}{{BearFamProfanityChanges}}}}",

        "Neutral_0": "{{i18n:Neutral.Gunnar.{{Random:0++1++2++3++4++5++6++7++8|inputSeparator=++}}{{GunnarRandomTokens}}{{GunnarSpousePetName}}{{PlayerJobTitle}}{{BearFamProfanityChanges}}}}",
        "Neutral_1": "{{i18n:Neutral.Gunnar.{{Random:0++1++2++3++4++5++6++7++8|inputSeparator=++}}{{GunnarRandomTokens}}{{GunnarSpousePetName}}{{PlayerJobTitle}}{{BearFamProfanityChanges}}}}",
        "Neutral_2": "{{i18n:Neutral.Gunnar.{{Random:0++1++2++3++4++5++6++7++8|inputSeparator=++}}{{GunnarRandomTokens}}{{GunnarSpousePetName}}{{PlayerJobTitle}}{{BearFamProfanityChanges}}}}",
        "Neutral_3": "{{i18n:Neutral.Gunnar.{{Random:0++1++2++3++4++5++6++7++8|inputSeparator=++}}{{GunnarRandomTokens}}{{GunnarSpousePetName}}{{PlayerJobTitle}}{{BearFamProfanityChanges}}}}",
        "Neutral_4": "{{i18n:Neutral.Gunnar.{{Random:0++1++2++3++4++5++6++7++8|inputSeparator=++}}{{GunnarRandomTokens}}{{GunnarSpousePetName}}{{PlayerJobTitle}}{{BearFamProfanityChanges}}}}",
        "Neutral_5": "{{i18n:Neutral.Gunnar.{{Random:0++1++2++3++4++5++6++7++8|inputSeparator=++}}{{GunnarRandomTokens}}{{GunnarSpousePetName}}{{PlayerJobTitle}}{{BearFamProfanityChanges}}}}",
        "Neutral_6": "{{i18n:Neutral.Gunnar.{{Random:0++1++2++3++4++5++6++7++8|inputSeparator=++}}{{GunnarRandomTokens}}{{GunnarSpousePetName}}{{PlayerJobTitle}}{{BearFamProfanityChanges}}}}",
        "Neutral_7": "{{i18n:Neutral.Gunnar.{{Random:0++1++2++3++4++5++6++7++8|inputSeparator=++}}{{GunnarRandomTokens}}{{GunnarSpousePetName}}{{PlayerJobTitle}}{{BearFamProfanityChanges}}}}",
        "Neutral_8": "{{i18n:Neutral.Gunnar.{{Random:0++1++2++3++4++5++6++7++8|inputSeparator=++}}{{GunnarRandomTokens}}{{GunnarSpousePetName}}{{PlayerJobTitle}}{{BearFamProfanityChanges}}}}",

        "Bad_0": "{{i18n:Bad.Gunnar.{{Random:0++1++2++3++4++5++6++7++8|inputSeparator=++}}{{GunnarRandomTokens}}{{GunnarSpousePetName}}{{PlayerJobTitle}}{{BearFamProfanityChanges}}}}",
        "Bad_1": "{{i18n:Bad.Gunnar.{{Random:0++1++2++3++4++5++6++7++8|inputSeparator=++}}{{GunnarRandomTokens}}{{GunnarSpousePetName}}{{PlayerJobTitle}}{{BearFamProfanityChanges}}}}",
        "Bad_2": "{{i18n:Bad.Gunnar.{{Random:0++1++2++3++4++5++6++7++8|inputSeparator=++}}{{GunnarRandomTokens}}{{GunnarSpousePetName}}{{PlayerJobTitle}}{{BearFamProfanityChanges}}}}",
        "Bad_3": "{{i18n:Bad.Gunnar.{{Random:0++1++2++3++4++5++6++7++8|inputSeparator=++}}{{GunnarRandomTokens}}{{GunnarSpousePetName}}{{PlayerJobTitle}}{{BearFamProfanityChanges}}}}",
        "Bad_4": "{{i18n:Bad.Gunnar.{{Random:0++1++2++3++4++5++6++7++8|inputSeparator=++}}{{GunnarRandomTokens}}{{GunnarSpousePetName}}{{PlayerJobTitle}}{{BearFamProfanityChanges}}}}",
        "Bad_5": "{{i18n:Bad.Gunnar.{{Random:0++1++2++3++4++5++6++7++8|inputSeparator=++}}{{GunnarRandomTokens}}{{GunnarSpousePetName}}{{PlayerJobTitle}}{{BearFamProfanityChanges}}}}",
        "Bad_6": "{{i18n:Bad.Gunnar.{{Random:0++1++2++3++4++5++6++7++8|inputSeparator=++}}{{GunnarRandomTokens}}{{GunnarSpousePetName}}{{PlayerJobTitle}}{{BearFamProfanityChanges}}}}",
        "Bad_7": "{{i18n:Bad.Gunnar.{{Random:0++1++2++3++4++5++6++7++8|inputSeparator=++}}{{GunnarRandomTokens}}{{GunnarSpousePetName}}{{PlayerJobTitle}}{{BearFamProfanityChanges}}}}",
        "Bad_8": "{{i18n:Bad.Gunnar.{{Random:0++1++2++3++4++5++6++7++8|inputSeparator=++}}{{GunnarRandomTokens}}{{GunnarSpousePetName}}{{PlayerJobTitle}}{{BearFamProfanityChanges}}}}"

      }
    },
    {
      "LogName": "Kids with Gunnar",
      "Action": "EditData",
      "Target": "Strings/StringsFromCSFiles",
      "Entries": {
        "NPC.cs.4447": "{{i18n:Gunnar.Dialogue.Children.{{KidsWithGunnar}}.Remark}}",
        "NPC.cs.4448": "{{i18n:Gunnar.Dialogue.Children.{{KidsWithGunnar}}.Remark}}",
        "NPC.cs.4440": "{{i18n:Gunnar.Dialogue.Children.{{KidsWithGunnar}}.Remark}}",
        "NPC.cs.4441": "{{i18n:Gunnar.Dialogue.Children.{{KidsWithGunnar}}.Remark}}"
      },
      "When": {
        "Relationship:MadDog.HashtagBearFam.Gunnar": "Married"
      }
    },
    {
      "LogName": "Kids with Gunnar the question",
      "Action": "EditData",
      "Target": "Strings/Events",
      "Entries": {
        "HaveBabyQuestion": "{{i18n:Gunnar.Dialogue.Children.{{KidsWithGunnar}}.Question}}",
        "HaveBabyQuestion_Adoption": "{{i18n:Gunnar.Dialogue.Children.{{KidsWithGunnar}}.Question}}",
        "BirthMessage_PlayerMother": "{{i18n:Gunnar.Dialogue.Children.{{KidsWithGunnar}}.Message}}",
        "BirthMessage_Adoption": "{{i18n:Gunnar.Dialogue.Children.{{KidsWithGunnar}}.Message}}"
      },
      "When": {
        "Relationship:MadDog.HashtagBearFam.Gunnar": "Married"
      }
    },
    {
      "LogName": "Gunnar Dialogue for Summit + New Children",
      "Action": "EditData",
      "Target": "Data/ExtraDialogue",
      "Entries": {
        "SummitEvent_Intro_Spouse": "{{i18n:Gunnar.Dialogue.Summit.1{{GunnarRandomTokens}}{{GunnarSpousePetName}}{{PlayerJobTitle}}{{BearFamProfanityChanges}}}}",
        "SummitEvent_Intro2_Spouse": "{{i18n:Gunnar.Dialogue.Summit.2{{BearFamProfanityChanges}}}}",
        "SummitEvent_Intro2_Spouse_Gruff": "{{i18n:Gunnar.Dialogue.Summit.2{{BearFamProfanityChanges}}}}",
        "SummitEvent_Dialogue1_Spouse": "{{i18n:Gunnar.Dialogue.Summit.3}}",
        "SummitEvent_Dialogue2_Spouse": "{{i18n:Gunnar.Dialogue.Summit.4}}",
        "SummitEvent_Dialogue3_MadDog.HashtagBearFam.Gunnar": "{{i18n:Gunnar.Dialogue.Summit.5}}",

        "NewChild_FirstChild": "{{i18n:Gunnar.Dialogue.Children.{{Random:1++2|inputSeparator=++}}}}",
        "NewChild_SecondChild1": "{{i18n:Gunnar.Dialogue.Children.Second.{{Random:1++2|inputSeparator=++}}}}",
        "NewChild_SecondChild2": "{{i18n:Gunnar.Dialogue.Children.Second.{{Random:1++2|inputSeparator=++}}}}",
        "NewChild_Adoption": "{{i18n:Gunnar.Dialogue.Children.{{Random:1++2|inputSeparator=++}}}}"
      },
      "When": {
        "Relationship:MadDog.HashtagBearFam.Gunnar": "Married"
      }
    }
  ]
}