{
	"Changes": [
		{
			"LogName": "Egg Festival",//Gabe Shows
			"Action": "EditData",
			"Target": "Data/Festivals/spring13",
			"Entries": {
				"Otter.Cambria": "{{i18n:Cambria.Dialogue.EggFest.{{Random:{{Range: 1, 3}}}}}}"
			}
		},
		{
			"LogName": "Luau",
			"Action": "EditData",
			"Target": "Data/Festivals/summer11",
			"Entries": {
				"Otter.Cambria": "{{i18n:Cambria.Dialogue.Luau.{{Random:{{Range: 1, 3}}}}}}"
			}
		},
		{
			"LogName": "Jellies",//Gabe Shows
			"Action": "EditData",
			"Target": "Data/Festivals/summer28",
			"Entries": {
				"Otter.Cambria": "{{i18n:Cambria.Dialogue.Jellies.{{Random:{{Range: 1, 3}}}}}}"
			}
		},
		{
			"LogName": "SVFair",
			"Action": "EditData",
			"Target": "Data/Festivals/fall16",
			"Entries": {
				"Otter.Cambria": "{{i18n:Cambria.Dialogue.SVFair.{{Random:{{Range: 1, 3}}}}}}"
			}
		},
		{
			"LogName": "WinterStar",
			"Action": "EditData",
			"Target": "Data/Festivals/winter25",
			"Entries": {
				"Otter.Cambria": "{{i18n:Cambria.Dialogue.WinterStar.{{Random:{{Range: 1, 3}}}}}}"
			}
		},
		{
			"LogName": "RSV Ember of Resolutions",//Gabe Shows
			"Action": "EditData",
			"Target": "Data/Festivals/winter28",
			"Entries": {
				"Otter.Cambria": "{{i18n:Cambria.Dialogue.RSVEmber.{{Random:{{Range: 1, 3}}}}}}"
			},
			"When": {
				"HasMod |contains=Rafseazz.RSVCP": true
			},
		},
		{
			"LogName": "RSV Gathering Festival",
			"Action": "EditData",
			"Target": "Data/Festivals/fall20",
			"Entries": {
				"Otter.Cambria": "{{i18n:Cambria.Dialogue.RSVGathering.{{Random:{{Range: 1, 3}}}}}}"
			},
			"When": {
				"HasMod |contains=Rafseazz.RSVCP": true
			},
		}
	]
}