{
	"Changes": [
		{
			"LogName": "Orchid Dialogue",
			"Action": "EditData",
			"Target": "Characters/Dialogue/Otter.Orchid",
			"Entries": {
				"spring_Mon": "{{i18n:VoidOrchid.Dialogue.Random.{{Random:1++2++3++4++5++6|InputSeparator=++}}}}",
				"spring_Tue": "{{i18n:VoidOrchid.Dialogue.Random.{{Random:1++2++3++4++5++6|InputSeparator=++}}}}",
				"spring_Wed": "{{i18n:VoidOrchid.Dialogue.Random.{{Random:1++2++3++4++5++6|InputSeparator=++}}}}",
				"spring_Thu": "{{i18n:VoidOrchid.Dialogue.Random.{{Random:1++2++3++4++5++6|InputSeparator=++}}}}",
				"spring_Fri": "{{i18n:VoidOrchid.Dialogue.Random.{{Random:1++2++3++4++5++6|InputSeparator=++}}}}",
				"spring_Sat": "{{i18n:VoidOrchid.Dialogue.Random.{{Random:1++2++3++4++5++6|InputSeparator=++}}}}",
				"spring_Sun": "{{i18n:VoidOrchid.Dialogue.Random.{{Random:1++2++3++4++5++6|InputSeparator=++}}}}",
				"summer_Mon": "{{i18n:VoidOrchid.Dialogue.Random.{{Random:1++2++3++4++5++6|InputSeparator=++}}}}",
				"summer_Tue": "{{i18n:VoidOrchid.Dialogue.Random.{{Random:1++2++3++4++5++6|InputSeparator=++}}}}",
				"summer_Wed": "{{i18n:VoidOrchid.Dialogue.Random.{{Random:1++2++3++4++5++6|InputSeparator=++}}}}",
				"summer_Thu": "{{i18n:VoidOrchid.Dialogue.Random.{{Random:1++2++3++4++5++6|InputSeparator=++}}}}",
				"summer_Fri": "{{i18n:VoidOrchid.Dialogue.Random.{{Random:1++2++3++4++5++6|InputSeparator=++}}}}",
				"summer_Sat": "{{i18n:VoidOrchid.Dialogue.Random.{{Random:1++2++3++4++5++6|InputSeparator=++}}}}",
				"summer_Sun": "{{i18n:VoidOrchid.Dialogue.Random.{{Random:1++2++3++4++5++6|InputSeparator=++}}}}",
				"fall_Mon": "{{i18n:VoidOrchid.Dialogue.Random.{{Random:1++2++3++4++5++6|InputSeparator=++}}}}",
				"fall_Tue": "{{i18n:VoidOrchid.Dialogue.Random.{{Random:1++2++3++4++5++6|InputSeparator=++}}}}",
				"fall_Wed": "{{i18n:VoidOrchid.Dialogue.Random.{{Random:1++2++3++4++5++6|InputSeparator=++}}}}",
				"fall_Thu": "{{i18n:VoidOrchid.Dialogue.Random.{{Random:1++2++3++4++5++6|InputSeparator=++}}}}",
				"fall_Fri": "{{i18n:VoidOrchid.Dialogue.Random.{{Random:1++2++3++4++5++6|InputSeparator=++}}}}",
				"fall_Sat": "{{i18n:VoidOrchid.Dialogue.Random.{{Random:1++2++3++4++5++6|InputSeparator=++}}}}",
				"fall_Sun": "{{i18n:VoidOrchid.Dialogue.Random.{{Random:1++2++3++4++5++6|InputSeparator=++}}}}",
				"winter_Mon": "{{i18n:VoidOrchid.Dialogue.Random.{{Random:1++2++3++4++5++6|InputSeparator=++}}}}",
				"winter_Tue": "{{i18n:VoidOrchid.Dialogue.Random.{{Random:1++2++3++4++5++6|InputSeparator=++}}}}",
				"winter_Wed": "{{i18n:VoidOrchid.Dialogue.Random.{{Random:1++2++3++4++5++6|InputSeparator=++}}}}",
				"winter_Thu": "{{i18n:VoidOrchid.Dialogue.Random.{{Random:1++2++3++4++5++6|InputSeparator=++}}}}",
				"winter_Fri": "{{i18n:VoidOrchid.Dialogue.Random.{{Random:1++2++3++4++5++6|InputSeparator=++}}}}",
				"winter_Sat": "{{i18n:VoidOrchid.Dialogue.Random.{{Random:1++2++3++4++5++6|InputSeparator=++}}}}",
				"winter_Sun": "{{i18n:VoidOrchid.Dialogue.Random.{{Random:1++2++3++4++5++6|InputSeparator=++}}}}"
			}
		}
	]
}