{ 
    "Changes": [
        {
            "LogName": "Animations",
            "Action": "EditData",
            "Target": "Data/animationDescriptions",
            "Entries": {
                "CambriaGuitar": "20/20 20 20 21 21 21 20 20 20 21 21 21 20 20 20 21 21 21 20 20 20 21 21 21 20 20 20 21 21 21 20 20 20 21 21 21 20 20 20 21 21 21 20 20 20 21 21 21/20",
                "CambriaRegSit": "25/25/25",
                "CambriaSideEyeSit": "27/27/27",
                "CambriaTiredSit": "23/23/23",
                "CambriaBedrest": "22/22/22",
                "CambriaOrchid": "30/30/30",
                "OrchidRoost": "16/16 16 16 17 17 17 16 16 16 17 17 17 16 16 16 17 17 17 16 16 16 17 17 17 16 16 16 17 17 17 16 16 16 17 17 17 16 16 16 17 17 17 16 16 16 17 17 17/16"
            }
        }
    ]
}