{
	"Changes": [
		{
			"LogName": "Cambria Map Strings",
			"Action": "EditData",
			"Target": "strings/StringsFromMaps",
			"Entries": {
				
				//Map Patch

				"MGCgarden": "{{i18n:HomeExterior.String.MGCgarden}}",
				"MGCbeehives": "{{i18n:HomeExterior.String.MGCbeehives}}",
				"MGCcoffee": "{{i18n:HomeExterior.String.MGCcoffee}}",
				"MGColdbike": "{{i18n:HomeExterior.String.MGColdbike}}",
				"OrchidCoop": "{{i18n:HomeExterior.String.OrchidCoop}}",

				// Camie Home Interior

				"Stool": "{{i18n:CambriaHouse.String.Stool}}",
				"SeafoodOven": "{{i18n:CambriaHouse.String.SeafoodOven}}",
				"BurntHair": "{{i18n:CambriaHouse.String.BurntHair}}",
				"CoffeePot": "{{i18n:CambriaHouse.String.CoffeePot}}",
				"KitchenTrash": "{{i18n:CambriaHouse.String.Trash}}",
				"FamilyMail": "{{i18n:CambriaHouse.String.FamilyMail}}",
				"HangingPeppers": "{{i18n:CambriaHouse.String.Peppers}}",
				"SmallRadio": "{{i18n:CambriaHouse.String.SmallRadio.{{Random:1++2++3++4++5++6|InputSeparator=++}}}}",
				"CamieBed": "{{i18n:CambriaHouse.String.CamieBed}}",
				
				"GardenBooks": "{{i18n:CambriaHouse.String.GardenBooks}}",
				
				"LockedDoor": "{{i18n:CambriaHouse.String.LockedDoor}}",
				"StrawHat": "{{i18n:CambriaHouse.String.StrawHat}}",
				"WallNotes": "{{i18n:CambriaHouse.String.WallNotes}}",
				"TableJars": "{{i18n:CambriaHouse.String.TableJars}}",
				"FrontWindow": "{{i18n:CambriaHouse.String.FrontWindow}}",
				"LoneBox": "{{i18n:CambriaHouse.String.LoneBox.{{Random:1++2++3++4++5++6++7++8|InputSeparator=++}}}}",
				"Polaroids": "{{i18n:CambriaHouse.String.Polaroids}}",

				"DustyGuitar": "{{i18n:CambriaHouse.String.DustyGuitar}}",
				"BandItems": "{{i18n:CambriaHouse.String.BandItems}}",
				"OldClothes": "{{i18n:CambriaHouse.String.OldClothes}}",
				"VariousBooks": "{{i18n:CambriaHouse.String.VariousBooks}}",

				"TrossPlant": "{{i18n:CambriaHouse.String.TrossPlant}}",
				"RioPlant": "{{i18n:CambriaHouse.String.RioPlant}}",
				"InkyPlant": "{{i18n:CambriaHouse.String.InkyPlant}}",
				"KeelPlant": "{{i18n:CambriaHouse.String.KeelPlant}}",
				"QuinnPlant": "{{i18n:CambriaHouse.String.QuinnPlant}}",

				// Camie Greenhouse

				"CamieCasks": "{{i18n:CambriaGH.String.CamieCasks}}",
				"GHNote": "{{i18n:CambriaGH.String.GHNote}}",
				"CamieGrinder": "{{i18n:CambriaGH.String.CamieGrinder}}",
				"GHChest": "{{i18n:CambriaGH.String.GHChest}}",
				"CamieSeedMaker": "{{i18n:CambriaGH.String.CamieSeedMaker}}",
				"GHLilies": "{{i18n:CambriaGH.String.GHLilies}}",
				"RaisedBed1": "{{i18n:CambriaGH.String.RaisedBed1}}",
				"RaisedBed2": "{{i18n:CambriaGH.String.RaisedBed2}}",
				"RaisedBed3": "{{i18n:CambriaGH.String.RaisedBed3}}",
				
				"CamieStarfruit": "{{i18n:CambriaGH.String.CamieStarfruit}}",

				"GHBeehives": "{{i18n:CambriaGH.String.GHBeehives}}",
				"OberonPlant": "{{i18n:CambriaGH.String.OberonPlant}}",
				"DairePlant": "{{i18n:CambriaGH.String.DairePlant}}",
				"CamieKegs": "{{i18n:CambriaGH.String.CamieKegs}}"
			}
		}
	]
}