{
    "Changes": [
        {
            "LogName": "Camie Introduction 0 Hearts",
            "Action": "EditData",
            "Target": "Data/Events/Town",
            "Entries": {
                //0 = UP, 1 = RIGHT, 2 = DOWN, 3 = LEFT
                "MGC.Cambria.01/Friendship Otter.Cambria 0000/Time 600 1800": "breezy/42 55/farmer 37 58 1 Otter.Cambria 42 58 0/addConversationTopic CamieIntro 3/skippable/pause 500/move farmer 3 0 1 true/emote Otter.Cambria 56/faceDirection Otter.Cambria 3/speak Otter.Cambria \"{{i18n:MGC.Cambria.Intro.01}}\"/pause 200/emote farmer 56/faceDirection Otter.Cambria 0/emote Otter.Cambria 40/emote farmer 8/speak Otter.Cambria \"{{i18n:MGC.Cambria.Intro.02}}\"/pause 200/shake Otter.Cambria 500/playSound shwip/pause 500/faceDirection Otter.Cambria 3/speak Otter.Cambria \"{{i18n:MGC.Cambria.Intro.03}}\"/move Otter.Cambria 4 0 2/move Otter.Cambria 0 3 2/pause 750/stopMusic/shake Otter.Cambria 500/showFrame Otter.Cambria 22/emote farmer 16/faceDirection farmer 2/speak Otter.Cambria \"{{i18n:MGC.Cambria.Intro.04}}\"/pause 750/faceDirection Otter.Cambria 3/speak Otter.Cambria \"{{i18n:MGC.Cambria.Intro.05}}\"/pause 500/move Otter.Cambria 0 6 2/emote farmer 40/end position 40 58"
            }
        },
        {
            "LogName": "Camie Helps The Player 1/2 Heart",
            "Action": "EditData",
            "Target": "Data/Events/EastScarp_LoresCove",
            "Entries": {
                "MGC.Cambria.02/Weather sunny/Friendship Otter.Cambria 125/Time 600 1800": "breezy/46 16/farmer 50 17 3 Otter.Cambria 46 14 1/addConversationTopic CamieHelps 3/skippable/pause 500/move farmer -4 0 0 true/shake Otter.Cambria 500/playSound clank/pause 200/playSound stoneStep/pause 1000/faceDirection Otter.Cambria 3/shake Otter.Cambria 500/playSound clank/pause 200/playSound stoneStep/speak Otter.Cambria \"{{i18n:MGC.Cambria.Help.01}}\"/pause 1000/playSound clank/pause 200/playSound stoneStep/pause 1000/faceDirection Otter.Cambria 0/shake Otter.Cambria 500/playSound clank/pause 200/playSound stoneStep/speak Otter.Cambria \"{{i18n:MGC.Cambria.Help.02}}\"/move farmer 0 -1 0 true/emote farmer 8/faceDirection Otter.Cambria 2/emote Otter.Cambria 16/speak Otter.Cambria \"{{i18n:MGC.Cambria.Help.03}}\"/pause 500/faceDirection Otter.Cambria 3/emote Otter.Cambria 40/pause 400/faceDirection Otter.Cambria 1/emote Otter.Cambria 12/pause 300/emote Otter.Cambria 56/faceDirection Otter.Cambria 2/speak Otter.Cambria \"{{i18n:MGC.Cambria.Help.04}}\"/quickQuestion \"{{i18n:MGC.Cambria.Help.question}}\"#{{i18n:MGC.Cambria.Help.option1}}#{{i18n:MGC.Cambria.Help.option2}}#{{i18n:MGC.Cambria.Help.option3}}(break)speak Otter.Cambria \"{{i18n:MGC.Cambria.Help.answer1}}\"(break)speak Otter.Cambria \"{{i18n:MGC.Cambria.Help.answer2}}\"(break)speak Otter.Cambria \"{{i18n:MGC.Cambria.Help.answer3}}\"/pause 500/emote farmer 60/pause 500/speak Otter.Cambria \"{{i18n:MGC.Cambria.Help.05}}\"/pause 2000/end"
            }
        },
        {
            "LogName": "Camie and Orchid 2 Hearts",
            "Action": "EditData",
            "Target": "Data/Events/Forest",
            "Entries": {
                "MGC.Cambria.03/Friendship Otter.Cambria 500/SawEvent MGC.Cambria.01/Time 1000 1800/Weather sunny": "breezy/68 29/farmer 68 25 2 Otter.Orchid 82 29 3 Otter.Cambria 95 29 3/addConversationTopic CamieOrchidKnife 3/skippable/pause 500/move farmer 0 4 2 true/speed Otter.Orchid 4/move Otter.Orchid -13 0 3 true/pause 2400/faceDirection farmer 1/emote farmer 8/pause 250/speak Otter.Orchid \"{{i18n:MGC.Cambria.Orchid.01}}\"/pause 500/emote farmer 32/speed Otter.Cambria 3/move Otter.Cambria -25 0 3 true/speak Otter.Cambria \"{{i18n:MGC.Cambria.Orchid.02}}\"/emote Otter.Orchid 16/speed Otter.Orchid 4/advancedMove Otter.Orchid false 0 1 -2 0 0 -1/pause 500/pause 1000/stopAdvancedMoves/showFrame Otter.Orchid 4/faceDirection farmer 3 true/emote farmer 40/pause 500/speak Otter.Orchid \"{{i18n:MGC.Cambria.Orchid.03}}\"/jump farmer 8/emote farmer 16/pause 500/speed farmer 5/move farmer 1 0 3/speak Otter.Cambria \"{{i18n:MGC.Cambria.Orchid.04}}\"/shake Otter.Cambria 500/textAboveHead Otter.Cambria \"{{i18n:MGC.Cambria.Orchid.05}}\"/showFrame Otter.Cambria 22/faceDirection farmer 1/pause 500/speak Otter.Cambria \"{{i18n:MGC.Cambria.Orchid.06}}\"/pause 500/emote farmer 60/speed farmer 3/move farmer 0 -1 2/pause 250/move Otter.Cambria -1 0 3/speak Otter.Cambria \"{{i18n:MGC.Cambria.Orchid.07}}\"/pause 250/textAboveHead Otter.Orchid \"{{i18n:MGC.Cambria.Orchid.08}}\"/pause 500/move Otter.Cambria 25 0 1 true/speed Otter.Orchid 2/advancedMove Otter.Orchid false 10 0/pause 2000/textAboveHead Otter.Cambria \"{{i18n:MGC.Cambria.Orchid.09}}\"/pause 2000/emote Otter.Orchid 40/pause 1000/stopAdvancedMoves/showFrame Otter.Orchid 12/stopMusic/pause 1000/speak Otter.Orchid \"{{i18n:MGC.Cambria.Orchid.10}}\"/pause 250/emote farmer 8/faceDirection farmer 1/pause 500/playMusic WizardSong/speak Otter.Orchid \"{{i18n:MGC.Cambria.Orchid.11}}\"/advancedMove Otter.Orchid false 12 0/pause 2500/emote farmer 28/pause 2500/end position 68 29"
            }
        },
        {
            "LogName": "Camie Talk with Evelyn 4 Hearts [part 1]",
            "Action": "EditData",
            "Target": "Data/Events/JoshHouse",
            "Entries": {
                "MGC.Cambria.04/Friendship Otter.Cambria 1000/SawEvent MGC.Cambria.03/Time 1000 1800": "MGC.Theme/6 20/farmer 999 999 1 Evelyn 4 17 0 Otter.Cambria 999 999 2/addConversationTopic CamieEvelynTalk 3/skippable/pause 500/move Evelyn -2 0 0/pause 1500/emote Evelyn 56/move Evelyn 1 0 0/pause 2000/playSound stoneStep/pause 200/playSound stoneStep/pause 200/playSound stoneStep/faceDirection Evelyn 2/emote Evelyn 8/pause 750/playSound doorClose/warp Otter.Cambria 9 23/textAboveHead Evelyn \"{{i18n:MGC.Cambria.EvelynTalk.01}}\"/advancedMove Otter.Cambria false 0 -4 -4 0 3 10/speak Otter.Cambria \"{{i18n:MGC.Cambria.EvelynTalk.02}}\"/pause 750/advancedMove Evelyn false 0 2 1 0 1 10/speak Evelyn \"{{i18n:MGC.Cambria.EvelynTalk.03}}\"/pause 750/emote Otter.Cambria 56/textAboveHead Otter.Cambria \"{{i18n:MGC.Cambria.EvelynTalk.04}}\"/advancedMove Evelyn false -1 0 0 -2 4 10/speak Evelyn \"{{i18n:MGC.Cambria.EvelynTalk.05}}\"/pause 750/jump Otter.Cambria 8/emote Otter.Cambria 16/pause 750/faceDirection Otter.Cambria 0/speak Otter.Cambria \"{{i18n:MGC.Cambria.EvelynTalk.06}}\"/speak Evelyn \"{{i18n:MGC.Cambria.EvelynTalk.07}}\"/playSound doorCreak/emote Otter.Cambria 60/pause 750/textAboveHead Otter.Cambria \"{{i18n:MGC.Cambria.EvelynTalk.08}}\"/advancedMove Otter.Cambria false 0 1 3 10/emote Evelyn 20/speak Evelyn \"{{i18n:MGC.Cambria.EvelynTalk.09}}\"/pause 750/advancedMove Evelyn false 0 2 2 10/viewport move 0 1 1000/pause 2000/addObject 3 20 223 4/emote Evelyn 40/emote Otter.Cambria 32/pause 750/speak Evelyn \"{{i18n:MGC.Cambria.EvelynTalk.10}}\"/pause 750/textAboveHead Otter.Cambria \"{{i18n:MGC.Cambria.EvelynTalk.11}}\"/pause 750/speak Otter.Cambria \"{{i18n:MGC.Cambria.EvelynTalk.12}}\"/pause 750/speak Evelyn \"{{i18n:MGC.Cambria.EvelynTalk.13}}\"/pause 750/textAboveHead Evelyn \"{{i18n:MGC.Cambria.EvelynTalk.14}}\"/emote Otter.Cambria 8/pause 750/speak Otter.Cambria \"{{i18n:MGC.Cambria.EvelynTalk.15}}\"/pause 750/jump Evelyn 8/speak Evelyn \"{{i18n:MGC.Cambria.EvelynTalk.16}}\"/pause 750/textAboveHead Otter.Cambria \"{{i18n:MGC.Cambria.EvelynTalk.17}}\"/pause 750/speak Evelyn \"{{i18n:MGC.Cambria.EvelynTalk.18}}\"/pause 750/emote Otter.Cambria 40/pause 500/end"
            }
        },
        {
            "LogName": "Camie Opens Up 4 Hearts [part 2]",
            "Action": "EditData",
            "Target": "Data/Events/EastScarp_LoresCove",
            "Entries": {
                "MGC.Cambria.05/Friendship Otter.Cambria 1000/SawEvent MGC.Cambria.04/Time 1600 2000/Weather sunny": "MGC.Theme/49 56/farmer 51 54 1 Otter.Cambria 58 54 2/addConversationTopic CamieGrandparents 3/skippable/animate Otter.Cambria false true 500 20 21/pause 5000/move farmer 5 0 1/pause 5000/stopAnimation Otter.Cambria/stopMusic/showFrame Otter.Cambria 24/playMusic moonlightJellies/pause 100/speak Otter.Cambria \"{{i18n:MGC.Cambria.OpenUp.01}}\"/pause 400/emote farmer 40/pause 200/faceDirection Otter.Cambria 3/pause 100/speak Otter.Cambria \"{{i18n:MGC.Cambria.OpenUp.02}}\"/pause 100/faceDirection Otter.Cambria 2/speak Otter.Cambria \"{{i18n:MGC.Cambria.OpenUp.03}}\"/pause 500/emote Otter.Cambria 40/pause 200/faceDirection Otter.Cambria 3/quickQuestion \"{{i18n:MGC.Cambria.OpenUp.question1}}{{PlayerName}}{{i18n:MGC.Cambria.OpenUp.question2}}\"#{{i18n:MGC.Cambria.OpenUp.option1}}#{{i18n:MGC.Cambria.OpenUp.option2}}#{{i18n:MGC.Cambria.OpenUp.option3}}(break)speak Otter.Cambria \"{{i18n:MGC.Cambria.OpenUp.answer1}}\"(break)speak Otter.Cambria \"{{i18n:MGC.Cambria.OpenUp.answer2}}\"(break)speak Otter.Cambria \"{{i18n:MGC.Cambria.OpenUp.answer3}}\"/pause 200/speak Otter.Cambria \"{{i18n:MGC.Cambria.OpenUp.05}}\"/pause 200/faceDirection Otter.Cambria 2/shake Otter.Cambria 500/showFrame Otter.Cambria 22/speak Otter.Cambria \"{{i18n:MGC.Cambria.OpenUp.06}}\"/pause 200/speak Otter.Cambria \"{{i18n:MGC.Cambria.OpenUp.07}}\"/pause 200/emote farmer 8/pause 200/speak Otter.Cambria \"{{i18n:MGC.Cambria.OpenUp.08}}\"/pause 200/faceDirection Otter.Cambria 3/speak Otter.Cambria \"{{i18n:MGC.Cambria.OpenUp.09}}\"/pause 200/speak Otter.Cambria \"{{i18n:MGC.Cambria.OpenUp.10}}\"/pause 200/stopMusic/playMusic MGC.Theme/animate Otter.Cambria false true 500 20 21/pause 200/emote farmer 56/pause 900/viewport move -1 0 8000/pause 4000/globalFade/viewport -1000 -1000/pause 500/end"
            }
        },
        {
            "LogName": "Camie Letter 6 Hearts",
            "Action": "EditData",
            "Target": "Data/Events/EastScarp_Village",
            "Entries": {
                "MGC.Cambria.06/LocalMail GabeLetter": "MGC.Theme/16 72/farmer 7 72 1 Otter.Cambria 21 72 3/addConversationTopic CamieMail 3/skippable/speed farmer 4/move farmer 7 0 1 true/move Otter.Cambria -5 0 3 true/speed farmer 3/pause 3200/emote Otter.Cambria 8/speak Otter.Cambria \"{{i18n:MGC.Cambria.Letter.01}}\"/pause 300/emote farmer 40/pause 200/speak Otter.Cambria \"{{i18n:MGC.Cambria.Letter.02}}\"/pause 200/faceDirection farmer 2/showFrame farmer 57/addObject 14 70 79 3/pause 1300/removeTemporarySprites/faceDirection farmer 1/playSound shwip/shake Otter.Cambria 500/showFrame Otter.Cambria 28/pause 600/emote Otter.Cambria 40/pause 400/speak Otter.Cambria \"{{i18n:MGC.Cambria.Letter.03}}\"/pause 200/faceDirection Otter.Cambria 3/pause 200/speak Otter.Cambria \"{{i18n:MGC.Cambria.Letter.04}}\"/pause 200/emote farmer 32/globalFade/viewport -100 -100/warp Otter.Cambria 50 128/showFrame Otter.Cambria 23/positionOffset Otter.Cambria 5 11/warp farmer 49 128/faceDirection farmer 2/positionOffset farmer 20 30/animate farmer false true 70 70/viewport 50 125/globalFadeToClear/speak Otter.Cambria \"...$2\"/pause 200/showFrame Otter.Cambria 27/pause 200/speak Otter.Cambria \"{{i18n:MGC.Cambria.Letter.05}}\"/pause 200/showFrame Otter.Cambria 23/pause 200/stopMusic/speak Otter.Cambria \"{{i18n:MGC.Cambria.Letter.06}}\"/pause 200/glow 80 70 200 true/playMusic desolate/pause 200/speak Otter.Cambria \"{{i18n:MGC.Cambria.Letter.07}}\"/pause 200/speak Otter.Cambria \"{{i18n:MGC.Cambria.Letter.08}}\"/pause 200/emote Otter.Cambria 40/pause 200/speak Otter.Cambria \"{{i18n:MGC.Cambria.Letter.09}}\"/pause 200/speak Otter.Cambria \"{{i18n:MGC.Cambria.Letter.10}}\"/pause 200/emote Otter.Cambria 28/pause 200/speak Otter.Cambria \"{{i18n:MGC.Cambria.Letter.11}}\"/pause 200/speak Otter.Cambria \"{{i18n:MGC.Cambria.Letter.12}}\"/pause 200/emote Otter.Cambria 40/quickQuestion \"{{i18n:MGC.Cambria.Letter.question}}\"#\"{{i18n:MGC.Cambria.Letter.option1}}\"#{{i18n:MGC.Cambria.Letter.option2}}#{{i18n:MGC.Cambria.Letter.option3}}(break)speak Otter.Cambria \"{{i18n:MGC.Cambria.Letter.answer1}}\"(break)speak Otter.Cambria \"{{i18n:MGC.Cambria.Letter.answer2}}\"(break)speak Otter.Cambria \"{{i18n:MGC.Cambria.Letter.answer3}}\"/pause 200/speak Otter.Cambria \"{{i18n:MGC.Cambria.Letter.13}}\"/pause 200/emote farmer 60/pause 200/speak Otter.Cambria \"{{i18n:MGC.Cambria.Letter.14}}\"/pause 200/emote farmer 32/pause 900/viewport move -1 0 8000/pause 4000/globalFade/viewport -1000 -1000/end position 49 129"
            }
        },
        {
            "LogName": "Camie Coffee and Bees 10 Hearts",
            "Action": "EditData",
            "Target": "Data/Events/EastScarp_LoresCove",
            "Entries": {
                "MGC.Cambria.07/Friendship Otter.Cambria 2500/SawEvent MGC.Cambria.06/Time 1700 2000/Weather sunny": "MGC.Theme/45 20/farmer 42 20 1 Otter.Cambria 999 999 1 Otter.Orchid 47 11 2/addConversationTopic CoveAtTwilight 3/skippable/pause 500/move farmer 3 0 2/playSound leafrustle/pause 200/playSound leafrustle/pause 500/emote farmer 8/pause 1000/playSound leafrustle/pause 200/playSound leafrustle/warp Otter.Cambria 47 21/showFrame farmer 94/jump farmer 8/faceDirection Otter.Cambria 3/emote Otter.Cambria 16/faceDirection farmer 2/pause 200/speak Otter.Cambria \"{{i18n:MGC.Cambria.Twilight.01}}\"/emote farmer 12/pause 500/speak Otter.Cambria \"{{i18n:MGC.Cambria.Twilight.02}}\"/move farmer 0 1 2/faceDirection Otter.Cambria 2/pause 500/speak Otter.Cambria \"{{i18n:MGC.Cambria.Twilight.03}}\"/emote farmer 28/emote Otter.Cambria 56/pause 500/playSound cluck/pause 200/playSound cluck/pause 500/textABoveHead Otter.Cambria \"{{i18n:MGC.Cambria.Twilight.04}}\"/pause 750/speak Otter.Cambria \"{{i18n:MGC.Cambria.Twilight.05}}\"/emote farmer 40/pause 750/speak Otter.Cambria \"{{i18n:MGC.Cambria.Twilight.06}}\"/pause 750/advancedMove Otter.Cambria false 0 -1 -7 0 0 2 2 10/textABoveHead Otter.Cambria \"{{i18n:MGC.Cambria.Twilight.07}}\"/advancedMove farmer false -2 0 0 5 -1 0 4 10/pause 1000/emote farmer 32/pause 1000/globalFade/viewport -1000 -1000/pause 1000/changeLocation Squeaks.MGC.CP_TwilightOcean/stopMusic/viewport 21 12/warp Otter.Cambria 50 50/warp farmer 51 51/warp Otter.Orchid 52 52/viewport move 0 1 5/globalFadeToClear/playMusic junimoKart_whaleMusic/pause 2000/speak Otter.Cambria \"{{i18n:MGC.Cambria.Twilight.08}}\"/pause 750/playSound clank/pause 200/playSound stoneStep/pause 750/speak Otter.Cambria \"{{i18n:MGC.Cambria.Twilight.09}}\"/pause 750/playSound doorCreak/pause 750/speak Otter.Cambria \"{{i18n:MGC.Cambria.Twilight.10}}\"/pause 750/playSound axe/pause 200/playSound axe/pause 750/speak Otter.Cambria \"{{i18n:MGC.Cambria.Twilight.11}}\"/pause 500/speak Otter.Cambria \"{{i18n:MGC.Cambria.Twilight.12}}\"/pause 750/playSound doorCreakReverse/pause 750/speak Otter.Cambria \"{{i18n:MGC.Cambria.Twilight.13}}\"/pause 2000/globalFade/viewport -1000 -1000/showFrame Otter.Cambria 0/changeLocation EastScarp_LoresCove/viewport 42 16/warp Otter.Cambria 41 16/warp farmer 42 16/warp Otter.Orchid 47 3/faceDirection farmer 2/faceDirection Otter.Orchid 2/viewport move 0 1 5/glow 200 70 80 true/playMusic MGC.Theme/pause 750/faceDirection Otter.Cambria 1/speak Otter.Cambria \"{{i18n:MGC.Cambria.Twilight.14}}\"/pause 500/jump farmer 4/showFrame farmer 97 true/emote Otter.Cambria 32/pause 1000/faceDirection farmer 3/advancedMove Otter.Cambria false -3 0 0 -2 4 10/pause 2000/playSound doorClose/warp Otter.Cambria 999 999/pause 500/advancedMove farmer false -4 0 0 -2 4 10/pause 2500/playSound doorClose/warp farmer 999 999/pause 2000/viewport move 1 -2 3000/pause 3000/textABoveHead Otter.Orchid \"...\"/pause 750/speak Otter.Orchid \"{{i18n:MGC.Cambria.Twilight.15}}\"/pause 500/speak Otter.Orchid \"{{i18n:MGC.Cambria.Twilight.16}}\"/pause 750/speak Otter.Orchid \"{{i18n:MGC.Cambria.Twilight.17}}\"/pause 500/textABoveHead Otter.Orchid \"{{i18n:MGC.Cambria.Twilight.18}}\"/pause 500/advancedMove Otter.Orchid false 0 -4 2 10/pause 1500/warp Otter.Orchid 999 999/pause 1000/globalFade/viewport -1000 -1000/pause 1000/playSound reward/message \"{{i18n:MGC.Cambria.Twilight.19}}\"/pause 1000/end"
            }
        },
        { //Reduces resource requirements for beehives
            "Action": "EditData",
            "Target": "Data/CraftingRecipes",
            "When": {
                "HasSeenEvent": "MGC.Cambria.07"
            },
            "Fields": {
                "Bee House": {
                    0: "388 20 382 4 335 1 724 1"
                }
            }
        }
    ]
}