{
    "Changes": [
        {
            "Action": "EditData",
            "Target": "Data/TriggerActions",
            "Entries": {
                "Squeaks.MGC.CP_CambriaGreenhouse": {
                    "Id": "Squeaks.MGC.CP_CambriaGreenhouse",
                    "Trigger": "DayStarted",
                    "Condition": "PLAYER_FRIENDSHIP_POINTS Current Otter.Cambria 1000, PLAYER_HAS_SEEN_EVENT Current MGC.Cambria.04",
                    "Action": "AddMail Current CambriaGreenhouse now"
                }
            }
        },
        {
            "Action": "EditData",
            "Target": "Data/TriggerActions",
            "Entries": {
                "Squeaks.MGC.CP_GabeLetter": {
                    "Id": "Squeaks.MGC.CP_GabeLetter",
                    "Trigger": "DayStarted",
                    "Condition": "PLAYER_FRIENDSHIP_POINTS Current Otter.Cambria 1500, PLAYER_HAS_SEEN_EVENT Current MGC.Cambria.04",
                    "Action": "AddMail Current GabeLetter now"
                }
            }
        }
    ]
}