{
    "Changes": [

        {
            "LogName": "Nora Strings",
            "Action": "EditData",
            "Target": "Strings/schedules/Nora",
            "Entries": {

    "NoraClinic.000": "{{i18n:Strings.Nora.ClinicAppointment.1}}",
    "NoraClinic.001": "{{i18n:Strings.Nora.ClinicAppointment.2}}",
    "NoraClinic.002": "{{i18n:Strings.Nora.ClinicAppointment.3}}",
    "NoraResearch.000": "{{i18n:Strings.Nora.Research.1}}",
    "NoraResearch.001": "{{i18n:Strings.Nora.Research.2}}",
    "NoraResearch.002": "{{i18n:Strings.Nora.Research.3}}",
    "NoraResearch.003": "{{i18n:Strings.Nora.Research.4}}",
    "NoraGunther.000": "{{i18n:Strings.Nora.Gunther.1}}",
    "NoraStudyRain.000": "{{i18n:Strings.Nora.StudyRain}}",
    "NoraPets.000": "{{i18n:Strings.Nora.Pets.1}}",
    "NoraPets.001": "{{i18n:Strings.Nora.Pets.2}}",
    "NoraPets.002": "{{i18n:Strings.Nora.Pets.3}}",
    "NoraStudying.000": "{{i18n:Strings.Nora.Studying}}",
    "NoraBridge.000": "{{i18n:Strings.Nora.TownBridge.1}}",
    "NoraBridge.001": "{{i18n:Strings.Nora.TownBridge.2}}",
    "NoraInn.000": "{{i18n:Strings.Nora.Inn.1}}",
    "NoraInn.001": "{{i18n:Strings.Nora.Inn.2}}",
    "NoraInn.002": "{{i18n:Strings.Nora.Inn.3}}",
    "NoraSaloon.000": "{{i18n:Strings.Nora.Saloon}}",
    "NoraReading.000": "{{i18n:Strings.Nora.Reading.1}}",
    "NoraReading.001": "{{i18n:Strings.Nora.Reading.2}}",
    "NoraCoffee.000": "{{i18n:Strings.Nora.Coffee.1}}",
    "NoraCoffee.001": "{{i18n:Strings.Nora.Coffee.2}}",
    "NoraBusy.000": "{{i18n:Strings.Nora.Busy.1}}",
    "NoraBusy.001": "{{i18n:Strings.Nora.Busy.2}}",
    "NoraCoffee.003": "{{i18n:Strings.Nora.Coffee.3}}",
    "NoraCoffeeInn": "{{i18n:Strings.Nora.Coffee.3}}",
    "NoraLibrary.001": "{{i18n:Strings.Nora.Library.1}}",
    "NoraLibrary.002": "{{i18n:Strings.Nora.Library.2}}",
    "NoraGunther.001": "{{i18n:Strings.Nora.Gunther.2}}",
    "NoraPinkyPie": "{{i18n:Strings.Nora.PinkyPie}}",
    "NoraStupid": "{{i18n:Strings.Nora.Stupid}}",
    "NoraBeach": "{{i18n:Strings.Nora.Beach}}",
    "NoraReading.002": "{{i18n:Strings.Nora.Reading.3}}",
    "NoraResearch.004": "{{i18n:Strings.Nora.Research}}",
    "NoraJacob": "{{i18n:Strings.Nora.Jacob}}",
    "NoraPierre.000": "{{i18n:Strings.Nora.Pierre.1}}",
    "NoraPierre.001": "{{i18n:Strings.Nora.Pierre.2}}",
    "NoraSaloon.001": "{{i18n:Strings.Nora.Saloon.2}}",
    "NoraSaloon.002": "{{i18n:Strings.Nora.Saloon.3}}",
    "NoraInn.003": "{{i18n:Strings.Nora.Saloon.3}}",
    "NoraLake": "{{i18n:Strings.Nora.ESLake}}",
    "NoraCoffeWork": "{{i18n:Strings.Nora.Coffee.4}}",
    "NoraWork.000": "{{i18n:Strings.Nora.Working.1}}",
    "NoraFishGossip": "{{i18n:Strings.Nora.Bridge.3}}",
    "NoraResearching": "{{i18n:Strings.Nora.Researching}}",
    "NoraFinishWork": "{{i18n:Strings.Nora.FinishWork}}",
    "NoraFishGossip.001": "{{i18n:Strings.Nora.Bridge.4}}",
    "NoraFriday": "{{i18n:Strings.Nora.Friday}}",
    "NoraSaloon.003": "{{i18n:Strings.Nora.Saloon.4}}",
    "NoraJacob.001": "{{i18n:Strings.Nora.Jacob.2}}",
    "NoraReading.003": "{{i18n:Strings.Nora.Book}}",
    "NoraQuietReading": "{{i18n:Strings.Nora.QuietReading}}",
    "NoraNightMarket.001": "{{i18n:NightMarket.Nora.1A}}",
    "NoraNightMarket.002": "{{i18n:NightMarket.Nora.1B}}",
    "NoraNightMarket.003": "{{i18n:NightMarket.Nora.2A}}",
    "NoraNightMarket.004": "{{i18n:NightMarket.Nora.2B}}",
    "NoraNightMarket.005": "{{i18n:NightMarket.Nora.3A}}",
    "NoraNightMarket.006": "{{i18n:NightMarket.Nora.3B}}",
    "NoraCommunityDay.001": "{{i18n:Strings.Nora.CommunityDay.1}}",
    "NoraCommunityDay.002": "{{i18n:Strings.Nora.CommunityDay.2}}",
    "NoraCommunityDay.003": "{{i18n:Strings.Nora.CommunityDay.3}}",
    "NoraCommunityDay.004": "{{i18n:Strings.Nora.CommunityDay.4}}",
    "NoraGreenRainPinkie": "{{i18n:Strings.Nora.GreenRainPinkiePie}}",
    "NoraGreenRainStupid": "{{i18n:Strings.Nora.GreenRainStupid}}",
    "NoraPride": "{{i18n:Strings.Nora.PrideInTheValley}}",
    "NoraSpiritsEve.000": "{{i18n:Strings.Nora.SpiritsEveInn.1}}",
    "NoraSpiritsEve.001": "{{i18n:Strings.Nora.SpiritsEveInn.2}}",
    "NoraSpiritsEve.002": "{{i18n:Strings.Nora.SpiritsEveInn.3}}"
            }
        }
    ]
}