{ "Changes":

[ 
    { 
        "LogName": "Nora's Heart Dialogue 0-10",
        "Action": "EditData",
        "Target": "Characters/Dialogue/Nora",
        "Entries": 

        {
           // NAME AND INTRO
           "Name": "{{i18n:Core.Nora.Name}}",
           "Introduction": "{{i18n:Core.Nora.Introduction}}",

           // FESTIVALS
           "spring_12": "{{i18n:Core.Nora.EggFestival}}",
           "spring_23": "{{i18n:Core.Nora.FlowerDance}}",
           "summer_10": "{{i18n:Core.Nora.Luau}}",
           "summer_27": "{{i18n:Core.Nora.MoonlightJellies}}",
           "fall_15": "{{i18n:Core.Nora.SDVFair}}",
           "fall_26": "{{i18n:Core.Nora.SpiritsEve}}",
           "winter_7": "{{i18n:Core.Nora.IceFestival}}",
           "winter_16": "{{i18n:Core.Nora.NightMarket}}",
           "winter_24": "{{i18n:Core.Nora.WinterStar}}",

           /// HEART DIALOGUE

           // 0 HEARTS - SPRING
           "spring_Mon": "{{i18n:Core.Nora.Spring.Mon.0h}}",
           "spring_Tue": "{{i18n:Core.Nora.Spring.Tue.0h}}",
           "spring_Wed": "{{i18n:Core.Nora.Spring.Wed.0h}}",
           "spring_Thu": "{{i18n:Core.Nora.Spring.Thu.0h}}",
           "spring_Fri": "{{i18n:Core.Nora.Spring.Fri.0h}}",
           "spring_Sat": "{{i18n:Core.Nora.Spring.Sat.0h}}",
           "spring_Sun": "{{i18n:Core.Nora.Spring.Sun.0h}}",

           // 0 HEARTS - SUMMER
           "summer_Mon": "{{i18n:Core.Nora.Summer.Mon.0h}}",
           "summer_Tue": "{{i18n:Core.Nora.Summer.Tue.0h}}",
           "summer_Wed": "{{i18n:Core.Nora.Summer.Wed.0h}}",
           "summer_Thu": "{{i18n:Core.Nora.Summer.Thu.0h}}",
           "summer_Fri": "{{i18n:Core.Nora.Summer.Fri.0h}}",
           "summer_Sat": "{{i18n:Core.Nora.Summer.Sat.0h}}",
           "summer_Sun": "{{i18n:Core.Nora.Summer.Sun.0h}}",

           // 0 HEARTS - FALL
           "fall_Mon": "{{i18n:Core.Nora.Fall.Mon.0h}}",
           "fall_Tue": "{{i18n:Core.Nora.Fall.Tue.0h}}",
           "fall_Wed": "{{i18n:Core.Nora.Fall.Wed.0h}}",
           "fall_Thu": "{{i18n:Core.Nora.Fall.Thu.0h}}",
           "fall_Fri": "{{i18n:Core.Nora.Fall.Fri.0h}}",
           "fall_Sat": "{{i18n:Core.Nora.Fall.Sat.0h}}",
           "fall_Sun": "{{i18n:Core.Nora.Fall.Sun.0h}}",

           // 0 HEARTS - WINTER

           "winter_Mon": "{{i18n:Core.Nora.Winter.Mon.0h}}",
           "winter_Tue": "{{i18n:Core.Nora.Winter.Tue.0h}}",
           "winter_Wed": "{{i18n:Core.Nora.Winter.Wed.0h}}",
           "winter_Thu": "{{i18n:Core.Nora.Winter.Thu.0h}}",
           "winter_Fri": "{{i18n:Core.Nora.Winter.Fri.0h}}",
           "winter_Sat": "{{i18n:Core.Nora.Winter.Sat.0h}}",
           "winter_Sun": "{{i18n:Core.Nora.Winter.Sun.0h}}",

           // 2 HEARTS - SPRING

           "spring_Mon2": "{{i18n:Core.Nora.Spring.Mon.2h}}",
           "spring_Tue2": "{{i18n:Core.Nora.Spring.Tue.2h}}",
           "spring_Wed2": "{{i18n:Core.Nora.Spring.Wed.2h}}",
           "spring_Thu2": "{{i18n:Core.Nora.Spring.Thu.2h}}",
           "spring_Fri2": "{{i18n:Core.Nora.Spring.Fri.2h}}",
           "spring_Sat2": "{{i18n:Core.Nora.Spring.Sat.2h}}",
           "spring_Sun2": "{{i18n:Core.Nora.Spring.Sun.2h}}",

           // 2 HEARTS - SUMMER

           "summer_Mon2": "{{i18n:Core.Nora.Summer.Mon.2h}}",
           "summer_Tue2": "{{i18n:Core.Nora.Summer.Tue.2h}}",
           "summer_Wed2": "{{i18n:Core.Nora.Summer.Wed.2h}}",
           "summer_Thu2": "{{i18n:Core.Nora.Summer.Thu.2h}}",
           "summer_Fri2": "{{i18n:Core.Nora.Summer.Fri.2h}}",
           "summer_Sat2": "{{i18n:Core.Nora.Summer.Sat.2h}}",
           "summer_Sun2": "{{i18n:Core.Nora.Summer.Sun.2h}}",

           // 2 HEARTS - FALL

           "fall_Mon2": "{{i18n:Core.Nora.Fall.Mon.2h}}",
           "fall_Tue2": "{{i18n:Core.Nora.Fall.Tue.2h}}",
           "fall_Wed2": "{{i18n:Core.Nora.Fall.Wed.2h}}",
           "fall_Thu2": "{{i18n:Core.Nora.Fall.Thu.2h}}",
           "fall_Fri2": "{{i18n:Core.Nora.Fall.Fri.2h}}",
           "fall_Sat2": "{{i18n:Core.Nora.Fall.Sat.2h}}",
           "fall_Sun2": "{{i18n:Core.Nora.Fall.Sun.2h}}",

           // 2 HEARTS - WINTER

           "winter_Mon2": "{{i18n:Core.Nora.Winter.Mon.2h}}",
           "winter_Tue2": "{{i18n:Core.Nora.Winter.Tue.2h}}",
           "winter_Wed2": "{{i18n:Core.Nora.Winter.Wed.2h}}",
           "winter_Thu2": "{{i18n:Core.Nora.Winter.Thu.2h}}",
           "winter_Fri2": "{{i18n:Core.Nora.Winter.Fri.2h}}",
           "winter_Sat2": "{{i18n:Core.Nora.Winter.Sat.2h}}",
           "winter_Sun2": "{{i18n:Core.Nora.Winter.Sun.2h}}",

           // 4 HEARTS - SPRING

           "spring_Mon4": "{{i18n:Core.Nora.Spring.Mon.4h}}",
           "spring_Tue4": "{{i18n:Core.Nora.Spring.Tue.4h}}",
           "spring_Wed4": "{{i18n:Core.Nora.Spring.Wed.4h}}",
           "spring_Thu4": "{{i18n:Core.Nora.Spring.Thu.4h}}",
           "spring_Fri4": "{{i18n:Core.Nora.Spring.Fri.4h}}",
           "spring_Sat4": "{{i18n:Core.Nora.Spring.Sat.4h}}",
           "spring_Sun4": "{{i18n:Core.Nora.Spring.Sun.4h}}",

           // 4 HEARTS - SUMMER

           "summer_Mon4": "{{i18n:Core.Nora.Summer.Mon.4h}}",
           "summer_Tue4": "{{i18n:Core.Nora.Summer.Tue.4h}}",
           "summer_Wed4": "{{i18n:Core.Nora.Summer.Wed.4h}}",
           "summer_Thu4": "{{i18n:Core.Nora.Summer.Thu.4h}}",
           "summer_Fri4": "{{i18n:Core.Nora.Summer.Fri.4h}}",
           "summer_Sat4": "{{i18n:Core.Nora.Summer.Sat.4h}}",
           "summer_Sun4": "{{i18n:Core.Nora.Summer.Sun.4h}}",

           // 4 HEARTS - FALL

           "fall_Mon4": "{{i18n:Core.Nora.Fall.Mon.4h}}",
           "fall_Tue4": "{{i18n:Core.Nora.Fall.Tue.4h}}",
           "fall_Wed4": "{{i18n:Core.Nora.Fall.Wed.4h}}",
           "fall_Thu4": "{{i18n:Core.Nora.Fall.Thu.4h}}",
           "fall_Fri4": "{{i18n:Core.Nora.Fall.Fri.4h}}",
           "fall_Sat4": "{{i18n:Core.Nora.Fall.Sat.4h}}",
           "fall_Sun4": "{{i18n:Core.Nora.Fall.Sun.4h}}",

           // 4 HEARTS - WINTER

           "winter_Mon4": "{{i18n:Core.Nora.Winter.Mon.4h}}",
           "winter_Tue4": "{{i18n:Core.Nora.Winter.Tue.4h}}",
           "winter_Wed4": "{{i18n:Core.Nora.Winter.Wed.4h}}",
           "winter_Thu4": "{{i18n:Core.Nora.Winter.Thu.4h}}",
           "winter_Fri4": "{{i18n:Core.Nora.Winter.Fri.4h}}",
           "winter_Sat4": "{{i18n:Core.Nora.Winter.Sat.4h}}",
           "winter_Sun4": "{{i18n:Core.Nora.Winter.Sun.4h}}",

           // 6 HEARTS - SPRING

           "spring_Mon6": "{{i18n:Core.Nora.Spring.Mon.6h}}",
           "spring_Tue6": "{{i18n:Core.Nora.Spring.Tue.6h}}",
           "spring_Wed6": "{{i18n:Core.Nora.Spring.Wed.6h}}",
           "spring_Thu6": "{{i18n:Core.Nora.Spring.Thu.6h}}",
           "spring_Fri6": "{{i18n:Core.Nora.Spring.Fri.6h}}",
           "spring_Sat6": "{{i18n:Core.Nora.Spring.Sat.6h}}",
           "spring_Sun6": "{{i18n:Core.Nora.Spring.Sun.6h}}",

           // 6 HEARTS - SUMMER

           "summer_Mon6": "{{i18n:Core.Nora.Summer.Mon.6h}}",
           "summer_Tue6": "{{i18n:Core.Nora.Summer.Tue.6h}}",
           "summer_Wed6": "{{i18n:Core.Nora.Summer.Wed.6h}}",
           "summer_Thu6": "{{i18n:Core.Nora.Summer.Thu.6h}}",
           "summer_Fri6": "{{i18n:Core.Nora.Summer.Fri.6h}}",
           "summer_Sat6": "{{i18n:Core.Nora.Summer.Sat.6h}}",
           "summer_Sun6": "{{i18n:Core.Nora.Summer.Sun.6h}}",

           // 6 HEARTS - FALL

           "fall_Mon6": "{{i18n:Core.Nora.Fall.Mon.6h}}",
           "fall_Tue6": "{{i18n:Core.Nora.Fall.Tue.6h}}",
           "fall_Wed6": "{{i18n:Core.Nora.Fall.Wed.6h}}",
           "fall_Thu6": "{{i18n:Core.Nora.Fall.Thu.6h}}",
           "fall_Fri6": "{{i18n:Core.Nora.Fall.Fri.6h}}",
           "fall_Sat6": "{{i18n:Core.Nora.Fall.Sat.6h}}",
           "fall_Sun6": "{{i18n:Core.Nora.Fall.Sun.6h}}",

           // 6 HEARTS - WINTER

           "winter_Mon6": "{{i18n:Core.Nora.Winter.Mon.6h}}",
           "winter_Tue6": "{{i18n:Core.Nora.Winter.Tue.6h}}",
           "winter_Wed6": "{{i18n:Core.Nora.Winter.Wed.6h}}",
           "winter_Thu6": "{{i18n:Core.Nora.Winter.Thu.6h}}",
           "winter_Fri6": "{{i18n:Core.Nora.Winter.Fri.6h}}",
           "winter_Sat6": "{{i18n:Core.Nora.Winter.Sat.6h}}",
           "winter_Sun6": "{{i18n:Core.Nora.Winter.Sun.6h}}",

           // 8 HEARTS - SPRING

           "spring_Mon8": "{{i18n:Core.Nora.Spring.Mon.8h}}",
           "spring_Tue8": "{{i18n:Core.Nora.Spring.Tue.8h}}",
           "spring_Wed8": "{{i18n:Core.Nora.Spring.Wed.8h}}",
           "spring_Thu8": "{{i18n:Core.Nora.Spring.Thu.8h}}",
           "spring_Fri8": "{{i18n:Core.Nora.Spring.Fri.8h}}",
           "spring_Sat8": "{{i18n:Core.Nora.Spring.Sat.8h}}",
           "spring_Sun8": "{{i18n:Core.Nora.Spring.Sun.8h}}",

           // 8 HEARTS - SUMMER

           "summer_Mon8": "{{i18n:Core.Nora.Summer.Mon.8h}}",
           "summer_Tue8": "{{i18n:Core.Nora.Summer.Tue.8h}}",
           "summer_Wed8": "{{i18n:Core.Nora.Summer.Wed.8h}}",
           "summer_Thu8": "{{i18n:Core.Nora.Summer.Thu.8h}}",
           "summer_Fri8": "{{i18n:Core.Nora.Summer.Fri.8h}}",
           "summer_Sat8": "{{i18n:Core.Nora.Summer.Sat.8h}}",
           "summer_Sun8": "{{i18n:Core.Nora.Summer.Sun.8h}}",

           // 8 HEARTS - FALL

           "fall_Mon8": "{{i18n:Core.Nora.Fall.Mon.8h}}",
           "fall_Tue8": "{{i18n:Core.Nora.Fall.Tue.8h}}",
           "fall_Wed8": "{{i18n:Core.Nora.Fall.Wed.8h}}",
           "fall_Thu8": "{{i18n:Core.Nora.Fall.Thu.8h}}",
           "fall_Fri8": "{{i18n:Core.Nora.Fall.Fri.8h}}",
           "fall_Sat8": "{{i18n:Core.Nora.Fall.Sat.8h}}",
           "fall_Sun8": "{{i18n:Core.Nora.Fall.Sun.8h}}",

           // 8 HEARTS - WINTER

           "winter_Mon8": "{{i18n:Core.Nora.Winter.Mon.8h}}",
           "winter_Tue8": "{{i18n:Core.Nora.Winter.Tue.8h}}",
           "winter_Wed8": "{{i18n:Core.Nora.Winter.Wed.8h}}",
           "winter_Thu8": "{{i18n:Core.Nora.Winter.Thu.8h}}",
           "winter_Fri8": "{{i18n:Core.Nora.Winter.Fri.8h}}",
           "winter_Sat8": "{{i18n:Core.Nora.Winter.Sat.8h}}",
           "winter_Sun8": "{{i18n:Core.Nora.Winter.Sun.8h}}",

           // 10 HEARTS - SPRING
           
           "spring_Mon10": "{{i18n:Core.Nora.Spring.Mon.10h}}",
           "spring_Tue10": "{{i18n:Core.Nora.Spring.Tue.10h}}",
           "spring_Wed10": "{{i18n:Core.Nora.Spring.Wed.10h}}",
           "spring_Thu10": "{{i18n:Core.Nora.Spring.Thu.10h}}",
           "spring_Fri10": "{{i18n:Core.Nora.Spring.Fri.10h}}",
           "spring_Sat10": "{{i18n:Core.Nora.Spring.Sat.10h}}",
           "spring_Sun10": "{{i18n:Core.Nora.Spring.Sun.10h}}",

           // 10 HEARTS - SUMMER

           "summer_Mon10": "{{i18n:Core.Nora.Summer.Mon.10h}}",
           "summer_Tue10": "{{i18n:Core.Nora.Summer.Tue.10h}}",
           "summer_Wed10": "{{i18n:Core.Nora.Summer.Wed.10h}}",
           "summer_Thu10": "{{i18n:Core.Nora.Summer.Thu.10h}}",
           "summer_Fri10": "{{i18n:Core.Nora.Summer.Fri.10h}}",
           "summer_Sat10": "{{i18n:Core.Nora.Summer.Sat.10h}}",
           "summer_Sun10": "{{i18n:Core.Nora.Summer.Sun.10h}}",

           // 10 HEARTS - FALL

           "fall_Mon10": "{{i18n:Core.Nora.Fall.Mon.10h}}",
           "fall_Tue10": "{{i18n:Core.Nora.Fall.Tue.10h}}",
           "fall_Wed10": "{{i18n:Core.Nora.Fall.Wed.10h}}",
           "fall_Thu10": "{{i18n:Core.Nora.Fall.Thu.10h}}",
           "fall_Fri10": "{{i18n:Core.Nora.Fall.Fri.10h}}",
           "fall_Sat10": "{{i18n:Cora.Nora.Fall.Sat.10h}}",
           "fall_Sun10": "{{i18n:Core.Nora.Fall.Sun.10h}}",

           // 10 HEARTS - WINTER

           "winter_Mon10": "{{i18n:Core.Nora.Winter.Mon.10h}}",
           "winter_Tue10": "{{i18n:Core.Nora.Winter.Tue.10h}}",
           "winter_Wed10": "{{i18n:Core.Nora.Winter.Wed.10h}}",
           "winter_Thu10": "{{i18n:Core.Nora.Winter.Thu.10h}}",
           "winter_Fri10": "{{i18n:Core.Nora.Winter.Fri.10h}}",
           "winter_Sat10": "{{i18n:Core.Nora.Winter.Sat.10h}}",
           "winter_Sun10": "{{i18n:Core.Nora.Winter.Sun.10h}}"
           
        }
    },
    {
        "LogName": "Nora Dating Dialogue",
        "Action": "EditData",
        "Target": "Characters/Dialogue/Nora",
        "Entries": {
            "spring_Mon10": "{{i18n:Core.NoraD.Spring.Mon.10h}}",
           "spring_Tue10": "{{i18n:Core.NoraD.Spring.Tue.10h}}",
           "spring_Wed10": "{{i18n:Core.NoraD.Spring.Wed.10h}}",
           "spring_Thu10": "{{i18n:Core.NoraD.Spring.Thu.10h}}",
           "spring_Fri10": "{{i18n:Core.NoraD.Spring.Fri.10h}}",
           "spring_Sat10": "{{i18n:Core.NoraD.Spring.Sat.10h}}",
           "spring_Sun10": "{{i18n:Core.NoraD.Spring.Sun.10h}}",

           "summer_Mon10": "{{i18n:Core.NoraD.Summer.Mon.10h}}",
           "summer_Tue10": "{{i18n:Core.NoraD.Summer.Tue.10h}}",
           "summer_Wed10": "{{i18n:Core.NoraD.Summer.Wed.10h}}",
           "summer_Thu10": "{{i18n:Core.NoraD.Summer.Thu.10h}}",
           "summer_Fri10": "{{i18n:Core.NoraD.Summer.Fri.10h}}",
           "summer_Sat10": "{{i18n:Core.NoraD.Summer.Sat.10h}}",
           "summer_Sun10": "{{i18n:Core.NoraD.Summer.Sun.10h}}",

           "fall_Mon10": "{{i18n:Core.NoraD.Fall.Mon.10h}}",
           "fall_Tue10": "{{i18n:Core.NoraD.Fall.Tue.10h}}",
           "fall_Wed10": "{{i18n:Core.NoraD.Fall.Wed.10h}}",
           "fall_Thu10": "{{i18n:Core.NoraD.Fall.Thu.10h}}",
           "fall_Fri10": "{{i18n:Core.NoraD.Fall.Fri.10h}}",
           "fall_Sat10": "{{i18n:Cora.NoraD.Fall.Sat.10h}}",
           "fall_Sun10": "{{i18n:Core.NoraD.Fall.Sun.10h}}",

           "winter_Mon10": "{{i18n:Core.NoraD.Winter.Mon.10h}}",
           "winter_Tue10": "{{i18n:Core.NoraD.Winter.Tue.10h}}",
           "winter_Wed10": "{{i18n:Core.NoraD.Winter.Wed.10h}}",
           "winter_Thu10": "{{i18n:Core.NoraD.Winter.Thu.10h}}",
           "winter_Fri10": "{{i18n:Core.NoraD.Winter.Fri.10h}}",
           "winter_Sat10": "{{i18n:Core.NoraD.Winter.Sat.10h}}",
           "winter_Sun10": "{{i18n:Core.NoraD.Winter.Sun.10h}}"
        },
        "When": {
            "Relationship:Nora |contains=Dating": true
        }
    }
]

}