{
    "Changes": [
        {
            "LogName": "Nora CT Dialogue: Harvey",
            "Action": "EditData",
            "Target": "Characters/Dialogue/Harvey",
            "Entries": {
                "NoraIntro": "{{i18n:CT.Harvey.NoraIntro}}",
                "NoraFear": "{{i18n:CT.Harvey.NoraFear}}",
                "NoraSad": "{{i18n:CT.Harvey.NoraSad}}",
                "NoraBusy": "{{i18n:CT.Harvey.NoraBusy}}",
                "NoraProud": "{{i18n:CT.Harvey.NoraProud}}",
                "NoraMuseum": "{{i18n:CT.Harvey.NoraMuseum}}",
                "NoraChameleon": "{{i18n:CT.Harvey.NoraChameleon}}",
                "GirlfriendNora": "{{i18n:CT.Harvey.GirlfriendNora}}"
            }
        },
        {
            "LogName": "Nora CT Dialogue: Leah",
            "Action": "EditData",
            "Target": "Characters/Dialogue/Leah",
            "Entries": {
                "NoraIntro": "{{i18n:CT.Leah.NoraIntro}}",
                "NoraSad": "{{i18n:CT.Leah.NoraSad}}",
                "NoraProud": "{{i18n:CT.Leah.NoraProud}}",
                "NoraMuseum": "{{i18n:CT.Leah.NoraMuseum}}",
                "NoraChameleon": "{{i18n:CT.Leah.NoraChameleon}}",
                "GirlfriendNora": "{{i18n:CT.Leah.GirlfriendNora}}" 
            }
        },
        {
            "LogName": "Nora CT Dialogue: Maru",
            "Action": "EditData",
            "Target": "Characters/Dialogue/Maru",
            "Entries": {
                "NoraIntro": "{{i18n:CT.Maru.NoraIntro}}",
                "NoraFear": "{{i18n:CT.Maru.NoraFear}}",
                "NoraBusy": "{{i18n:CT.Maru.NoraBusy}}",
                "NoraProud": "{{i18n:CT.Maru.NoraProud}}",
                "NoraMuseum": "{{i18n:CT.Maru.NoraMuseum}}",
                "NoraChameleon": "{{i18n:CT.Maru.NoraChameleon}}",
                "GirlfriendNora": "{{i18n:CT.Maru.GirlfriendNora}}"
            }
        },
        {
            "LogName": "Nora CT Dialogue: Penny",
            "Action": "EditData",
            "Target": "Characters/Dialogue/Penny",
            "Entries": {
                "NoraClass": "{{i18n:CT.Penny.NoraClass}}",
                "NoraBusy": "{{i18n:CT.Penny.NoraBusy}}",
                "NoraChameleon": "{{i18n:CT.Penny.NoraChameleon}}",
                "GirlfriendNora": "{{i18n:CT.Penny.GirlfriendNora}}"
            }
        },
        {
            "LogName": "Nora CT Dialogue: Gunther",
            "Action": "EditData",
            "Target": "Characters/Dialogue/Gunther",
            "Entries": {
                "NoraIntro": "{{i18n:CT.Gunther.NoraIntro}}",
                "NoraClass": "{{i18n:CT.Gunther.NoraClass}}",
                "NoraSad": "{{i18n:CT.Gunther.NoraSad}}",
                "NoraBusy": "{{i18n:CT.Gunther.NoraBusy}}",
                "NoraProud": "{{i18n:CT.Gunther.NoraProud}}",
                "NoraMuseum": "{{i18n:CT.Gunther.NoraMuseum}}",
                "NoraChameleon": "{{i18n:CT.GuntherSilvian.NoraChameleon}}"
            }
        },
        {
            "LogName": "Nora CT Dialogue: Gunther SVE",
            "Action": "EditData",
            "Target": "Characters/Dialogue/GuntherSilvian",
            "Entries": {
                "NoraIntro": "{{i18n:CT.GuntherSilvian.NoraIntro}}",
                "NoraClass": "{{i18n:CT.GuntherSilvian.NoraClass}}",
                "NoraSad": "{{i18n:CT.GuntherSilvian.NoraSad}}",
                "NoraBusy": "{{i18n:CT.GuntherSilvian.NoraBusy}}",
                "NoraProud": "{{i18n:CT.GuntherSilvian.NoraProud}}",
                "NoraMuseum": "{{i18n:CT.GuntherSilvian.NoraMuseum}}",
                "NoraChameleon": "{{i18n:CT.GuntherSilvian.NoraChameleon}}"
            }
        },
        {
            "LogName": "Nora CT Dialogue: Vincent",
            "Action": "EditData",
            "Target": "Characters/Dialogue/Vincent",
            "Entries": {
                "NoraIntro": "{{i18n:CT.Vincent.NoraIntro}}",
                "NoraClass": "{{i18n:CT.Vincent.NoraClass}}"
            }
        },
        {
            "LogName": "Nora CT Dialogue: Jas",
            "Action": "EditData",
            "Target": "Characters/Dialogue/Jas",
            "Entries": {
                "NoraIntro": "{{i18n:CT.Jas.NoraIntro}}",
                "NoraClass": "{{i18n:CT.Jas.NoraClass}}"
            }
        },
        {
            "LogName": "Nora CT Dialogue: Sebastian",
            "Action": "EditData",
            "Target": "Characters/Dialogue/Sebastian",
            "Entries": {
                "NoraIntro": "{{i18n:CT.Sebastian.NoraIntro}}"
            }
        },
        {
            "LogName": "Nora CT Dialogue: Haley",
            "Action": "EditData",
            "Target": "Characters/Dialogue/Haley",
            "Entries": {
                "NoraIntro": "{{i18n:CT.Haley.NoraIntro}}",
                "GirlfriendNora": "{{i18n:CT.Haley.GirlfriendNora}}"
            }
        },
        {
            "LogName": "Nora CT Dialogue: Emily",
            "Action": "EditData",
            "Target": "Characters/Dialogue/Emily",
            "Entries": {
                "NoraIntro": "{{i18n:CT.Emily.NoraIntro}}",
                "GirlfriendNora": "{{i18n:CT.Emily.GirlfriendNora}}"
            }
        },
        {
            "LogName": "Nora CT Dialogue: Jodi",
            "Action": "EditData",
            "Target": "Characters/Dialogue/Jodi",
            "Entries": {
                "NoraIntro": "{{i18n:CT.Jodi.NoraIntro}}"
            }
        }
    ]
}