{ 
  "Changes": [
    {
      "Action": "EditData",
      "Target": "Data/Objects",
      "Entries": {
          "{{ModID}}_OwlBoyIcon": {
              "Name": "{{ModID}}_OwlBoyIcon",
              "DisplayName": "{{i18n: magicitem.OwlBoyIcon.name}}",
              "Description": "{{i18n: magicitem.OwlBoyIcon.description}}",
              "Type": "Basic",
              "Category": 0,
              "Price": 0,
              "Edibility": -300,
              "IsDrink": false,
              "ExcludeFromRandomSale": true,
              "ExcludeFromShippingCollection": true,
              "Buff": null,
              "Texture": "Textures/DN.SnS/SnSObjects",
              "SpriteIndex": 129
          }
      }
  },
    {
      "LogName": "Owlboy Buff",
      "Action": "EditData",
      "Target": "Data/Buffs",
      "Entries": {
        "{{ModId}}_OwlBoyBuff": {
          "DisplayName": "{{i18n:buff.owlboybuff}}",
          "Duration": 20000,
          "MaxDuration": -1,
          "IconTexture": "Textures/DN.SnS/SnSObjects",
          "IconSpriteIndex": 129,
          "Effects": { "Attack": 20 }
        }
        }
      },
    {
      "LogName": "Owl: Tinker",
      "Action": "EditData",
      "Target": "mushymato.TrinketTinker/Tinker",
      "Entries": {
        "{{ModId}}_OwlBoyKeychain": {
          "Variants": [
            {
              "Texture": "Characters/DN.SnS_OwlBoy",
              "Width": 19,
              "Height": 15,
              "ShadowScale": 0
            }
          ],
          "Motion": {
            "MotionClass": "Hover",
            "AlwaysMoving": true,
            "DirectionMode": "DRUL",
            "FrameLength": 4,
            "Anchors": [
              {
                "Mode": "Forage",
                "Range": 320
              },
              {
                "Mode": "Crop",
                "Range": 240
              }
            ],
           "AnimClips": {
              "Perching.1": {
                "FrameStart": 16,
                "FrameLength": 1
              },
              "Perching.2": {
                "FrameStart": 17,
                "FrameLength": 1
              },
              "Perching.3": {
                "FrameStart": 19,
                "FrameLength": 1
              },
              "Perching.4": {
                "FrameStart": 18,
                "FrameLength": 1
              },
              "AbilityProc": {
                "FrameStart": 20,
                "FrameLength": 2,
                "Interval": 900
              },
              "AbilityProc2": {
                "FrameStart": 20,
                "FrameLength": 2,
                "Interval": 200
              }
            },
            "SpeechBubbles": {
              "OwlBoyTalks": {
                "Text": "{{i18n: magicitem.destykeychain.dialogue.21}}",
                "Color": "Purple",
                "RandomSpeech": [ 
                  { "Text": "{{i18n: magicitem.destykeychain.dialogue.1}}", "Color": "Purple" },
                  { "Text": "{{i18n: magicitem.destykeychain.dialogue.2}}", "Color": "Purple" },
                  { "Text": "{{i18n: magicitem.destykeychain.dialogue.3}}", "Color": "Purple" },
                  { "Text": "{{i18n: magicitem.destykeychain.dialogue.4}}", "Color": "Purple" },
                  { "Text": "{{i18n: magicitem.destykeychain.dialogue.5}}", "Color": "Purple" },
                  { "Text": "{{i18n: magicitem.destykeychain.dialogue.6}}", "Color": "Purple" },
                  { "Text": "{{i18n: magicitem.destykeychain.dialogue.7}}", "Color": "Purple" },
                  { "Text": "{{i18n: magicitem.destykeychain.dialogue.8}}", "Color": "Purple" },
                  { "Text": "{{i18n: magicitem.destykeychain.dialogue.9}}", "Color": "Purple" },
                  { "Text": "{{i18n: magicitem.destykeychain.dialogue.10}}", "Color": "Purple" },
                  { "Text": "{{i18n: magicitem.destykeychain.dialogue.11}}", "Color": "Purple" },
                  { "Text": "{{i18n: magicitem.destykeychain.dialogue.12}}", "Color": "Purple" },
                  { "Text": "{{i18n: magicitem.destykeychain.dialogue.13}}", "Color": "Purple" },
                  { "Text": "{{i18n: magicitem.destykeychain.dialogue.14}}", "Color": "Purple" },
                  { "Text": "{{i18n: magicitem.destykeychain.dialogue.15}}", "Color": "Purple" },
                  { "Text": "{{i18n: magicitem.destykeychain.dialogue.16}}", "Color": "Purple" },
                  { "Text": "{{i18n: magicitem.destykeychain.dialogue.17}}", "Color": "Purple" },
                  { "Text": "{{i18n: magicitem.destykeychain.dialogue.18}}", "Color": "Purple" },
                  { "Text": "{{i18n: magicitem.destykeychain.dialogue.19}}", "Color": "Purple" },
                  { "Text": "{{i18n: magicitem.destykeychain.dialogue.20}}", "Color": "Purple" },
                  { "Text": "{{i18n: magicitem.destykeychain.dialogue.21}}", "Color": "Purple" }
              ]
              }
            },
            "Args": {
              "Magnitude": 16,
              "Period": 800,
              "PerchingTimeout": 9000,
              "PerchingOffset": "0,16"
            }
          },
          "Abilities": [
            [
              {
                "AbilityClass": "ItemDrop",
                "Proc": "Footstep",
                "ProcSound": {
                  "CueName": "pickUpItem",
                  "Pitch": [ 0 ]
                },
                "Condition": "SYNCED_RANDOM tick StilesBoomerang .0004",
                "Args": {
                  "ID": "StilesBoomerang",
                  "ItemId": "(W){{ModID}}_StilesBoomerang"
                }
              },
              {
                "Proc": "Timer",
                "ProcTimer": 2000,
                "AbilityClass": "Projectile",
                "ProcOneshotAnim": "AbilityProc2",
                "ProcSound": {
                  "CueName": "slingshot",
                  "Pitch": [ 0 ]
                },
                "Args": {
                  "StunTime": 150,
                  "Range": 1500,
                  "Texture": "Textures/DN.SnS/SnSArsenal",
                  "SpriteIndex": 51,
                  "Acceleration": 2,
                  "MinVelocity": 2,
                  "MaxVelocity": 24,
                  "SpriteWidth": 16,
                  "SpriteHeight": 16,
                  "IgnoreObjectCollisions": true,
                  "Min": 45,
                  "Max": 65,
                  "Filters": [ "Shadow Guy", "Shadow Shaman", "Shadow Sniper", "Shadow Brute", "Stygium Crab", "Rock Crab", "Truffle Crab", "Lava Crab", "Iridium Crab", "Stygium False Mushroom" ]
                }
              },
              {
                "AbilityClass": "Action",
                "Proc": "Footstep",
                "ProcSound": {
                  "CueName": "owl",
                  "Pitch": [ 0 ]
                },
                "ProcOneshotAnim": "AbilityProc",
                "ProcSpeechBubble": "OwlBoyTalks",
                "Condition": "SYNCED_RANDOM tick OwlBoyTalk1 .01",
                "Args": { "Action": "IncrementStat OwlBoyTalks 1" }
              },
              {
                "AbilityClass": "HarvestForage",
                "Proc": "Timer",
                "ProcTimer": 250,
                "ProcSound": {
                  "CueName": "harvest",
                  "Pitch": [ 0 ]
                },
                "Args": { "Range": 2 }
              },
              {
                "AbilityClass": "Buff",
                "Proc": "Timer",
                "ProcTimer": 19000,
                "ProcSound": {
                  "CueName": "owl",
                  "Pitch": [ 0 ]
                },
                "ProcOneshotAnim": "AbilityProc",
                "Args": { "BuffId": "{{ModId}}_OwlBoyBuff" }
              },
              {
                "AbilityClass": "Buff",
                "Proc": "Always",
                "Args": { "BuffId": "{{ModId}}_OwlBoyBuff" }
              },
              {
                "AbilityClass": "Action",
                "Proc": "Always",
                "Args": { "Action": "spacechase0.SpaceCore_ShowHudMessage \"{{i18n: magicitem.destykeychain.dialogue.Hi}}\" (O){{ModID}}_OwlBoyIcon" }
              }
            ]
          ]
        }
      }
    }
  ]
}