{
    "Format": "2.0.0",

    "DynamicTokens": [
        //some cameos!
        {
            "Name": "NoraLesson_SetUp",
            "Value": "farmer 9 14 1 Nora 18 9 2 Penny 17 12 0 Jas 19 10 3 Vincent 16 10 1 Eloise 18 12 0"
        },
        {
            "Name": "NoraLibrary_SetUp",
            "Value": "farmer -1000 -1000 0 Nora 5 10 0 Gunther 5 8 2 Penny 17 9 2"
        },
        {
            "Name": "NoraClinic_SetUp",
            "Value": "farmer -1000 -1000 0 Nora 11 14 0 Harvey 2 5 0 Maru 9 14 1"
        },
        {
            "Name": "NoraParty_SetUp",
            "Value": "farmer -1000 -1000 0 Nora 10 21 2 Maru 11 23 0 Gus 14 18 2 Emily 16 17 0 Harvey 9 22 1 Leah 11 21 2"
        },
        { 
            "Name": "NoraParty_SetUp",
            "Value": "{{NoraParty_SetUp}} Nova.Eli 5 17 2 Nova.Dylan 6 17 2",
            "When": { 
                "HasMod": "TenebrousNova.EliDylan.CP"
            }
        },
        {
            "Name": "NoraDeaf_SetUp",
            "Value": "farmer 13 11 0 Nora 18 9 0 Gunther 5 8 2"
        },
        {
            "Name": "NoraResort_SetUp",
            "Value": "farmer -100 -100 1 Nora 22 32 3 Willy 20 32 1 Alex 23 28 0 Gus 5 6 0 Haley 14 27 0"
        },
        {
            "Name": "NoraParty_SetUp",
            "Value": "{{NoraParty_SetUp}} PlumForrest 19 23 3",
            "When": {
                "HasMod": "AgentPhoenixCupcake.cp.PlumForrest"
            }
        },
        {
            "Name": "NoraParty_SetUp", 
            "Value": "{{NoraParty_SetUp}} Sigurd 18 22 2",
            "When": {
                "HasMod": "MadDog.HashtagBearFam"
            }
        },
        {
            "Name": "NoraParty_SetUp",
            "Value": "{{NoraParty_SetUp}} Jasper 16 20 0",
            "When": {
                "HasMod": "Lemurkat.NPCJasper"
            }
        },
        {
            "Name": "NoraOffice_SetUp",
            "Value": "farmer -100 -100 0 Nora 5 8 3 SafariGuy 3 8 1 Jacob 6 6 1"
        },
        {
          "Name": "NoraFrogFriends_SetUp",
          "Value": "farmer -100 -100 0 Nora 13 16 0 Marnie 13 14 2 Robin 15 15 3 Jas 4 6 3"
        },
        {
          "Name": "NoraRodnora_SetUp",
          "Value": "farmer -100 -100 0 Nora -100 -100 0 RodneyOBrien 3 10 0"
        },
        {
          "Name": "NoraDating_SetUp",
          "Value": "farmer -100 -100 0 Nora 16 20 1 Gus 16 18 2 Emily 11 17 0 Robin 21 22 1 Demetrius 22 22 3 Leah 4 19 2 Elliot 2 20 1 Lewis 8 22 3 Marnie 6 22 1 Shane 21 17 2 Sam 23 19 1 Abigail 24 18 2 Sebastian 25 19 3"
        },
        {
          //dating tokens
          "Name": "NoraDatability",
          "Value": false,
          "When": {
            "Relationship:Nora |contains=Dating": false
          }
        },
        {
          "Name": "NoraDatability",
          "Value": true,
          "When": {
            "Relationship:Nora |contains=Dating": true
          }
        }
    ],
    
    "Changes": [
        {
            "LogName": "Load's Nora's House",
            "Action": "EditMap",
            "Target": "Maps/EastScarp_NTHouse",
            "FromFile": "assets/maps/NoraToriHouse.tmx"
        },
        {
            "LogName":"Nora Dispositions",
            "Action":"EditData",
            "Target":"Data/Characters",
            "Entries": {
                "Nora": {
                    "DisplayName":"{{i18n:Core.Nora.Name}}",
                    "BirthSeason":"fall",
                    "BirthDay":4,
                    "HomeRegion":"Other",
                    "Gender":"Female",
                    "Age":"Adult",
                    "Manner":"Polite",
                    "SocialAnxiety":"Outgoing",
                    "Optimism":"Positive",
                    "CanBeRomanced":"{{NoraDatability}}",
                    "LoveInterest":null,
                    "SocialTab":"UnknownUntilMet",
                    "ExcludeFromIntroductionsQuest":false,
                    "ExcludeFromPerfectionScore":false,
                    "EndSlideShow":"TrailingGroup",
                    "FriendsAndFamily":{},
                    "Appearance": [
                        // Spring
                        {
                            "ID": "Spring Outfit",
                            "Season": "Spring",
                            "Precedence": 0,
                            "Weight": 1,
                            "Portrait": "{{InternalAssetKey: assets/Portraits/nora_spring.png}}",
                            "Sprite": "{{InternalAssetKey: assets/Characters/nora_sprites_spring.png}}"
                        },
                        // Summer
                        {
                            "ID": "Summer Outfit",
                            "Season": "Summer",
                            "Precedence": 0,
                            "Weight": 1,
                            "Portrait": "{{InternalAssetKey: assets/Portraits/nora_summer.png}}",
                            "Sprite": "{{InternalAssetKey: assets/Characters/nora_sprites_summer.png}}"
                        },
                        // Fall
                        {
                            "ID": "Fall Outfit",
                            "Season": "Fall",
                            "Precedence": 0,
                            "Weight": 1,
                            "Portrait": "{{InternalAssetKey: assets/Portraits/nora_fall.png}}",
                            "Sprite": "{{InternalAssetKey: assets/Characters/nora_sprites_fall.png}}"
                        },
                        // Winter
                        {
                            "ID": "Winter Outfit - Outdoors",
                            "Season": "Winter",
                            "Precedence": 0,
                            "Weight": 1,
                            "Portrait": "{{InternalAssetKey: assets/Portraits/nora_winter_coat.png}}",
                            "Sprite": "{{InternalAssetKey: assets/Characters/nora_sprites_winter_coat}}"
                        },
                        // Spirit's Eve
                        {
                          "ID": "Spirit's Eve",
                          "Condition": "EVENT_ID festival_fall27",
                          "Precedence": 0,
                          "Weight": 1,
                          "Portrait": "{{InternalAssetKey: assets/Portraits/nora_spirits_eve.png}}",
                          "Sprite": "{{InternalAssetKey: assets/Characters/nora_sprites_spiritseve.png}}"
                        }
                    ],
                    "SpawnIfMissing":true,
                    "Home": [
                        {
                            "Id": "Default",
                            "Location": "EastScarp_NTHouse",
                            "Tile": { "X": 24, "Y": 17},
                            "Direction": "down"
                        }
                    ],
                    "Breather":true
                }
            }
        },
        {
            "LogName": "Nora Gift Tastes",
            "Action": "EditData",
            "Target": "Data/NPCGiftTastes",
            "Entries": {
                "Nora": "{{i18n:Gift.Nora.GiftReaction.Love}}/107 395 234 608 825 60 220 StardropTea WWWA.Book.ArcanaCatcherPrunus WWWA.Book.Goblins WWWA.Book.LunarkinTrollTales MysteriesOfTheDwarves WWWA.Book.PepperRexes WWWA.Book.TheJojaConspiracy WWWA.Book.WhyPepperRexesAreTheBest sapphicsaph_pitv.BiBerryMuffin MadDog.HashtagBearfam.SigurdPerfectRamen MadDog.HashtagBearfam.TTBrownies Fellowclown.PC_SunshineHoney/{{i18n:Gift.Nora.GiftReaction.Like}}/224 253 400 563 587 591 WWWA.Book.CrabsAndWhyIHateThem MadDog.HashtagBearfam.HoneyCakes Fellowclown.PC_MilkCoffee Fellowclown.AND_TastyPastry/{{i18n:Gift.Nora.GiftReaction.Dislike}}/348 349 342 797 766 WWWA.Book.FishingForDumbDumbs/{{i18n:Gift.Nora.GiftReaction.Hate}}/346 812 614 414 767 814 167 WWWA.Book.GuideToSculptingWithGold/{{i18n:Gift.Nora.GiftReaction.Neutral}}/WWWA.Book.ArtifactOrCutlery WWWA.Book.HerpetologyOfFerngill WWWA.Book.TheBookOfYoba WWWA.Book.TheGreatTomeOfMayo/"
            }
        },
        //PORTRAITS AND SPRITES
        {
            "LogName": "Nora's Sprites",
            "Action": "Load",
            "Target": "Characters/Nora",
            "FromFile": "assets/Characters/nora_sprites_spring.png"
        },
        {
            "LogName": "Nora's Portrait",
            "Action": "Load",
            "Target": "Portraits/Nora",
            "FromFile": "assets/Portraits/nora_spring.png"
        },
        //TEMPORARY ACTORS
        {
            "LogName": "Gunther - Sprites",
            "Action": "Load",
            "Target": "Characters/NoraGunther",
            "FromFile": "assets/TemporaryActors/Characters/NoraGunther.png"
        },
        {
            "LogName": "Gunther - Portraits",
            "Action": "Load",
            "Target": "Portraits/NoraGunther",
            "FromFile": "assets/TemporaryActors/Portraits/NoraGunther.png"
        },
        {
            "LogName": "Purple Tailed Chameleon",
            "Action": "Load",
            "Target": "Characters/PT_Chameleon",
            "FromFile": "assets/TemporaryActors/Characters/chameleon.png"
        },
        //EVENT DATA
        {
            "LogName": "Nora's Event Data",
            "Action": "Load",
            "Target": "Data/Events/EastScarp_NTHouse, Data/Events/IslandFieldOffice",
            "FromFile": "data/blank.json",
            "Priority": "Low"
        },
        //DIALOGUE AND SCHEDULE
        {
            "LogName": "Nora Loads from Blanks",
            "Action": "Load",
            "Target": "Characters/Dialogue/Nora, Characters/Schedules/Nora, Strings/schedules/Nora",
            "FromFile": "data/blank.json"
        },
        {
            "LogName": "Nora's Includes",
            "Action": "Include",
            "FromFile": "data/schedule.json, data/Dialogue/NoraDialogue.json, data/mail.json, data/Dialogue/NoraStrings.json, data/strings.json, data/events.json, data/animations.json, data/FestivalLocations.json, data/Dialogue/NoraFestivals.json, data/Dialogue/NoraGifts.json, data/Dialogue/NoraCT.json, data/Dialogue/VillagersCT.json, data/movies.json"
        },

        // CUSTOM MUSIC
        {
            "Action": "EditData",
            "Target": "Data/AudioChanges",
            "Entries": {
                "Bagi.NoraMusic": {
                    "ID": "noraTheme",
                    "Category": "Music",
                    "FilePaths": [ "{{AbsoluteFilePath: assets/music/NoraTheme.ogg}}" ],
                    "StreamedVorbis": true,
                    "Looped": true
                },
                "Bagi.RisingAbove": {
                    "ID": "risingAbove",
                    "Category": "Music",
                    "FilePaths": [ "{{AbsoluteFilePath: assets/music/FocusOnYourself.ogg}}" ],
                    "StreamedVorbis": true,
                    "Looped": true
                },
                  "Bagi.RodnoraTheme": {
                    "ID": "rodnoraTheme",
                    "Category": "Music",
                    "FilePaths": [ "{{AbsoluteFilePath: assets/music/RodnoraTheme.ogg}}" ],
                    "StreamedVorbis": true,
                    "Looped": true
                  }
            }
        },
        // NORA MAP STUFF
        {
            "LogName": "NO SVE",
            "Action": "EditData",
            "Target": "Data/WorldMap",
            "When": {
              "HasMod |contains=FlashShifter.StardewValleyExpandedCP": false
            },
            "TargetField": [ "EastScarp", "MapAreas" ],
            "Entries": {
              "NoraandToriHouse": {
                "Id": "NoraandToriHouse",
                "PixelArea": {
                  "X": 94,
                  "Y": 75,
                  "Width": 10,
                  "Height": 7
                },
                "Tooltips": [
                  {
                    "Id": "NoraandToriHouse",
                    "Text": "{{i18n:MiniMap.House.Name}}" 
                  }
                ],
                "WorldPositions": [
                  {
                    "Id": "NoraandToriHouse",
                    "LocationName": "EastScarp_NTHouse",
                    "ExtendedTileArea": null,
                    "MapPixelArea": {
                      "X": 94,
                      "Y": 75,
                      "Width": 10,
                      "Height": 7
                    },
                    "ScrollText": "Tori and Nora's House" //the same as tooltip text, duplicate the i18n key
                  },
                  {
                    "ScrollTextZones": [],
                    "Id": "Default",
                    "LocationName": "EastScarp_Village",
                    "ScrollText": null
                  }
                ]
              }
            }
          },
          //Nulls the text for Tori's house to say Nora and Tori
          {
            "LogName": "NO SVE",
            "Action": "EditData",
            "Target": "Data/WorldMap",
            "When": {
              "HasMod |contains=FlashShifter.StardewValleyExpandedCP": false
            },
            "TargetField": [ "EastScarp", "MapAreas", "MainScarp", "ToolTips", "ToriHouse" ],
            "Entries": {
              "Text": null
            }
          },
          {
            "LogName": "YES SVE",
            "Action": "EditData",
            "Target": "Data/WorldMap",
            "When": {
              "HasMod |contains=FlashShifter.StardewValleyExpandedCP": true
            },
            "TargetField": [ "EastScarp", "MapAreas" ],
            "Entries": {
              "NoraandToriHouse": {
                "Id": "NoraandToriHouse",
                "PixelArea": {
                  "X": 14,
                  "Y": 75,
                  "Width": 10,
                  "Height": 7
                },
                "Tooltips": [
                  {
                    "Id": "NoraandToriHouse",
                    "Text": "Tori and Nora's House" //this should be i18nd
                  }
                ],
                "WorldPositions": [
                  {
                    "Id": "NoraandToriHouse",
                    "LocationName": "EastScarp_NTHouse",
                    "ExtendedTileArea": null,
                    "MapPixelArea": {
                      "X": 14,
                      "Y": 75,
                      "Width": 10,
                      "Height": 7
                    },
                    "ScrollText": "Tori and Nora's House" //the same as tooltip text, duplicate the i18n key
                  },
                  {
                    "ScrollTextZones": [],
                    "Id": "Default",
                    "LocationName": "EastScarp_Village",
                    "ScrollText": null
                  }
                ]
              }
            }
          },
          //Nulls the text for Tori's house to say Nora and Tori
          {
            "LogName": "YES SVE",
            "Action": "EditData",
            "Target": "Data/WorldMap",
            "When": {
              "HasMod |contains=FlashShifter.StardewValleyExpandedCP": true
            },
            "TargetField": [ "EastScarp", "MapAreas", "MainScarp", "ToolTips", "ToriHouse" ],
            "Entries": {
              "Text": null
            }
          }
    ]
}
