{
  "Changes": [
    {
      "Action": "EditData",
      "Target": "DN.SnS/AlchemyRecipes",
      "Entries": {
        "ScarletPotion": {
          "OutputItem": "(O){{ModID}}_scarletpotion",
          "OutPutQuantity": 1,
          "Ingredients": {
            "(O){{ModID}}_EarthEssence": 3,
            "(O){{ModID}}_FireEssence": 3,
            "(O)768": 1,
            "(O)769": 1
          }
        },
        "HeatherPotion": {
          "OutputItem": "(O){{ModID}}_heatherpotion",
          "OutPutQuantity": 1,
          "Ingredients": {
            "(O){{ModID}}_AirEssence": 3,
            "(O){{ModID}}_WaterEssence": 3,
            "(O)768": 1,
            "(O)769": 1
          }
        },
        "ZydratePotion": {
          "OutputItem": "(O){{ModID}}_zydratepotion",
          "OutPutQuantity": 1,
          "Ingredients": {
            "(O){{ModID}}_EarthEssence": 3,
            "(O){{ModID}}_AirEssence": 5,
            "(O){{ModID}}_WaterEssence": 5,
            "(O){{ModID}}_FireEssence": 3,
            "(O)768": 1,
            "(O)769": 1
          }
        },
        "PistachioPotion": {
          "OutputItem": "(O){{ModID}}_pistachiopotion",
          "OutPutQuantity": 1,
          "Ingredients": {
            "(O){{ModID}}_EarthEssence": 5,
            "(O){{ModID}}_AirEssence": 3,
            "(O){{ModID}}_WaterEssence": 3,
            "(O){{ModID}}_FireEssence": 5,
            "(O)768": 1,
            "(O)769": 1
          }
        },
        "DahliaPotion": {
          "OutputItem": "(O){{ModID}}_dahliapotion",
          "OutPutQuantity": 1,
          "Ingredients": {
            "(O){{ModID}}_EarthEssence": 5,
            "(O){{ModID}}_AirEssence": 5,
            "(O)768": 5
          }
        },
        "SlushiePotion": {
          "OutputItem": "(O){{ModID}}_slushiepotion",
          "OutPutQuantity": 1,
          "Ingredients": {
            "(O){{ModID}}_AirEssence": 7,
            "(O){{ModID}}_WaterEssence": 7,
            "(O)768": 7
          }
        },
        "MatrixPotion": {
          "OutputItem": "(O){{ModID}}_matrixpotion",
          "OutPutQuantity": 1,
          "Ingredients": {
            "(O){{ModID}}_EarthEssence": 7,
            "(O){{ModID}}_AirEssence": 7,
            "(O){{ModID}}_WaterEssence": 3,
            "(O){{ModID}}_FireEssence": 3,
            "(O)768": 3,
            "(O)769": 3
          }
        },
        "McDougalPotion": {
          "OutputItem": "(O){{ModID}}_mcdougalpotion",
          "OutPutQuantity": 1,
          "Ingredients": {
            "(O){{ModID}}_EarthEssence": 10,
            "(O){{ModID}}_FireEssence": 10,
            "(O)768": 3,
            "(O)769": 3
          }
        },
        "VerdantPotion": {
          "OutputItem": "(O){{ModID}}_verdantpotion",
          "OutPutQuantity": 1,
          "Ingredients": {
            "(O){{ModID}}_AirEssence": 10,
            "(O){{ModID}}_WaterEssence": 10,
            "(O)768": 10,
            "(O)769": 10
          }
        },
        "ToirneachPotion": {
          "OutputItem": "(O){{ModID}}_toirneachpotion",
          "OutPutQuantity": 1,
          "Ingredients": {
            "(O){{ModID}}_AirEssence": 10,
            "(O)768": 3,
            "(O)769": 3
          }
        },
        "ReturnPotion": {
          "OutputItem": "(O){{ModID}}_ReturnPotion",
          "OutPutQuantity": 1,
          "Ingredients": {
            "(O){{ModID}}_AirEssence": 5,
            "(O){{ModID}}_WaterEssence": 5,
            "(O){{ModID}}_EarthEssence": 5,
            "(O){{ModID}}_FireEssence": 5,
            "(O)769": 10
          }
        },
        //Exquisite Gems
        "ExquisiteEmerald": {
          "OutputItem": "(O){{ModID}}_ExquisiteEmerald",
          "OutPutQuantity": 1,
          "Ingredients": {
            "(O)60": 3,
            "(O){{ModID}}_druidicessence": 5
          }
        },
        "ExquisiteAquamarine": {
          "OutputItem": "(O){{ModID}}_ExquisiteAquamarine",
          "OutPutQuantity": 1,
          "Ingredients": {
            "(O)62": 3,
            "(O){{ModID}}_WaterEssence": 5
          }
        },
        "ExquisiteRuby": {
          "OutputItem": "(O){{ModID}}_ExquisiteRuby",
          "OutPutQuantity": 1,
          "Ingredients": {
            "(O)64": 3,
            "(O){{ModID}}_FireEssence": 5
          }
        },
        "ExquisiteAmethyst": {
          "OutputItem": "(O){{ModID}}_ExquisiteAmethyst",
          "OutPutQuantity": 1,
          "Ingredients": {
            "(O)66": 3,
            "(O)769": 5
          }
        },
        "ExquisiteTopaz": {
          "OutputItem": "(O){{ModID}}_ExquisiteTopaz",
          "OutPutQuantity": 1,
          "Ingredients": {
            "(O)68": 3,
            "(O)768": 5
          }
        },
        "ExquisiteJade": {
          "OutputItem": "(O){{ModID}}_ExquisiteJade",
          "OutPutQuantity": 1,
          "Ingredients": {
            "(O)70": 3,
            "(O){{ModID}}_EarthEssence": 5
          }
        },
        "ExquisiteDiamond": {
          "OutputItem": "(O){{ModID}}_ExquisiteDiamond",
          "OutPutQuantity": 1,
          "Ingredients": {
            "(O)72": 3,
            "(O){{ModID}}_AirEssence": 5
          }
        }
      }
    }
  ]
}