{
  "Changes": [
    {
      "LogName": "Mateo Loads from Blanks",
      "Action": "Load",
      "Target": "Characters/Dialogue/Mateo, Characters/Dialogue/MarriageDialogueMateo, Characters/Schedules/Mateo",
      "FromFile": "Data/blank.json"
    },
    {
      "LogName": "Hector Loads from Blanks",
      "Action": "Load",
      "Target": "Characters/Dialogue/Hector, Characters/Dialogue/MarriageDialogueHector, Characters/Schedules/Hector",
      "FromFile": "Data/blank.json"
    },
    {
      "LogName": "Cirrus Loads from Blanks",
      "Action": "Load",
      "Target": "Characters/Dialogue/Cirrus, Characters/Dialogue/MarriageDialogueCirrus, Characters/Schedules/Cirrus",
      "FromFile": "Data/blank.json"
    },
    {
      "LogName": "Roslin Loads from Blanks",
      "Action": "Load",
      "Target": "Characters/Dialogue/Roslin, Characters/Schedules/Roslin",
      "FromFile": "Data/blank.json"
    },
    {
      "LogName": "Dandelion Loads from Blanks",
      "Action": "Load",
      "Target": "Characters/Dialogue/Dandelion, Characters/Schedules/Dandelion",
      "FromFile": "Data/blank.json"
    },
    {
      "LogName": "Solomon Loads from Blanks",
      "Action": "Load",
      "Target": "Characters/Dialogue/Solomon, Characters/Schedules/Solomon",
      "FromFile": "Data/blank.json"
    },
    {
      "LogName": "Tent Events Blank",
      "Action": "Load",
      "Target": "data/events/EastScarp_MateoHome",
      "FromFile": "assets/blank.json"
    },
    {
      "LogName": "Guild Events Blank",
      "Action": "Load",
      "Target": "data/events/EastScarp_CoastalGuild",
      "FromFile": "assets/blank.json"
    },
    {
      "LogName": "Druid Tower Events Blank",
      "Action": "Load",
      "Target": "data/events/EastScarp_DruidTower",
      "FromFile": "assets/blank.json"
    },
    {
      "LogName": "Vanilla Guild Events Blank",
      "Action": "Load",
      "Target": "data/events/AdventureGuild",
      "FromFile": "assets/blank.json",
      "Priority": "Low",
    },
    {
      "LogName": "Van Events Blank",
      "Action": "Load",
      "Target": "data/events/EastScarp_VanInterior",
      "FromFile": "assets/blank.json"
    },
    {
      "LogName": "Lion's Mane Events Blank",
      "Action": "Load",
      "Target": "data/events/EastScarp_LionsMane",
      "FromFile": "assets/blank.json"
    },
    {
      "LogName": "Lion's Mane Events Blank",
      "Action": "Load",
      "Target": "data/events/EastScarp_Underforge",
      "FromFile": "assets/blank.json"
    },
    {
      "LogName": "Duskspire Lair Events Blank",
      "Action": "Load",
      "Target": "data/events/EastScarp_DuskspireLair",
      "FromFile": "assets/blank.json"
    },
    {
      "LogName": "Violet Moon Events Blank",
      "Action": "Load",
      "Target": "data/events/EastScarp_VioletMoonFestivalGrounds",
      "FromFile": "assets/blank.json"
    }
  ]
}