{
  "Changes": [
    // GUIDEBOOK CONTENTS
    {
      "Action": "EditData",
      "Target": "spacechase0.SpaceCore/Guidebooks",
      "Entries": {
        "{{ModID}}": {
          "Title": "{{i18n: guidebook.title}}",
          "DefaultChapter": "Title",
          "Chapters": {
            "Title": {
              "Name": "{{i18n: guidebook.chapter.Title.name}}",
              "TabIconTexture": "Mods/Sword & Sorcery/GuidebookTabs",
              "TabIconRect": {
                "X": 0,
                "Y": 32,
                "Width": 16,
                "Height": 16
              },
              "Condition": "TRUE",
              "Pages": [
                {
                  "Contents": "{{i18n: guidebook.chapter.Title.TitlePage |ConfigMenuLinks={{ConfigMenuLinks}}}}"
                },
                {
                  "Contents": "{{i18n: guidebook.chapter.Title.TableOfContents}}"
                },
                {
                  "Contents": "{{i18n: guidebook.chapter.Title.Introduction}}"
                }
              ]
            },
            "Chapters": {
              "Name": "{{i18n: guidebook.chapter.Chapters.name}}",
              "TabIconTexture": "Mods/Sword & Sorcery/GuidebookTabs",
              "TabIconRect": {
                "X": 16,
                "Y": 16,
                "Width": 16,
                "Height": 16
              },
              "Condition": "TRUE",
              "Pages": [
                {
                  "Id": "TableOfContents",
                  "Contents": "{{i18n: guidebook.chapter.Chapters.JumpList|TrueName={{TrueName}}}}"
                },
                {
                  "Id": "IntroNEA",
                  "Contents": "{{i18n: guidebook.chapter.NEA.Intro}}"
                },
                {
                  "Id": "NEA",
                  "Contents": "{{i18n: guidebook.chapter.NEA.Events |TrueName={{TrueName}} |VariableTimegate={{VariableTimegate}} {{HectorPronouns}} |GalaxySwordExtras={{i18n: guidebook.chapter.GalaxySwordExtras.{{GalaxySwordExtras}}}}}}"
                },
                {
                  "Id": "IntroCOT",
                  "Contents": "{{i18n: guidebook.chapter.COT.Intro{{HectorPronouns}} }}",
                  "Condition": "PLAYER_HAS_SEEN_EVENT Current SnS.Ch1.Mateo.14"
                },
                {
                  "Id": "COT",
                  "Contents": "{{i18n: guidebook.chapter.COT.Events {{TrollHeritageEvents}} |VariableTimegate={{VariableTimegate}} {{HectorPronouns}} |TrueName={{TrueName}}}}",
                  "Condition": "PLAYER_HAS_SEEN_EVENT Current SnS.Ch1.Mateo.14"
                },
                {
                  "Id": "IntroUP",
                  "Contents": "{{i18n: guidebook.chapter.UP.Intro}}",
                  "Condition": "PLAYER_HAS_SEEN_EVENT Current SnS.Ch2.Hector.16"
                },
                {
                  "ID": "UP",
                  "Contents": "{{i18n: guidebook.chapter.UP.Events |TrueName={{TrueName}} {{TrollHeritageEvents}} |CirrusExtras={{i18n: guidebook.chapter.CirrusExtras.{{CirrusExtras}}}} |VariableTimegate={{VariableTimegate}} |JulietJessie={{i18n:guidebook.UP.Events.JJ.{{HasMod: |contains=LemurKat.JulietHouse.NPC}}}} }}",
                  "Condition": "PLAYER_HAS_SEEN_EVENT Current SnS.Ch2.Hector.16"
                },
                {
                  "Id": "IntroTOP",
                  "Contents": "{{i18n: guidebook.chapter.TOP.Intro}}",
                  "Condition": "PLAYER_HAS_SEEN_EVENT Current SnS.Ch3.Cirrus.14"
                },
                {
                  "ID": "TOP",
                  "Contents": "{{i18n: guidebook.chapter.TOP.Events |TrueName={{TrueName}} {{TrollHeritageEvents}} |VariableTimegate={{VariableTimegate}} |IsRSVInstalled={{i18n: guidebook.chapter.TOP.RoslinEssence.{{HasMod|Contains=Rafseazz.RSVCP}}}} |IsChocoboValleyInstalled={{i18n:guidebook.chapter.TOP.DandelionShield.{{HasMod|Contains=Kitsutsune.Chocobovalley}}}}}}",
                  "Condition": "PLAYER_HAS_SEEN_EVENT Current SnS.Ch3.Cirrus.14"
                },
                {
                  "Id": "IntroEpilogue",
                  "Contents": "{{i18n: guidebook.chapter.Epilogue.Intro}}",
                  "Condition": "PLAYER_HAS_MAIL Current DuskspireDefeated"
                },
                {
                  "ID": "Epilogue",
                  "Contents": "{{i18n: guidebook.chapter.Epilogue.Events |VariableTimegate={{VariableTimegate}}}}",
                  "Condition": "PLAYER_HAS_MAIL Current DuskspireDefeated"
                }
              ]
            },
            "Characters": {
              "Name": "{{i18n: guidebook.chapter.Characters.name}}",
              "TabIconTexture": "Mods/Sword & Sorcery/GuidebookTabs",
              "TabIconRect": {
                "X": 0,
                "Y": 0,
                "Width": 16,
                "Height": 16
              },
              "Pages": [
                {
                  "Id": "TableOfContents",
                  "Contents": "{{i18n: guidebook.chapter.Characters.TableOfContents |TrueName={{TrueName}}}}"
                },
                {
                  "Id": "Mateo",
                  "Contents": "{{i18n: guidebook.chapter.NEA.Mateo}}"
                },
                {
                  "Id": "Emeritus",
                  "Contents": "{{i18n: guidebook.chapter.NEA.Emeritus}}"
                },
                {
                  "Id": "Hector",
                  "Contents": "{{i18n: guidebook.chapter.COT.Hector {{HectorPronouns}} |TrueName={{TrueName}}}}"
                },
                {
                  "Id": "Book",
                  "Contents": "{{i18n: guidebook.chapter.COT.Book{{BookFormDT}} {{HectorPronouns}} |TrueName={{TrueName}}}}"
                },
                {
                  "Id": "Cirrus",
                  "Contents": "{{i18n: guidebook.chapter.UP.Cirrus}}"
                },
                {
                  "Id": "Roslin",
                  "Contents": "{{i18n: guidebook.chapter.TOP.Roslin}}"
                },
                {
                  "Id": "Solomon",
                  "Contents": "{{i18n: guidebook.chapter.TOP.Solomon}}"
                },
                {
                  "Id": "Dandelion",
                  "Contents": "{{i18n: guidebook.chapter.TOP.Dandelion}}"
                }
              ]
            },
            "Skills": {
              "Name": "{{i18n: guidebook.chapter.Skills.name}}",
              "TabIconTexture": "Mods/Sword & Sorcery/GuidebookTabs",
              "TabIconRect": {
                "X": 16,
                "Y": 0,
                "Width": 16,
                "Height": 16
              },
              "Pages": [
                {
                  "Id": "TableOfContents",
                  "Contents": "{{i18n: guidebook.chapter.Mechanics.Skills}}"
                },
                {
                  "Id": "ArtificerSkill",
                  "Contents": "{{i18n: guidebook.chapter.NEA.ArtificerSkill}}"
                },
                {
                  "Id": "ArtificerProfessions",
                  "Contents": "{{i18n: guidebook.chapter.NEA.ArtificerProfessions}}"
                },
                {
                  "Id": "DruidicsSkill",
                  "Contents": "{{i18n: guidebook.chapter.COT.DruidicsSkill}}"
                },
                {
                  "Id": "DruidicsProfessions",
                  "Contents": "{{i18n: guidebook.chapter.COT.DruidicsProfessions}}"
                },
                {
                  "Id": "BardicsSkill",
                  "Contents": "{{i18n: guidebook.chapter.UP.BardicsSkill |HorseName={{KCC.SnS/HorseName}}}}"
                },
                {
                  "Id": "BardicsProfessions",
                  "Contents": "{{i18n: guidebook.chapter.UP.BardicsProfessions |HorseName={{KCC.SnS/HorseName}}}}"
                },
                {
                  "Id": "SorcererSkill",
                  "Contents": "{{i18n: guidebook.chapter.TOP.SorcererSkill}}"
                },
                {
                  "Id": "SorcererProfessions",
                  "Contents": "{{i18n: guidebook.chapter.TOP.SorcererProfessions}}"
                },
                {
                  "Id": "PaladinSkill",
                  "Contents": "{{i18n: guidebook.chapter.Epilogue.PaladinSkill|Config={{SMAPIConfigLink}}}}"
                },
                {
                  "Id": "PaladinProfessions",
                  "Contents": "{{i18n: guidebook.chapter.Epilogue.PaladinProfessions}}"
                }
              ]
            },
            "Mechanics": {
              "Name": "{{i18n: guidebook.chapter.Mechanics.Name}}",
              "TabIconTexture": "Mods/Sword & Sorcery/GuidebookTabs",
              "TabIconRect": {
                "X": 0,
                "Y": 64,
                "Width": 16,
                "Height": 16
              },
              "Pages": [
                {
                  "Id": "TableOfContents",
                  "Contents": "{{i18n: guidebook.chapter.Mechanics.TableOfContents}}"
                },
                {
                  "Id": "AdventureBar",
                  "Contents": "{{i18n: guidebook.chapter.Mechanics.AdventureBar|Config={{SMAPIConfigLink}}}}"
                },
                {
                  "Id": "EquipmentSlots",
                  "Contents": "{{i18n: guidebook.chapter.Mechanics.EquipmentSlots}}"
                },
                {
                  "Id": "ShieldsArmor",
                  "Contents": "{{i18n: guidebook.chapter.Mechanics.ShieldsArmor}}"
                },
                {
                  "Id": "DualWielding",
                  "Contents": "{{i18n: guidebook.chapter.Mechanics.DualWielding}}"
                },
                {
                  "Id": "Underforge",
                  "Contents": "{{i18n: guidebook.chapter.NEA.Underforge}}"
                },
                {
                  "Id": "LLTK",
                  "Contents": "{{i18n: guidebook.chapter.Mechanics.LLTK |Config={{SMAPIConfigLink}}}}"
                },
                {
                  "Id": "Keychains",
                  "Contents": "{{i18n: guidebook.chapter.Mechanics.Keychains |TrueName={{TrueName}}|Config={{SMAPIConfigLink}}}}"
                },
                {
                  "Id": "DruidicEssence",
                  "Contents": "{{i18n: guidebook.chapter.COT.DruidicEssence}}"
                },
                {
                  "Id": "ElementalEssences",
                  "Contents": "{{i18n: guidebook.chapter.TOP.ElementalEssences}}"
                },
                {
                  "Id": "AlchemyTransmutation",
                  "Contents": "{{i18n: guidebook.chapter.TOP.AlchemyTransmutation}}"
                },
                {
                  "Id": "RemoteSpells",
                  "Contents": "{{i18n: guidebook.chapter.Mechanics.RemoteSpells}}"
                },
                {
                  "Id": "TeleportCircle",
                  "Contents": "{{i18n: guidebook.chapter.Mechanics.TeleportCircle}}"
                },
                {
                  "Id": "SpecialOrderBoard",
                  "Contents": "{{i18n: guidebook.chapter.Mechanics.SpecialOrderBoard|BookTextures={{i18n: guidebook.chapter.Mechanics.Shops.BookTextures.{{BookTextures}}}}}}"
                },
                {
                  "Id": "Powers",
                  "Contents": "{{i18n: guidebook.chapter.Mechanics.Powers|TrueName={{TrueName}}}}"
                },
                {
                  "Id": "GingerBeer",
                  "Contents": "{{i18n: guidebook.chapter.Mechanics.GingerBeer}}"
                },
                {
                  "Id": "Shops",
                  "Contents": "{{i18n: guidebook.chapter.Mechanics.Shops}}"
                }
              ]
            },
            "DeepDark": {
              "Name": "{{i18n: guidebook.chapter.DeepDark.Name}}",
              "TabIconTexture": "Mods/Sword & Sorcery/GuidebookTabs",
              "TabIconRect": {
                "X": 0,
                "Y": 48,
                "Width": 16,
                "Height": 16
              },
              "Pages": [
                {
                  "Id": "TableOfContents",
                  "Contents": "{{i18n: guidebook.chapter.DeepDark.Intro}}"
                },
                {
                  "Id": "Floors",
                  "Contents": "{{i18n: guidebook.chapter.DeepDark.Floors}}"
                },
                {
                  "Id": "Stygium",
                  "Contents": "{{i18n: guidebook.chapter.DeepDark.Stygium}}"
                },
                {
                  "Id": "Elysium",
                  "Contents": "{{i18n: guidebook.chapter.DeepDark.Elysium}}"
                },
                {
                  "Id": "Monsters",
                  "Contents": "{{i18n: guidebook.chapter.DeepDark.Monsters}}"
                },
                {
                  "Id": "Duskspire",
                  "Contents": "{{i18n: guidebook.chapter.DeepDark.Duskspire|TrueName={{TrueName}}}}"
                }
              ]
            },
            "Miscellaneous": {
              "Name": "{{i18n: guidebook.chapter.Miscellaneous.Name}}",
              "TabIconTexture": "Mods/Sword & Sorcery/GuidebookTabs",
              "TabIconRect": {
                "X": 0,
                "Y": 16,
                "Width": 16,
                "Height": 16
              },
              "Pages": [
                {
                  "Id": "TableofContents",
                  "Contents": "{{i18n: guidebook.chapter.Misc.TableOfContents}}"
                },
                {
                  "Id": "FAQNPCs",
                  "Contents": "{{i18n: guidebook.chapter.Title.FAQ.NPCs|DatingCooldown={{DatingLength}}|Config={{SMAPIConfigLink}}|TrueName={{TrueName}}}}"
                },
                {
                  "Id": "FAQItems",
                  "Contents": "{{i18n: guidebook.chapter.Title.FAQ.Items}}"
                },
                {
                  "Id": "FAQOther",
                  "Contents": "{{i18n: guidebook.chapter.Title.FAQ.Other|TrueName={{TrueName}}|Config={{SMAPIConfigLink}}}}"
                },
                {
                  "Id": "Cheats",
                  "Contents": "{{i18n: guidebook.chapter.Title.Cheats|HorseName={{KCC.SnS/HorseName}}}}"
                }
              ]
            },
            "Dedication": {
              "Name": "{{i18n: guidebook.chapter.Dedication.Name}}",
              "TabIconTexture": "Mods/Sword & Sorcery/GuidebookTabs",
              "TabIconRect": {
                "X": 16,
                "Y": 32,
                "Width": 16,
                "Height": 16
              },
              "Pages": [
                {
                  "Id": "LoreSeeker",
                  "Contents": "{{i18n: guidebook.chapter.Epilogue.FinalMessage |IsModComplete={{i18n: guidebook.chapter.Dedication.IsModComplete.{{HasSeenEvent|contains=SnS.Ch5.End}}}}}}"
                }
              ]
            }
          }
        }
      }
    },
    // GUIDEBOOK (TABS)
    {
      "LogName": "Load Furniture Image",
      "Action": "Load",
      "Target": "Mods/Sword & Sorcery/GuidebookTabs",
      "FromFile": "Assets/Guidebook/{{GuidebookRecolors}}.png"
    },
    // GUIDEBOOK (ITEM)
    {
      "LogName": "Load Furniture Image",
      "Action": "Load",
      "Target": "Mods/Sword & Sorcery/Handbook_Table_Oak, Mods/Sword & Sorcery/BearFamKeychain, Mods/Sword & Sorcery/InMemoryOfLoreSeeker,",
      "FromFile": "Assets/Guidebook/{{TargetWithoutPath}}.png"
    },
    {
      "LogName": "Furniture Overlay",
      "Action": "EditImage",
      "Target": "Mods/Sword & Sorcery/Handbook_Table_Oak",
      "FromFile": "Assets/Guidebook/Handbook_Table_{{HandbookColorScheme}}.png",
      "PatchMode": "Overlay",
      "When": { "HandbookColorScheme|Contains=Oak": false }
    },
    {
      "LogName": "Create Furniture",
      "Action": "EditData",
      "Target": "Data/Furniture",
      "Entries": {
        "{{ModID}}_PlayersHandbook": "{{ModID}}_PlayersHandbook/decor/1 2/1 1/1/500/2/{{i18n:Furniture.PlayersHandbook}}/0/Mods\\Sword & Sorcery\\Handbook_Table_Oak/true"
      }
    },
    {
      "Action": "EditData",
      "Target": "spacechase0.SpaceCore/FurnitureExtensionData",
      "Entries": {
        "{{ModID}}_PlayersHandbook": {
          "TileProperties": {
            "0, 0": {
              "Buildings": {
                "Action": "spacechase0.SpaceCore_TriggerAction {{ModID}}_OpenGuidebook"
              }
            }
          }
        }
      }
    },
    {
      "Action": "EditData",
      "Target": "Data/TriggerActions",
      "Entries": {
        "{{ModID}}_OpenGuidebook": {
          "Id": "{{ModID}}_OpenGuidebook",
          "MarkActionApplied": false,
          "Trigger": "Manual",
          "Actions": [
            "spacechase0.SpaceCore_OpenGuidebook {{ModId}}"
          ]
        }
      }
    },
    {
      "Action": "EditData",
      "Target": "Data/Objects",
      "Entries": {
        "{{ModID}}_StandaloneGuidebook": {
          "Name": "{{ModID}}_StandaloneGuidebook",
          "DisplayName": "{{i18n: magicitem.standaloneguidebook.name}}",
          "Description": "{{i18n: magicitem.standaloneguidebook.description}}",
          "Type": "Basic",
          "Category": 0,
          "Price": 5,
          "Edibility": -300,
          "IsDrink": false,
          "ExcludeFromShippingCollection": true,
          "Texture": "Textures/DN.SnS/SnSObjects",
          "SpriteIndex": "134",
          "ContextTags": [ "book_item" ]
        }
      }
    },
    {
      "Action": "EditData",
      "Target": "spacechase0.SpaceCore/ObjectExtensionData",
      "Entries": {
        "{{ModID}}_StandaloneGuidebook": { "UseForTriggerAction": true, "CategoryTextOverride": "{{i18n:category.book}}" }
      }
    },
    {
      "Action": "EditData",
      "Target": "Data/CraftingRecipes",
      "Entries": {
        "{{ModID}}_StandaloneGuidebook": "388 1 771 1 92 1/hoot/{{ModID}}_StandaloneGuidebook 1/false/default/{{i18n:magicitem.standaloneguidebook.name}}"
      }
    },
    {
      "Action": "EditData",
      "Target": "Data/TriggerActions",
      "Entries": {
        "{{ModID}}_OpenStandaloneGuidebook": {
          "Id": "{{ModID}}_OpenStandaloneGuidebook",
          "MarkActionApplied": false,
          "Trigger": "spacechase0.SpaceCore_OnItemUsed",
          "Condition": "ITEM_ID Input (O){{ModID}}_StandaloneGuidebook",
          "Actions": [ "spacechase0.SpaceCore_OpenGuidebook {{ModId}}", "spacechase0.SpaceCore_PlaySound book_read true" ]
        }
      }
    },  
    {
      "LogName": "Letter from Desty",
      "Action": "EditData",
      "Target": "Data/Mail",
      "Entries": {
        "DestyLetter": "{{i18n:Mail.PHB}}"
      }
    },
    {
      "Action": "EditData",
      "Target": "Data/TriggerActions",
      "Entries": {
        "{{ModID}}_SendPlayersHandbook1": {
          "Id": "{{ModID}}_SendPlayersHandbook1",
          "Trigger": "DayStarted",
          "Actions": [
            "AddMail Current DestyLetter now"
          ]
        }
      }
    }
  ]
}