{
    "Changes": [
        //Only Portraits
        {
            "Action": "Load",
            "Priority": "Low",
            "Target": "Portraits/CGEmblem, Portraits/MateoWyatt",
            "FromFile": "assets/TemporaryActors/Portraits/{{Portrait Style}}/{{TargetWithoutPath}}.png"
        },
        {
            "Action": "Load",
            "Priority": "Low",
            "Target": "Portraits/MateoMarlon, Portraits/MateoGunther, Portraits/MateoEmeritus, Portraits/MateoEmeritus_Baby, Portraits/MateoKrobus, Portraits/HectorBook, Portraits/BookDryad, Portraits/FakeDandelion, Portraits/FakeRoslin, Portraits/FakeSolomon",
            "FromFile": "assets/TemporaryActors/{{TargetPathOnly}}/{{Portrait Style}}/{{TargetWithoutPath}}.png"
        },
        {
            "Action": "EditImage",
            "Target": "Portraits/MateoKrobus, Portraits/FakeSolomon",
            "FromFile": "assets/TemporaryActors/Portraits/Nyapu/{{TargetWithoutPath}}.png",
            "When": { "Nyapu Shadowfolk": "true" }
        },
        {
            "Action": "EditImage",
            "Target": "Portraits/MateoEmeritus, Portraits/MateoEmeritus_Baby, Portraits/HectorBook",
            "FromFile": "assets/TemporaryActors/Portraits/Nyapu/{{TargetWithoutPath}}.png",
            "When": { "Nyapu Critters": "true" }
        },
        {
            "Action": "Load",
            "Priority": "Low",
            "Target": "Portraits/YoungMateo, Portraits/BlacksmithMateo",
            "FromFile": "assets/TemporaryActors/{{TargetPathOnly}}/{{Portrait Style}}/{{TargetWithoutPath}}{{MateoHorns}}.png"
        },
        //Only Sprites
        {
            "Action": "Load",
            "Target": "Characters/StygiumPendant, Characters/GuildBadge, Characters/HectorBadger, Characters/HectorOpossum, Characters/HectorRaccoon, Characters/HectorSkunk, Characters/ThornedCircletFragment, Characters/LumisteriaCloset, Characters/PizzaVan, Characters/AetherdrakeScale, Characters/PlanetariumBus, Characters/PlanetariumScreen, Characters/ForgedD20, Characters/DandelionShield, Characters/SolomonGrimoire, Characters/Duskspire, Characters/OneForAll, Characters/RockPile, Characters/WeddingArch, Characters/KeyArt, Characters/DestysKeychain, Characters/SenS_SenbrellaSnS, Characters/EmeritusFireball, Characters/DN.SnS_OwlBoy, Characters/HectorBook_Companion, Characters/RoslinPortalDeepDark, Characters/SenS_SenTrashcanSnS, Characters/MateoActions, Characters/SenS_FallenSen, Characters/PressedCrocus, Characters/DinoEgg, Characters/MateoEmeritus_Baby, Characters/MateoEmeritus_Baby_Hatching, Characters/MateoEmeritus_Baby_Pumpkin, Characters/HectorBook_MEEP, Characters/BookDryad_MEEP, Characters/MateoEmeritus_MEEP, Characters/MateoWyatt_MEEP",
            "FromFile": "assets/TemporaryActors/Characters/{{TargetWithoutPath}}.png"
        },
        {
            "Action": "Load",
            "Target": "Characters/SlimeyBoiJr, Characters/SlimeyBoiJr2, Characters/SlimeyBoiJr3, Characters/SlimeyBoiJr4, Characters/SlimeyBoiJr5",
            "FromFile": "assets/TemporaryActors/Characters/SlimeyBoiJr.png"
        },
        {
            "Action": "Load",
            "Target": "Characters/MateoFinale",
            "FromFile": "assets/TemporaryActors/Characters/MateoFinale{{MateoHorns}}.png"
        },
        {
            "Action": "Load",
            "Target": "Characters/HectorCast",
            "FromFile": "assets/Characters/Hector/HectorCast/{{TrueShape}}/HectorCast.png"
        },
        {
            "Action": "Load",
            "Target": "Characters/MateoWyatt",
            "FromFile": "assets/TemporaryActors/Characters/{{MateoWyattActor}}"
        },
        {
            "Action": "Load",
            "Target": "Characters/MateoMarlon, Characters/MateoGunther, Characters/MateoEmeritus, Characters/MateoKrobus, Characters/HectorBook, Characters/BookDryad, Characters/FakeDandelion, Characters/FakeRoslin, Characters/FakeSolomon",
            "FromFile": "assets/TemporaryActors/{{TargetPathOnly}}/{{TargetWithoutPath}}.png"
        },
        {
            "Action": "Load",
            "Target": "Characters/YoungMateo, Characters/BlacksmithMateo",
            "FromFile": "assets/TemporaryActors/{{TargetPathOnly}}/{{TargetWithoutPath}}{{MateoHorns}}.png"
        },
        {
            "Action": "Load",
            "Target": "Characters/Stygium_Duggy, Characters/StygiumBat,Characters/StygiumCrab, Characters/StygiumDroplet, Characters/StygiumGolem_Blue, Characters/StygiumGolem_Purple, Characters/StygiumHead, Characters/StygiumLurk, Characters/StygiumMiner, Characters/StygiumMiner_Mage, Characters/StygiumMushroom, Characters/StygiumMushroom_Duggy, Characters/StygiumRex, Characters/StygiumSentry, Characters/StygiumSerpent, Characters/StygiumSkeleton, Characters/StygiumSkeleton_Rare, Characters/StygiumSkull, Characters/StygiumSquid",
            "FromFile": "assets/Monsters/{{TargetWithoutPath}}.png"
        },
        {
            "Action": "Load",
            "Target": "Characters/StygiumRex2, Characters/StygiumRex3",
            "FromFile": "assets/Monsters/StygiumRex.png"
        },
        {
            "Action": "Load",
            "Target": "Characters/StygiumSkull2",
            "FromFile": "assets/Monsters/StygiumSkull.png"
        },
        {
            "Action": "Load",
            "Target": "Characters/StygiumHead2",
            "FromFile": "assets/Monsters/StygiumHead.png"
        },
        {
            "Action": "Load",
            "Target": "Characters/StygiumMiner2",
            "FromFile": "assets/Monsters/StygiumMiner.png"
        },

    ]
}