{
	"Changes": [
		{
			"LogName": "Cambria Schedule",
			"Action": "EditData",
			"Target": "Characters/schedules/Otter.Cambria",
			"Entries": {
				"spring": "{{Random: 610 Town 42 58 0/930 SeedShop 3 19 0/1000 Hospital 9 15 3/1030 Town 63 15 CambriaRegSit/1200 ScienceHouse 5 19 1/1330 Mountain 69 20 2/1700 Squeaks.MGC.CP_CCHouse 12 14 0/2200 17 14 1++610 Town 42 58 0/930 Blacksmith 4 15 0/1100 Town 81 95 2/1300 ArchaeologyHouse 5 10 0/1400 ArchaeologyHouse 46 4 2/1700 Town 89 103 2/1900 Squeaks.MGC.CP_CCHouse 12 14 0/2200 17 14 1++610 Town 42 58 0/930 AnimalShop 15 15 3/1130 Forest 71 51 CambriaRegSit/1330 Squeaks.MGC.CP_CCHouse 12 14 0/2200 17 14 1++610 Town 42 58 0/930 FishShop 4 6 0/1130 Beach 42 34 CambriaRegSit/1330 Saloon 40 22 0/1700 Squeaks.MGC.CP_CCHouse 12 14 0/2200 17 14 1++0 Squeaks.MGC.CP_CCHouse 17 14 CambriaBedrest/1200 9 14 3/2200 17 14 CambriaBedrest|InputSeparator=++}}",
				"spring_3": "610 Squeaks.MGC.CP_CCHouse 17 14 2/1200 Squeaks.MGC.CP_CCGreenhouse 6 10 3 square_1_9_3/1700 10 5 0/1800 9 7 2 square_2_1_2/2200 Squeaks.MGC.CP_CCHouse 17 14 2",
				"rain": "610 Mine 15 11 0/1330 Saloon 36 20 1/1830 Squeaks.MGC.CP_CCHouse 2 15 3",
				"rain2": "610 Squeaks.MGC.CP_CCHouse 2 15 3/830 EastScarp_Village 70 121 2/1530 EastScarp_LoresCove 55 41 0",
				"tue": "700 EastScarp_LoresCove 40 24 0 square_3_1_0/800 47 24 0 square_5_1_2/900 57 54 CambriaGuitar/1200 34 66 CambriaRegSit/1600 41 16 CambriaOrchid/1800 4 16 1/1900 6 17 0/2030 Squeaks.MGC.CP_CCHouse 15 21 2/2200 15 5 0/2330 17 14 2",
				"thu": "700 EastScarp_LoresCove 40 26 2 square_3_1_2/800 47 24 2 square_5_1_2/900 57 54 CambriaGuitar/1200 34 66 CambriaRegSit/1600 41 16 CambriaOrchid/1800 4 16 1/1900 6 17 0/2030 Squeaks.MGC.CP_CCHouse 15 21 2/2200 15 5 0/2330 17 14 2",
				"sat": "610 EastScarp_Village 50 128 CambriaRegSit/900 46 21 CambriaGuitar/1300 EastScarp_VillageInn 23 10 1/1900 31 10 CambriaRegSit/2200 Squeaks.MGC.CP_CCHouse 17 14 2",
				"fall_27": "610 Squeaks.MGC.CP_CCHouse 12 14 0/700 15 21 2/900 EastScarp_Village 41 72 0/1120 EastScarp_VillageInn 29 10 3/2000 Squeaks.MGC.CP_CCHouse 12 14 0"
			}
		}
	]
}