{
  "Changes": [
    /*
  _    _ ______          _____ _______   _____ _____          _      ____   _____ _    _ ______ 
 | |  | |  ____|   /\   |  __ \__   __| |  __ \_   _|   /\   | |    / __ \ / ____| |  | |  ____|
 | |__| | |__     /  \  | |__) | | |    | |  | || |    /  \  | |   | |  | | |  __| |  | | |__   
 |  __  |  __|   / /\ \ |  _  /  | |    | |  | || |   / /\ \ | |   | |  | | | |_ | |  | |  __|  
 | |  | | |____ / ____ \| | \ \  | |    | |__| || |_ / ____ \| |___| |__| | |__| | |__| | |____ 
 |_|  |_|______/_/    \_\_|  \_\ |_|    |_____/_____/_/    \_\______\____/ \_____|\____/|______|

*/
    // GENERIC POOL
    {
      "LogName": "Dandelion Dialogue - 0-4",
      "Action": "EditData",
      "Target": "Characters/Dialogue/Dandelion",
      "Entries": {
        "{{WeekDay}}": "{{i18n:Core.Dandelion.Generic.EarlyHeart.{{Random:{{Range: 1, 15}}}}}}"
      }
    },
    {
      "LogName": "Dialogue - 6-10",
      "Action": "EditData",
      "Target": "Characters/Dialogue/Dandelion",
      "Entries": {
        "{{WeekDay}}": "{{i18n:Core.Dandelion.Generic.LateHeart.{{Random:{{Range: 1, 45}}}}}}"
      },
      "When": {
        "Hearts:Dandelion": "{{Range: 6, 10}}"
      }
    },
    // SEASONAL POOL
    {
      "LogName": "Dialogue - Dandelion Seasonal Override",
      "Action": "EditData",
      "Update": "OnLocationChange",
      "Target": "Characters/Dialogue/Dandelion",
      "Entries": {
        "{{WeekDay}}": "{{i18n:Core.Dandelion.{{Season}}.{{Random:{{Range: 1, 3}}|key={{Time}}}}}}#$action AddMail Current SnS_M_Dandelion_OverrideSeenToday received"
      },
      "When": {
        "Query: {{Random: {{Range: 1, 10}}|key=CSO}} = 1": true,
        "HasFlag |contains=SnS_M_Dandelion_OverrideSeenToday": false
      }
    },
    // ARM/LEG POOL
    {
      "LogName": "Dialogue - Dandelion Randomized Limb Dialogue",
      "Action": "EditData",
      "Update": "OnLocationChange",
      "Target": "Characters/Dialogue/Dandelion",
      "Entries": {
        "{{WeekDay}}": "{{i18n:Core.Dandelion.{{MechanicalLimb}}.{{Random:{{Range: 1, 10}}}}}}#$action AddMail Current SnS_M_Dandelion_OverrideSeenToday received"
      },
      "When": {
        "Query: {{Random: {{Range: 1, 10}}|key=CSL}} = 1": true,
        "HasFlag |contains=SnS_M_Dandelion_OverrideSeenToday": false
      }
    },
    // EPILOGUE POOL 
    {
      "LogName": "Dialogue - Dandelion Epilogue Override",
      "Action": "EditData",
      "Update": "OnLocationChange",
      "Target": "Characters/Dialogue/Dandelion",
      "Entries": {
        "{{WeekDay}}": "{{i18n:Core.Dandelion.Epilogue.{{Random:{{Range: 1, 10}}|key={{Time}}}}}}"
      },
      "When": {
        "HasSeenEvent |contains=SnS.Ch5.End": true,
        "Query: {{Random: {{Range: 1, 3}}|key=DEO}} = 1": true,
      }
    },
    /*
   _____ ______ _   _ ______ _____  _____ _____   _____ _____          _      ____   _____ _    _ ______ 
  / ____|  ____| \ | |  ____|  __ \|_   _/ ____| |  __ \_   _|   /\   | |    / __ \ / ____| |  | |  ____|
 | |  __| |__  |  \| | |__  | |__) | | || |      | |  | || |    /  \  | |   | |  | | |  __| |  | | |__   
 | | |_ |  __| | . ` |  __| |  _  /  | || |      | |  | || |   / /\ \ | |   | |  | | | |_ | |  | |  __|  
 | |__| | |____| |\  | |____| | \ \ _| || |____  | |__| || |_ / ____ \| |___| |__| | |__| | |__| | |____ 
  \_____|______|_| \_|______|_|  \_\_____\_____| |_____/_____/_/    \_\______\____/ \_____|\____/|______|

*/
    {
      "LogName": "Dandelion Dialogue - Platonic",
      "Action": "EditData",
      "Target": "Characters/Dialogue/Dandelion",
      "Entries": {
        // NAME & INTRO
        "Name:": "{{i18n:Core.Dandelion.Name}}",
        "Introduction": "{{i18n:Core.Dandelion.Introduction}}",
        // COMMUNITY CENTER BUNDLES
        "joja_Begin": "{{i18n:Core.Dandelion.JojaBegin}}",
        "cc_Begin": "{{i18n:Core.Dandelion.CCBegin}}",
        "cc_Bus": "{{i18n:Core.Dandelion.CCBus}}",
        "cc_Minecart": "{{i18n:Core.Dandelion.CCMinecart}}",
        "cc_Complete": "{{i18n:Core.Dandelion.CCComplete}}",
        "movieTheater": "{{i18n:Core.Dandelion.MovieTheater}}",
        // END OF SEASON
        "spring_28": "{{i18n:Core.Dandelion.SpringEnd}}",
        "summer_28": "{{i18n:Core.Dandelion.SummerEnd}}",
        "fall_28": "{{i18n:Core.Dandelion.FallEnd}}",
        "winter_28": "{{i18n:Core.Dandelion.WinterEnd}}",
        // SVE COMMUNITY DAY
        "CommunityCenter": "{{i18n:Core.Dandelion.CommunityCenter10}}",
        // FESTIVALS
        "spring_12": "{{i18n:Core.Dandelion.EggFestival}}",
        "spring_23": "{{i18n:Core.Dandelion.FlowerDance}}",
        "summer_10": "{{i18n:Core.Dandelion.Luau}}",
        "summer_27": "{{i18n:Core.Dandelion.MoonlightJelly}}",
        "fall_15": "{{i18n:Core.Dandelion.SDVFair}}",
        "fall_26": "{{i18n:Core.Dandelion.SpiritsEve}}",
        "winter_7": "{{i18n:Core.Dandelion.IceFestival}}",
        "winter_16": "{{i18n:Core.Dandelion.NightMarket}}",
        "winter_24": "{{i18n:Core.Dandelion.WinterStar}}",
        // RESORT
        "Resort": "{{i18n:Core.Dandelion.Resort}}",
        // GREEN RAIN 
        "GreenRain": "{{i18n:Core.Dandelion.GreenRain}}",
        "GreenRainFinished": "{{i18n:Core.Dandelion.GreenRainFinished}}",
        "GreenRain_2": "{{i18n:Core.Dandelion.GreenRain2}}",
      },
    },
    // ENGAGEMENT DIALOGUE
    {
      "LogName": "Engagement Dialogue",
      "Action": "EditData",
      "Target": "Data/EngagementDialogue",
      "Entries": {
        "Dandelion0": "{{i18n:Marriage.Dandelion.Engagement.Dandelion0}}",
        "Dandelion1": "{{i18n:Marriage.Dandelion.Engagement.Dandelion1}}",
        "Dandelion2": "{{i18n:Marriage.Dandelion.Engagement.Dandelion2}}"
      }
    }
  ]
}