{
    "Changes": [
        {
            "LogName": "Nora Introduction",
            "Action": "EditData",
            "Target": "Data/Events/EastScarp_NTHouse",
            "Entries": {
                "{{ModID}}_NoraIntroduction/t 800 1800/k {{ModID}}_ThePHD":
                "noraTheme/15 21/farmer 12 25 0 Nora 13 21 1/ignoreCollisions farmer/addConversationTopic NoraIntro 3/skippable/pause 500/advancedMove Nora true 2 0 -2 0 3 10/speak Nora \"{{i18n:Events.NORA.Introduction.Nora.1}}\"/emote farmer 8/speak Nora \"{{i18n:Events.NORA.Introduction.Nora.2}}\"/emote farmer 60/speak Nora \"{{i18n:Events.NORA.Introduction.Nora.3}}\"/stopAdvancedMoves/faceDirection Nora 2/pause 500/emote Nora 16/pause 500/speak Nora \"{{i18n:Events.NORA.Introduction.Nora.4}}\"/emote farmer 20/move farmer 0 -4 1/faceDirection Nora 3/speak Nora \"{{i18n:Events.NORA.Introduction.Nora.5}}\"/emote farmer 32/pause 500/speak Nora \"{{i18n:Events.NORA.Introduction.Nora.6}}\"/emote farmer 20/speak Nora \"{{i18n:Events.NORA.Introduction.Nora.7}}\"/pause 500/faceDirection Nora 2/speak Nora \"{{i18n:Events.NORA.Introduction.Nora.8}}\"/end position 12 24"
            }
        },
        {
            "LogName": "Nora 1 Heart Event",
            "Action": "EditData",
            "Target": "Data/Events/ArchaeologyHouse",
            "Entries": {
                "{{ModID}}_NoraDisability/f Nora 250/t 900 1800":
                "distantBanjo/14 9/{{NoraDeaf_SetUp}}/ignoreCollisions farmer/skippable/pause 500/emote farmer 32/advancedMove farmer false 1 0 0 -2 1 10/pause 2000/emote farmer 8/advancedMove farmer false 2 0 1 10/pause 2000/emote farmer 28/advancedMove Elliot false 1 0 4 10/advancedMove farmer false 1 0 1 10/emote Nora 8/pause 1000/faceDirection Nora 3/pause 500/jump Nora 8/pause 500/emote Nora 12/pause 500/speak Nora \"{{i18n:Events.NORA.Extra.Nora.1}}\"/pause 500/quickQuestion {{i18n:Events.NORA.Extra.Nora.Question.1}}#{{i18n:Events.NORA.Extra.Nora.Q1.Answer.1}}#{{i18n:Events.NORA.Extra.Nora.Q1.Answer.2}}(break)speak Nora \"{{i18n:Events.NORA.Extra.Nora.Q1.Response.1}}\"\\pause 100(break)speak Nora \"{{i18n:Events.NORA.Extra.Nora.Q1.Response.2}}\"\\pause 100/speak Nora \"{{i18n:Events.NORA.Extra.Nora.2}}\"/pause 500/emote farmer 60/pause 500/speak Nora \"{{i18n:Events.NORA.Extra.Nora.3}}\"/pause 500/emote farmer 20/pause 500/emote Nora 32/pause 500/speak Nora \"{{i18n:Events.NORA.Extra.Nora.4}}\"/pause 500/emote farmer 32/pause 500/faceDirection Nora 0/end"
            }
        },
        {
            "LogName": "Nora 2 Hearts Event",
            "Action": "EditData",
            "Target": "Data/Events/Forest",
            "Entries": {
                "{{ModID}}_ThePHD/w sunny/f Nora 500/t 900 1500/d Wed Fri/z Fall Winter": 
                "fall1/43 11/farmer 46 11 3 Nora 41 11 2/ignoreCollisions farmer/skippable/pause 1000/speak Nora \"{{i18n:Events.NORA.2H.Nora.1}}\"/emote farmer 20/move farmer -4 0 3/emote Nora 32/speak Nora \"{{i18n:Events.NORA.2H.Nora.2}}\"/emote farmer 8/faceDirection Nora 1/pause 500/speak Nora \"{{i18n:Events.NORA.2H.Nora.3}}\"/faceDirection Nora 2/pause 500/emote Nora 28/speak Nora \"{{i18n:Events.NORA.2H.Nora.4}}\"/emote farmer 28/speak Nora \"{{i18n:Events.NORA.2H.Nora.5}}\"/move Nora 0 3 2/faceDirection farmer 2/speak Nora \"{{i18n:Events.NORA.2H.Nora.6}}\"/pause 1000/faceDirection Nora 0/speak Nora \"{{i18n:Events.NORA.2H.Nora.7}}\"/emote farmer 32/move Nora 0 -3 1/faceDirection farmer 3/speak Nora \"{{i18n:Events.NORA.2H.Nora.8}}\"/pause 500/end"
            }
        },
        {
            "LogName": "Nora 3 Hearts Event",
            "Action": "EditData",
            "Target": "Data/Events/ArchaeologyHouse",
            "Entries": {
                "{{ModID}}_ZoologyClass/f Nora 750/t 1000 1400/d Mon Thu Sat Sun":
                "noraTheme/15 11/{{NoraLesson_SetUp}}/ignoreCollisions farmer/addConversationTopic NoraClass 2/skippable/pause 1000/speak Vincent \"{{i18n:Events.NORA.3H.Vincent.1}}\"/pause 500/speak Nora \"{{i18n:Events.NORA.3H.Nora.1}}\"/pause 500/speak Eloise \"{{i18n:Events.NORA.3H.Eloise.1}}\"/pause 500/speak Vincent \"{{i18n:Events.NORA.3H.Vincent.2}}\"/speak Nora \"{{i18n:Events.NORA.3H.Nora.2}}\"/emote Jas 8/speak Jas \"{{i18n:Events.NORA.3H.Jas.1}}\"/move farmer 2 0 0/emote Penny 16/faceDirection Penny 3/speak Penny \"{{i18n:Events.NORA.3H.Penny.1}}\"/faceDirection Vincent 3/speak Vincent \"{{i18n:Events.NORA.3H.Vincent.3}}\"/faceDirection Eloise 3/speak Eloise \"{{i18n:Events.NORA.3H.Eloise.3}}\"/emote Penny 32/speak Penny \"{{i18n:Events.NORA.3H.Penny.2}}\"/emote farmer 20/move farmer 2 0 0/advancedMove farmer false 2 0 0 -2 1 10/faceDirection Vincent 1/faceDirection Eloise 0/faceDirection Penny 0/textAboveHead Nora \"{{i18n:Events.NORA.3H.Nora.3}}\"/pause 500/speak Nora \"{{i18n:Events.NORA.3h.Nora.4}}\"/speak Eloise \"{{i18n:Events.NORA.3H.Eloise.4}}\"/emote Nora 32/speak Nora \"{{i18n:Events.NORA.3H.Nora.5}}\"/speak Vincent \"{{i18n:Events.NORA.3H.Vincent.4}}\"/pause 500/speak Penny \"{{i18n:Events.NORA.3H.Penny.3}}\"/emote Vincent 28/emote Nora 32/speak Nora \"{{i18n:Events.NORA.3H.Nora.6}}\"/emote Vincent 32/emote Eloise 32/emote Jas 32/pause 500/speak Nora \"{{i18n:Events.NORA.3H.Nora.7}}\"/pause 500/end warpOut"
            }
        },
        {
            "LogName": "Nora 4 Hearts Event",
            "Action": "EditData",
            "Target": "Data/Events/ArchaeologyHouse",
            "Entries": {
                "{{ModID}}_THOFR/f Nora 1000/t 1000 1800/z Winter":
                "libraryTheme/11 10/{{NoraLibrary_SetUp}}/ignoreCollisions farmer/skippable/showFrame Penny 18/pause 1000/speak Nora \"{{i18n:Events.NORA.4H.Nora.1}}\"/pause 500/speak Gunther \"{{i18n:Events.NORA.4H.Gunther.1}}\"/emote Nora 28/pause 500/speak Nora \"{{i18n:Events.NORA.4H.Nora.2}}\"/pause 500/speak Gunther \"{{i18n:Events.NORA.4H.Gunther.2}}\"/emote Nora 32/speak Nora \"{{i18n:Events.NORA.4H.Nora.3}}\"/pause 500/playSound doorClose/warp farmer 3 13/emote Nora 16/faceDirection Nora 2/speak Nora \"{{i18n:Events.NORA.4H.Nora.4}}\"/emote farmer 32/advancedMove farmer false 0 -2 1 0 0 -1 1 10/faceDirection Nora 0/speak Gunther \"{{i18n:Events.NORA.4H.Gunther.3}}\"/faceDirection Nora 0/emote Nora 20/faceDirection Nora 3/speak Nora \"{{i18n:Events.NORA.4H.Nora.5}}\"/advancedMove Nora false 3 0 0 4 2 0 0 -4 3 10/advancedMove farmer false 3 0 0 4 4 0 0 -3 3 10/viewport move 1 0 5000/speak Nora \"{{i18n:Events.NORA.4H.Nora.6}}\"/waitForAllStationary/emote Nora 32/speak Nora \"{{i18n:Events.NORA.4H.Nora.7}}\"/faceDirection Nora 1/pause 500/speak Nora \"{{i18n:Events.NORA.4H.Nora.8}}\"/emote farmer 8/pause 500/speak Nora \"{{i18n:Events.NORA.4H.Nora.9}}\"/pause 500/speak Nora \"{{i18n:Events.NORA.4H.Nora.10}}\"/faceDirection Nora 3/emote Nora 28/pause 500/speak Nora \"{{i18n:Events.NORA.4H.Nora.11}}\"/faceDirection Nora 1/speak Nora \"{{i18n:Events.NORA.4H.Nora.12}}\"/emote farmer 20/emote Nora 32/speak Nora \"{{i18n:Events.NORA.4H.Nora.13}}\"/emote Nora 32/faceDirection Nora 3/pause 500/speak Nora \"{{i18n:Events.NORA.4H.Nora.14}}\"/end position 3 13"
            }
        },
        {
            "LogName": "Nora Clinic Event",
            "Action": "EditData",
            "Target": "Data/Events/Hospital",
            "Entries": {
                "{{ModID}}_NoraNeedle/f Nora 500/t 900 1500/z fall winter":
                "playful/10 14/{{NoraClinic_SetUp}}/ignoreCollisions farmer/addConversationTopic NoraFear 2/skippable/changeSprite Maru Hospital/changePortrait Maru Hospital/pause 1000/advancedMove Nora false 2 0 -2 0 2 0 -2 0 2 0 3 10/emote Maru 28/pause 500/speak Maru \"{{i18n:Events.NORA.Clinic.Maru.1}}\"/emote Nora 12/waitForAllStationary/faceDirection Nora 3/speak Nora \"{{i18n:Events.NORA.Clinic.Nora.1}}\"/emote Maru 28/pause 500/speak Maru \"{{i18n:Events.NORA.Clinic.Maru.2}}\"/speak Nora \"{{i18n:Events.NORA.Clinic.Nora.2}}\"/faceDirection Nora 1/emote Maru 28/faceDirection Maru 2/pause 1000/emote Nora 28/faceDirection Nora 1/speak Nora \"{{i18n:Events.NORA.Clinic.Nora.3}}\"/faceDirection Maru 3/pause 500/speak Maru \"{{i18n:Events.NORA.Clinic.Maru.3}}\"/playSound doorClose/warp farmer 10 18/emote Nora 16/faceDirection Nora 0/faceDirection Maru 2/emote Maru 32/speak Maru \"{{i18n:Events.NORA.Clinic.Maru.4}}\"/emote farmer 32/advancedMove farmer false 3 0 0 -2 4 10/advancedMove Maru false 1 0 0 -4 -5 0 0 5 1 0 2 10/emote Nora 28/pause 500/faceDirection Nora 2/speak Nora \"{{i18n:Events.NORA.Clinic.Nora.4}}\"/emote farmer 8/pause 500/speak Nora \"{{i18n:Events.NORA.Clinic.Nora.5}}\"/emote farmer 16/emote Nora 28/speak Nora \"{{i18n:Events.NORA.Clinic.Nora.6}}\"/faceDirection Nora 1/faceDirection Nora 3/pause 500/faceDirection Nora 2/advancedMove Harvey false 3 0 0 5 5 0 0 4 1 10/speak Nora \"{{i18n:Events.NORA.Clinic.Nora.7}}\"/pause 1000/speak Harvey \"{{i18n:Events.NORA.Clinic.Harvey.1}}\"/emote Nora 12/speak Nora \"{{i18n:Events.NORA.Clinic.Nora.8}}\"/faceDirection Nora 1/move Harvey 1 0 1/speak Harvey \"{{i18n:Events.NORA.Clinic.Harvey.2}}\"/emote Nora 28/move Harvey 1 0 1/speak Harvey \"{{i18n:Events.NORA.Clinic.Harvey.3}}\"/pause 1000/faceDirection Nora 2/speak Nora \"{{i18n:Events.NORA.Clinic.Nora.9}}\"/emote Harvey 20/speak Harvey \"{{i18n:Events.NORA.Clinic.Harvey.4}}\"/advancedMove Harvey false -2 0 0 -4 -5 0 0 -3 4 10/faceDirection Nora 2/pause 500/speak Nora \"{{i18n:Events.NORA.Clinic.Nora.10}}\"/emote farmer 20/end position 10 18"   
            }
        },
        {
            "LogName": "Nora 6 Hearts Event",
            "Action": "EditData",
            "Target": "Data/Events/Town",
            "Entries": {
                "{{ModID}}_NorasReflection/f Nora 1500/t 1900 2200/z winter/e {{ModID}}_THOFR":
                "moonlightJellies/79 95/farmer 69 95 1 Nora 79 95 2/ignoreCollisions farmer/addConversationTopic NoraSad 3/skippable/emote Nora 28/speak Nora \"{{i18n:Events.NORA.6H.Nora.1}}\"/emote farmer 8/pause 500/emote Nora 16/faceDirection Nora 3/pause 500/speak Nora \"{{i18n:Events.NORA.6H.Nora.2}}\"/emote farmer 20/advancedMove farmer false 9 0 2 10/faceDirection Nora 2/pause 2000/emote Nora 28/quickQuestion {{i18n:Events.NORA.6H.Nora.Question.1}}#{{i18n:Events.NORA.6H.Q1.Answer.1}}#{{i18n:Events.NORA.6H.Q1.Answer.2}}(break)speak Nora \"{{i18n:Events.NORA.6H.Q1.Response.1}}\"\\pause 100(break)speak Nora \"{{i18n:Events.NORA.6H.Q1.Response.2}}\"\\pause 100\/emote farmer 8/pause 500/speak Nora \"{{i18n:Events.NORA.6H.Nora.4}}\"/pause 1000/speak Nora \"{{i18n:Events.NORA.6H.Nora.5}}\"/pause 500/speak Nora \"{{i18n:Events.NORA.6H.Nora.6}}\"/faceDirection farmer 1/pause 500/speak Nora \"{{i18n:Events.NORA.6H.Nora.7}}\"/move Nora 2 0 1/pause 1000/speak Nora \"{{i18n:Events.NORA.6H.Nora.8}}\"/pause 500/faceDirection Nora 3/pause 500/speak Nora \"{{i18n:Events.NORA.6H.Nora.9}}\"/emote farmer 8/faceDirection Nora 1/emote Nora 28/pause 500/speak Nora \"{{i18n:Events.NORA.6H.Nora.10}}\"/pause 1000/move farmer 2 0 1/faceDirection Nora 2/pause 500/speak Nora \"{{i18n:Events.NORA.6H.Nora.11}}\"/emote farmer 28/faceDirection farmer 2/pause 500/speak Nora \"{{i18n:Events.NORA.6H.Nora.12}}\"/pause 1000/faceDirection Nora 3/faceDirection farmer 1/speak Nora \"{{i18n:Events.NORA.6H.Nora.13}}\"/emote farmer 20/end"
            }
        },
        {
            "LogName": "Nora 8 Hearts Event Part 1",
            "Action": "EditData",
            "Target": "Data/Events/EastScarp_NTHouse",
            "Entries": {
                "{{ModID}}_TheBreakdown/f Nora 2000/t 1600 2000/e {{ModID}}_NorasReflection":
                "risingAbove/23 8/farmer 21 15 0 Nora 19 9 3/ignoreCollisions farmer/addConversationTopic NoraBusy 7/skippable/mail NoraPHD1/shake Nora 2000/pause 1000/emote farmer 8/playSound doorOpen/emote Nora 12/faceDirection Nora 2/speak Nora \"{{i18n:Events.NORA.8H1.Nora.1.1}}\"/warp farmer 21 13/emote Nora 28/faceDirection Nora 2/speak Nora \"{{i18n:Events.NORA.8H1.Nora.1.2}}\"/emote farmer 40/move farmer 0 -4 3/shake Nora 1000/speak Nora \"{{i18n:Events.NORA.8H1.Nora.2}}\"/quickQuestion {{i18n:Events.NORA.8H1.Nora.Question.1}}#{{i18n:Events.NORA.8H1.Nora.Q1.Answer.1}}#{{i18n:Events.NORA.8H1.Nora.Q1.Answer.2}}#{{i18n:Events.NORA.8H1.Nora.Q1.Answer.3}}(break)speak Nora \"{{i18n:Events.NORA.8H1.Nora.Q1.Response.1}}\"\\pause 100(break)speak Nora \"{{i18n:Events.NORA.8H1.Nora.Q1.Response.2}}\"\\pause 100(break)speak Nora \"{{i18n:Events.NORA.8H1.Nora.Q1.Response.3}}\"\\pause 100\/emote Nora 28/pause 1000/faceDirection Nora 1/speak Nora \"{{i18n:Events.NORA.8H1.Nora.4}}\"/faceDirection Nora 3/speak Nora \"{{i18n:Events.NORA.8H1.Nora.5}}\"/emote farmer 28/speak Nora \"{{i18n:Events.NORA.8H1.Nora.6}}\"/quickQuestion {{i18n:Events.NORA.8H1.Nora.Question.2}}#{{i18n:Events.NORA.8H1.Nora.Q2.Answer.1}}#{{i18n:Events.NORA.8H1.Nora.Q2.Answer.2}}#{{i18n:Events.NORA.8H1.Nora.Q2.Answer.3}}#{{i18n:Events.NORA.8H1.Nora.Q2.Answer.4}}(break)speak Nora \"{{i18n:Events.NORA.8H1.Nora.Q2.Response.1}}\"\\pause 100(break)speak Nora \"{{i18n:Events.NORA.8H1.Nora.Q2.Response.2}}\"\\pause 100(break)speak Nora \"{{i18n:Events.NORA.8H1.Nora.Q2.Response.3}}\"\\pause 100(break)speak Nora \"{{i18n:Events.NORA.8H1.Nora.Q2.Response.4}}\"\\pause 100\/emote Nora 40/pause 1000/speak Nora \"{{i18n:Events.NORA.8H1.Nora.8}}\"/emote farmer 32/faceDirection Nora 2/speak Nora \"{{i18n:Events.NORA.8H1.Nora.9}}\"/emote farmer 20/faceDirection Nora 3/move farmer 0 4 2/emote Nora 16/faceDirection farmer 0/speak Nora \"{{i18n:Events.NORA.8H1.Nora.10}}\"/emote farmer 32/end position 12 24"
            }
        },
        {
            "LogName": "Nora 8 Hearts Event Part 2",
            "Action": "EditData",
            "Target": "Data/Events/Saloon",
            "Entries": {
                "{{ModID}}_PHDisOver/w sunny/f Nora 2000/A NoraBusy/t 1200 2000/e {{ModID}}_TheBreakdown":
                "noraTheme/11 18/{{NoraParty_SetUp}}/ignoreCollisions farmer/addConversationTopic NoraProud 4/skippable/animate Gus false true 200 18 18 19 19 20 20 19 1/pause 1000/speak Leah \"{{i18n:Events.NORA.8H2.Leah.1}}\"/pause 500/speak Nora \"{{i18n:Events.NORA.8H2.Nora.1}}\"/pause 500/speak Maru \"{{i18n:Events.NORA.8H2.Maru.1}}\"/speak Nora \"{{i18n:Events.NORA.8H2.Nora.2}}\"/emote Maru 32/emote Nora 40/speak Nora \"{{i18n:Events.NORA.8H2.Nora.3}}\"/advancedMove Emily false -3 0 4 10/speak Harvey \"{{i18n:Events.NORA.8H2.Harvey.1}}\"/emote Nora 20/pause 500/playSound doorOpen/warp farmer 14 23/emote Nora 16/speak Nora \"{{i18n:Events.NORA.8H2.Nora.4}}\"/emote farmer 20/move farmer 0 -2 1/faceDirection farmer 3/speak Nora \"{{i18n:Events.NORA.8H2.Nora.5}}\"/globalFade/viewport -1000 -1000/playMusic none/playSound woodyStep/pause 500/warp farmer 8 6/warp Nora 7 6/faceDirection farmer 3/faceDirection Nora 1/viewport 11 6/playMusic risingAbove/globalFadeToClear/pause 1000/emote Nora 32/speak Nora \"{{i18n:Events.NORA.8H2.Nora.6}}\"/emote farmer 20/speak Nora \"{{i18n:Events.NORA.8H2.Nora.7}}\"/emote farmer 8/pause 500/speak Nora \"{{i18n:Events.NORA.8H2.Nora.8}}\"/emote farmer 16/faceDirection Nora 2/speak Nora \"{{i18n:Events.NORA.8H2.Nora.9}}\"/emote Nora 40/move Nora -2 0 3/speak Nora \"{{i18n:Events.NORA.8H2.Nora.10}}\"/faceDirection Nora 1/pause 500/speak Nora \"{{i18n:Events.NORA.8H2.Nora.11}}\"/emote farmer 20/move Nora 2 0 1/speak Nora \"{{i18n:Events.NORA.8H2.Nora.12}}\"/emote farmer 32/end warpOut"
            }
        },
        {
            "LogName": "Nora 9 Hearts Event",
            "Action": "EditData",
            "Target": "Data/Events/Forest",
            "Entries": {
                "{{ModID}}_Extinction/w rainy/f Nora 2250/t 1600 2200/e {{ModID}}_PHDisOver":
                "risingAbove/34 23/farmer 34 20 2 Nora 34 25 2/ignoreCollisions farmer/skippable/move farmer 0 2 2/pause 500/emote farmer 8/pause 500/advancedMove farmer false 0 2 -1 0 0 1 1 10/emote Nora 28/waitForAllStationary/speak Nora \"{{i18n:Events.NORA.9H.Nora.1}}\"/emote farmer 28/pause 500/faceDirection farmer 2/pause 500/speak Nora \"{{i18n:Events.NORA.9H.Nora.2}}\"/pause 1500/speak Nora \"{{i18n:Events.NORA.9H.Nora.3}}\"/emote Nora 44/pause 1000/speak Nora \"{{i18n:Events.NORA.9H.Nora.4}}\"/emote farmer 8/pause 500/faceDirection farmer 1/speak Nora \"{{i18n:Events.NORA.9H.Nora.5}}\"/emote farmer 28/faceDirection farmer 2/pause 1000/emote Nora 44/speak Nora \"{{i18n:Events.NORA.9H.Nora.6}}\"/pause 500/speak Nora \"{{i18n:Events.NORA.9H.Nora.7}}\"/emote farmer 60/pause 500/faceDirection Nora 3/pause 500/faceDirection farmer 1/pause 500/speak Nora \"{{i18n:Events.NORA.9H.Nora.8}}\"/emote farmer 20/pause 500/faceDirection Nora 1/pause 500/faceDirection Nora 2/shake Nora 1000/pause 500/faceDirection Nora 3/pause 500/speak Nora \"{{i18n:Events.NORA.9H.Nora.9}}\"/pause 500/emote farmer 32/advancedMove farmer false 0 -10 4 10/advancedMove Nora false 0 -10 4 10/end"
            }
        },
        {
            "LogName": "Nora 10 Hearts Event Part 1",
            "Action": "EditData",
            "Target": "Data/Events/Town",
            "Entries": {
                "{{ModID}}_JobHunting/w sunny/f Nora 2500/t 800 1600/e {{ModID}}_Extinction": 
                "SettlingIn/41 59/farmer 36 58 1 Nora 41 57 0 Abigail -100 -100 0/ignoreCollisions farmer/addTemporaryActor NoraGunther 16 32 -100 -100 2 true Character/changeName NoraGunther Gunther/addConversationTopic NoraJob 3/skippable/textAboveHead Nora \"{{i18n:Events.NORA.10H1.Nora.1}}\"/emote farmer 8/pause 1000/advancedMove farmer false 4 0 1 10/emote Nora 16/faceDirection Nora 3/pause 1000/speak Nora \"{{i18n:Events.NORA.10H1.Nora.2}}\"/emote farmer 32/pause 500/speak Nora \"{{i18n:Events.NORA.10H1.Nora.3}}\"/pause 500/faceDirection Nora 0/faceDirection farmer 0/speak Nora \"{{i18n:Events.NORA.10H1.Nora.4}}\"/pause 500/playSound doorOpen/warp NoraGunther 43 57/emote Nora 16/faceDirection NoraGunther 3/faceDirection Nora 1/faceDirection farmer 1/speak NoraGunther \"{{i18n:Events.NORA.10H1.Gunther.1}}\"/pause 500/speak Nora \"{{i18n:Events.NORA.10H1.Nora.5}}\"/pause 500/speak NoraGunther \"{{i18n:Events.NORA.10H1.Gunther.2}}\"/advancedMove NoraGunther false 0 1 -2 0 4 10/emote Nora 32/faceDirection Nora 2/faceDirection farmer 2/speak Nora \"{{i18n:Events.NORA.10H1.Nora.6}}\"/emote NoraGunther 28/pause 500/speak NoraGunther \"{{i18n:Events.NORA.10H1.Gunther.3}}\"/emote Nora 28/pause 500/speak Nora \"{{i18n:Events.NORA.10H1.Nora.7}}\"/speak NoraGunther \"{{i18n:Events.NORA.10H1.Gunther.4}}\"/pause 500/emote Nora 40/speak Nora \"{{i18n:Events.NORA.10H1.Nora.8}}\"/speak NoraGunther \"{{i18n:Events.NORA.10H1.Gunther.5}}\"/emote Nora 32/speak Nora \"{{i18n:Events.NORA.10H1.Nora.9}}\"/advancedMove Nora false 8 0 0 -20 4 10/faceDirection NoraGunther 1/faceDirection farmer 1/emote NoraGunther 8/pause 1000/move farmer 0 1 1/faceDirection NoraGunther 3/quickQuestion {{i18n:Events.NORA.10H1.Gunther.Question.1}}#{{i18n:Events.NORA.10H1.Gunther.Q1.Answer.1}}#{{i18n:Events.NORA.10H1.Gunther.Q1.Answer.2}}#{{i18n:Events.NORA.10H1.Gunther.Q1.Answer.3}}(break)speak NoraGunther \"{{i18n:Events.NORA.10H1.Gunther.Q1.Response.1}}\"\\pause 100(break)speak NoraGunther \"{{i18n:Events.NORA.10H1.Gunther.Q1.Response.2}}\"\\pause 100(break)speak NoraGunther \"{{i18n:Events.NORA.10H1.Gunther.Q1.Response.3}}\"\\pause 100\/emote farmer 32/advancedMove NoraGunther false 0 -7 1 10/faceDirection farmer 2/globalFade/end"
            }
        },
        {
            "LogName": "Nora 10 Hearts Event Part 2",
            "Action": "EditData",
            "Target": "Data/Events/ArchaeologyHouse",
            "Entries": {
                "{{ModID}}_JobMuseum/w sunny/f Nora 2500/A NoraJob/t 900 1800/e {{ModID}}_JobHunting":
                "noraTheme/11 10/farmer -100 -100 0 Nora 6 10 3/ignoreCollisions farmer/addTemporaryActor NoraGunther 16 32 6 8 2 true Character/changeName NoraGunther Gunther/addConversationTopic NoraMuseum 14/skippable/speak NoraGunther \"{{i18n:Events.NORA.10H2.Gunther.0}}\"/pause 500/emote Nora 32/pause 500/speak Nora \"{{i18n:Events.NORA.10H2.Nora.0}}\"/pause 500/playSound doorOpen/pause 500/warp farmer 3 13/faceDirection Nora 2/pause 500/emote Nora 32/pause 500/speak Nora \"{{i18n:Events.NORA.10H2.Nora.1}}\"/emote NoraGunther 60/pause 500/advancedMove farmer false 0 -3 2 0 1 10/speak NoraGunther \"{{i18n:Events.NORA.10H2.Gunther.1}}\"/faceDirection Nora 0/speak Nora \"{{i18n:Events.NORA.10H2.Nora.2}}\"/emote NoraGunther 12/faceDirection farmer 0/pause 500/speak NoraGunther \"{{i18n:Events.NORA.10H2.Gunther.2}}\"/pause 500/faceDirection Nora 3/faceDirection farmer 1/speak Nora \"{{i18n:Events.NORA.10H2.Nora.3}}\"/emote farmer 32/pause 500/speak NoraGunther \"{{i18n:Events.NORA.10H2.Gunther.3}}\"/speak Nora \"{{i18n:Events.NORA.10H2.Nora.4}}\"/speak NoraGunther \"{{i18n:Events.NORA.10H2.Gunther.4}}\"/emote Nora 32/pause 500/speak Nora \"{{i18n:Events.NORA.10H2.Nora.5}}\"/emote farmer 20/speak NoraGunther \"{{i18n:Events.NORA.10H2.Gunther.5}}\"/pause 500/speak Nora \"{{i18n:Events.NORA.10H2.Nora.6}}\"/pause 500/emote NoraGunther 32/pause 500/advancedMove NoraGunther false 0 -1 2 0 0 7 3 0 0 -5 4 10/faceDirection Nora 1/speak Nora \"{{i18n:Events.NORA.10H2.Nora.7}}\"/pause 500/emote farmer 20/pause 500/emote Nora 32/pause 500/speak Nora \"{{i18n:Events.NORA.10H2.Nora.8}}\"/end warpOut"
            }
        },
        {
            "LogName": "Nora Chameleon",
            "Action": "EditData",
            "Target": "Data/Events/IslandSouth",
            "Entries": {
                "{{ModID}}_ABiologyMiracle/w sunny/f Nora 2500/A NoraMuseum/ActiveDialogueEvent islandResortUnlocked/e 6497428/t 1100 1700/z winter/e {{ModID}}_JobMuseum":
                "noraTheme/21 33/{{NoraResort_SetUp}}/addTemporaryActor PT_Chameleon 16 16 -100 -100 3 true Character/addConversationTopic NoraChameleon 5/skippable/mail NoraChameleon/changeSprite Alex Beach/showFrame Alex 18/changeSprite Haley Beach/showFrame Haley 22/pause 1000/speak Nora \"{{i18n:Events.NORA.IslandA.Nora.1}}\"/pause 500/speak Willy \"{{i18n:Events.NORA.IslandA.Willy.1}}\"/pause 500/speak Nora \"{{i18n:Events.NORA.IslandA.Nora.2}}\"/pause 500/emote Willy 60/warp farmer 0 10/advancedMove farmer false 8 0 0 8 1 0 0 11 13 0 0 2 2 10/pause 500/speak Willy \"{{i18n:Events.NORA.IslandA.Willy.2}}\"/pause 500/emote Nora 32/pause 500/speak Nora \"{{i18n:Events.NORA.IslandA.Nora.3}}\"/speak Willy \"{{i18n:Events.NORA.IslandA.Willy.3}}\"/pause 500/speak Nora \"{{i18n:Events.NORA.IslandA.Nora.4}}\"/pause 500/emote Willy 32/advancedMove Willy false -4 0 0 1 2 10/faceDirection Nora 0/pause 500/emote Nora 16/pause 500/advancedMove Nora false 1 0 0 -1 3 10/waitForAllStationary/showFrame Willy 16/pause 500/faceDirection farmer 1/speak Nora \"{{i18n:Events.NORA.IslandA.Nora.5}}\"/pause 500/emote farmer 32/pause 500/speak Nora \"{{i18n:Events.NORA.IslandA.Nora.6}}\"/emote farmer 20/viewport move 1 -1 8000/advancedMove Nora false 9 0 0 -4 2 10/advancedMove farmer false 9 0 0 -2 2 0 4 10/speak Nora \"{{i18n:Events.NORA.IslandA.Nora.7}}\"/waitForAllStationary/pause 2000/speak Nora \"{{i18n:Events.NORA.IslandA.Nora.8}}\"/warp PT_Chameleon 32 23/pause 500/jump farmer 8/setRunning farmer/advancedMove farmer false 0 -4 -2 0 4 10/waitForAllStationary/emote PT_Chameleon 16/pause 500/warp PT_Chameleon -100 -100/faceDirection Nora 3/faceDirection Nora 0/pause 500/emote Nora 8/pause 500/waitForAllStationary/faceDirection farmer 2/quickQuestion {{i18n:Events.NORA.IslandA.Nora.Question.1}}#{{i18n:Events.NORA.IslandA.Nora.Q1.Answer.1}}#{{i18n:Events.NORA.IslandA.Nora.Q1.Answer.2}}(break)speak Nora \"{{i18n:Events.NORA.IslandA.Nora.Q1.Response.1}}\"\\pause 100(break)speak Nora \"{{i18n:Events.NORA.IslandA.Nora.Q1.Response.2}}\"\\pause 100/warp PT_Chameleon 35 27/advancedMove farmer false 2 0 0 2 1 10/pause 500/emote PT_Chameleon 12/warp PT_Chameleon -100 -100/emote Nora 16/faceDirection Nora 1/pause 500/faceDirection farmer 3/pause 500/quickQuestion {{i18n:Events.NORA.IslandA.Nora.Question.2}}#{{i18n:Events.NORA.IslandA.Nora.Q2.Answer.1}}#{{i18n:Events.NORA.IslandA.Nora.Q2.Answer.2}}(break)speak Nora \"{{i18n:Events.NORA.IslandA.Nora.Q2.Response.1}}\"\\pause 100(break)speak Nora \"{{i18n:Events.NORA.IslandA.Nora.Q2.Response.2}}\"\\pause 100/emote farmer 60/pause 500/speak Nora \"{{i18n:Events.NORA.IslandA.Nora.9}}\"/warp PT_Chameleon 32 23/pause 1000/emote Nora 8/pause 500/faceDirection Nora 0/pause 1000/speak Nora \"{{i18n:Events.NORA.IslandA.Nora.10}}\"/faceDirection Nora 1/speak Nora \"{{i18n:Events.NORA.IslandA.Nora.11}}\"/faceDirection Nora 0/faceDirection farmer 0/pause 500/faceDirection Nora 1/faceDirection farmer 3/pause 500/faceDirection Nora 0/speak Nora \"{{i18n:Events.NORA.IslandA.Nora.12}}\"/advancedMove Nora false 0 -3 4 10/end"
            }
        },
        {
            "LogName": "Save the Species",
            "Action": "EditData",
            "Target": "Data/Events/IslandFieldOffice",
            "Entries": {
                "{{ModID}}_DeExtinction/w sunny/f Nora 2500/A NoraChameleon/t 1100 1700/z winter/e {{ModID}}_ABiologyMiracle":
                "playful/4 8/{{NoraOffice_SetUp}}/addTemporaryActor NoraGunther 16 32 5 4 0 true Character/addTemporaryActor PT_Chameleon 16 16 7 6 0 true Character/changeName SafariGuy Professor Snail/changeName NoraGunther Gunther/addConversationTopic SaveChamey 3/positionOffset PT_Chameleon -1 0/skippable/pause 1000/speak Nora \"{{i18n:Events.NORA.IslandB.Nora.1}}\"/pause 500/speak SafariGuy \"{{i18n:Events.NORA.IslandB.Snail.1}}\"/pause 500/emote Nora 32/pause 500/speak Nora \"{{i18n:Events.NORA.IslandB.Nora.2}}\"/pause 500/faceDirection Nora 1/pause 500/speak Nora \"{{i18n:Events.NORA.IslandB.Nora.22}}\"/pause 500/advancedMove Nora false 1 0 0 -1 4 10/advancedMove SafariGuy false -1 0 0 -3 3 10/faceDirection Jacob 2/pause 500/speak Jacob \"{{i18n:Events.NORA.IslandB.Jacob.1}}\"/pause 500/speak Nora \"{{i18n:Events.NORA.IslandB.Nora.3}}\"/pause 500/faceDirection NoraGunther 2/speak Jacob \"{{i18n:Events.NORA.IslandB.Jacob.2}}\"/pause 500/emote Nora 20/pause 500/speak Nora \"{{i18n:Events.NORA.IslandB.Nora.4}}\"/pause 500/emote Jacob 60/faceDirection Jacob 1/pause 500/playSound doorOpen/warp farmer 4 9/pause 500/faceDirection Nora 2/pause 500/speak Nora \"{{i18n:Events.NORA.IslandB.Nora.5}}\"/pause 500/emote farmer 32/pause 500/advancedMove farmer false 0 -1 1 10/advancedMove Nora false 0 1 -1 0 3 10/speak Nora \"{{i18n:Events.NORA.IslandB.Nora.6}}\"/pause 500/faceDirection Nora 0/speak NoraGunther \"{{i18n:Events.NORA.IslandB.Gunther.1}}\"/pause 500/faceDirection Nora 1/faceDirection Jacob 3/pause 500/speak Jacob \"{{i18n:Events.NORA.IslandB.Jacob.3}}\"/pause 500/speak Nora \"{{i18n:Events.NORA.IslandB.Nora.7}}\"/pause 500/faceDirection Jacob 1/speak NoraGunther \"{{i18n:Events.NORA.IslandB.Gunther.2}}\"/pause 500/faceDirection SafariGuy 1/pause 500/speak SafariGuy \"{{i18n:Events.NORA.IslandB.Snail.2}}\"/pause 500/faceDirection Nora 3/speak Nora \"{{i18n:Events.NORA.IslandB.Nora.8}}\"/emote farmer 20/end"
            }
        },
        //EXTRA EVENTS
        {
            "LogName": "Raising Frogs",
            "Action": "EditData",
            "Target": "Data/Events/AnimalShop",
            "Entries": {
                "{{ModID}}_FrogFriends/f Nora 250/d Wed Thu Fri Sat Sun/t 900 1500":
                "distantBanjo/14 15/{{NoraFrogFriends_SetUp}}/ignoreCollisions farmer/skippable/showFrame Jas 23/pause 1500/speak Marnie \"{{i18n:Events.NORA.FrogFriends.Marnie.1}}\"/pause 500/speak Nora \"{{i18n:Events.NORA.FrogFriends.Nora.1}}\"/pause 500/emote Marnie 32/pause 500/speak Robin \"{{i18n:Events.NORA.FrogFriends.Robin.1}}\"/pause 500/faceDirection Nora 1/pause 500/speak Nora \"{{i18n:Events.NORA.FrogFriends.Nora.2}}\"/pause 500/playSound doorOpen/warp farmer 13 18/pause 500/emote Marnie 32/pause 500/faceDirection Nora 2/pause 500/faceDirection Robin 2/speak Marnie \"{{i18n:Events.NORA.FrogFriends.Marnie.2}}\"/pause 500/advancedMove farmer false 0 -1 1 0 0 -1 3 10/faceDirection Robin 3/faceDirection Nora 1/speak Nora \"{{i18n:Events.NORA.FrogFriends.Nora.3}}\"/pause 500/emote farmer 8/pause 500/emote Robin 60/pause 500/speak Robin \"{{i18n:Events.NORA.FrogFriends.Robin.2}}\"/pause 500/speak Nora \"{{i18n:Events.NORA.FrogFriends.Nora.4}}\"/pause 500/emote farmer 60/emote Marnie 32/pause 500/faceDirection farmer 0/pause 500/speak Marnie \"{{i18n:Events.NORA.FrogFriends.Marnie.3}}\"/pause 500/emote Robin 60/pause 500/speak Robin \"{{i18n:Events.NORA.FrogFriends.Robin.3}}\"/pause 500/speak Nora \"{{i18n:Events.NORA.FrogFriends.Nora.5}}\"/quickQuestion {{i18n:Events.NORA.FrogFriends.Nora.Question.1}}#{{i18n:Events.NORA.FrogFriends.Nora.Q1.Answer.1}}#{{i18n:Events.NORA.FrogFriends.Nora.Q1.Answer.2}}#{{i18n:Events.NORA.FrogFriends.Nora.Q1.Answer.3}}(break)speak Nora \"{{i18n:Events.NORA.FrogFriends.Nora.Q1.Response.1}}\"\\pause 100(break)speak Nora \"{{i18n:Events.NORA.FrogFriends.Nora.Q1.Response.2}}\"\\pause 100(break)speak Nora \"{{i18n:Events.NORA.FrogFriends.Nora.Q1.Response.3}}\"\\pause 100\/faceDirection farmer 1/pause 500/speak Robin \"{{i18n:Events.NORA.FrogFriends.Robin.4}}\"/emote farmer 20/advancedMove Robin false 0 2 -2 0 0 2 2 10/faceDirection farmer 3/playSound doorClose/end"
            },
            "When": {
                "HasMod |contains=neuralwiles.FrogFriends": true
            }
        },
        {
            "LogName": "Rodnora events",
            "Action": "EditData",
            "Target": "Data/Events/ArchaeologyHouse",
            "Entries": {
                "{{ModID}}_Rodnora/f Nora 500/f RodneyOBrien 500/t 900 1800":
                "rodnoraTheme/11 10/{{NoraRodnora_SetUp}}/addTemporaryActor NoraGunther 16 32 3 8 2 true Character/changeName NoraGunther Gunther/skippable/pause 1000/speak NoraGunther \"{{i18n:Events.NORA.Rodnora.Gunther.1}}\"/pause 500/speak RodneyOBrien \"{{i18n:Events.NORA.Rodnora.Rodney.1}}\"/pause 500/emote NoraGunther 40/pause 500/speak NoraGunther \"{{i18n:Events.NORA.Rodnora.Gunther.2}}\"/playSound doorOpen/warp Nora 3 14/pause 500/emote NoraGunther 16/pause 500/faceDirection RodneyOBrien 2/advancedMove Nora false 0 -2 1 0 0 -2 4 10/speak Nora \"{{i18n:Events.NORA.Rodnora.Nora.1}}\"/faceDirection RodneyOBrien 1/pause 500/emote RodneyOBrien 12/pause 500/speak RodneyOBrien \"{{i18n:Events.NORA.Rodnora.Rodney.2}}\"/pause 500/faceDirection Nora 3/pause 500/emote Nora 28/pause 500/speak Nora \"{{i18n:Events.NORA.Rodnora.Nora.2}}\"/pause 500/faceDirection Nora 3/pause 500/speak NoraGunther \"{{i18n:Events.NORA.Rodnora.Gunther.3}}\"/pause 500/faceDirection Nora 0/pause 500/speak Nora \"{{i18n:Events.NORA.Rodnora.Nora.3}}\"/pause 500/faceDirection RodneyOBrien 2/pause 500/speak RodneyOBrien \"{{i18n:Events.NORA.Rodnora.Rodney.3}}\"/pause 500/speak NoraGunther \"{{i18n:Events.NORA.Rodnora.Gunther.4}}\"/pause 500/faceDirection Nora 3/faceDirection RodneyOBrien 0/pause 500/speak RodneyOBrien \"{{i18n:Events.NORA.Rodnora.Rodney.4}}\"/pause 500/faceDirection Nora 3/pause 500/speak Nora \"{{i18n:Events.NORA.Rodnora.Nora.4}}\"/pause 500/speak NoraGunther \"{{i18n:Events.NORA.Rodnora.Gunther.5}}\"/pause 500/faceDirection RodneyOBrien 1/pause 500/speak Nora \"{{i18n:Events.NORA.Rodnora.Nora.5}}\"/pause 500/warp farmer 3 14/pause 500/faceDirection Nora 2/faceDirection RodneyOBrien 2/pause 500/emote RodneyOBrien 16/pause 500/speak RodneyOBrien \"{{i18n:Events.NORA.Rodnora.Rodney.5}}\"/pause 500/emote farmer 20/globalFade/viewport -500 -500/changeLocation Town/message \"{{i18n:Events.NORA.Rodnora.Message}}\"/viewport 43 74/warp Nora 45 73/warp RodneyOBrien 43 73/warp farmer 42 74/faceDirection Nora 3/faceDirection RodneyOBrien 1/faceDirection farmer 1/fade unfade/pause 1000/emote Nora 20/pause 500/speak Nora \"{{i18n:Events.NORA.Rodnora.Nora.6}}\"/pause 500/emote RodneyOBrien 32/pause 500/advancedMove Nora false 5 0 0 9 2 0 0 9 0 10/faceDirection RodneyOBrien 3/pause 500/speak RodneyOBrien \"{{i18n:Events.NORA.Rodnora.Rodney.6}}\"/pause 500/emote farmer 32/end"
            },
            "When": {
                "HasMod |contains=TheFrenchDodo.RodneyOBrien": true,
                "HasMod |contains=FlashShifter.StardewValleyExpandedCP": false
            }
        },
        {
            "LogName": "Rodnora events",
            "Action": "EditData",
            "Target": "Data/Events/ArchaeologyHouse",
            "Entries": {
                "{{ModID}}_Rodnora/f Nora 500/f RodneyOBrien 500/t 900 1800":
                "rodnoraTheme/11 10/farmer -100 -100 0 Nora -100 -100 0 RodneyOBrien 5 10 0/addTemporaryActor NoraGunther 16 32 5 8 2 true Character/changeName NoraGunther Gunther/skippable/pause 1000/speak NoraGunther \"{{i18n:Events.NORA.Rodnora.Gunther.1}}\"/pause 500/speak RodneyOBrien \"{{i18n:Events.NORA.Rodnora.Rodney.1}}\"/pause 500/emote NoraGunther 40/pause 500/speak NoraGunther \"{{i18n:Events.NORA.Rodnora.Gunther.2}}\"/playSound doorOpen/warp Nora 3 14/pause 500/emote NoraGunther 16/pause 500/faceDirection RodneyOBrien 2/advancedMove Nora false 0 -4 1 0 4 10/speak Nora \"{{i18n:Events.NORA.Rodnora.Nora.1}}\"/faceDirection RodneyOBrien 3/pause 500/emote RodneyOBrien 12/pause 500/speak RodneyOBrien \"{{i18n:Events.NORA.Rodnora.Rodney.2}}\"/pause 500/faceDirection Nora 1/pause 500/emote Nora 28/pause 500/speak Nora \"{{i18n:Events.NORA.Rodnora.Nora.2}}\"/pause 500/speak NoraGunther \"{{i18n:Events.NORA.Rodnora.Gunther.3}}\"/pause 500/faceDirection Nora 0/pause 500/speak Nora \"{{i18n:Events.NORA.Rodnora.Nora.3}}\"/pause 500/faceDirection RodneyOBrien 2/pause 500/speak RodneyOBrien \"{{i18n:Events.NORA.Rodnora.Rodney.3}}\"/pause 500/speak NoraGunther \"{{i18n:Events.NORA.Rodnora.Gunther.4}}\"/pause 500/faceDirection Nora 1/faceDirection RodneyOBrien 0/pause 500/speak RodneyOBrien \"{{i18n:Events.NORA.Rodnora.Rodney.4}}\"/pause 500/speak Nora \"{{i18n:Events.NORA.Rodnora.Nora.4}}\"/pause 500/speak NoraGunther \"{{i18n:Events.NORA.Rodnora.Gunther.5}}\"/pause 500/faceDirection RodneyOBrien 3/pause 500/speak Nora \"{{i18n:Events.NORA.Rodnora.Nora.5}}\"/pause 500/warp farmer 3 14/pause 500/faceDirection Nora 2/faceDirection RodneyOBrien 2/pause 500/emote RodneyOBrien 16/pause 500/speak RodneyOBrien \"{{i18n:Events.NORA.Rodnora.Rodney.5}}\"/pause 500/emote farmer 20/globalFade/viewport -500 -500/changeLocation Town/message \"{{i18n:Events.NORA.Rodnora.Message}}\"/viewport 43 74/warp Nora 45 73/warp RodneyOBrien 43 73/warp farmer 42 74/faceDirection Nora 3/faceDirection RodneyOBrien 1/faceDirection farmer 1/fade unfade/pause 1000/emote Nora 20/pause 500/speak Nora \"{{i18n:Events.NORA.Rodnora.Nora.6}}\"/pause 500/emote RodneyOBrien 32/pause 500/advancedMove Nora false 5 0 0 9 2 0 0 9 0 10/faceDirection RodneyOBrien 3/pause 500/speak RodneyOBrien \"{{i18n:Events.NORA.Rodnora.Rodney.6}}\"/pause 500/emote farmer 32/end"
            },
            "When": {
                "HasMod |contains=TheFrenchDodo.RodneyOBrien": true,
                "HasMod |contains=FlashShifter.StardewValleyExpandedCP": true
            }
        },
        //DATING EVENTS
        {
            "LogName": "Nora Has Feelings",
            "Action": "EditData",
            "Target": "Data/Events/Farm",
            "Entries": {
                "{{ModID}}_NoraFeelings/f Nora 2500/t 600 700/e {{ModID}}_DeExtinction/A SaveChamey":
                "noraTheme/64 15/farmer 64 16 2 Nora 64 18 0/pause 500/speak Nora \"{{i18n:Events.NORA.SetDating.Nora.1}}\"/pause 200/emote farmer 32/pause 200/speak Nora \"{{i18n:Events.NORA.SetDating.Nora.2}}\"/pause 200/emote farmer 8/pause 200/faceDirection Nora 1/pause 100/emote Nora 60/pause 200/faceDirection Nora 0/pause 200/speak Nora \"{{i18n:Events.NORA.SetDating.Nora.3}}\"/pause 200/emote farmer 32/pause 200/speak Nora \"{{i18n:Events.NORA.SetDating.Nora.4}}\"/pause 200/emote farmer 20/pause 500/end"
            }
        },
        {
            "LogName": "Nora Dating Invite",
            "Action": "EditData",
            "Target": "Data/Events/Saloon",
            "Entries": {
                "{{ModID}}_DatingNora/f Nora 2500/t 1900 2200/e {{ModID}}_NoraFeelings":
                "noraTheme/17 20/{{NoraDating_SetUp}}/unskippable/animate Robin false true 100 20 20 21 21 22 22/animate Demetrius false true 100 24 24 25 25 26 26/animate Shane false true 100 20 20 20 20 20 20 20 20 20 20 20 20 20 20 20 20 20 20 20 20 20 20 20 20 20 20 20 20 20 20 20 20 20 20 21 22 23 24 24 24 24 24 24 24 23 22 21/animate Gus false true 100 18 18 19 19 20 20 19/animate Lewis false true 100 19 19 19 19 19 19 19 19 19 19 19 19 19 19 19 19 19 19 19 19 19 19 19 19 19 19 22 23 23 23 23 23 22 22 22 23 23 23 23 23 23 23 23 23 23 22/animate Marnie false true 100 20 20 20 20 20 20 20 20 20 20 20 20 20 20 20 20 20 20 20 20 20 20 20 20 20 20 20 20 20 20 21 22 23 23 23 23 23 23 23 23 22 21/advancedMove Nora true 2 0 -2 0 3 10/speak Nora \"{{i18n:Events.NORA.DatingInvite.Nora.1}}\"/pause 100/speak Gus \"{{i18n:Events.NORA.DatingInvite.Gus.1}}\"/stopAdvancedMoves/faceDirection Nora 0/showFrame Nora 8/emote Nora 12/pause 100/speak Nora \"{{i18n:Events.NORA.DatingInvite.Nora.2}}\"/pause 500/speak Gus \"{{i18n:Events.NORA.DatingInvite.Gus.2}}\"/pause 100/faceDirection Nora 2/emote Nora 28/pause 500/speak Nora \"{{i18n:Events.NORA.DatingInvite.Nora.3}}\"/pause 100/playSound doorOpen/pause 100/warp farmer 14 23/pause 100/emote Nora 16/faceDirection Nora 0/pause 500/speak Gus \"{{i18n:Events.NORA.DatingInvite.Gus.3}}\"/advancedMove Gus false -5 0 2 10/advancedMove farmer false 0 -1 2 0 0 -1 1 10/faceDirection Nora 3/speak Nora \"{{i18n:Events.NORA.DatingInvite.Nora.4}}\"/faceDirection Nora 3/pause 100/emote farmer 8/pause 100/emote Nora 4/pause 500/speak Nora \"{{i18n:Events.NORA.DatingInvite.Nora.5}}\"/pause 200/emote farmer 32/pause 200/speak Nora \"{{i18n:Events.NORA.DatingInvite.Nora.6}}\"/pause 200/emote farmer 20/faceDirection Nora 2/pause 200/emote farmer 60/speak Nora \"{{i18n:Events.NORA.DatingInvite.Nora.7}}\"/pause 200/faceDirection Nora 3/pause 100/faceDirection Nora 1/pause 200/faceDirection Nora 3/pause 200/speak Nora \"{{i18n:Events.NORA.DatingInvite.Nora.8}}\"/pause 200/emote farmer 32/globalFade/stopMusic/viewport -500 -500/warp Nora 33 7/warp farmer 32 7/faceDirection Nora 3/faceDirection farmer 1/viewport 32 7/globalFadeToClear/playMusic FlowerDance/pause 200/speak Nora \"{{i18n:Events.NORA.DatingInvite.Nora.9}}\"/pause 200/emote farmer 32/faceDirection Nora 2/pause 300/speak Nora \"{{i18n:Events.NORA.DatingInvite.Nora.10}}\"/pause 200/faceDirection Nora 1/speak Nora \"{{i18n:Events.NORA.DatingInvite.Nora.11}}\"/pause 500/faceDirection Nora 3/speak Nora \"{{i18n:Events.NORA.DatingInvite.Nora.12}}\"/question fork0 \"{{i18n:Events.NORA.DatingInvite.Nora.QuestionFork.1}}#{{i18n:Events.NORA.DatingInvite.Nora.Question.Fork.1}}#{{i18n:Events.NORA.DatingInvite.Nora.Question.Fork.2}}\"/fork DateNora/pause 500/addConversationTopic RejectNora 1/emote Nora 40/pause 200/speak Nora \"{{i18n:Events.NORA.DatingInvite.Nora.No.1}}\"/emote Nora 60/pause 100/advancedMove Nora false 2 0 1 10/pause 200/emote farmer 28/advancedMove farmer false 2 0 1 10/pause 100/speak Nora \"{{i18n:Events.NORA.DatingInvite.Nora.No.2}}\"/pause 100/faceDirection Nora 3/pause 200/speak Nora \"{{i18n:Events.NORA.DatingInvite.Nora.No.3}}\"/emote farmer 60/pause 100/advancedMove Nora false 10 0 1 10/end",
                "DateNora": "jump Nora 8/setDating Nora/addConversationTopic GirlfriendNora 7/pause 100/emote farmer 20/advancedMove Nora false 0 1 -2 0 0 -1 3 10/speak Nora \"{{i18n:Events.NORA.DatingInvite.Nora.Yes.1}}\"/positionOffset Nora 0 -2/positionOffset Nora 0 -2/positionOffset Nora 0 -2/positionOffset Nora 0 -2/positionOffset Nora 0 -2/positionOffset Nora 0 -2/positionOffset Nora 0 -2/animate farmer true true 100 101 101/showFrame Nora 29/pause 1000/positionOffset Nora 0 2/positionOffset Nora 0 2/stopAnimation farmer/faceDirection farmer 3/showFrame Nora 5/pause 500/emote Nora 16/pause 200/speak Nora \"{{i18n:Events.NORA.DatingInvite.Nora.Yes.2}}\"/pause 200/emote farmer 20/emote Nora 20/pause 200/speak Nora \"{{i18n:Events.NORA.DatingInvite.Nora.Yes.3}}\"/pause 500/emote farmer 32/pause 500/end"
            }
        },
        {
            "LogName": "Nora Date",
            "Action": "EditData",
            "Target": "Data/Events/Town",
            "Entries": {
                "{{ModID}}_NoraDate/f Nora 2500/t 1800 2200/e {{ModID}}_DatingNora/D Nora":
                "fallFest/11 57/farmer 7 54 1 Nora 17 54 3/skippable/advancedMove farmer false 4 0 1 10/advancedMove Nora false -5 0 3 10/emote Nora 16/waitForAllStationary/pause 500/speak Nora \"{{i18n:Events.NORA.Date.Nora.1}}\"/pause 500/emote farmer 32/pause 500/speak Nora \"{{i18n:Events.NORA.Date.Nora.2}}\"/pause 500/faceDirection Nora 1/advancedMove Nora false 2 0 3 10/emote farmer 8/faceDirection Nora 3/pause 500/speak Nora \"{{i18n:Events.NORA.Date.Nora.3}}\"/pause 500/emote farmer 32/globalFade/viewport -1000 -1000/changeLocation EastScarp_NTHouse/warp farmer 20 20/warp Nora 23 21/faceDirection Nora 3/speak Nora \"{{i18n:Events.NORA.Date.Nora.4}}\"/viewport 22 21/globalFadeToClear/pause 500/jump farmer 8/pause 100/faceDirection Nora 1/pause 200/speak Nora \"{{i18n:Events.NORA.Date.Nora.5}}\"/emote farmer 32/pause 200/faceDirection Nora 3/pause 200/speak Nora \"{{i18n:Events.NORA.Date.Nora.6}}\"/advancedMove Nora false 1 0 4 10/pause 500/emote farmer 20/pause 500/advancedMove farmer false 0 1 4 0 4 10/advancedMove Nora false 0 1 4 10/waitForAllStationary/playSound eat/pause 1000/jump farmer 8/pause 500/faceDirection farmer 2/waitForAllStationary/quickQuestion {{i18n:Events.NORA.Date.Nora.Question.1}}#{{i18n:Events.NORA.Date.Nora.Q1.Answer.1}}#{{i18n:Events.NORA.Date.Nora.Q1.Answer.2}}(break)speak Nora \"{{i18n:Events.NORA.Date.Nora.Q1.Response.1}}\"\\pause 100(break)speak Nora \"{{i18n:Events.NORA.Date.Nora.Q1.Response.1}}\"\\pause 100/emote farmer 60/pause 200/emote Nora 32/pause 200/speak Nora \"{{i18n:Events.NORA.Date.Nora.11}}\"/pause 200/emote farmer 32/pause 200/speak Nora \"{{i18n:Events.NORA.Date.Nora.12}}\"/emote farmer 20/end"
            }
        }
    ]
}

/* 

facingDirection - 0 (up), 1 (right), 2 (down), and 3 (left). Defaults to down.

advancedMove true/false (loop) parameters

parameters:
x y x y x y = move without pause

x y z t x y z t = move with pauses

x y x y z t x y = move with mix of mentioned above

x = how many tiles move in x axis (+ = right, - = left)
y = how many tiles move in y axis (+ = down, - = up)
z = direction face upon reaching destination (1=right, 2=down, 3=left, 4=up)
t = duration in milliseconds how long to stay in that spot (must be >= 10000ms)

4- empty can
8- question mark
12- angry
16- exclamation
20- heart
24- sleep
28- sad
32- happy
36- x
40- pause
52- video game
56- music note
60- blush 

quickQuestion {{i18n:NpcQuestion}}#{{i18n:FarmerAnswer1}}#{{i18n:FarmerAnswer2}}(break)speak RodneyOBrien \"{{i18n:NpcResponse1}}\"\\pause 200(break)speak RodneyOBrien \"{{i18n:NpcResponse1}}\"\\pause 200\\back to regular event script/

*/