{
    "Changes": [
        {
            "Action": "EditData",
            "Target": "Data/ConcessionTastes",
            "Entries": {
                "Nora": {
                    "Name": "Nora",
                    "LovedTags": [
                        "Cappuccino Mousse Cake",
                        "Fries",
                        "Ice Cream Sandwich",
                        "Jasmine Tea",
                        "Nachos",
                        "Popcorn",
                        "Sour Slimes"
                    ],
                    "LikedTags": [
                        "Chocolate Popcorn",
                        "Hummus Snack Pack",
                        "Personal Pizza",
                        "Rock Candy",
                        "Star Cookie",
                        "Apple Slices",
                        "Salted Peanuts",
                        "Stardrop Sorbet"
                    ],
                    "DislikedTags": [
                        "Cotton Candy",
                        "Black Licorice",
                        "Jawbreaker",
                        "Joja Cola",
                        "Joja Corn",
                        "Kale Smoothie",
                        "Panzanella Salad",
                        "Salmon Burger",
                        "Truffle Popcorn"
                    ]
                }
            }
        },
        {
            "Action": "EditData",
            "Target": "Data/MoviesReactions",
            "Entries": {
                "Nora": {
                    "NPCName": "Nora",
                    "Reactions": [
                        {
                            "Tag": "spring_movie_0", // Brave Little Sapling
                            "Response": "love",
                            "Whitelist": [],
                            "SpecialResponses": {
                                "BeforeMovie": {
                                    "ResponsePoint": null,
                                    "Script": "",
                                    "Text": "{{i18n:spring.movie.0.1}}",
                                },
                                "DuringMovie": {
                                    "ResponsePoint": "sprout_leave",
                                    "Script": "",
                                    "Text": "{{i18n:spring.movie.0.2}}"
                                },
                                "AfterMovie": {
                                    "ResponsePoint": null,
                                    "Script": "",
                                    "Text": "{{i18n:spring.movie.0.3}}"
                                }
                            },
                            "ID": "reaction_0"
                        },
                        {
                            "Tag": "spring_movie_1", // Natural Wonders
                            "Response": "love",
                            "Whitelist": [],
                            "SpecialResponses": {
                                "BeforeMovie": {
                                    "ResponsePoint": null,
                                    "Script": "",
                                    "Text": "{{i18n:spring.movie.1.1}}"
                                },
                                "DuringMovie": null,
                                "AfterMovie": {
                                    "ResponsePoint": null,
                                    "Script": "",
                                    "Text": "{{i18n:spring.movie.1.2}}"
                                }
                            },
                            "ID": "reaction_1"
                        },
                        {
                            "Tag": "summer_movie_0", // Journey of the Prairie King
                            "Response": "like",
                            "Whitelist": [],
                            "SpecialResponses": {
                                "BeforeMovie": {
                                    "ResponsePoint": null,
                                    "Script": "",
                                    "Text": "{{i18n:summer.movie.0.1}}"
                                },
                                "DuringMovie": {
                                    "ResponsePoint": "PK_villain",
                                    "Script": "/message \"{{i18n:summer.movie.0.2}}\"",
                                    "Text": "{{i18n:summer.movie.0.3}}"
                                },
                                "AfterMovie": {
                                    "ResponsePoint": null,
                                    "Script": "",
                                    "Text": "{{i18n:summer.movie.0.4}}"
                                }
                            },
                            "ID": "reaction_2"
                        },
                        {
                            "Tag": "summer_movie_1", // Wumbus
                            "Response": "dislike",
                            "Whitelist": [],
                            "SpecialResponses": {
                                "BeforeMovie": {
                                    "ResponsePoint": null,
                                    "Script": "",
                                    "Text": "{{i18n:summer.movie.1.1}}"
                                },
                                "DuringMovie": null,
                                "AfterMovie": {
                                    "ResponsePoint": null,
                                    "Script": "",
                                    "Text": "{{i18n:summer.movie.1.2}}"
                                }
                            },
                            "ID": "reaction_3"
                        },
                        {
                            "Tag": "fall_movie_0", // Mysterium
                            "Response": "dislike",
                            "Whitelist": [],
                            "SpecialResponses": {
                                "BeforeMovie": {
                                    "ResponsePoint": null,
                                    "Script": "",
                                    "Text": "{{i18n:fall.movie.0.1}}"
                                },
                                "DuringMovie": {
                                    "ResponsePoint": "mysterium_shadow",
                                    "Script": "/message \"{{i18n:fall.movie.0.2}}\"",
                                    "Text": ""
                                },
                                "AfterMovie": {
                                    "ResponsePoint": null,
                                    "Script": "",
                                    "Text": "{{i18n:fall.movie.0.3}}"
                                }
                            },
                            "ID": "reaction_4"
                        },
                        {
                            "Tag": "fall_movie_1", // It Howls in the Rain
                            "Response": "love",
                            "Whitelist": [],
                            "SpecialResponses": {
                                "BeforeMovie": {
                                    "ResponsePoint": null,
                                    "Script": "",
                                    "Text": "{{i18n:fall.movie.1.1}}"
                                },
                                "DuringMovie": null,
                                "AfterMovie": {
                                    "ResponsePoint": null,
                                    "Script": "",
                                    "Text": "{{i18n:fall.movie.1.1}}"
                                }
                            },
                            "ID": "reaction_5"
                        },
                        {
                            "Tag": "winter_movie_0", //Miracle at Coldstar Ranch
                            "Response": "like",
                            "Whitelist": [],
                            "SpecialResponses": {
                                "BeforeMovie": {
                                    "ResponsePoint": null,
                                    "Script": "",
                                    "Text": "{{i18n:winter.movie.0.1}}"
                                },
                                "DuringMovie": null,
                                "AfterMovie": {
                                    "ResponsePoint": null,
                                    "Script": "",
                                    "Text": "{{i18n:winter.movie.0.2}}"
                                }
                            },
                            "ID": "reaction_6"
                        },
                        {
                            "Tag": "winter_movie_1",
                            "Response": "love",
                            "Whiterlist": [],
                            "SpencialRespondes": {
                                "BeforeMovie": {
                                    "ResponsePoint": null,
                                    "Script": "",
                                    "Text": "{{i18n:winter.movie.1.1}}"
                                },
                                "DuringMovie": {
                                    "ResponsePoint": "zuzucityexpress_mind_heart",
                                    "Script": "/message \"{{i18n:winter.movie.1.2}}",
                                    "Text": ""
                                },
                                "AfterMovie": {
                                    "ResponsePoint": null,
                                    "Script": "",
                                    "Text": "{{i18n:winter.movie.1.3}}"
                                }
                            }
                        }

                    ]
                }
            }
        }
    ]
}