{
    "Changes":[
    {
        "LogName": "Nora's Schedule - Pre-8 hearts",
        "Action": "EditData",
        "Target": "Characters/schedules/Nora",
        "Entries": 
        { 
            "rain": "610 EastScarp_NTHouse 24 17 0 \"Strings\\schedules\\Nora:NoraCoffee.000\"/700 EastScarp_NTHouse 6 22 0 \"Strings\\schedules\\Nora:NoraReading.001\"/1000 ArchaeologyHouse 18 16 3/1600 ArchaeologyHouse 6 10 0 \"Strings\\schedules\\Nora:NoraGunther.000\"/1800 EastScarp_NTHouse 9 24 2 \"Strings\\schedules\\Nora:NoraPets.001\"/2000 EastScarp_NTHouse 23 24 2 \"Strings\\schedules\\Nora:NoraPets.000\"/2300 EastScarp_NTHouse 26 7 1",
            "spring": "610 EastScarp_NTHouse 24 17 0 \"Strings\\schedules\\Nora:NoraCoffee.000\"/630 Forest 71 35 2 NoraResearch/1430 ArchaeologyHouse 18 16 2/1900 EastScarp_NTHouse 9 24 2 \"Strings\\schedules\\Nora:NoraPets.001\"/2200 EastScarp_NTHouse 23 24 2 \"Strings\\schedules\\Nora:NoraPets.000\"/2300 EastScarp_NTHouse 26 7 1",
            "summer": "610 EastScarp_NTHouse 24 17 0 \"Strings\\schedules\\Nora:NoraCoffee.000\"/630 Forest 61 51 2 NoraResearch/1430 ArchaeologyHouse 18 16 2/1900 Town 81 95 2 \"Strings\\schedules\\Nora:NoraBridge.000\"/2000 EastScarp_NTHouse 9 24 2 \"Strings\\schedules\\Nora:NoraPets.001\"/2200 EastScarp_NTHouse 23 24 2 \"Strings\\schedules\\Nora:NoraPets.000\"/2300 EastScarp_NTHouse 26 7 1",
            "fall": "610 EastScarp_NTHouse 24 17 0 \"Strings\\schedules\\Nora:NoraCoffee.000\"/700 Forest 66 14 2 NoraResearch/1500 EastScarp_VillageInn 45 33 0 \"Strings\\schedules\\Nora:NoraInn.001\"/1800 EastScarp_VillageInn 25 28 3/2000 EastScarp_NTHouse 9 24 2 \"Strings\\schedules\\Nora:NoraPets.001\"/2200 EastScarp_NTHouse 23 24 2 \"Strings\\schedules\\Nora:NoraPets.000\"/2300 EastScarp_NTHouse 26 7 1",
            "winter": "610 EastScarp_NTHouse 24 17 0/800 EastScarp_VillageInn 25 28 3/1700 EastScarp_VillageInn 46 34 0 \"Strings\\schedules\\Nora:NoraInn.002\"/2000 EastScarp_NTHouse 9 24 2/2200 EastScarp_NTHouse 23 24 2 \"Strings\\schedules\\Nora:NoraPets.000\"/2300 EastScarp_NTHouse 26 7 1",
            "summer_5": "610 EastScarp_NTHouse 24 17 0/700 Hospital 7 17 0 \"Strings\\schedules\\Nora:NoraClinic.000\"/1100 Hospital 12 14 0 \"Strings\\schedules\\Nora:NoraClinic.001\"/1330 Hospital 4 6 1 \"Strings\\schedules\\Nora:NoraClinic.002\"/1600 Saloon 5 20 3 \"Strings\\schedules\\Nora:NoraSaloon.000\"/2000 EastScarp_NTHouse 9 24 2 \"Strings\\schedules\\Nora:NoraPets.001\"/2200 EastScarp_NTHouse 23 24 2 \"Strings\\schedules\\Nora:NoraPets.000\"/2300 EastScarp_NTHouse 26 7 1",
            "Wed": "610 EastScarp_NTHouse 24 17 0/800 ArchaeologyHouse 18 16 2/1600 ArchaeologyHouse 6 10 0 \"Strings\\schedules\\Nora:NoraGunther.000\"/1800 EastScarp_NTHouse 9 24 2 \"Strings\\schedules\\Nora:NoraPets.001\"/2200 EastScarp_NTHouse 23 24 2/2300 EastScarp_NTHouse 26 7 1",
            "Fri": "610 EastScarp_NTHouse 24 17 0/630 Mountain 62 10 2 NoraResearch \"Strings\\schedules\\Nora:NoraResearch.002\"/1600 Saloon 5 20 3 \"Strings\\schedules\\Nora:NoraSaloon.000\"/2000 EastScarp_NTHouse 6 22 0 \"Strings\\schedules\\Nora:NoraReading.000\"/2300 EastScarp_NTHouse 26 7 1",
            "fall_27": "610 EastScarp_NTHouse 24 17 0/900 EastScarp_NTHouse 6 22 0/1300 EastScarp_VillageInn 31 32 0 \"Strings\\schedules\\Nora:NoraSpiritsEve.000\"/1600 EastScarp_VillageInn 35 32 1 \"Strings\\schedules\\Nora:NoraSpiritsEve.001\"/1800 EastScarp_VillageInn 27 27 2 \"Strings\\schedules\\Nora:NoraSpiritsEve.002\"/2000 Town -100 -100 0/2200 EastScarp_NTHouse 26 7 1",
            "winter_15": "610 EastScarp_NTHouse 24 17 0/800 EastScarp_VillageInn 25 28 3/1600 Beach 14 23 2 \"Strings\\schedules\\Nora:NoraNightMarket.001\"/1900 Beach 10 39 1 \"Strings\\schedules\\Nora:NoraNightMarket.002\"/2130 EastScarp_NTHouse 9 24 2/2300 EastScarp_NTHouse 23 24 2 \"Strings\\schedules\\Nora:NoraPets.000\"/2330 EastScarp_NTHouse 26 7 1",
            "winter_16": "610 EastScarp_NTHouse 24 17 0/800 EastScarp_VillageInn 25 28 3/1600 Beach 38 36 2 \"Strings\\schedules\\Nora:NoraNightMarket.003\"/1900 Beach 12 39 0 \"Strings\\schedules\\Nora:NoraNightMarket.004\"/2130 EastScarp_NTHouse 9 24 2/2300 EastScarp_NTHouse 23 24 2 \"Strings\\schedules\\Nora:NoraPets.000\"/2330 EastScarp_NTHouse 26 7 1",
            "winter_17": "610 EastScarp_NTHouse 24 17 0/800 EastScarp_VillageInn 25 28 3/1600 Beach 51 24 2 \"Strings\\schedules\\Nora:NoraNightMarket.005\"/1900 Beach 10 39 1 \"Strings\\schedules\\Nora:NoraNightMarket.006\"/2130 EastScarp_NTHouse 9 24 2/2300 EastScarp_NTHouse 23 24 2 \"Strings\\schedules\\Nora:NoraPets.000\"/2330 EastScarp_NTHouse 26 7 1"

        },
        "When": {
            "HasSeenEvent |contains={{ModID}}_TheBreakdown": false 
        }
    },
    {
        "LogName": "Nora's Schedule - Nora is busy",
        "Action": "EditData",
        "Target": "Characters/schedules/Nora",
        "Entries": 
        {
            "spring": "610 EastScarp_NTHouse -100 -100 2/1200 EastScarp_NTHouse -105 -100 2/1600 EastScarp_NTHouse -100 -100 2"
        },
        "When": {
            "HasSeenEvent |contains={{ModID}}_TheBreakdown": true,
            "HasSeenEvent |contains={{ModID}}_PHDisOver": false
        }
    },
    {
        "LogName": "Nora's Schedule - Finished PHD, no job",
        "Action": "EditData",
        "Target": "Characters/schedules/Nora",
        "Entries": 
        {
            "spring": "610 EastScarp_NTHouse 24 17 0/630 EastScarp_NTHouse 6 22 0 \"Strings\\schedules\\Nora:NoraReading.002\"/1000 EastScarp_Village 24 62 2 \"Strings\\schedules\\Nora:NoraLake\"/1300 ArchaeologyHouse 10 10 3 \"Strings\\schedules\\Nora:NoraLibrary.001\"/1900 EastScarp_NTHouse 9 24 2 \"Strings\\schedules\\Nora:NoraStupid\"/2100 EastScarp_NTHouse 23 24 2 \"Strings\\schedules\\Nora:NoraPinkyPie\"/2300 EastScarp_NTHouse 26 7 1",
            "summer": "610 Forest 61 51 2 NoraResearch \"Strings\\schedules\\Nora:NoraResearch.004\"/900 Town 76 95 2 \"Strings\\schedules\\Nora:NoraBridge.001\"/1300 ArchaeologyHouse 10 10 3/1700 EastScarp_Village 25 104 2 \"Strings\\schedules\\Nora:NoraBeach\"/2100 EastScarp_NTHouse 6 22 0 \"Strings\\schedules\\Nora:NoraReading.002\"/2300 EastScarp_NTHouse 26 7 1",
            "fall": "610 EastScarp_NTHouse 24 17 0/800 EastScarp_VetHouse 5 25 0 \"Strings\\schedules\\Nora:NoraJacob\"/1500 EastScarp_VillageInn 45 32 0/1900 EastScarp_NTHouse 6 22 0 \"Strings\\schedules\\Nora:NoraReading.002\"/2030 EastScarp_NTHouse 9 24 2 \"Strings\\schedules\\Nora:NoraStupid\"/2200 EastScarp_NTHouse 23 24 2 \"Strings\\schedules\\Nora:NoraPinkyPie\"/2300 EastScarp_NTHouse 26 7 1",
            "winter": "610 EastScarp_NTHouse 6 22 0 \"Strings\\schedules\\Nora:NoraReading.002\"/800 EastScarp_VillageInn 35 31 1/1100 EastScarp_VillageInn 45 32 0/1500 EastScarp_VillageInn 25 28 3 \"Strings\\schedules\\Nora:NoraInn.000\"/2000 EastScarp_NTHouse 9 24 2 \"Strings\\schedules\\Nora:NoraStupid\"/2200 EastScarp_NTHouse 23 24 2 \"Strings\\schedules\\Nora:NoraPinkyPie\"/2300 EastScarp_NTHouse 26 7 1",
            "summer_5": "610 EastScarp_NTHouse 24 17 0 \"Strings\\schedules\\Nora:NoraCoffee.000\"/700 Hospital 7 17 0 \"Strings\\schedules\\Nora:NoraClinic.000\"/1100 Hospital 12 14 0 \"Strings\\schedules\\Nora:NoraClinic.001\"/1330 Hospital 4 6 1 \"Strings\\schedules\\Nora:NoraClinic.002\"/1600 Saloon 5 20 3 \"Strings\\schedules\\Nora:NoraSaloon.000\"/2000 EastScarp_NTHouse 9 24 2 \"Strings\\schedules\\Nora:NoraPets.001\"/2200 EastScarp_NTHouse 23 24 2 \"Strings\\schedules\\Nora:NoraPets.000\"/2300 EastScarp_NTHouse 26 7 1",
            "Wed": "610 EastScarp_NTHouse 24 17 0/630 EastScarp_NTHouse 6 22 0 \"Strings\\schedules\\Nora:NoraReading.002\"/1000 EastScarp_Village 24 62 2/1200 Saloon 20 18 3 NoraSitLeft \"Strings\\schedules\\Nora:NoraSaloon.001\"/1630 ArchaeologyHouse 6 10 0/2000 EastScarp_NTHouse 23 24 2/2200 EastScarp_NTHouse 26 7 1",
            "Fri": "610 EastScarp_NTHouse 24 17 0/700 SeedShop 15 20 0 \"Strings\\schedules\\Nora:NoraPierre.000\"/1000 SeedShop 12 23 0/1300 Saloon 20 19 3/1800 Saloon 41 23 0 \"Strings\\schedules\\Nora:NoraSaloon.002\"/2100 EastScarp_NTHouse 26 7 1",
            "fall_27": "610 EastScarp_NTHouse 24 17 0/900 EastScarp_NTHouse 6 22 0/1300 EastScarp_VillageInn 31 32 0 \"Strings\\schedules\\Nora:NoraSpiritsEve.000\"/1600 EastScarp_VillageInn 35 32 1 \"Strings\\schedules\\Nora:NoraSpiritsEve.001\"/1800 EastScarp_VillageInn 27 27 2 \"Strings\\schedules\\Nora:NoraSpiritsEve.002\"/2000 Town -100 -100 0/2200 EastScarp_NTHouse 26 7 1",
            "winter_15": "610 EastScarp_NTHouse 24 17 0/800 EastScarp_VillageInn 25 28 3/1600 Beach 14 23 2 \"Strings\\schedules\\Nora:NoraNightMarket.001\"/1900 Beach 10 39 1 \"Strings\\schedules\\Nora:NoraNightMarket.002\"/2130 EastScarp_NTHouse 9 24 2/2300 EastScarp_NTHouse 23 24 2 \"Strings\\schedules\\Nora:NoraPets.000\"/2330 EastScarp_NTHouse 26 7 1",
            "winter_16": "610 EastScarp_NTHouse 24 17 0/800 EastScarp_VillageInn 25 28 3/1600 Beach 38 36 2 \"Strings\\schedules\\Nora:NoraNightMarket.003\"/1900 Beach 12 39 0 \"Strings\\schedules\\Nora:NoraNightMarket.004\"/2130 EastScarp_NTHouse 9 24 2/2300 EastScarp_NTHouse 23 24 2 \"Strings\\schedules\\Nora:NoraPets.000\"/2330 EastScarp_NTHouse 26 7 1",
            "winter_17": "610 EastScarp_NTHouse 24 17 0/800 EastScarp_VillageInn 25 28 3/1600 Beach 51 24 2 \"Strings\\schedules\\Nora:NoraNightMarket.005\"/1900 Beach 10 39 1 \"Strings\\schedules\\Nora:NoraNightMarket.006\"/2130 EastScarp_NTHouse 9 24 2/2300 EastScarp_NTHouse 23 24 2 \"Strings\\schedules\\Nora:NoraPets.000\"/2330 EastScarp_NTHouse 26 7 1"
        },
        "When": {
            "HasSeenEvent |contains={{ModID}}_PHDisOver": true,
            "HasSeenEvent |contains={{ModID}}_JobHunting": false
        }
    },
    {
        "LogName": "Nora's Schedule - Job Hunting",
        "Action": "EditData",
        "Target": "Characters/schedules/Nora",
        "Entries": 
        {
            "spring": "610 EastScarp_NTHouse -100 -100 2/1200 EastScarp_NTHouse -105 -100 2/1600 EastScarp_NTHouse -100 -100 2"
        },
        "When": {
            "HasSeenEvent |contains={{ModID}}_JobHunting": true,
            "HasSeenEvent |contains={{ModID}}_JobMuseum": false
        }
    },
    {
        "LogName": "Nora's Schedule - Has a Job",
        "Action": "EditData",
        "Target": "Characters/schedules/Nora",
        "Entries": 
        {
            "Mon": "610 EastScarp_NTHouse -100 -100 2/1200 EastScarp_NTHouse -105 -100 2/1600 EastScarp_NTHouse -100 -100 2",
            "Tue": "610 EastScarp_NTHouse 24 17 0 \"Strings\\schedules\\Nora:NoraCoffeWork\"/630 EastScarp_NTHouse 6 22 0/730 ArchaeologyHouse 13 9 0 \"Strings\\schedules\\Nora:NoraWork.000\"/1200 ArchaeologyHouse 43 18 0/1600 ArchaeologyHouse 21 5 3/1800 Town 81 95 2 \"Strings\\schedules\\Nora:NoraFishGossip\"/2000 EastScarp_NTHouse 9 24 2/2200 EastScarp_NTHouse 23 24 2/2300 EastScarp_NTHouse 26 7 1",
            "Wed": "610 EastScarp_NTHouse 24 17 0/630 Forest 61 51 2 NoraResearch \"Strings\\schedules\\Nora:NoraResearching\"/1200 Saloon 20 18 3 NoraSitLeft/1530 ArchaeologyHouse 18 16 2/1900 EastScarp_NTHouse 6 22 0 \"Strings\\schedules\\Nora:NoraLibrary.002\"/2300 EastScarp_NTHouse 26 7 1",
            "Thu": "610 EastScarp_NTHouse 24 17 0/700 SeedShop 15 20 0 \"Strings\\schedules\\Nora:NoraPierre.001\"/1000 SeedShop 12 23 0/1200 ArchaeologyHouse 43 18 0/1600 ArchaeologyHouse 21 5 3 \"Strings\\schedules\\Nora:NoraFinishWork\"/1800 Town 81 95 2 \"Strings\\schedules\\Nora:NoraFishGossip.001\"/2000 EastScarp_NTHouse 9 24 2/2200 EastScarp_NTHouse 23 24 2/2300 EastScarp_NTHouse 26 7 1",
            "Fri": "610 EastScarp_NTHouse 24 17 0/630 EastScarp_NTHouse 6 22 0/730 ArchaeologyHouse 21 5 3/1200 ArchaeologyHouse 13 9 0 NoraResearch/1600 ArchaeologyHouse 43 18 0 \"Strings\\schedules\\Nora:NoraFriday\"/1800 Saloon 41 23 0 \"Strings\\schedules\\Nora:NoraSaloon.003\"/2100 EastScarp_NTHouse 26 7 1",
            "Sat": "610 EastScarp_NTHouse 24 17 0/630 EastScarp_NTHouse 6 22 0/800 EastScarp_VillageInn 45 32 0/1200 EastScarp_VetHouse 5 25 0 \"Strings\\schedules\\Nora:NoraJacob.001\"/1600 EastScarp_Village 24 62 2/1900 EastScarp_NTHouse 6 22 0 \"Strings\\schedules\\Nora:NoraReading.003\"/2200 EastScarp_NTHouse 26 7 1",
            "Sun": "610 EastScarp_NTHouse 24 17 0/700 EastScarp_NTHouse 6 22 0/1200 EastScarp_VillageInn 25 28 3 \"Strings\\schedules\\Nora:NoraQuietReading\"/1800 EastScarp_Village 25 104 2/2000 EastScarp_NTHouse 9 24 2/2200 EastScarp_NTHouse 23 24 2 \"Strings\\schedules\\Nora:NoraPinkyPie\"/2300 EastScarp_NTHouse 26 7 1",
            "summer_5": "610 EastScarp_NTHouse 24 17 0 \"Strings\\schedules\\Nora:NoraCoffee.000\"/700 Hospital 7 17 0 \"Strings\\schedules\\Nora:NoraClinic.000\"/1100 Hospital 12 14 0 \"Strings\\schedules\\Nora:NoraClinic.001\"/1330 Hospital 4 6 1 \"Strings\\schedules\\Nora:NoraClinic.002\"/1600 Saloon 5 20 3 \"Strings\\schedules\\Nora:NoraSaloon.000\"/2000 EastScarp_NTHouse 9 24 2 \"Strings\\schedules\\Nora:NoraPets.001\"/2200 EastScarp_NTHouse 23 24 2 \"Strings\\schedules\\Nora:NoraPets.000\"/2300 EastScarp_NTHouse 26 7 1",
            "fall_27": "610 EastScarp_NTHouse 24 17 0/900 EastScarp_NTHouse 6 22 0/1300 EastScarp_VillageInn 31 32 0 \"Strings\\schedules\\Nora:NoraSpiritsEve.000\"/1600 EastScarp_VillageInn 35 32 1 \"Strings\\schedules\\Nora:NoraSpiritsEve.001\"/1800 EastScarp_VillageInn 27 27 2 \"Strings\\schedules\\Nora:NoraSpiritsEve.002\"/2000 Town -100 -100 0/2200 EastScarp_NTHouse 26 7 1",
            "winter_15": "610 EastScarp_NTHouse 24 17 0/800 EastScarp_VillageInn 25 28 3/1600 Beach 14 23 2 \"Strings\\schedules\\Nora:NoraNightMarket.001\"/1900 Beach 10 39 1 \"Strings\\schedules\\Nora:NoraNightMarket.002\"/2130 EastScarp_NTHouse 9 24 2/2300 EastScarp_NTHouse 23 24 2 \"Strings\\schedules\\Nora:NoraPets.000\"/2330 EastScarp_NTHouse 26 7 1",
            "winter_16": "610 EastScarp_NTHouse 24 17 0/800 EastScarp_VillageInn 25 28 3/1600 Beach 38 36 2 \"Strings\\schedules\\Nora:NoraNightMarket.003\"/1900 Beach 12 39 0 \"Strings\\schedules\\Nora:NoraNightMarket.004\"/2130 EastScarp_NTHouse 9 24 2/2300 EastScarp_NTHouse 23 24 2 \"Strings\\schedules\\Nora:NoraPets.000\"/2330 EastScarp_NTHouse 26 7 1",
            "winter_17": "610 EastScarp_NTHouse 24 17 0/800 EastScarp_VillageInn 25 28 3/1600 Beach 51 24 2 \"Strings\\schedules\\Nora:NoraNightMarket.005\"/1900 Beach 10 39 1 \"Strings\\schedules\\Nora:NoraNightMarket.006\"/2130 EastScarp_NTHouse 9 24 2/2300 EastScarp_NTHouse 23 24 2 \"Strings\\schedules\\Nora:NoraPets.000\"/2330 EastScarp_NTHouse 26 7 1"
        },
        "When": {
            "HasSeenEvent |contains={{ModID}}_JobMuseum": true
        }
    },
    {
        "LogName": "Nora's Schedule - Community Day",
        "Action": "EditData",
        "Target": "Characters/schedules/Nora",
        "Entries":
        {
            "spring_22": "610 EastScarp_NTHouse 24 17 0/900 CommunityCenter 14 19 0 \"Strings\\schedules\\Nora:NoraCommunityDay.001\"/1600 CommunityCenter 23 21 0/2330 EastScarp_NTHouse 26 7 1",
            "summer_22": "610 EastScarp_NTHouse 24 17 0/900 CommunityCenter 14 19 0 \"Strings\\schedules\\Nora:NoraCommunityDay.002\"/1600 CommunityCenter 23 21 0/2330 EastScarp_NTHouse 26 7 1",
            "fall_22": "610 EastScarp_NTHouse 24 17 0/900 CommunityCenter 14 19 0 \"Strings\\schedules\\Nora:NoraCommunityDay.003\"/1600 CommunityCenter 23 21 0/2330 EastScarp_NTHouse 26 7 1",
            "winter_22": "610 EastScarp_NTHouse 24 17 0/900 CommunityCenter 14 19 0 \"Strings\\schedules\\Nora:NoraCommunityDay.004\"/1600 CommunityCenter 23 21 0/2330 EastScarp_NTHouse 26 7 1"
        },
        "When": {
            "HasMod |contains=FlashShifter.StardewValleyExpandedCP": true,
            "HasSeenEvent |contains={{ModID}}_PHDisOver": true
        }
    },
    {
        "LogName": "Nora's Schedule - Green Rain",
        "Action": "EditData",
        "Target": "Characters/schedules/Nora",
        "Entries": 
        {
            "GreenRain": "610 EastScarp_NTHouse 24 17 0/900 EastScarp_NTHouse 6 22 0/2000 EastScarp_NTHouse 9 24 2 \"Strings\\schedules\\Nora:NoraGreenRainStupid\"/2100 EastScarp_NTHouse 23 24 2 \"Strings\\schedules\\Nora:NoraGreenRainPinkie\"/2200 EastScarp_NTHouse 26 7 1"
        }
    },
    {
        "LogName": "Nora's Schedule - Pride Festival",
        "Action": "EditData",
        "Target": "Characters/schedules/Nora",
        "Entries": 
        {
            "sapphicsaph_pitv.PrideFestival_1": "610 EastScarp_NTHouse 24 17 0/900 CommunityCenter 24 21 0 \"Strings\\schedules\\Nora:NoraPride\"/2330 EastScarp_NTHouse 26 7 1"
        }
    },

    // CHANGES HARVEY AND MARU SCHEDULES
    {
        
            "LogName": "Harvey Nora Appointment",
            "Action": "EditData",
            "Target": "Characters/schedules/Harvey",
            "Entries": {
                "summer_5": "GOTO Tue"
            }
    },
    {
        "LogName": "Maru Nora Appointment",
                "Action": "EditData",
                "Target": "Characters/schedules/Maru",
                "Entries": {
                    "summer_5": "GOTO Tue"
                }
    }
    ]
}

        
           
