{
	"Changes": [

		{
			"LogName": "Gudrun Strings",
			"Action": "EditData",
			"Target": "Strings/schedules/MadDog.HashtagBearFam.Gudrun",
			"When": {
				"Query: {{Year}} % 2 = 1": true
			},
			"Entries": {

				//Strings

				"GudrunSpiritsEveInnA.000": "{{Random:{{i18n:StringsGudrunSpiritsEveInnA1}}++{{i18n:StringsGudrunSpiritsEveInnA2}}++{{i18n:StringsGudrunSpiritsEveInnA3}}|inputSeparator=++}}",
				"GudrunSpiritsEveInnB.000": "{{Random:{{i18n:StringsGudrunSpiritsEveInnB1}}++{{i18n:StringsGudrunSpiritsEveInnB2}}++{{i18n:StringsGudrunSpiritsEveInnB3}}|inputSeparator=++}}",
				"GudrunPickTrashMountain.000": "{{Random:{{i18n:StringsGudrunPickTrashMountain1}}++{{i18n:StringsGudrunPickTrashMountain2}}++{{i18n:StringsGudrunPickTrashMountain3}}|inputSeparator=++}}",
				"GudrunClassroomTime.000": "{{Random:{{i18n:StringsGudrunClassroomTime1}}++{{i18n:StringsGudrunClassroomTime2}}++{{i18n:StringsGudrunClassroomTime3}}|inputSeparator=++}}",
				"GudrunShallowsPhotography.000": "{{Random:{{i18n:StringsGudrunShallowsPhotography1}}++{{i18n:StringsGudrunShallowsPhotography2}}++{{i18n:StringsGudrunShallowsPhotography3}}|inputSeparator=++}}",
				"GudrunPITV.000": "{{Random:{{i18n:StringsGudrunPITV1}}++{{i18n:StringsGudrunPITV2}}++{{i18n:StringsGudrunPITV3}}|inputSeparator=++}}",
				"GudrunGreenRain.000": "{{Random:{{i18n:StringsGudrunGreenRain1}}++{{i18n:StringsGudrunGreenRain2}}++{{i18n:StringsGudrunGreenRain3}}|inputSeparator=++}}",
				"GudrunDTZA.000": "{{Random:{{i18n:StringsGudrunDTZA1}}++{{i18n:StringsGudrunDTZA2}}++{{i18n:StringsGudrunDTZA3}}|inputSeparator=++}}",
				"GudrunDTZMall.000": "{{Random:{{i18n:StringsGudrunDTZMall1}}++{{i18n:StringsGudrunDTZMall2}}++{{i18n:StringsGudrunDTZMall3}}|inputSeparator=++}}",
				"GudrunDTZB.000": "{{Random:{{i18n:StringsGudrunDTZB1}}++{{i18n:StringsGudrunDTZB2}}++{{i18n:StringsGudrunDTZB3}}|inputSeparator=++}}",
				"GudrunRunawayCommentA.000": "{{Random:{{i18n:StringsGudrunRunawayCommentA1}}++{{i18n:StringsGudrunRunawayCommentA2}}++{{i18n:StringsGudrunRunawayCommentA3}}|inputSeparator=++}}",
				"GudrunRunawayCommentB.000": "{{Random:{{i18n:StringsGudrunRunawayCommentB1}}++{{i18n:StringsGudrunRunawayCommentB2}}++{{i18n:StringsGudrunRunawayCommentB3}}|inputSeparator=++}}",
				"GudrunRunawayCommentC.000": "{{Random:{{i18n:StringsGudrunRunawayCommentC1}}++{{i18n:StringsGudrunRunawayCommentC2}}++{{i18n:StringsGudrunRunawayCommentC3}}|inputSeparator=++}}",
				"GudrunRunawayCommentD.000": "{{Random:{{i18n:StringsGudrunRunawayCommentD1}}++{{i18n:StringsGudrunRunawayCommentD2}}++{{i18n:StringsGudrunRunawayCommentD3}}|inputSeparator=++}}",
				"GudrunRunawayCommentE.000": "{{Random:{{i18n:StringsGudrunRunawayCommentE1}}++{{i18n:StringsGudrunRunawayCommentE2}}++{{i18n:StringsGudrunRunawayCommentE3}}|inputSeparator=++}}",
				"GudrunDesertFestival.000": "{{Random:{{i18n:StringsGudrunDesertFestival1}}++{{i18n:StringsGudrunDesertFestival2}}++{{i18n:StringsGudrunDesertFestival3}}++{{i18n:StringsGudrunDesertFestival4}}++{{i18n:StringsGudrunDesertFestival5}}|inputSeparator=++}}"
			}
		},
		{
			"LogName": "Gudrun Strings Year 2",
			"Action": "EditData",
			"Target": "Strings/schedules/MadDog.HashtagBearFam.Gudrun",
			"When": {
				"Query: {{Year}} % 2 = 0": true
			},
			"Entries": {

				//Strings

				"GudrunSpiritsEveInnA.000": "{{Random:{{i18n:StringsGudrunSpiritsEveInnAy21}}++{{i18n:StringsGudrunSpiritsEveInnAy22}}++{{i18n:StringsGudrunSpiritsEveInnAy23}}|inputSeparator=++}}",
				"GudrunSpiritsEveInnB.000": "{{Random:{{i18n:StringsGudrunSpiritsEveInnBy21}}++{{i18n:StringsGudrunSpiritsEveInnBy22}}++{{i18n:StringsGudrunSpiritsEveInnBy23}}|inputSeparator=++}}",
				"GudrunPickTrashMountain.000": "{{Random:{{i18n:StringsGudrunPickTrashMountain1}}++{{i18n:StringsGudrunPickTrashMountain2}}++{{i18n:StringsGudrunPickTrashMountain3}}|inputSeparator=++}}",
				"GudrunClassroomTime.000": "{{Random:{{i18n:StringsGudrunClassroomTime1}}++{{i18n:StringsGudrunClassroomTime2}}++{{i18n:StringsGudrunClassroomTime3}}|inputSeparator=++}}",
				"GudrunShallowsPhotography.000": "{{Random:{{i18n:StringsGudrunShallowsPhotography1}}++{{i18n:StringsGudrunShallowsPhotography2}}++{{i18n:StringsGudrunShallowsPhotography3}}|inputSeparator=++}}",
				"GudrunPITV.000": "{{Random:{{i18n:StringsGudrunPITV1}}++{{i18n:StringsGudrunPITV2}}++{{i18n:StringsGudrunPITV3}}|inputSeparator=++}}",
				"GudrunGreenRain.000": "{{Random:{{i18n:StringsGudrunGreenRain1}}++{{i18n:StringsGudrunGreenRain2}}++{{i18n:StringsGudrunGreenRain3}}|inputSeparator=++}}",
				"GudrunDTZA.000": "{{Random:{{i18n:StringsGudrunDTZA1}}++{{i18n:StringsGudrunDTZA2}}++{{i18n:StringsGudrunDTZA3}}|inputSeparator=++}}",
				"GudrunDTZMall.000": "{{Random:{{i18n:StringsGudrunDTZMall1}}++{{i18n:StringsGudrunDTZMall2}}++{{i18n:StringsGudrunDTZMall3}}|inputSeparator=++}}",
				"GudrunDTZB.000": "{{Random:{{i18n:StringsGudrunDTZB1}}++{{i18n:StringsGudrunDTZB2}}++{{i18n:StringsGudrunDTZB3}}|inputSeparator=++}}",
				"GudrunRunawayCommentA.000": "{{Random:{{i18n:StringsGudrunRunawayCommentA1}}++{{i18n:StringsGudrunRunawayCommentA2}}++{{i18n:StringsGudrunRunawayCommentA3}}|inputSeparator=++}}",
				"GudrunRunawayCommentB.000": "{{Random:{{i18n:StringsGudrunRunawayCommentB1}}++{{i18n:StringsGudrunRunawayCommentB2}}++{{i18n:StringsGudrunRunawayCommentB3}}|inputSeparator=++}}",
				"GudrunRunawayCommentC.000": "{{Random:{{i18n:StringsGudrunRunawayCommentC1}}++{{i18n:StringsGudrunRunawayCommentC2}}++{{i18n:StringsGudrunRunawayCommentC3}}|inputSeparator=++}}",
				"GudrunRunawayCommentD.000": "{{Random:{{i18n:StringsGudrunRunawayCommentD1}}++{{i18n:StringsGudrunRunawayCommentD2}}++{{i18n:StringsGudrunRunawayCommentD3}}|inputSeparator=++}}",
				"GudrunRunawayCommentE.000": "{{Random:{{i18n:StringsGudrunRunawayCommentE1}}++{{i18n:StringsGudrunRunawayCommentE2}}++{{i18n:StringsGudrunRunawayCommentE3}}|inputSeparator=++}}",
				"GudrunDesertFestival.000": "{{Random:{{i18n:StringsGudrunDesertFestival1}}++{{i18n:StringsGudrunDesertFestival2}}++{{i18n:StringsGudrunDesertFestival3}}++{{i18n:StringsGudrunDesertFestival4}}++{{i18n:StringsGudrunDesertFestival5}}|inputSeparator=++}}"
			}
		}
	]
} 

