{
	"Changes": [

		{
			"LogName": "Gudrun Dialogue",
			"Action": "EditData",
			"Target": "Characters/Dialogue/MadDog.HashtagBearFam.Gudrun",
			"Entries": {

				//"Introduction": "{{i18n:GudrunIntroduction{{PlayerJobTitle}}}}",
				"BearsIntroductionNoMatterWhat": "{{i18n:GudrunIntroduction{{PlayerJobTitle}}}}",
				"WinterStar_GiveGift_Before": "{{i18n:GudrunWinterStarBefore}}",
				"WinterStar_GiveGift_After": "{{i18n:GudrunWinterStarAfter{{PlayerJobTitle}}}}",
				"WinterStar_ReceiveGift": "{{i18n:GudrunWinterStarReceiveGift}}",
				"WinterStar_ReceiveGift_(O)198": "{{i18n:Gudrun.WinterStarReceiveGift.CheeseCauliflower}}",
				"WinterStar_ReceiveGift_category_trash": "{{i18n:Gudrun.WinterStarReceiveGift.CategoryTrash{{Random:{{Range: 1, 3}}}}}}",
				"WinterStar_ReceiveGift_(O)253": "{{i18n:Gudrun.WinterStarReceiveGift.TripleShotEspresso}}",
				"WinterStar_ReceiveGift_(O)394": "{{i18n:Gudrun.WinterStarReceiveGift.RainbowShell}}",
				"WinterStar_ReceiveGift_(O)560": "{{i18n:Gudrun.WinterStarReceiveGift.OceanStone}}",
				"Fair_Judging": "{{i18n:GudrunFairJudging{{CrossModCompatTokens}}}}",
				"Fair_Judged_PlayerLost_PurpleShorts": "{{i18n:GudrunFairPurpleShorts}}",
				"Fair_Judged_PlayerLost_Skipped": "{{i18n:GudrunFairSkipped{{CrossModCompatTokens}}}}",
				"Fair_Judged_PlayerLost": "{{i18n:GudrunFairLost}}",
				"Fair_Judged_PlayerWon": "{{i18n:GudrunFairWon{{PlayerJobTitle}}}}",
				"RejectBouquet_NotDatable": "{{i18n:GudrunRejectBouquet}}",
				"DumpsterDiveComment": "{{i18n:GudrunDumpsterDiveComment}}",
				"HitBySlingshot": "{{i18n:GudrunHitBySlingshot}}",
				"GreenRain": "{{i18n:GudrunGreenRain}}",
				"GreenRainFinished": "{{i18n:GudrunGreenRainFinished}}",
				"GreenRain_2": "{{i18n:GudrunGreenRain2}}",
				"HitBySlingshot_(O)388": "{{i18n:GudrunHitbySlingShotWood}}",
				"HitBySlingshot_(O)390": "{{i18n:GudrunHitbySlingShotStone}}",
				"HitBySlingshot_category_fish": "{{i18n:GudrunHitbySlingShotFishes}}",
				"HitBySlingshot_arrow_item": "{{i18n:GudrunHitbySlingShotArrow}}",
				"HitBySlingshot_(O)Cornucopia_Durian": "{{i18n:GudrunHitbySlingShotCornucopiaDurian}}",
				"HitBySlingshot_(O)TenebrousNova.EnD.SanguineHeart": "{{i18n:GudrunHitbySlingShotEnDSanguineHeart}}",

				"ArchaeologyHouse_Entry": "{{i18n:GudrunMuseumEntry1}}/{{i18n:GudrunMuseumEntry2}}/{{i18n:GudrunMuseumEntry3}}/{{i18n:GudrunMuseumEntry4}}",
				"Town_Entry": "{{i18n:GudrunTownEntry1}}/{{i18n:GudrunTownEntry2}}/{{i18n:GudrunTownEntry3}}/{{i18n:GudrunTownEntry4}}",
				"Beach_Entry": "{{i18n:GudrunBeachEntry1}}/{{i18n:GudrunBeachEntry2}}/{{i18n:GudrunBeachEntry3}}/{{i18n:GudrunBeachEntry4}}",
				"Mountain_Entry": "{{i18n:GudrunMountainEntry1}}/{{i18n:GudrunMountainEntry2}}/{{i18n:GudrunMountainEntry3}}/{{i18n:GudrunMountainEntry4}}",
				"EastScarp_Village_Entry": "{{i18n:GudrunESVillageEntry1}}/{{i18n:GudrunESVillageEntry2}}/{{i18n:GudrunESVillageEntry3}}/{{i18n:GudrunESVillageEntry4}}",

				"RejectMermaidPendant_NotDatable": "{{i18n:GudrunRejectMermaidPendantNotDatable}}",
				"RejectMermaidPendant": "{{i18n:GudrunRejectMermaidPendantDefault}}",

				"RejectMovieTicket_AlreadyInvitedBySomeoneElse": "{{i18n:GudrunRejectMovieTicketAlreadyInvited}}",
				"RejectMovieTicket_AlreadyWatchedThisWeek": "{{i18n:GudrunRejectMovieTicketAlreadyWatched}}",
				"RejectMovieTicket_DontWantToSeeThatMovie": "{{i18n:GudrunRejectMovieTicketNotInterested}}",
				"RejectMovieTicket": "{{i18n:GudrunRejectMovieTicketDefault}}",

				"dating_MadDog.HashtagBearFam.Gunnar": "{{i18n:GudrundatingGunnar}}",
				"married_MadDog.HashtagBearFam.Gunnar": "{{i18n:GudrunmarriedGunnar}}",
				"divorced_MadDog.HashtagBearFam.Gunnar": "{{i18n:GudrundivorcedGunnar}}",

				"dating_MadDog.HashtagBearFam.Sigurd": "{{i18n:GudrundatingSig}}",
				"married_MadDog.HashtagBearFam.Sigurd": "{{i18n:GudrunmarriedSig}}",
				"divorced_MadDog.HashtagBearFam.Sigurd": "{{i18n:GudrundivorcedSig}}",

				"dating_MadDog.HashtagBearFam.Teren": "{{i18n:GudrundatingTeren}}",
				"married_MadDog.HashtagBearFam.Teren": "{{i18n:GudrunmarriedTeren}}",
				"divorced_MadDog.HashtagBearFam.Teren": "{{i18n:GudrundivorcedTeren}}",

				"married_memory_oneweek": "{{i18n:Gudrunfarmermarriedoneweek}}",
				"firstVisit_Railroad": "{{i18n:Gudrunfirstrailroad}}",
				"firstVisit_Sewer": "{{i18n:Gudrunfirstsewer}}",
				"gotPet": "{{i18n:GudrungotPet}}",
				"SquidFest": "{{i18n:GudrunSquidfest}}",
				"married": "{{i18n:Gudrunfarmermarried}}",
				"houseUpgrade_{{ThisYear}}": "{{i18n:Gudrunhouseupgradefirst}}",
				"achievement_21": "{{i18n:Gudrunachievementmorecrafting}}", //very crafty  Gud
				"achievement_25": "{{i18n:Gudrunachievementlotsfish}}", //catch a lot of fish   Gud
				"wonIceFishing": "{{i18n:Gudrunwonicefishing}}", //Gud 
				"structureBuilt_Fish Pond": "{{i18n:GudrunbuiltFishPond}}", //Gud 
				"cropMatured_276": "{{i18n:GudrungrewPumpkin}}",
				"cropMatured_190": "{{i18n:GudrungrewCauliflower}}", //gud
				"cropMatured_Broccoli": "{{i18n:GudrungrewBroccoli}}", //gud
				"fishCaught_798": "{{i18n:GudruncaughtMidnightSquid}}", // gud
				"fishCaught_151": "{{i18n:GudruncaughtSquid}}", //gud

				"SootPocketAdventure": "{{i18n:GudrunCTSootPocketAdventure}}",
				"TerensRecipes": "{{i18n:GudrunCTTerenRecipes}}",
				"BearRecipes": "{{i18n:GudrunCTBearRecipes}}",
				"GunnarRecipes": "{{i18n:GudrunCTGunnarRecipes}}",
				"SondraRecipes": "{{i18n:GudrunCTSondraRecipes}}",
				"GrandpaHaunts": "{{i18n:GudrunCTGrandpaHaunts}}",

				//sve fishes
				"fishCaught_FlashShifter.StardewValleyExpandedCP_Razor_Trout": "{{i18n:Gudrun.caught.SVE.Razor_Trout}}",
				"fishCaught_FlashShifter.StardewValleyExpandedCP_Radioactive_Bass": "{{i18n:Gudrun.caught.SVE.Radioactive_Bass}}",
				//mnf fishies
				"fishCaught_MNF.MoreNewFish_cyclops_shark": "{{i18n:Gudrun.caught.MNF.cyclops_shark}}",
				"fishCaught_MNF.MoreNewFish_goblin_shark_pup": "{{i18n:Gudrun.caught.MNF.goblin_shark_pup}}",
				"fishCaught_MNF.MoreNewFish_bonnethead_pup": "{{i18n:Gudrun.caught.MNF.bonnethead_pup}}",
				"fishCaught_MNF.MoreNewFish_bonnethead": "{{i18n:Gudrun.caught.MNF.bonnethead}}",
				"fishCaught_MNF.MoreNewFish_small_goblin_shark": "{{i18n:Gudrun.caught.MNF.small_goblin_shark}}",
				"fishCaught_MNF.MoreNewFish_redtail_shark": "{{i18n:Gudrun.caught.MNF.redtail_shark}}",
				"fishCaught_MNF.MoreNewFish_spiny_dogfish_pup": "{{i18n:Gudrun.caught.MNF.spiny_dogfish_pup}}",
				"fishCaught_MNF.MoreNewFish_spiny_dogfish": "{{i18n:Gudrun.caught.MNF.spiny_dogfish}}",
				"fishCaught_MNF.MoreNewFish_manta_ray_pup": "{{i18n:Gudrun.caught.MNF.manta_ray_pup}}",
				"fishCaught_MNF.MoreNewFish_small_manta_ray": "{{i18n:Gudrun.caught.MNF.small_manta_ray}}",
				"fishCaught_MNF.MoreNewFish_blue_ringed_octopus": "{{i18n:Gudrun.caught.MNF.blue_ringed_octopus}}",
				//rsv fishies
				"fishCaught_Rafseazz.RSVCP_Fairytale_Lionfish": "{{i18n:Gudrun.caught.RSV.Fairytale_Lionfish}}",
				//voids fishies
				"fishCaught_VoidWitchCult.CP.TheFishmongerNPC_bigfinsquid": "{{i18n:Gudrun.caught.Void.bigfinsquid}}",
				"fishCaught_VoidWitchCult.CP.TheFishmongerNPC_garfish": "{{i18n:Gudrun.caught.Void.garfish}}",
				"fishCaught_VoidWitchCult.CP.TheFishmongerNPC_scarletvampiresquid": "{{i18n:Gudrun.caught.Void.scarletvampiresquid}}",
				"fishCaught_VoidWitchCult.CP.TheFishmongerNPC_viperfish": "{{i18n:Gudrun.caught.Void.viperfish{{PlayerJobTitle}}}}",


				// Resort Lines //done
				"Resort_Entering": "{{i18n:GudrunResEnter}}",
				"Resort_Leaving": "{{i18n:GudrunResLeave}}",
				"Resort_Shore": "{{i18n:GudrunResShore}}",
				"Resort_Umbrella": "{{i18n:GudrunResUmbrella}}",
				"Resort_Wander": "{{i18n:GudrunResWander}}",
				"Resort_Wander_2": "{{i18n:GudrunResWander2}}",
				"Resort_Chair": "{{i18n:GudrunResChair}}",
				"Resort_Bar": "{{i18n:GudrunResBar}}",
				"Resort_Towel": "{{i18n:GudrunResTowel}}",
				"Resort": "{{i18n:GudrunResort}}",

				//Specific Dialogue
				"spring_18_{{ThisYear}}": "{{i18n:GudrunSpring18}}",
				"spring_28_{{ThisYear}}": "{{i18n:GudrunSpring27}}",
				"fall_18_{{ThisYear}}": "{{i18n:GudrunFall18}}",
				"winter_23_{{ThisYear}}": "{{i18n:GudrunWinter23}}",
				"winter_28_{{ThisYear}}": "{{i18n:GudrunWinter28}}",

				"spring_12_{{ThisYear}}": "{{i18n:GudrunSpring12}}",
				"spring_23_{{ThisYear}}": "{{i18n:GudrunSpring23}}",
				"summer_10_{{ThisYear}}": "{{i18n:GudrunSummer10}}",
				"summer_27_{{ThisYear}}": "{{i18n:GudrunSummer27}}",
				"fall_15_{{ThisYear}}": "{{i18n:GudrunFall15}}",
				"fall_26_{{ThisYear}}": "{{i18n:GudrunFall26}}",
				"winter_7_{{ThisYear}}": "{{i18n:GudrunWinter7}}",
				"winter_16_{{ThisYear}}": "{{i18n:GudrunWinter.{{Random:{{Range: 1, 3}}}}}}",
				"winter_24_{{ThisYear}}": "{{i18n:GudrunWinter24}}"
			}
		},

		//daily
		{
			"LogName": "Dialogue - 0-4",
			"Action": "EditData",
			"Target": "Characters/Dialogue/MadDog.HashtagBearFam.Gudrun",
			"Update": "OnLocationChange",
			"Entries": {
				"{{WeekDay}}": "{{i18n:GudrunDialogue04.{{Random:{{Range: 1, 30}}}}}}"
			},
			"When": {
				"HasFlag |contains=MadDogGudrun_OverrideSeenToday": false,
				"HasFlag |contains=BearFamExtraMembers": true
			}
		},
		{
			"LogName": "Dialogue - 0-4 - Seasonal",
			"Action": "EditData",
			"Target": "Characters/Dialogue/MadDog.HashtagBearFam.Gudrun",
			"Priority": "Late",
			"Update": "OnLocationChange",
			"Entries": {
				"{{WeekDay}}": "{{i18n:GudrunDialogue04.{{season}}.{{Random:{{Range: 1, 5}}|key={{Time}}}}}}#$action AddMail Current MadDogGudrun_OverrideSeenToday received"
			},
			"When": {
				"HasFlag |contains=MadDogGudrun_OverrideSeenToday": false,
				"HasFlag |contains=BearFamExtraMembers": true,
				"Query: {{Random: {{Range: 1, 15}}|key=GudrunSeasonA}} = 1": true
			}
		},
		{
			"LogName": "Dialogue - 6-10",
			"Action": "EditData",
			"Target": "Characters/Dialogue/MadDog.HashtagBearFam.Gudrun",
			"Update": "OnLocationChange",
			"Entries": {
				"{{WeekDay}}": "{{i18n:GudrunDialogue610.{{Random:{{Range: 1, 60}}}}{{PlayerJobTitle}}{{CrossModCompatTokens}}}}"
			},
			"When": {
				"HasFlag |contains=MadDogGudrun_OverrideSeenToday": false,
				"HasFlag |contains=BearFamExtraMembers": true,
				"Hearts:MadDog.HashtagBearFam.Gudrun": "{{Range: 5, 10}}"
			}
		},
		{
			"LogName": "Dialogue - 6 - 10 Seasonal Platonic - Seasonal",
			"Action": "EditData",
			"Target": "Characters/Dialogue/MadDog.HashtagBearFam.Gudrun",
			"Priority": "Late",
			"Update": "OnLocationChange",
			"Entries": {
				"{{WeekDay}}": "{{i18n:GudrunDialogue610.{{season}}.{{Random:{{Range: 1, 5}}|key={{Time}}}}{{PlayerJobTitle}}}}#$action AddMail Current MadDogGudrun_OverrideSeenToday received"
			},
			"When": {
				"HasFlag |contains=MadDogGudrun_OverrideSeenToday": false,
				"HasFlag |contains=BearFamExtraMembers": true,
				"Query: {{Random: {{Range: 1, 15}}|key=GudrunSeasonB}} = 1": true,
				"Hearts:MadDog.HashtagBearFam.Gudrun": "{{Range: 5, 10}}"
			}
		},
		{
			"LogName": "Dialogue - Bonus Override",
			"Action": "EditData",
			"Target": "Characters/Dialogue/MadDog.HashtagBearFam.Gudrun",
			"Update": "OnLocationChange",
			"Entries": {
				"{{WeekDay}}": "{{i18n:Gudrun.AboutWater.{{Random:{{Range: 1, 15}}|key={{Time}}}}}}#$action AddMail Current MadDogGudrun_OverrideSeenToday received"
			},
			"When": {
				"HasFlag |contains=MadDogGudrun_OverrideSeenToday": false,
				"HasFlag |contains=BearFamExtraMembers": true,
				"Query: {{Random: {{Range: 1, 15}}|key=GudrunAboutWater}} = 1": true
			}
		},
		//crossover dialogue
		//////////////////////////////////////////////////////////////////////////////////////
		//Birthday Zone
		{
			"LogName": "Gudrun Birthday Commentary - ED",
			"Action": "EditData",
			"Priority": "Late",
			"Target": "Characters/Dialogue/MadDog.HashtagBearFam.Gudrun",
			"Entries": {
				"winter_5_{{ThisYear}}": "{{i18n:Gudrun.Birthday.ED.Eli}}",
				"fall_17_{{ThisYear}}": "{{i18n:Gudrun.Birthday.ED.Dylan}}"
			},
			"When": {
				"HasMod |contains=TenebrousNova.EliDylan.CP": true,
				"HasFlag |contains=BearFamExtraMembers": true
			}
		},
		{
			"LogName": "Gudrun Birthday Commentary - Rodney",
			"Action": "EditData",
			"Priority": "Late",
			"Target": "Characters/Dialogue/MadDog.HashtagBearFam.Gudrun",
			"Entries": {
				"summer_2_{{ThisYear}}": "{{i18n:Gudrun.Birthday.ROB.Rodney}}"
			},
			"When": {
				"HasMod |contains=TheFrenchDodo.RodneyOBrien": true,
				"HasFlag |contains=BearFamExtraMembers": true
			}
		},
		{
			"LogName": "Gudrun Birthday Commentary - Nora",
			"Action": "EditData",
			"Priority": "Late",
			"Target": "Characters/Dialogue/MadDog.HashtagBearFam.Gudrun",
			"Entries": {
				"fall_3_{{ThisYear}}": "{{i18n:Gudrun.Birthday.NtH.Nora}}"
			},
			"When": {
				"HasMod |contains=Bagi.Nora.CP": true,
				"HasFlag |contains=BearFamExtraMembers": true
			}
		},
		{
			"LogName": "Gudrun Birthday Commentary - DiTR",
			"Action": "EditData",
			"Priority": "Late",
			"Target": "Characters/Dialogue/MadDog.HashtagBearFam.Gudrun",
			"Entries": {
				"spring_11_{{ThisYear}}": "{{i18n:Gudrun.Birthday.DiTR.Eve}}",
				"fall_7_{{ThisYear}}": "{{i18n:Gudrun.Birthday.DiTR.Trace}}"
			},
			"When": {
				"HasMod |contains=7thAxis.DitR.CP": true,
				"HasFlag |contains=BearFamExtraMembers": true
			}
		},
		{
			"LogName": "Gudrun Birthday Commentary - SnS",
			"Action": "EditData",
			"Priority": "Late",
			"Target": "Characters/Dialogue/MadDog.HashtagBearFam.Gudrun",
			"Entries": {
				"winter_20_{{ThisYear}}": "{{i18n:Gudrun.Birthday.SnS.Hector.{{HasSeenEvent |contains=SnS.Ch2.Hector.1}}}}"
			},
			"When": {
				"HasMod |contains=DN.SnS": true,
				"HasFlag |contains=BearFamExtraMembers": true
			}
		},
		{
			"LogName": "Gudrun Birthday Commentary - MGC",
			"Action": "EditData",
			"Priority": "Late",
			"Target": "Characters/Dialogue/MadDog.HashtagBearFam.Gudrun",
			"Entries": {
				"winter_10_{{ThisYear}}": "{{i18n:Gudrun.Birthday.MGC.Cambria}}"
			},
			"When": {
				"HasMod |contains=Squeaks.MGC.CP": true,
				"HasFlag |contains=BearFamExtraMembers": true
			}
		},
		{
			"LogName": "Gudrun Birthday Commentary - SVE",
			"Action": "EditData",
			"Priority": "Late",
			"Target": "Characters/Dialogue/MadDog.HashtagBearFam.Gudrun",
			"Entries": {
				"winter_26_{{ThisYear}}": "{{i18n:Gudrun.Birthday.SVE.Sophia}}"
			},
			"When": {
				"HasMod |contains=FlashShifter.StardewValleyExpandedCP": true,
				"HasFlag |contains=BearFamExtraMembers": true
			}
		},
		{
			"LogName": "Gudrun Birthday Commentary - RSV",
			"Action": "EditData",
			"Priority": "Late",
			"Target": "Characters/Dialogue/MadDog.HashtagBearFam.Gudrun",
			"Entries": {
				"summer_1_{{ThisYear}}": "{{i18n:Gudrun.Birthday.RSV.Lola}}"
			},
			"When": {
				"HasMod |contains=Rafseazz.RSVCP": true,
				"HasFlag |contains=BearFamExtraMembers": true
			}
		},
		//////////////////////////////////////////////////////////////////////////////////////
		//Eli and Dylan
		{
			"LogName": "Gudrun ED Commentary",
			"Action": "EditData",
			"Priority": "Late",
			"Update": "OnLocationChange",
			"Target": "Characters/Dialogue/MadDog.HashtagBearFam.Gudrun",
			"Entries": {
				"{{WeekDay}}": "{{i18n:GudrunDialogueED.{{Random:{{Range: 1, 10}}|key={{Time}}}}}}#$action AddMail Current MadDogGudrun_OverrideSeenToday received"
			},
			"When": {
				"HasFlag |contains=MadDogGudrun_OverrideSeenToday": false,
				"HasMod |contains=TenebrousNova.EliDylan.CP": true,
				"HasFlag |contains=BearFamExtraMembers": true,
				"Query: {{Random: {{Range: 1, 20}}|key=EDgud}} = 1": true //key needs differentiating per mod
			}
		},
		//Rodney O'Brien (later include Edwina, Meredith)
		{
			"LogName": "Gudrun Rodney O'Brien Commentary",
			"Action": "EditData",
			"Priority": "Late",
			"Update": "OnLocationChange",
			"Target": "Characters/Dialogue/MadDog.HashtagBearFam.Gudrun",
			"Entries": {
				"{{WeekDay}}": "{{i18n:GudrunDialogueROB.{{Random:{{Range: 1, 3}}|key={{Time}}}}}}#$action AddMail Current MadDogGudrun_OverrideSeenToday received"
			},
			"When": {
				"HasFlag |contains=MadDogGudrun_OverrideSeenToday": false,
				"HasMod |contains=TheFrenchDodo.RodneyOBrien": true,
				"HasFlag |contains=BearFamExtraMembers": true,
				"Query: {{Random: {{Range: 1, 20}}|key=ROBgud}} = 1": true //key needs differentiating per mod
			}
		},
		//Nora the Herpetologist
		{
			"LogName": "Gudrun Nora Commentary",
			"Action": "EditData",
			"Priority": "Late",
			"Update": "OnLocationChange",
			"Target": "Characters/Dialogue/MadDog.HashtagBearFam.Gudrun",
			"Entries": {
				"{{WeekDay}}": "{{i18n:GudrunDialogueNtH.{{Random:{{Range: 1, 3}}|key={{Time}}}}}}#$action AddMail Current MadDogGudrun_OverrideSeenToday received"
			},
			"When": {
				"HasFlag |contains=MadDogGudrun_OverrideSeenToday": false,
				"HasMod |contains=Bagi.Nora.CP": true,
				"HasFlag |contains=BearFamExtraMembers": true,
				"Query: {{Random: {{Range: 1, 20}}|key=NtHgud}} = 1": true //key needs differentiating per mod
			}
		},
		//Diamond in the Rough
		{
			"LogName": "Gudrun DitR Commentary",
			"Action": "EditData",
			"Priority": "Late",
			"Update": "OnLocationChange",
			"Target": "Characters/Dialogue/MadDog.HashtagBearFam.Gudrun",
			"Entries": {
				"{{WeekDay}}": "{{i18n:GudrunDialogueDitR.{{Random:{{Range: 1, 3}}|key={{Time}}}}}}#$action AddMail Current MadDogGudrun_OverrideSeenToday received"
			},
			"When": {
				"HasFlag |contains=MadDogGudrun_OverrideSeenToday": false,
				"HasMod |contains=7thAxis.DitR.CP": true,
				"HasFlag |contains=BearFamExtraMembers": true,
				"Query: {{Random: {{Range: 1, 20}}|key=DitRgud}} = 1": true //key needs differentiating per mod
			}
		},
		//Sword and Sorcery
		{
			"LogName": "Gudrun SnS Commentary",
			"Action": "EditData",
			"Priority": "Late",
			"Update": "OnLocationChange",
			"Target": "Characters/Dialogue/MadDog.HashtagBearFam.Gudrun",
			"Entries": {
				"{{WeekDay}}": "{{i18n:GudrunDialogueSnS.{{Random:{{Range: 1, 3}}|key={{Time}}}}}}#$action AddMail Current MadDogGudrun_OverrideSeenToday received"
			},
			"When": {
				"HasFlag |contains=MadDogGudrun_OverrideSeenToday": false,
				"HasMod |contains=DN.SnS": true,
				"HasFlag |contains=BearFamExtraMembers": true,
				"Query: {{Random: {{Range: 1, 20}}|key=SnSgud}} = 1": true //key needs differentiating per mod
			}
		},
		//Plum Forrest + Family
		{
			"LogName": "Gudrun Plum Commentary",
			"Action": "EditData",
			"Priority": "Late",
			"Update": "OnLocationChange",
			"Target": "Characters/Dialogue/MadDog.HashtagBearFam.Gudrun",
			"Entries": {
				"{{WeekDay}}": "{{i18n:GudrunDialoguePFAF.{{Random:{{Range: 1, 3}}|key={{Time}}}}}}#$action AddMail Current MadDogGudrun_OverrideSeenToday received"
			},
			"When": {
				"HasFlag |contains=MadDogGudrun_OverrideSeenToday": false,
				"HasMod |contains=AgentPhoenixCupcake.cp.PlumForrest": true,
				"HasFlag |contains=BearFamExtraMembers": true,
				"Query: {{Random: {{Range: 1, 20}}|key=PFAFgud}} = 1": true //key needs differentiating per mod
			}
		},
		//Metalcore Goes Cottagecore
		{
			"LogName": "Gudrun MGC Commentary",
			"Action": "EditData",
			"Priority": "Late",
			"Update": "OnLocationChange",
			"Target": "Characters/Dialogue/MadDog.HashtagBearFam.Gudrun",
			"Entries": {
				"{{WeekDay}}": "{{i18n:GudrunDialogueMGC.{{Random:{{Range: 1, 3}}|key={{Time}}}}}}#$action AddMail Current MadDogGudrun_OverrideSeenToday received"
			},
			"When": {
				"HasFlag |contains=MadDogGudrun_OverrideSeenToday": false,
				"HasMod |contains=Squeaks.MGC.CP": true,
				"HasFlag |contains=BearFamExtraMembers": true,
				"Query: {{Random: {{Range: 1, 20}}|key=MGCgud}} = 1": true //key needs differentiating per mod
			}
		},
		//Clown Cinematic Universe Zone
		//Traveling Dreamer - A New Dream
		/*{
			"LogName": "Gudrun Barron & John Commentary",
			"Action": "EditData",
			"Priority": "Late",
			"Update": "OnLocationChange",
			"Target": "Characters/Dialogue/MadDog.HashtagBearFam.Gudrun",
			"Entries": {
				"{{WeekDay}}": "{{i18n:GudrunDialogueFCAND.{{Random:{{Range: 1, 3}}|key={{Time}}}}}}#$action AddMail Current MadDogGudrun_OverrideSeenToday received"
			},
			"When": {
				"HasFlag |contains=MadDogGudrun_OverrideSeenToday": false,
				"HasMod |contains=Fellowclown.AND": true,
				"HasFlag |contains=BearFamExtraMembers": true,
				"Query: {{Random: {{Range: 1, 20}}|key=FCTDgud}} = 1": true //key needs differentiating per mod
			}
		},
		//Passerby Cemetary now contains Settling Waters, Magical Family, The Wanderer.
		{
			"LogName": "Gudrun Passerby Cemetary Commentary",
			"Action": "EditData",
			"Priority": "Late",
			"Update": "OnLocationChange",
			"Target": "Characters/Dialogue/MadDog.HashtagBearFam.Gudrun",
			"Entries": {
				"{{WeekDay}}": "{{i18n:GudrunDialogueFCPC.{{Random:{{Range: 1, 3}}|key={{Time}}}}}}#$action AddMail Current MadDogGudrun_OverrideSeenToday received"
			},
			"When": {
				"HasFlag |contains=MadDogGudrun_OverrideSeenToday": false,
				"HasMod |contains=Fellowclown.PC": true,
				"HasFlag |contains=BearFamExtraMembers": true,
				"Query: {{Random: {{Range: 1, 20}}|key=FCPCgud}} = 1": true //key needs differentiating per mod
			}
		},*/
		//Andrew 'Verse
		{
			"LogName": "Gudrun A Pelican Town Commentary", 
			"Action": "EditData",
			"Priority": "Late",
			"Update": "OnLocationChange",
			"Target": "Characters/Dialogue/MadDog.HashtagBearFam.Gudrun",
			"Entries": {
				"{{WeekDay}}": "{{i18n:GudrunDialogueAPT.{{Random:{{Range: 1, 3}}|key={{Time}}}}{{CrossModCompatTokens}}}}#$action AddMail Current MadDogGudrun_OverrideSeenToday received"
			},
			"When": {
				"HasFlag |contains=MadDogGudrun_OverrideSeenToday": false,
				"HasFlag |contains=BearFamExtraMembers": true,
				"HasMod |contains=AndrewJC.APelicanTown": true, 
				"Query: {{Random: {{Range: 1, 20}}|key=APTgud}} = 1": true //key needs differentiating per mod    //Abbreviation for key here
			}
		},
		{
			"LogName": "Gudrun Coalpoint Commentary", 
			"Action": "EditData",
			"Priority": "Late",
			"Update": "OnLocationChange",
			"Target": "Characters/Dialogue/MadDog.HashtagBearFam.Gudrun",
			"Entries": {
				"{{WeekDay}}": "{{i18n:GudrunDialogueCPF.{{Random:{{Range: 1, 3}}|key={{Time}}}}}}#$action AddMail Current MadDogGudrun_OverrideSeenToday received"
			},
			"When": {
				"HasFlag |contains=MadDogGudrun_OverrideSeenToday": false,
				"HasFlag |contains=BearFamExtraMembers": true,
				"HasMod |contains=AndrewJC.CoalPointFarm": true, 
				"Query: {{Random: {{Range: 1, 20}}|key=CPFgud}} = 1": true //key needs differentiating per mod    //Abbreviation for key here
			}
		},
		//Standalone NPCs
		/*{
			"LogName": "Gudrun YtA Commentary",
			"Action": "EditData",
			"Priority": "Late",
			"Update": "OnLocationChange",
			"Target": "Characters/Dialogue/MadDog.HashtagBearFam.Gudrun",
			"Entries": {
				"{{WeekDay}}": "{{i18n:GudrunDialogueYtA.{{Random:{{Range: 1, 3}}|key={{Time}}}}}}#$action AddMail Current MadDogGudrun_OverrideSeenToday received"
			},
			"When": {
				"HasFlag |contains=MadDogGudrun_OverrideSeenToday": false,
				"HasMod |contains=yri.yri": true,
				"HasFlag |contains=BearFamExtraMembers": true,
				"Query: {{Random: {{Range: 1, 20}}|key=YtAgud}} = 1": true //key needs differentiating per mod
			}
		},*/
		{
			"LogName": "Gudrun ARV Commentary",
			"Action": "EditData",
			"Priority": "Late",
			"Update": "OnLocationChange",
			"Target": "Characters/Dialogue/MadDog.HashtagBearFam.Gudrun",
			"Entries": {
				"{{WeekDay}}": "{{i18n:GudrunDialogueARV.{{Random:{{Range: 1, 3}}|key={{Time}}}}}}#$action AddMail Current MadDogGudrun_OverrideSeenToday received"
			},
			"When": {
				"HasFlag |contains=MadDogGudrun_OverrideSeenToday": false,
				"HasMod |contains=Himetarts.ARV.CP": true,
				"HasFlag |contains=BearFamExtraMembers": true,
				"Query: {{Random: {{Range: 1, 20}}|key=ARVgud}} = 1": true //key needs differentiating per mod
			}
		},
		{
			"LogName": "Gudrun Lucikiel Commentary",
			"Action": "EditData",
			"Priority": "Late",
			"Update": "OnLocationChange",
			"Target": "Characters/Dialogue/MadDog.HashtagBearFam.Gudrun",
			"Entries": {
				"{{WeekDay}}": "{{i18n:GudrunDialogueLuc.{{Random:{{Range: 1, 3}}|key={{Time}}}}}}#$action AddMail Current MadDogGudrun_OverrideSeenToday received"
			},
			"When": {
				"HasFlag |contains=MadDogGudrun_OverrideSeenToday": false,
				"HasMod |contains=Arknir.Lucikiel": true,
				"HasFlag |contains=BearFamExtraMembers": true,
				"Query: {{Random: {{Range: 1, 20}}|key=Lucgud}} = 1": true //key needs differentiating per mod
			}
		},
		{
			"LogName": "Gudrun Lavril Commentary",
			"Action": "EditData",
			"Priority": "Late",
			"Update": "OnLocationChange",
			"Target": "Characters/Dialogue/MadDog.HashtagBearFam.Gudrun",
			"Entries": {
				"{{WeekDay}}": "{{i18n:GudrunDialogueLav.{{Random:{{Range: 1, 3}}|key={{Time}}}}}}#$action AddMail Current MadDogGudrun_OverrideSeenToday received"
			},
			"When": {
				"HasFlag |contains=MadDogGudrun_OverrideSeenToday": false,
				"HasMod |contains=Arknir27.Lavril": true,
				"HasFlag |contains=BearFamExtraMembers": true,
				"Query: {{Random: {{Range: 1, 20}}|key=Lavgud}} = 1": true //key needs differentiating per mod
			}
		},
		//standalone NPCs - TBD on 1.6 versions of NPC mods being made available
		/* place holder template
     {
      "LogName": "Gudrun XXXXX Commentary", //mod name here
      "Action": "EditData",
      "Priority": "Late",
		"Update": "OnLocationChange",
      "Target": "Characters/Dialogue/MadDog.HashtagBearFam.Gudrun",
      "Entries": {
        "{{WeekDay}}": "{{i18n:GudrunDialogueXXXXX.{{Random:{{Range: 1, 3}}|key={{Time}}}}}}#$action AddMail Current MadDogGudrun_OverrideSeenToday received"
      },
      "When": { 
		"HasFlag |contains=MadDogGudrun_OverrideSeenToday": false,
		"HasFlag |contains=BearFamExtraMembers": true,
        "HasMod |contains=X": true, //MOD ID HERE
        "Query: {{Random: {{Range: 1, 20}}|key=XXXXXgud}} = 1": true //key needs differentiating per mod    //Abbreviation for key here
      }
    }
     */

		//expansions
		//DTZ
		{
			"LogName": "Gudrun DTZ Commentary", //mod name here
			"Action": "EditData",
			"Priority": "Late",
			"Update": "OnLocationChange",
			"Target": "Characters/Dialogue/MadDog.HashtagBearFam.Gudrun",
			"Entries": {
				"{{WeekDay}}": "{{i18n:GudrunDialogueDTZ.{{Random:{{Range: 1, 5}}|key={{Time}}}}}}#$action AddMail Current MadDogGudrun_OverrideSeenToday received"
			},
			"When": {
				"HasFlag |contains=MadDogGudrun_OverrideSeenToday": false,
				"HasFlag |contains=BearFamExtraMembers": true,
				"HasMod |contains=DTZ.DowntownZuzuCP": true, //MOD ID HERE
				"Query: {{Random: {{Range: 1, 20}}|key=DTZgud}} = 1": true //key needs differentiating per mod    //Abbreviation for key here
			}
		},
		//Stardew Valley Expanded
		{
			"LogName": "Gudrun SVE Commentary",
			"Action": "EditData",
			"Priority": "Late",
			"Update": "OnLocationChange",
			"Target": "Characters/Dialogue/MadDog.HashtagBearFam.Gudrun",
			"Entries": {
				"{{WeekDay}}": "{{i18n:GudrunDialogueSVE.{{Random:{{Range: 1, 3}}|key={{Time}}}}}}#$action AddMail Current MadDogGudrun_OverrideSeenToday received"
			},
			"When": {
				"HasFlag |contains=MadDogGudrun_OverrideSeenToday": false,
				"HasFlag |contains=BearFamExtraMembers": true,
				"HasMod |contains=FlashShifter.StardewValleyExpandedCP": true,
				"Query: {{Random: {{Range: 1, 20}}|key=SVEgud}} = 1": true //key needs differentiating per mod
			}
		},
		//Ridgeside Village
		{
			"LogName": "Gudrun RSV Commentary",
			"Action": "EditData",
			"Priority": "Late",
			"Update": "OnLocationChange",
			"Target": "Characters/Dialogue/MadDog.HashtagBearFam.Gudrun",
			"Entries": {
				"{{WeekDay}}": "{{i18n:GudrunDialogueRSV.{{Random:{{Range: 1, 4}}|key={{Time}}}}{{CrossModCompatTokens}}}}#$action AddMail Current MadDogGudrun_OverrideSeenToday received"
			},
			"When": {
				"HasFlag |contains=MadDogGudrun_OverrideSeenToday": false,
				"HasMod |contains=Rafseazz.RSVCP": true,
				"HasFlag |contains=BearFamExtraMembers": true,
				"Query: {{Random: {{Range: 1, 20}}|key=RSVgud}} = 1": true //key needs differentiating per mod
			}
		},
		{
			"LogName": "Gudrun MGR Commentary",
			"Action": "EditData",
			"Priority": "Late",
			"Update": "OnLocationChange",
			"Target": "Characters/Dialogue/MadDog.HashtagBearFam.Gudrun",
			"Entries": {
				"{{WeekDay}}": "{{i18n:GudrunDialogueGuntherReal.{{Random:{{Range: 1, 3}}|key={{Time}}}}{{CrossModCompatTokens}}}}#$action AddMail Current MadDogGudrun_OverrideSeenToday received"
			},
			"When": {
				"HasFlag |contains=MadDogGudrun_OverrideSeenToday": false,
				"HasMod |contains=Wolf.Gun": true,
				"HasSeenEvent |contains=7102005": true,
				"HasFlag |contains=BearFamExtraMembers": true,
				"Query: {{Random: {{Range: 1, 20}}|key=GuntherRealgud}} = 1": true //key needs differentiating per mod
			}
		}
		/*
		//Visit Mount Vapius VMV
		{
			"LogName": "Gudrun VMV Commentary",
			"Action": "EditData",
			"Priority": "Late",
			"Update": "OnLocationChange",
			"Target": "Characters/Dialogue/MadDog.HashtagBearFam.Gudrun",
			"Entries": {
				"{{WeekDay}}": "{{i18n:GudrunDialogueVMV.{{Random:{{Range: 1, 3}}|key={{Time}}}}}}#$action AddMail Current MadDogGudrun_OverrideSeenToday received"
			},
			"When": {
				"HasFlag |contains=MadDogGudrun_OverrideSeenToday": false,
				"HasMod |contains=Lumisteria.MtVapius": true,
				"HasFlag |contains=BearFamExtraMembers": true,
				"Query: {{Random: {{Range: 1, 20}}|key=VMVgud}} = 1": true //key needs differentiating per mod   
			}
		}
		*/
		//Sunberry Village SBV
		/* {
      "LogName": "Gudrun SBV Commentary", 
      "Action": "EditData",
      "Priority": "Late",
		"Update": "OnLocationChange",
      "Target": "Characters/Dialogue/MadDog.HashtagBearFam.Gudrun",
      "Entries": {
        "{{WeekDay}}": "{{i18n:GudrunDialogueSBV.{{Random:{{Range: 1, 3}}|key={{Time}}}}}}#$action AddMail Current MadDogGudrun_OverrideSeenToday received"
      },
      "When": { 
		"HasFlag |contains=MadDogGudrun_OverrideSeenToday": false,
		"HasFlag |contains=BearFamExtraMembers": true,
        "HasMod |contains=skellady.SBVCP": true, //MOD ID HERE - TBD (no public alpha or release yet!!!!!!!!!!!!)
        "Query: {{Random: {{Range: 1, 20}}|key=SBVgud}} = 1": true //key needs differentiating per mod    
      }
    }
    */

		//TBD Expansions depending on 1.6 - Cape Stardew, Adventurer Guild Expanded, Defense Division, Boarding House

		/* place holder template
     {
      "LogName": "Gudrun XXXXX Commentary", //mod name here
      "Action": "EditData",
      "Priority": "Late",
		"Update": "OnLocationChange",
      "Target": "Characters/Dialogue/MadDog.HashtagBearFam.Gudrun",
      "Entries": {
        "{{WeekDay}}": "{{i18n:GudrunDialogueXXXXX.{{Random:{{Range: 1, 3}}|key={{Time}}}}}}#$action AddMail Current MadDogGudrun_OverrideSeenToday received"
      },
      "When": { 
		"HasFlag |contains=MadDogGudrun_OverrideSeenToday": false,
		"HasFlag |contains=BearFamExtraMembers": true,
        "HasMod |contains=X": true, //MOD ID HERE
        "Query: {{Random: {{Range: 1, 20}}|key=XXXXXgud}} = 1": true //key needs differentiating per mod    //Abbreviation for key here
      }
    }
     */
	]
}
