{
	"Changes": [

		{
			"LogName": "Gunnar Strings",
			"Action": "EditData",
			"Target": "Strings/schedules/MadDog.HashtagBearFam.Gunnar",
			"When": {
				"Query: {{Year}} % 2 = 1": true
			},
			"Entries": {

				//Strings

				"GunnarMines.000": "{{Random:{{i18n:StringsGunnarMines1}}++{{i18n:StringsGunnarMines2}}++{{i18n:StringsGunnarMines3}}|inputSeparator=++}}",
				"GunnarGuild.000": "{{Random:{{i18n:StringsGunnarGuild1}}++{{i18n:StringsGunnarGuild2}}++{{i18n:StringsGunnarGuild3}}|inputSeparator=++}}",
				"GunnarSpiritsEveInnA.000": "{{Random:{{i18n:StringsGunnarSpiritsEveInnA1}}++{{i18n:StringsGunnarSpiritsEveInnA2}}++{{i18n:StringsGunnarSpiritsEveInnA3}}|inputSeparator=++}}",
				"GunnarSpiritsEveInnB.000": "{{Random:{{i18n:StringsGunnarSpiritsEveInnB1}}++{{i18n:StringsGunnarSpiritsEveInnB2}}++{{i18n:StringsGunnarSpiritsEveInnB3}}|inputSeparator=++}}",
				"GunnarSmith.000": "{{Random:{{i18n:StringsGunnarSmith1}}++{{i18n:StringsGunnarSmith2}}++{{i18n:StringsGunnarSmith3}}|inputSeparator=++}}",
				"GunnarSmithB.000": "{{Random:{{i18n:StringsGunnarSmithB1}}++{{i18n:StringsGunnarSmithB2}}++{{i18n:StringsGunnarSmithB2}}|inputSeparator=++}}",
				"GunnarLibrary.000": "{{Random:{{i18n:StringsGunnarLibrary1}}++{{i18n:StringsGunnarLibrary2}}++{{i18n:StringsGunnarLibrary3}}|inputSeparator=++}}",
				"GunnarSaloon.000": "{{Random:{{i18n:StringsGunnarSaloon1}}++{{i18n:StringsGunnarSaloon2}}++{{i18n:StringsGunnarSaloon3}}|inputSeparator=++}}",
				"GunnarPractice.000": "{{Random:{{i18n:StringsGunnarPractice1}}++{{i18n:StringsGunnarPractice2}}++{{i18n:StringsGunnarPractice3}}|inputSeparator=++}}",
				"GunnarPracticeB.000": "{{Random:{{i18n:StringsGunnarPracticeB1}}++{{i18n:StringsGunnarPracticeB2}}++{{i18n:StringsGunnarPracticeB3}}|inputSeparator=++}}",
				"GunnarPracticeC.000": "{{Random:{{i18n:StringsGunnarPracticeC1}}++{{i18n:StringsGunnarPracticeC2{{BearFamProfanityChanges}}}}++{{i18n:StringsGunnarPracticeC3}}|inputSeparator=++}}",
				"GunnarPracticeD.000": "{{Random:{{i18n:StringsGunnarPracticeD1}}++{{i18n:StringsGunnarPracticeD2}}++{{i18n:StringsGunnarPracticeD3}}|inputSeparator=++}}",
				"GunnarPotion.000": "{{Random:{{i18n:StringsGunnarPotion1}}++{{i18n:StringsGunnarPotion2}}++{{i18n:StringsGunnarPotion3}}|inputSeparator=++}}",
				"GunnarPotionB.000": "{{Random:{{i18n:StringsGunnarPotionB1}}++{{i18n:StringsGunnarPotionB2}}++{{i18n:StringsGunnarPotionB3}}|inputSeparator=++}}",
				"GunnarBadTest.000": "{{Random:{{i18n:StringsGunnarBadTest1}}++{{i18n:StringsGunnarBadTest2}}++{{i18n:StringsGunnarBadTest3}}|inputSeparator=++}}",
				"GunnarMakingNotes.000": "{{Random:{{i18n:StringsGunnarMakingNotes1}}++{{i18n:StringsGunnarMakingNotes2}}++{{i18n:StringsGunnarMakingNotes3}}|inputSeparator=++}}",
				"GunnarRecoveryA.000": "{{Random:{{i18n:StringsGunnarRecoveryA1}}++{{i18n:StringsGunnarRecoveryA2}}++{{i18n:StringsGunnarRecoveryA3}}|inputSeparator=++}}",
				"GunnarRecoveryB.000": "{{Random:{{i18n:StringsGunnarRecoveryB1}}++{{i18n:StringsGunnarRecoveryB2}}++{{i18n:StringsGunnarRecoveryB3}}|inputSeparator=++}}",
				"GunnarPITV.000": "{{Random:{{i18n:StringsGunnarPITV1}}++{{i18n:StringsGunnarPITV2}}++{{i18n:StringsGunnarPITV3}}|inputSeparator=++}}",
				"GunnarGreenRain.000": "{{Random:{{i18n:StringsGunnarGreenRain1}}++{{i18n:StringsGunnarGreenRain2}}++{{i18n:StringsGunnarGreenRain3}}|inputSeparator=++}}",
				"GunnarDTZEntrance.000": "{{Random:{{i18n:StringsGunnarDTZEntrance1}}++{{i18n:StringsGunnarDTZEntrance2}}++{{i18n:StringsGunnarDTZEntrance3}}|inputSeparator=++}}",
				"GunnarDTZA.000": "{{Random:{{i18n:StringsGunnarDTZA1}}++{{i18n:StringsGunnarGreenRain2}}++{{i18n:StringsGunnarGreenRain3}}|inputSeparator=++}}",
				"GunnarDTZB.000": "{{Random:{{i18n:StringsGunnarDTZB1}}++{{i18n:StringsGunnarGreenRain2}}++{{i18n:StringsGunnarGreenRain3}}|inputSeparator=++}}",
				"MarriedGunnarDesertFestival.000": "{{Random:{{i18n:StringsMarriedGunnarDesertFestival1{{GunnarSpousePetName}}}}++{{i18n:StringsMarriedGunnarDesertFestival2{{GunnarSpousePetName}}}}++{{i18n:StringsMarriedGunnarDesertFestival3{{GunnarSpousePetName}}}}|inputSeparator=++}}",
				"GunnarDesertFestival.000": "{{Random:{{i18n:StringsGunnarDesertFestival1}}++{{i18n:StringsGunnarDesertFestival2}}++{{i18n:StringsGunnarDesertFestival3}}++{{i18n:StringsGunnarDesertFestival4}}++{{i18n:StringsGunnarDesertFestival5{{CrossModCompatTokens}}}}|inputSeparator=++}}"
			}
		},
		{
			"LogName": "Gunnar Strings Year 2",
			"Action": "EditData",
			"Target": "Strings/schedules/MadDog.HashtagBearFam.Gunnar",
			"When": {
				"Query: {{Year}} % 2 = 0": true
			},
			"Entries": {

				//Strings

				"GunnarSpiritsEveInnA.000": "{{Random:{{i18n:StringsGunnarSpiritsEveInnAy21}}++{{i18n:StringsGunnarSpiritsEveInnAy22}}++{{i18n:StringsGunnarSpiritsEveInnAy23}}|inputSeparator=++}}",
				"GunnarSpiritsEveInnB.000": "{{Random:{{i18n:StringsGunnarSpiritsEveInnBy21}}++{{i18n:StringsGunnarSpiritsEveInnBy22}}++{{i18n:StringsGunnarSpiritsEveInnBy23}}|inputSeparator=++}}",
				"GunnarSmith.000": "{{Random:{{i18n:StringsGunnarSmith1}}++{{i18n:StringsGunnarSmith2}}++{{i18n:StringsGunnarSmith3}}|inputSeparator=++}}",
				"GunnarSmithB.000": "{{Random:{{i18n:StringsGunnarSmithB1}}++{{i18n:StringsGunnarSmithB2}}++{{i18n:StringsGunnarSmithB2}}|inputSeparator=++}}",
				"GunnarLibrary.000": "{{Random:{{i18n:StringsGunnarLibrary1}}++{{i18n:StringsGunnarLibrary2}}++{{i18n:StringsGunnarLibrary3}}|inputSeparator=++}}",
				"GunnarSaloon.000": "{{Random:{{i18n:StringsGunnarSaloon1}}++{{i18n:StringsGunnarSaloon2}}++{{i18n:StringsGunnarSaloon3}}|inputSeparator=++}}",
				"GunnarPractice.000": "{{Random:{{i18n:StringsGunnarPractice1}}++{{i18n:StringsGunnarPractice2}}++{{i18n:StringsGunnarPractice3}}|inputSeparator=++}}",
				"GunnarPracticeB.000": "{{Random:{{i18n:StringsGunnarPracticeB1}}++{{i18n:StringsGunnarPracticeB2}}++{{i18n:StringsGunnarPracticeB3}}|inputSeparator=++}}",
				"GunnarPracticeC.000": "{{Random:{{i18n:StringsGunnarPracticeC1}}++{{i18n:StringsGunnarPracticeC2{{BearFamProfanityChanges}}}}++{{i18n:StringsGunnarPracticeC3}}|inputSeparator=++}}",
				"GunnarPracticeD.000": "{{Random:{{i18n:StringsGunnarPracticeD1}}++{{i18n:StringsGunnarPracticeD2}}++{{i18n:StringsGunnarPracticeD3}}|inputSeparator=++}}",
				"GunnarPotion.000": "{{Random:{{i18n:StringsGunnarPotion1}}++{{i18n:StringsGunnarPotion2}}++{{i18n:StringsGunnarPotion3}}|inputSeparator=++}}",
				"GunnarPotionB.000": "{{Random:{{i18n:StringsGunnarPotionB1}}++{{i18n:StringsGunnarPotionB2}}++{{i18n:StringsGunnarPotionB3}}|inputSeparator=++}}",
				"GunnarBadTest.000": "{{Random:{{i18n:StringsGunnarBadTest1}}++{{i18n:StringsGunnarBadTest2}}++{{i18n:StringsGunnarBadTest3}}|inputSeparator=++}}",
				"GunnarMakingNotes.000": "{{Random:{{i18n:StringsGunnarMakingNotes1}}++{{i18n:StringsGunnarMakingNotes2}}++{{i18n:StringsGunnarMakingNotes3}}|inputSeparator=++}}",
				"GunnarRecoveryA.000": "{{Random:{{i18n:StringsGunnarRecoveryA1}}++{{i18n:StringsGunnarRecoveryA2}}++{{i18n:StringsGunnarRecoveryA3}}|inputSeparator=++}}",
				"GunnarRecoveryB.000": "{{Random:{{i18n:StringsGunnarRecoveryB1}}++{{i18n:StringsGunnarRecoveryB2}}++{{i18n:StringsGunnarRecoveryB3}}|inputSeparator=++}}",
				"GunnarPITV.000": "{{Random:{{i18n:StringsGunnarPITV1}}++{{i18n:StringsGunnarPITV2}}++{{i18n:StringsGunnarPITV3}}|inputSeparator=++}}",
				"GunnarGreenRain.000": "{{Random:{{i18n:StringsGunnarGreenRain1}}++{{i18n:StringsGunnarGreenRain2}}++{{i18n:StringsGunnarGreenRain3}}|inputSeparator=++}}",
				"GunnarMines.000": "{{Random:{{i18n:StringsGunnarMines1}}++{{i18n:StringsGunnarMines2}}++{{i18n:StringsGunnarMines3}}|inputSeparator=++}}",
				"GunnarGuild.000": "{{Random:{{i18n:StringsGunnarGuild1}}++{{i18n:StringsGunnarGuild2}}++{{i18n:StringsGunnarGuild3}}|inputSeparator=++}}",
				"GunnarDTZEntrance.000": "{{Random:{{i18n:StringsGunnarDTZEntrance1}}++{{i18n:StringsGunnarDTZEntrance2}}++{{i18n:StringsGunnarDTZEntrance3}}|inputSeparator=++}}",
				"GunnarDTZA.000": "{{Random:{{i18n:StringsGunnarDTZA1}}++{{i18n:StringsGunnarGreenRain2}}++{{i18n:StringsGunnarGreenRain3}}|inputSeparator=++}}",
				"GunnarDTZB.000": "{{Random:{{i18n:StringsGunnarDTZB1}}++{{i18n:StringsGunnarGreenRain2}}++{{i18n:StringsGunnarGreenRain3}}|inputSeparator=++}}",
				"MarriedGunnarDesertFestival.000": "{{Random:{{i18n:StringsMarriedGunnarDesertFestival1{{GunnarSpousePetName}}}}++{{i18n:StringsMarriedGunnarDesertFestival2{{GunnarSpousePetName}}}}++{{i18n:StringsMarriedGunnarDesertFestival3{{GunnarSpousePetName}}}}|inputSeparator=++}}",
				"GunnarDesertFestival.000": "{{Random:{{i18n:StringsGunnarDesertFestival1}}++{{i18n:StringsGunnarDesertFestival2}}++{{i18n:StringsGunnarDesertFestival3}}++{{i18n:StringsGunnarDesertFestival4}}++{{i18n:StringsGunnarDesertFestival5{{CrossModCompatTokens}}}}|inputSeparator=++}}"
			}
		}
	]
} 
