{
	"Changes": [

		{
			"LogName": "Gunnar Dialogue",
			"Action": "EditData",
			"Target": "Characters/Dialogue/MadDog.HashtagBearFam.Gunnar",
			"Entries": {

				//"Introduction": "{{i18n:GunnarIntroduction}}",
				"BearsIntroductionNoMatterWhat": "{{i18n:GunnarIntroduction}}",
				"FlowerDance_Decline": "{{i18n:GunnardanceRejection}}",
				"FlowerDance_Accept_Spouse": "{{i18n:GunnarDanceSpouseAccept}}",
				"FlowerDance_Accept": "{{i18n:GunnarDanceAccept}}",
				"WinterStar_GiveGift_Before_Spouse": "{{i18n:GunnarWinterStarBeforeSpouse}}",
				"WinterStar_GiveGift_Before": "{{i18n:GunnarWinterStarBefore}}",
				"WinterStar_GiveGift_After_Spouse": "{{i18n:GunnarWinterStarAfterSpouse}}",
				"WinterStar_GiveGift_After": "{{i18n:GunnarWinterStarAfter}}",
				"WinterStar_ReceiveGift": "{{i18n:GunnarWinterStarReceiveGift}}",
				"WinterStar_ReceiveGift_(O)Book_Bombs": "{{i18n:Gunnar.WinterStarReceiveGift.Book_Bombs}}",
				"WinterStar_ReceiveGift_category_minerals": "{{i18n:Gunnar.WinterStarReceiveGift.category_minerals{{Random: 1, 2, 3}}}}",
				"WinterStar_ReceiveGift_(O)874": "{{i18n:Gunnar.WinterStarReceiveGift.BugSteak}}",
				"WinterStar_ReceiveGift_(O)109": "{{i18n:Gunnar.WinterStarReceiveGift.AncientSword}}",
				"WinterStar_ReceiveGift_(O)557": "{{i18n:Gunnar.WinterStarReceiveGift.PetrifiedSlime}}",
				"WinterStar_ReceiveGift_(O)MadDog.HashtagBearFam_Citrus_City_Gin_Sour": "{{i18n:Gunnar.WinterStarGiftReaction.BearFam.Citrus_City_Gin_Sour}}",
				"divorced": "{{i18n:Gunnardivorced}}",
				"dumped_Boys": "{{i18n:Gunnardumped_Boys}}",
				"secondChance_Boys": "{{i18n:GunnarsecondChance_Boys}}",
				"Fair_Judging": "{{i18n:GunnarFairJudging{{CrossModCompatTokens}}}}",
				"Fair_Judged_PlayerLost_PurpleShorts": "{{i18n:GunnarFairPurpleShorts}}",
				"Fair_Judged_PlayerLost_Skipped": "{{i18n:GunnarFairSkipped}}",
				"Fair_Judged_PlayerLost": "{{i18n:GunnarFairLost{{CrossModCompatTokens}}}}",
				"Fair_Judged_PlayerWon": "{{i18n:GunnarFairWon}}",
				"DumpsterDiveComment": "{{i18n:GunnarDumpsterDiveComment}}",
				"HitBySlingshot": "{{i18n:GunnarHitBySlingshot}}",
				"RejectBouquet_NotDatable": "{{i18n:GunnarRejectBouquet}}",
				"RejectBouquet_NpcAlreadyMarried": "{{i18n:GunnarRejectBouquetAlreadyMarried}}",
				"RejectBouquet_Divorced": "{{i18n:GunnarRejectBouquetDivorced}}",
				"RejectBouquet_VeryLowHearts": "{{i18n:GunnarRejectBouquetVeryLowHearts{{Random:{{Range: 1, 2}}}}}}",
				"RejectBouquet_LowHearts": "{{i18n:GunnarRejectBouquetLowHearts{{Random:{{Range: 1, 2}}}}}}",
				"AcceptBouquet": "{{i18n:GunnarAcceptBouquet}}",
				"GreenRain": "{{i18n:GunnarGreenRain}}",
				"GreenRainFinished": "{{i18n:GunnarGreenRainFinished}}",
				"GreenRain_2": "{{i18n:GunnarGreenRain2}}",
				"HitBySlingshot_bomb_item": "{{i18n:GunnarHitbySlingShotBombItem{{CrossModCompatTokens}}}}",
				"HitBySlingshot_(O)441": "{{i18n:GunnarHitbySlingShotExplosiveAmmo}}",
				"HitBySlingshot_category_egg": "{{i18n:GunnarHitbySlingShotEggCategory{{BearFamProfanityChanges}}}}",
				"HitBySlingshot_arrow_item": "{{i18n:GunnarHitbySlingShotArrow{{Random:1++2|inputSeparator=++}}}}",
				"HitBySlingshot_(O)Cornucopia_Durian": "{{i18n:GunnarHitbySlingShotCornucopiaDurian}}",
				"HitBySlingshot_(O)TenebrousNova.EliDylan.CP_TenebrousNova.EnD.SanguineHeart": "{{i18n:GunnarHitbySlingShotEnDSanguineHeart}}",

				"Saloon_Entry": "{{i18n:GunnarSaloonEntry1}}/{{i18n:GunnarSaloonEntry2}}/{{i18n:GunnarSaloonEntry3}}/{{i18n:GunnarSaloonEntry4}}",
				"ArchaeologyHouse_Entry": "{{i18n:GunnarMuseumEntry1}}/{{i18n:GunnarMuseumEntry2}}/{{i18n:GunnarMuseumEntry3}}/{{i18n:GunnarMuseumEntry4}}",
				"Town_Entry": "{{i18n:GunnarTownEntry1}}/{{i18n:GunnarTownEntry2}}/{{i18n:GunnarTownEntry3}}/{{i18n:GunnarTownEntry4}}",
				"Mine_Entry": "{{i18n:GunnarMineEntry1}}/{{i18n:GunnarMineEntry2}}/{{i18n:GunnarMineEntry3}}/{{i18n:GunnarMineEntry4}}",
				"Blacksmith_Entry": "{{i18n:GunnarBlacksmithEntry1}}/{{i18n:GunnarBlacksmithEntry2}}/{{i18n:GunnarBlacksmithEntry3}}/{{i18n:GunnarBlacksmithEntry4}}",
				"Mountain_Entry": "{{i18n:GunnarMountainEntry1}}/{{i18n:GunnarMountainEntry2}}/{{i18n:GunnarMountainEntry3}}/{{i18n:GunnarMountainEntry4}}",
				"AdventureGuild_Entry": "{{i18n:GunnarAdventureGuildEntry1}}/{{i18n:GunnarAdventureGuildEntry2}}/{{i18n:GunnarAdventureGuildEntry3}}/{{i18n:GunnarAdventureGuildEntry4}}",
				"EastScarp_Village_Entry": "{{i18n:GunnarESVillageEntry1}}/{{i18n:GunnarESVillageEntry2}}/{{i18n:GunnarESVillageEntry3}}/{{i18n:GunnarESVillageEntry4}}",

				"SpouseStardrop": "{{i18n:GunnarSpouseStardrop{{GunnarSpousePetName}}}}",
				"WipedMemory": "{{i18n:GunnarWipedMemory}}",
				"SpouseFarmhouseClutter": "{{i18n:GunnarSpouseFarmhouseClutter}}",
				"SpouseGiftJealous": "{{i18n:GunnarSpouseGiftJealous{{GunnarSpousePetName}}}}",
				"Spouse_MonstersInHouse": "{{i18n:GunnarSpouseSpouseMonstersInHouse}}",

				"RejectMermaidPendant_Divorced": "{{i18n:GunnarRejectMermaidPendantDivorced}}",
				"RejectMermaidPendant_NeedHouseUpgrade": "{{i18n:GunnarRejectMermaidPendantHouseUpgrade}}",
				"RejectMermaidPendant_NotDatable": "{{i18n:GunnarRejectMermaidPendantNotDatable}}",
				"RejectMermaidPendant_NpcWithSomeoneElse": "{{i18n:GunnarRejectMermaidPendantNPCinRelationship}}",
				"RejectMermaidPendant_PlayerWithSomeoneElse": "{{i18n:GunnarRejectMermaidPendantPlayerinRelationship{{BearFamProfanityChanges}}}}",
				"RejectMermaidPendant_Under8Hearts": "{{i18n:GunnarRejectMermaidPendantUnder8Hearts}}",
				"RejectMermaidPendant_Under10Hearts": "{{i18n:GunnarRejectMermaidPendantUnder10Hearts}}",
				"RejectMermaidPendant_Under10Hearts_AskedAgain": "{{i18n:GunnarRejectMermaidPendantUnder10HeartsAnnoy}}",
				"RejectMermaidPendant": "{{i18n:GunnarRejectMermaidPendantDefault}}",

				"RejectBouquet_AlreadyAccepted_Engaged": "{{i18n:Gunnar.RejectBouquet.AlreadyAccepted.Engaged}}",
				"RejectBouquet_AlreadyAccepted_Married": "{{i18n:Gunnar.RejectBouquet.AlreadyAccepted.Married}}",
				"RejectBouquet_AlreadyAccepted": "{{i18n:Gunnar.RejectBouquet.AlreadyAccepted.Default}}",

				"RejectMermaidPendant_AlreadyAccepted_Engaged": "{{i18n:Gunnar.RejectMermaidPendant.AlreadyAccepted.Engaged}}",
				"RejectMermaidPendant_AlreadyAccepted_Married": "{{i18n:Gunnar.RejectMermaidPendant.AlreadyAccepted.Married}}",
				"RejectMermaidPendant_AlreadyAccepted": "{{i18n:Gunnar.RejectMermaidPendant.AlreadyAccepted.Default}}",

				"RejectMovieTicket_AlreadyInvitedBySomeoneElse": "{{i18n:GunnarRejectMovieTicketAlreadyInvited}}",
				"RejectMovieTicket_AlreadyWatchedThisWeek": "{{i18n:GunnarRejectMovieTicketAlreadyWatched}}",
				"RejectMovieTicket_DontWantToSeeThatMovie": "{{i18n:GunnarRejectMovieTicketNotInterested}}",
				"RejectMovieTicket_Divorced": "{{i18n:GunnarRejectMovieTicketDivorced}}",
				"RejectMovieTicket": "{{i18n:GunnarRejectMovieTicketDefault}}",

				"dating_MadDog.HashtagBearFam.Sigurd": "{{i18n:GunnardatingSig}}",
				"married_MadDog.HashtagBearFam.Sigurd": "{{i18n:GunnarmarriedSig}}",
				"divorced_MadDog.HashtagBearFam.Sigurd": "{{i18n:GunnardivorcedSig}}",

				"dating_MadDog.HashtagBearFam.Teren": "{{i18n:GunnardatingTeren}}",
				"married_MadDog.HashtagBearFam.Teren": "{{i18n:GunnarmarriedTeren}}",
				"divorced_MadDog.HashtagBearFam.Teren": "{{i18n:GunnardivorcedTeren}}",

				"married_memory_oneweek": "{{i18n:Gunnarfarmermarriedoneweek.{{Relationship:MadDog.HashtagBearFam.Gunnar |contains=Married}}}}",
				"firstVisit_Railroad": "{{i18n:Gunnarfirstrailroad}}",
				"firstVisit_Sewer": "{{i18n:Gunnarfirstsewer}}",
				"gotPet": "{{i18n:GunnargotPet}}",
				"SquidFest": "{{i18n:GunnarSquidfest}}",
				"married": "{{i18n:Gunnarfarmermarried.{{Relationship:MadDog.HashtagBearFam.Gunnar |contains=Married}}}}",
				"houseUpgrade_1": "{{i18n:Gunnarhouseupgradefirst}}",

				"achievement_25": "{{i18n:Gunnarachievementlotsfish}}", //catch a lot of fish    Gun
				"achievement_28": "{{i18n:Gunnarachievementdonatemuseum}}", //donate much treasure Gun
				"wonIceFishing": "{{i18n:Gunnarwonicefishing}}", //Gun
				"purchasedAnimal_Goat": "{{i18n:GunnarpurchaseGoat}}", //Gun
				"structureBuilt_Slime Hutch": "{{i18n:GunnarbuiltSlimeHutch}}", //Gun
				"structureBuilt_Fish Pond": "{{i18n:GunnarbuiltFishPond}}", //Gun
				"mineArea_121": "{{i18n:GunnarmineSkull}}", //skull cav         Gun 
				"mineArea_40": "{{i18n:Gunnarminefloor40}}", //level 40 mine        Gun 
				"purchasedAnimal_Dinosaur": "{{i18n:GunnarpurchaseDino}}",
				"cropMatured_276": "{{i18n:GunnargrewPumpkin}}",
				"cropMatured_421": "{{i18n:GunnargrewSunflower}}", //Gun
				"fishCaught_838": "{{i18n:GunnarcaughtBlueDiscus}}", //gun
				"fishCaught_799": "{{i18n:GunnarcaughtSpookFish}}", //gun

				"DitR_CT_PipoShorts": "{{i18n:GunnarCTDiTRPipoShorts}}",
				"DitR_CT_UsedExpiredMegaBomb": "{{i18n:GunnarCTDiTRUsedExpiredMegaBomb}}",
				"YouShotSondra": "{{i18n:GunnarCTYouShotSondra}}",
				"YouShotGudrun": "{{i18n:GunnarCTYouShotGudrun}}",
				"Gunnar_PotionsGoingMissing": "{{i18n:GunnarCT.PotionsGoingMissing}}",
				"Gunnar_PotionsGoingMissingMore": "{{i18n:GunnarCT.PotionsGoingMissingMore}}",
				"Gunnar_SuspicionRising": "{{i18n:GunnarCT.SuspicionRising}}",
				"Gunnar_InvestigationTime": "{{i18n:GunnarCT.InvestigationTime}}",
				"Gunnar_WasItYou": "{{i18n:GunnarCT.WasItYou}}",
				"Gunnar_FinalConfrontation": "{{i18n:GunnarCT.FinalConfrontation}}",
				"GudrunGrades": "{{i18n:GunnarCTGudrunGrades}}",
				"SootPocketAdventure": "{{i18n:GunnarCTSootPocketAdventure}}",
				"TerensRecipes": "{{i18n:GunnarCTTerenRecipes}}",
				"BearRecipes": "{{i18n:GunnarCTBearRecipes}}",
				"GunnarRecipes": "{{i18n:GunnarCTGunnarRecipes}}",
				"SondraRecipes": "{{i18n:GunnarCTSondraRecipes}}",
				"GrandpaHaunts": "{{i18n:GunnarCTGrandpaHaunts}}",

				//sve fishies caught
				"fishCaught_FlashShifter.StardewValleyExpandedCP_Bonefish": "{{i18n:Gunnar.caught.SVE.Bonefish}}",
				"fishCaught_FlashShifter.StardewValleyExpandedCP_Undeadfish": "{{i18n:Gunnar.caught.SVE.Undeadfish}}",
				//mnf fishies caught
				"fishCaught_MNF.MoreNewFish_brain_slug": "{{i18n:Gunnar.caught.MNF.brain_slug}}",
				"fishCaught_MNF.MoreNewFish_barreleye": "{{i18n:Gunnar.caught.MNF.barreleye}}",
				"fishCaught_MNF.MoreNewFish_brief_squid": "{{i18n:Gunnar.caught.MNF.brief_squid}}",
				"fishCaught_MNF.MoreNewFish_vampire_squid": "{{i18n:Gunnar.caught.MNF.vampire_squid}}",
				"fishCaught_MNF.MoreNewFish_stubby_squid": "{{i18n:Gunnar.caught.MNF.stubby_squid}}",
				"fishCaught_MNF.MoreNewFish_void_evilpus": "{{i18n:Gunnar.caught.MNF.void_evilpus}}",
				"fishCaught_MNF.MoreNewFish_mimic_octopus": "{{i18n:Gunnar.caught.MNF.mimic_octopus}}",
				"fishCaught_MNF.MoreNewFish_dumbo_octopus": "{{i18n:Gunnar.caught.MNF.dumbo_octopus}}",
				"fishCaught_MNF.MoreNewFish_blue_ringed_octopus": "{{i18n:Gunnar.caught.MNF.blue_ringed_octopus}}",
				"fishCaught_MNF.MoreNewFish_holy_grenade_starfish": "{{i18n:Gunnar.caught.MNF.holy_grenade_starfish}}",
				//rsv fishies caught
				"fishCaught_Rafseazz.RSVCP_Pebble_Back_Crab": "{{i18n:Gunnar.caught.RSV.Pebble_Back_Crab}}",
				"fishCaught_Rafseazz.RSVCP_Fixer_Eel": "{{i18n:Gunnar.caught.RSV.Fixer_Eel}}",
				//void fishies caught
				"fishCaught_VoidWitchCult.CP.TheFishmongerNPC_charcoalbetta": "{{i18n:Gunnar.caught.Void.charcoalbetta}}",
				"fishCaught_VoidWitchCult.CP.TheFishmongerNPC_fairyflossbetta": "{{i18n:Gunnar.caught.Void.fairyflossbetta}}",
				"fishCaught_VoidWitchCult.CP.TheFishmongerNPC_sheephead": "{{i18n:Gunnar.caught.Void.sheephead}}",
				"fishCaught_VoidWitchCult.CP.TheFishmongerNPC_sunrisebetta": "{{i18n:Gunnar.caught.Void.sunrisebetta}}",
				"fishCaught_VoidWitchCult.CP.TheFishmongerNPC_sunsetbetta": "{{i18n:Gunnar.caught.Void.sunsetbetta}}",

				//romance dialogue
				"give_flowersA": "{{i18n:GunnarFlowersA}}",
				"give_flowersB": "{{i18n:GunnarFlowersB}}",
				"give_pendant": "{{i18n:GunnarPendant}}",
				"stardrop_gift": "{{i18n:GunnarStardrop{{GunnarSpousePetName}}}}",
				"giftquestion_yes": "{{i18n:GunnarGiftYes{{GunnarSpousePetName}}}}",
				"giftquestion_lie": "{{i18n:GunnarGiftNo}}",

				"breakUp": "{{i18n:Gunnarbreakup}}",
				"reject_two_heartA": "{{i18n:Gunnar2HeartsA}}",
				"reject_two_heartB": "{{i18n:Gunnar2HeartsB}}",
				"reject_four_heartA": "{{i18n:Gunnar4HeartsA}}",
				"reject_four_heartB": "{{i18n:Gunnar4HeartsB}}",
				"engageA": "{{i18n:GunnarEngageA}}",
				"engageB": "{{i18n:GunnarEngageB}}",
				"marriedA": "{{i18n:GunnarMarriedA{{BearFamProfanityChanges}}}}",
				"marriedB": "{{i18n:GunnarMarriedB}}",
				"refusal_no_heartsA": "{{i18n:GunnarRefusal0A}}",
				"refusal_no_heartsB": "{{i18n:GunnarRefusal0B}}",
				"refusal_knownA": "{{i18n:GunnarKnownA}}",
				"refusal_knownB": "{{i18n:GunnarKnownB}}",
				"refusal_botherA": "{{i18n:GunnarBotherA}}",
				"refusal_botherB": "{{i18n:GunnarBotherB}}",

				// Resort Lines //done
				"Resort_Entering": "{{i18n:GunnarResEnter}}",
				"Resort_Leaving": "{{i18n:GunnarResLeave}}",
				"Resort_Shore": "{{i18n:GunnarResShore}}",
				"Resort_Umbrella": "{{i18n:GunnarResUmbrella}}",
				"Resort_Wander": "{{i18n:GunnarResWander}}",
				"Resort_Wander_2": "{{i18n:GunnarResWander2}}",
				"Resort_Chair": "{{i18n:GunnarResChair}}",
				"Resort_Bar": "{{i18n:GunnarResBar}}",
				"Resort_Towel": "{{i18n:GunnarResTowel}}",
				"Resort_Towel_2": "{{i18n:GunnarResTowel2}}",
				"Resort_Towel_3": "{{i18n:GunnarResTowel3}}",
				"Resort": "{{i18n:GunnarResort}}",

				//poly dialogue?
				//"RejectBouquet_IsPolyamorous_PlayerWithSomeoneMonogamous": "{{i18n:Gunnar.PolyMod.CantDate}}",
				"RejectMermaidPendant_IsPolyamorous_PlayerWithSomeoneMonogamous": "{{i18n:Gunnar.PolyMod.CantMarry}}",

				//Specific Dialogue

				"spring_18_{{ThisYear}}": "{{i18n:GunnarSpring18}}",
				"spring_28_{{ThisYear}}": "{{i18n:GunnarSpring27}}",
				"fall_1_{{ThisYear}}": "{{i18n:GunnarFall1}}",
				"fall_18_{{ThisYear}}": "{{i18n:GunnarFall18}}",
				"winter_23_{{ThisYear}}": "{{i18n:GunnarWinter23}}",
				"winter_28_{{ThisYear}}": "{{i18n:GunnarWinter28}}",

				"spring_12_{{ThisYear}}": "{{i18n:GunnarSpring12}}",
				"spring_23_{{ThisYear}}": "{{i18n:GunnarSpring23}}",
				"summer_10_{{ThisYear}}": "{{i18n:GunnarSummer10}}",
				"summer_27_{{ThisYear}}": "{{i18n:GunnarSummer27}}",
				"fall_15_{{ThisYear}}": "{{i18n:GunnarFall15{{CrossModCompatTokens}}}}",
				"fall_26_{{ThisYear}}": "{{i18n:GunnarFall26}}",
				"winter_7_{{ThisYear}}": "{{i18n:GunnarWinter7}}",
				"winter_16_{{ThisYear}}": "{{i18n:GunnarWinter.{{Random:{{Range: 1, 3}}}}}}",
				"winter_24_{{ThisYear}}": "{{i18n:GunnarWinter24}}"

			}
		},
		//daily
		{
			"LogName": "Dialogue - 0-4",
			"Action": "EditData",
			"Target": "Characters/Dialogue/MadDog.HashtagBearFam.Gunnar",
			"Update": "OnLocationChange",
			"Entries": {
				"{{WeekDay}}": "{{i18n:GunnarDialogue04.{{Random:{{Range: 1, 30}}}}}}"
			},
			"When": {
				"HasFlag |contains=MadDogGunnar_OverrideSeenToday": false,
				"HasFlag |contains=BearFamExtraMembers": true
			}
		},
		{
			"LogName": "Dialogue - 0-4 - Seasonal",
			"Action": "EditData",
			"Target": "Characters/Dialogue/MadDog.HashtagBearFam.Gunnar",
			"Priority": "Late",
			"Update": "OnLocationChange",
			"Entries": {
				"{{WeekDay}}": "{{i18n:GunnarDialogue04.{{season}}.{{Random:{{Range: 1, 5}}|key={{Time}}}}{{BearFamProfanityChanges}}}}#$action AddMail Current MadDogGunnar_OverrideSeenToday received"
			},
			"When": {
				"HasFlag |contains=MadDogGunnar_OverrideSeenToday": false,
				"HasFlag |contains=BearFamExtraMembers": true,
				"Query: {{Random: {{Range: 1, 15}}|key=GunnarSeasonA}} = 1": true
			}
		},
		{
			"LogName": "Dialogue - 6-10 Platonic",
			"Action": "EditData",
			"Target": "Characters/Dialogue/MadDog.HashtagBearFam.Gunnar",
			"Update": "OnLocationChange",
			"Entries": {
				"{{WeekDay}}": "{{i18n:GunnarDialogue610.{{Random:{{Range: 1, 60}}}}}}"
			},
			"When": {
				"HasFlag |contains=MadDogGunnar_OverrideSeenToday": false,
				"HasFlag |contains=BearFamExtraMembers": true,
				"Hearts:MadDog.HashtagBearFam.Gunnar": "{{Range: 5, 10}}"
			}
		},
		{
			"LogName": "Dialogue - 6 - 10 Seasonal Platonic - Seasonal",
			"Action": "EditData",
			"Target": "Characters/Dialogue/MadDog.HashtagBearFam.Gunnar",
			"Priority": "Late",
			"Update": "OnLocationChange",
			"Entries": {
				"{{WeekDay}}": "{{i18n:GunnarDialogue610.{{season}}.{{Random:{{Range: 1, 5}}|key={{Time}}}}}}#$action AddMail Current MadDogGunnar_OverrideSeenToday received"
			},
			"When": {
				"HasFlag |contains=MadDogGunnar_OverrideSeenToday": false,
				"HasFlag |contains=BearFamExtraMembers": true,
				"Query: {{Random: {{Range: 1, 15}}|key=GunnarSeasonB}} = 1": true,
				"Hearts:MadDog.HashtagBearFam.Gunnar": "{{Range: 5, 10}}"
			}
		},
		{
			"LogName": "Dialogue - Bonus Override",
			"Action": "EditData",
			"Target": "Characters/Dialogue/MadDog.HashtagBearFam.Gunnar",
			"Update": "OnLocationChange",
			"Entries": {
				"{{WeekDay}}": "{{i18n:Gunnar.AboutZuzu.{{Random:{{Range: 1, 15}}|key={{Time}}}}{{CrossModCompatTokens}}}}#$action AddMail Current MadDogGunnar_OverrideSeenToday received"
			},
			"When": {
				"HasFlag |contains=MadDogGunnar_OverrideSeenToday": false,
				"HasFlag |contains=BearFamExtraMembers": true,
				"Query: {{Random: {{Range: 1, 15}}|key=GunnarAboutZuzu}} = 1": true
			}
		},
		//////////////////////////////////////////////////////////////////////////////////////
		{
			"LogName": "Dialogue - 8-10 Romantic", //GunnarRomance decided in my config.json and established in my content.json
			"Action": "EditData",
			"Target": "Characters/Dialogue/MadDog.HashtagBearFam.Gunnar",
			"Update": "OnLocationChange",
			"Entries": {
				"{{WeekDay}}": "{{i18n:GunnarDialogue810R.{{GunnarRomanceDialogueType}}.{{Random:{{Range: 1, 25}}|key={{Time}}}}{{GunnarSpousePetName}}{{PlayerJobTitle}}{{BearFamProfanityChanges}}{{CrossModCompatTokens}}}}#$action AddMail Current MadDogGunnar_OverrideSeenToday received"
			},
			"When": {
				"HasFlag |contains=MadDogGunnar_OverrideSeenToday": false,
				"HasFlag |contains=BearFamExtraMembers": true,
				"Relationship:MadDog.HashtagBearFam.Gunnar": "Dating, Engaged, Married",
				//"Hearts:MadDog.HashtagBearFam.Gunnar": "{{Range: 8, 14}}",
				"Query: {{Random: {{Range: 1, 6}}|key=RomanceGunnar}} = 1": true
			}
		},
		{
			"LogName": "Dialogue - Bonus Override",
			"Action": "EditData",
			"Target": "Characters/Dialogue/MadDog.HashtagBearFam.Gunnar",
			"Update": "OnLocationChange",
			"Entries": {
				"{{WeekDay}}": "{{i18n:Gunnar.RomanticHints.{{Random:{{Range: 1, 15}}|key={{Time}}}}{{BearFamProfanityChanges}}}}#$action AddMail Current MadDogGunnar_OverrideSeenToday received"
			},
			"When": {
				"Query: {{Random: {{Range: 1, 7}}|key=GunPotentialRomance}} = 1": true,
				"HasFlag |contains=MadDogGunnar_OverrideSeenToday": false,
				"HasFlag |contains=GunnarFlirtsBack": true,
				"HasFlag |contains=GunnarDating": false
			}
		},



		{
			"LogName": "Bouquet - Gunnar - No",
			"Action": "EditData",
			"Target": "Characters/Dialogue/MadDog.HashtagBearFam.Gunnar",
			"Entries": {
				"RejectItem_(O)458": "{{i18n:Gunnar.GiftReaction.Bouquet.NotYet}}"
			},
			"When": {
				"HasFlag |contains=GunnarDateable": false

			}
		},
		{
			"LogName": "Bouquet - Gunnar - Yes",
			"Action": "EditData",
			"Target": "Characters/Dialogue/MadDog.HashtagBearFam.Gunnar",
			"Entries": {
				"AcceptBouquet": "{{i18n:Gunnar.GiftReaction.Bouquet.Ready}}#$action AddMail Current GunnarDating"
			},
			"When": {
				"HasFlag |contains=GunnarDateable": true
			}
		},
		{
			"LogName": "Pendant - Gunnar - No",
			"Action": "EditData",
			"Target": "Characters/Dialogue/MadDog.HashtagBearFam.Gunnar",
			"Entries": {
				"RejectItem_(O)460": "{{i18n:Gunnar.GiftReaction.Pendant.NotYet}}"
			},
			"When": {
				"HasFlag |contains=GunnarMarriable": false,
				"HasConversationTopic |contains=GunnarCollisionDate": false

			}
		},
		{
			"LogName": "Pendant - Gunnar - No",
			"Action": "EditData",
			"Target": "Characters/Dialogue/MadDog.HashtagBearFam.Gunnar",
			"Entries": {
				"RejectItem_(O)460": "{{i18n:Gunnar.GiftReaction.Pendant.NotYet}}"
			},
			"When": {
				"HasFlag |contains=GunnarMarriable": true,
				"HasConversationTopic |contains=GunnarCollisionDate": true

			}
		},
		{
			"LogName": "Pendant - Gunnar - Yes",
			"Action": "EditData",
			"Target": "Characters/Dialogue/MadDog.HashtagBearFam.Gunnar",
			"Entries": {
				"RejectItem_(O)460": "{{i18n:Gunnar.GiftReaction.Pendant.Ready}}#$action spacechase0.SpaceCore_PlayEvent MadDog.BearFam.GunnarProposalEvent false"
			},
			"When": {
				"HasFlag |contains=GunnarMarriable": true,
				"HasConversationTopic |contains=GunnarCollisionDate": false
			}
		},
		{
			"LogName": "Engagement Dialogue - Gunnar",
			"Action": "EditData",
			"Target": "Data/EngagementDialogue",
			"Entries": {

				"MadDog.HashtagBearFam.Gunnar0": "{{i18n:Gunnar.Dialogue.Engagement.First}}",
				"MadDog.HashtagBearFam.Gunnar1": "{{i18n:Gunnar.Dialogue.Engagement.Second}}",
				"MadDog.HashtagBearFam.Gunnar2": "{{i18n:Gunnar.Dialogue.Engagement.Third}}"
			},
			"When": {
				"Relationship:MadDog.HashtagBearFam.Gunnar": "Engaged, Married"
			}
		},
		{
			"LogName": "Wedding Strings - Gunnar",
			"Action": "EditData",
			"Target": "Strings/StringsFromCSFiles",
			"Entries": {
				"MadDog.HashtagBearFam.Gunnar_Engaged": "{{i18n:GunnarEngaged}}",
				"MadDog.HashtagBearFam.Gunnar_AfterWedding": "{{i18n:GunnarAfterWedding}}"
			},
			"When": {
				"Relationship:MadDog.HashtagBearFam.Gunnar": "Engaged, Married"
			}
		},
		{
			"LogName": "Wedding Ceremony Strings - Gunnar",
			"Action": "EditData",
			"Target": "Strings/StringsFromCSFiles",
			"Entries": {
				"Utility.cs.5367": "{{i18n:Gunnar.Dialogue.Marriage.1}}",
				"Utility.cs.5369": "{{i18n:Gunnar.Dialogue.Marriage.1}}",
				"Utility.cs.5371": "{{i18n:Gunnar.Dialogue.Marriage.2}}",
				"Utility.cs.5373": "{{i18n:Gunnar.Dialogue.Marriage.2}}",
				"Utility.cs.5375": "{{i18n:Gunnar.Dialogue.Marriage.2}}",
				"Utility.cs.5377": "{{i18n:Gunnar.Dialogue.Marriage.2}}"
			},
			"When": {
				"Relationship:MadDog.HashtagBearFam.Gunnar": "Engaged"
			}
		},

		/*{
			"LogName": "Dialogue - 8-10 Romantic - Both, Both is Good", //GunnarRomance decided in my config.json and established in my content.json
			"Action": "EditData",
			"Target": "Characters/Dialogue/MadDog.HashtagBearFam.Gunnar",
			"Priority": "Late",
			"Update": "OnLocationChange",
			"Entries": {
				"{{WeekDay}}": "{{i18n:GunnarDialogue810R.{{Random:Chaste, Spicy}}.{{Random:{{Range: 1, 25}}|key={{Time}}}}{{GunnarSpousePetName}}}}#$action AddMail Current MadDogGunnar_OverrideSeenToday received"
			},
			//"Condition": "PLAYER_NPC_RELATIONSHIP current MadDog.HashtagBearFam.Gunnar Dating Engaged Married",
			"When": {
				"GunnarRomanceAll": true,
				"HasFlag |contains=MadDogGunnar_OverrideSeenToday": false,
				"HasFlag |contains=BearFamExtraMembers": true,
				"Relationship:MadDog.HashtagBearFam.Gunnar": "Dating, Engaged, Married",
				"Hearts:MadDog.HashtagBearFam.Gunnar": "{{Range: 8, 10}}",
				"Query: {{Random: {{Range: 1, 12}}|key=RomanceGunnar}} = 1": true
			}
		},
		*/

		//crossover dialogue
		//////////////////////////////////////////////////////////////////////////////////////
		//Birthday Zone
		{
			"LogName": "Gunnar Birthday Commentary - ED",
			"Action": "EditData",
			"Priority": "Late",
			"Target": "Characters/Dialogue/MadDog.HashtagBearFam.Gunnar",
			"Entries": {
				"winter_5_{{ThisYear}}": "{{i18n:Gunnar.Birthday.ED.Eli}}",
				"fall_17_{{ThisYear}}": "{{i18n:Gunnar.Birthday.ED.Dylan}}"
			},
			"When": {
				"HasMod |contains=TenebrousNova.EliDylan.CP": true,
				"HasFlag |contains=BearFamExtraMembers": true
			}
		},
		{
			"LogName": "Gunnar Birthday Commentary - Rodney",
			"Action": "EditData",
			"Priority": "Late",
			"Target": "Characters/Dialogue/MadDog.HashtagBearFam.Gunnar",
			"Entries": {
				"summer_2_{{ThisYear}}": "{{i18n:Gunnar.Birthday.ROB.Rodney{{BearFamProfanityChanges}}}}"
			},
			"When": {
				"HasMod |contains=TheFrenchDodo.RodneyOBrien": true,
				"HasFlag |contains=BearFamExtraMembers": true
			}
		},
		{
			"LogName": "Gunnar Birthday Commentary - Nora",
			"Action": "EditData",
			"Priority": "Late",
			"Target": "Characters/Dialogue/MadDog.HashtagBearFam.Gunnar",
			"Entries": {
				"fall_3_{{ThisYear}}": "{{i18n:Gunnar.Birthday.NtH.Nora}}"
			},
			"When": {
				"HasMod |contains=Bagi.Nora.CP": true,
				"HasFlag |contains=BearFamExtraMembers": true
			}
		},
		{
			"LogName": "Gunnar Birthday Commentary - DiTR",
			"Action": "EditData",
			"Priority": "Late",
			"Target": "Characters/Dialogue/MadDog.HashtagBearFam.Gunnar",
			"Entries": {
				"spring_11_{{ThisYear}}": "{{i18n:Gunnar.Birthday.DiTR.Eve}}",
				"fall_7_{{ThisYear}}": "{{i18n:Gunnar.Birthday.DiTR.Trace}}"
			},
			"When": {
				"HasMod |contains=7thAxis.DitR.CP": true,
				"HasFlag |contains=BearFamExtraMembers": true
			}
		},
		{
			"LogName": "Gunnar Birthday Commentary - SnS",
			"Action": "EditData",
			"Priority": "Late",
			"Target": "Characters/Dialogue/MadDog.HashtagBearFam.Gunnar",
			"Entries": {
				"fall_24_{{ThisYear}}": "{{i18n:Gunnar.Birthday.SnS.Mateo.{{HasSeenEvent |contains=SnS.Ch1.Mateo.0}}}}",
				"summer_17_{{ThisYear}}": "{{i18n:Gunnar.Birthday.SnS.Cirrus.{{HasSeenEvent |contains=SnS.Ch3.Cirrus.1}}}}"
			},
			"When": {
				"HasMod |contains=DN.SnS": true,
				"HasFlag |contains=BearFamExtraMembers": true
			}
		},
		{
			"LogName": "Gunnar Birthday Commentary - MGC",
			"Action": "EditData",
			"Priority": "Late",
			"Target": "Characters/Dialogue/MadDog.HashtagBearFam.Gunnar",
			"Entries": {
				"winter_10_{{ThisYear}}": "{{i18n:Gunnar.Birthday.MGC.Cambria}}"
			},
			"When": {
				"HasMod |contains=Squeaks.MGC.CP": true,
				"HasFlag |contains=BearFamExtraMembers": true
			}
		},
		{
			"LogName": "Gunnar Birthday Commentary - SVE",
			"Action": "EditData",
			"Priority": "Late",
			"Target": "Characters/Dialogue/MadDog.HashtagBearFam.Gunnar",
			"Entries": {
				"winter_18_{{ThisYear}}": "{{i18n:Gunnar.Birthday.SVE.Marlon{{BearFamProfanityChanges}}}}"
			},
			"When": {
				"HasMod |contains=FlashShifter.StardewValleyExpandedCP": true,
				"HasFlag |contains=BearFamExtraMembers": true
			}
		},
		{
			"LogName": "Gunnar Birthday Commentary - RSV",
			"Action": "EditData",
			"Priority": "Late",
			"Target": "Characters/Dialogue/MadDog.HashtagBearFam.Gunnar",
			"Entries": {
				"spring_16_{{ThisYear}}": "{{i18n:Gunnar.Birthday.RSV.Philip}}"
			},
			"When": {
				"HasMod |contains=Rafseazz.RSVCP": true,
				"HasFlag |contains=BearFamExtraMembers": true
			}
		},
		//////////////////////////////////////////////////////////////////////////////////////
		//Eli and Dylan
		{
			"LogName": "Gunnar ED Commentary",
			"Action": "EditData",
			"Priority": "Late",
			"Update": "OnLocationChange",
			"Target": "Characters/Dialogue/MadDog.HashtagBearFam.Gunnar",
			"Entries": {
				"{{WeekDay}}": "{{i18n:GunnarDialogueED.{{Random:{{Range: 1, 10}}|key={{Time}}}}{{BearFamProfanityChanges}}}}#$action AddMail Current MadDogGunnar_OverrideSeenToday received"
			},
			"When": {
				"HasFlag |contains=MadDogGunnar_OverrideSeenToday": false,
				"HasFlag |contains=BearFamExtraMembers": true,
				"HasMod |contains=TenebrousNova.EliDylan.CP": true,
				"Query: {{Random: {{Range: 1, 20}}|key=EDgun}} = 1": true //key needs differentiating per mod
			}
		},
		//Rodney O'Brien (later include Edwina, Meredith)
		{
			"LogName": "Gunnar Rodney O'Brien Commentary",
			"Action": "EditData",
			"Priority": "Late",
			"Update": "OnLocationChange",
			"Target": "Characters/Dialogue/MadDog.HashtagBearFam.Gunnar",
			"Entries": {
				"{{WeekDay}}": "{{i18n:GunnarDialogueROB.{{Random:{{Range: 1, 3}}|key={{Time}}}}}}#$action AddMail Current MadDogGunnar_OverrideSeenToday received"
			},
			"When": {
				"HasFlag |contains=MadDogGunnar_OverrideSeenToday": false,
				"HasFlag |contains=BearFamExtraMembers": true,
				"HasMod |contains=TheFrenchDodo.RodneyOBrien": true,
				"Query: {{Random: {{Range: 1, 20}}|key=ROBgun}} = 1": true //key needs differentiating per mod
			}
		},
		//Nora the Herpetologist
		{
			"LogName": "Gunnar Nora Commentary",
			"Action": "EditData",
			"Priority": "Late",
			"Update": "OnLocationChange",
			"Target": "Characters/Dialogue/MadDog.HashtagBearFam.Gunnar",
			"Entries": {
				"{{WeekDay}}": "{{i18n:GunnarDialogueNtH.{{Random:{{Range: 1, 3}}|key={{Time}}}}}}#$action AddMail Current MadDogGunnar_OverrideSeenToday received"
			},
			"When": {
				"HasFlag |contains=MadDogGunnar_OverrideSeenToday": false,
				"HasFlag |contains=BearFamExtraMembers": true,
				"HasMod |contains=Bagi.Nora.CP": true,
				"Query: {{Random: {{Range: 1, 20}}|key=NtHgun}} = 1": true //key needs differentiating per mod
			}
		},
		//Diamond in the Rough
		{
			"LogName": "Gunnar DitR Commentary",
			"Action": "EditData",
			"Priority": "Late",
			"Update": "OnLocationChange",
			"Target": "Characters/Dialogue/MadDog.HashtagBearFam.Gunnar",
			"Entries": {
				"{{WeekDay}}": "{{i18n:GunnarDialogueLotV.{{Random:{{Range: 1, 3}}|key={{Time}}}}}}#$action AddMail Current MadDogGunnar_OverrideSeenToday received"
			},
			"When": {
				"HasFlag |contains=MadDogGunnar_OverrideSeenToday": false,
				"HasFlag |contains=BearFamExtraMembers": true,
				"HasMod |contains=7thAxis.DitR.CP": true,
				"Query: {{Random: {{Range: 1, 20}}|key=DitRgun}} = 1": true //key needs differentiating per mod
			}
		},
		//Sword and Sorcery
		{
			"LogName": "Gunnar SnS Commentary",
			"Action": "EditData",
			"Priority": "Late",
			"Update": "OnLocationChange",
			"Target": "Characters/Dialogue/MadDog.HashtagBearFam.Gunnar",
			"Entries": {
				"{{WeekDay}}": "{{i18n:GunnarDialogueSnS.{{Random:{{Range: 1, 3}}|key={{Time}}{{GunnarRandomTokens}}}}}}#$action AddMail Current MadDogGunnar_OverrideSeenToday received"
			},
			"When": {
				"HasFlag |contains=MadDogGunnar_OverrideSeenToday": false,
				"HasFlag |contains=BearFamExtraMembers": true,
				"HasMod |contains=DN.SnS": true,
				"Query: {{Random: {{Range: 1, 20}}|key=SnSgun}} = 1": true //key needs differentiating per mod
			}
		},
		//Plum Forrest + Family
		{
			"LogName": "Gunnar Plum Commentary",
			"Action": "EditData",
			"Priority": "Late",
			"Update": "OnLocationChange",
			"Target": "Characters/Dialogue/MadDog.HashtagBearFam.Gunnar",
			"Entries": {
				"{{WeekDay}}": "{{i18n:GunnarDialoguePFAF.{{Random:{{Range: 1, 3}}|key={{Time}}{{GunnarRandomTokens}}}}}}#$action AddMail Current MadDogGunnar_OverrideSeenToday received"
			},
			"When": {
				"HasFlag |contains=MadDogGunnar_OverrideSeenToday": false,
				"HasFlag |contains=BearFamExtraMembers": true,
				"HasMod |contains=AgentPhoenixCupcake.cp.PlumForrest": true,
				"Query: {{Random: {{Range: 1, 20}}|key=PFAFgun}} = 1": true //key needs differentiating per mod
			}
		},
		//Metalcore Goes Cottagecore
		{
			"LogName": "Gunnar MGC Commentary",
			"Action": "EditData",
			"Priority": "Late",
			"Update": "OnLocationChange",
			"Target": "Characters/Dialogue/MadDog.HashtagBearFam.Gunnar",
			"Entries": {
				"{{WeekDay}}": "{{i18n:GunnarDialogueMGC.{{Random:{{Range: 1, 3}}|key={{Time}}}}}}#$action AddMail Current MadDogGunnar_OverrideSeenToday received"
			},
			"When": {
				"HasFlag |contains=MadDogGunnar_OverrideSeenToday": false,
				"HasFlag |contains=BearFamExtraMembers": true,
				"HasMod |contains=Squeaks.MGC.CP": true,
				"Query: {{Random: {{Range: 1, 20}}|key=MGCgun}} = 1": true //key needs differentiating per mod
			}
		},
		//Clown Cinematic Universe Zone
		//Traveling Dreamer - A New Dream
		/*{
			"LogName": "Gunnar Barron & John Commentary",
			"Action": "EditData",
			"Priority": "Late",
			"Update": "OnLocationChange",
			"Target": "Characters/Dialogue/MadDog.HashtagBearFam.Gunnar",
			"Entries": {
				"{{WeekDay}}": "{{i18n:GunnarDialogueFCAND.{{Random:{{Range: 1, 3}}|key={{Time}}}}}}#$action AddMail Current MadDogGunnar_OverrideSeenToday received"
			},
			"When": {
				"HasFlag |contains=MadDogGunnar_OverrideSeenToday": false,
				"HasFlag |contains=BearFamExtraMembers": true,
				"HasMod |contains=Fellowclown.AND": true,
				"Query: {{Random: {{Range: 1, 20}}|key=FCTDgun}} = 1": true //key needs differentiating per mod
			}
		},
		//Passerby Cemetary now contains Settling Waters, Magical Family, The Wanderer.
		{
			"LogName": "Gunnar Passerby Cemetary Commentary",
			"Action": "EditData",
			"Priority": "Late",
			"Update": "OnLocationChange",
			"Target": "Characters/Dialogue/MadDog.HashtagBearFam.Gunnar",
			"Entries": {
				"{{WeekDay}}": "{{i18n:GunnarDialogueFCPC.{{Random:{{Range: 1, 3}}|key={{Time}}}}{{BearFamProfanityChanges}}}}#$action AddMail Current MadDogGunnar_OverrideSeenToday received"
			},
			"When": {
				"HasFlag |contains=MadDogGunnar_OverrideSeenToday": false,
				"HasFlag |contains=BearFamExtraMembers": true,
				"HasMod |contains=Fellowclown.PC": true,
				"Query: {{Random: {{Range: 1, 20}}|key=FCPCgun}} = 1": true //key needs differentiating per mod
			}
		},*/
		//Andrew 'Verse
		{
			"LogName": "Gunnar A Pelican Town Commentary",
			"Action": "EditData",
			"Priority": "Late",
			"Update": "OnLocationChange",
			"Target": "Characters/Dialogue/MadDog.HashtagBearFam.Gunnar",
			"Entries": {
				"{{WeekDay}}": "{{i18n:GunnarDialogueAPT.{{Random:{{Range: 1, 3}}|key={{Time}}}}{{CrossModCompatTokens}}}}#$action AddMail Current MadDogGunnar_OverrideSeenToday received"
			},
			"When": {
				"HasFlag |contains=MadDogGunnar_OverrideSeenToday": false,
				"HasFlag |contains=BearFamExtraMembers": true,
				"HasMod |contains=AndrewJC.APelicanTown": true,
				"Query: {{Random: {{Range: 1, 20}}|key=APTgun}} = 1": true //key needs differentiating per mod    //Abbreviation for key here
			}
		},
		{
			"LogName": "Gunnar Coalpoint Commentary",
			"Action": "EditData",
			"Priority": "Late",
			"Update": "OnLocationChange",
			"Target": "Characters/Dialogue/MadDog.HashtagBearFam.Gunnar",
			"Entries": {
				"{{WeekDay}}": "{{i18n:GunnarDialogueCPF.{{Random:{{Range: 1, 3}}|key={{Time}}}}}}#$action AddMail Current MadDogGunnar_OverrideSeenToday received"
			},
			"When": {
				"HasFlag |contains=MadDogGunnar_OverrideSeenToday": false,
				"HasFlag |contains=BearFamExtraMembers": true,
				"HasMod |contains=AndrewJC.CoalPointFarm": true,
				"Query: {{Random: {{Range: 1, 20}}|key=CPFgun}} = 1": true //key needs differentiating per mod    //Abbreviation for key here
			}
		},
		//Standalone NPCs
		/*{
			"LogName": "Gunnar YtA Commentary",
			"Action": "EditData",
			"Priority": "Late",
			"Update": "OnLocationChange",
			"Target": "Characters/Dialogue/MadDog.HashtagBearFam.Gunnar",
			"Entries": {
				"{{WeekDay}}": "{{i18n:GunnarDialogueYtA.{{Random:{{Range: 1, 3}}|key={{Time}}}}}}#$action AddMail Current MadDogGunnar_OverrideSeenToday received"
			},
			"When": {
				"HasFlag |contains=MadDogGunnar_OverrideSeenToday": false,
				"HasFlag |contains=BearFamExtraMembers": true,
				"HasMod |contains=yri.yri": true,
				"Query: {{Random: {{Range: 1, 20}}|key=YtAGun}} = 1": true //key needs differentiating per mod
			}
		},*/
		{
			"LogName": "Gunnar ARV Commentary",
			"Action": "EditData",
			"Priority": "Late",
			"Update": "OnLocationChange",
			"Target": "Characters/Dialogue/MadDog.HashtagBearFam.Gunnar",
			"Entries": {
				"{{WeekDay}}": "{{i18n:GunnarDialogueARV.{{Random:{{Range: 1, 3}}|key={{Time}}}}}}#$action AddMail Current MadDogGunnar_OverrideSeenToday received"
			},
			"When": {
				"HasFlag |contains=MadDogGunnar_OverrideSeenToday": false,
				"HasMod |contains=Himetarts.ARV.CP": true,
				"HasFlag |contains=BearFamExtraMembers": true,
				"Query: {{Random: {{Range: 1, 20}}|key=ARVGun}} = 1": true //key needs differentiating per mod
			}
		},
		{
			"LogName": "Gunnar Lucikiel Commentary",
			"Action": "EditData",
			"Priority": "Late",
			"Update": "OnLocationChange",
			"Target": "Characters/Dialogue/MadDog.HashtagBearFam.Gunnar",
			"Entries": {
				"{{WeekDay}}": "{{i18n:GunnarDialogueLuc.{{Random:{{Range: 1, 3}}|key={{Time}}}}}}#$action AddMail Current MadDogGunnar_OverrideSeenToday received"
			},
			"When": {
				"HasFlag |contains=MadDogGunnar_OverrideSeenToday": false,
				"HasFlag |contains=BearFamExtraMembers": true,
				"HasMod |contains=Arknir.Lucikiel": true,
				"Query: {{Random: {{Range: 1, 20}}|key=LucGun}} = 1": true //key needs differentiating per mod
			}
		},
		{
			"LogName": "Gunnar Lavril Commentary",
			"Action": "EditData",
			"Priority": "Late",
			"Update": "OnLocationChange",
			"Target": "Characters/Dialogue/MadDog.HashtagBearFam.Gunnar",
			"Entries": {
				"{{WeekDay}}": "{{i18n:GunnarDialogueLav.{{Random:{{Range: 1, 3}}|key={{Time}}}}}}#$action AddMail Current MadDogGunnar_OverrideSeenToday received"
			},
			"When": {
				"HasFlag |contains=MadDogGunnar_OverrideSeenToday": false,
				"HasFlag |contains=BearFamExtraMembers": true,
				"HasMod |contains=Arknir27.Lavril": true,
				"Query: {{Random: {{Range: 1, 20}}|key=LavGun}} = 1": true //key needs differentiating per mod
			}
		},

		//standalone NPCs - TBD as 1.6 mods are made available
		/* place holder template
     {
      "LogName": "Gunnar XXXXX Commentary", //mod name here
      "Action": "EditData",
      "Priority": "Late",
		"Update": "OnLocationChange",
      "Target": "Characters/Dialogue/MadDog.HashtagBearFam.Gunnar",
      "Entries": {
        "{{WeekDay}}": "{{i18n:GunnarDialogueXXXXXXXXXX.{{Random:{{Range: 1, 3}}|key={{Time}}}}}}#$action AddMail Current MadDogGunnar_OverrideSeenToday received"
      },
      "When": { 
		"HasFlag |contains=MadDogGunnar_OverrideSeenToday": false,
		"HasFlag |contains=BearFamExtraMembers": true,
        "HasMod |contains=X": true, //MOD ID HERE
        "Query: {{Random: {{Range: 1, 20}}|key=XXXXXgun}} = 1": true //key needs differentiating per mod    //Abbreviation for key here
      }
    }
     */

		//expansions
		//DTZ
		{
			"LogName": "Gunnar DTZ Commentary", //mod name here
			"Action": "EditData",
			"Priority": "Late",
			"Update": "OnLocationChange",
			"Target": "Characters/Dialogue/MadDog.HashtagBearFam.Gunnar",
			"Entries": {
				"{{WeekDay}}": "{{i18n:GunnarDialogueDTZ.{{Random:{{Range: 1, 5}}|key={{Time}}}}}}#$action AddMail Current MadDogGunnar_OverrideSeenToday received"
			},
			"When": {
				"HasFlag |contains=MadDogGunnar_OverrideSeenToday": false,
				"HasFlag |contains=BearFamExtraMembers": true,
				"HasMod |contains=DTZ.DowntownZuzuCP": true, //MOD ID HERE
				"Query: {{Random: {{Range: 1, 20}}|key=DTZgun}} = 1": true //key needs differentiating per mod    //Abbreviation for key here
			}
		},
		//Stardew Valley Expanded
		{
			"LogName": "Gunnar SVE Commentary",
			"Action": "EditData",
			"Priority": "Late",
			"Update": "OnLocationChange",
			"Target": "Characters/Dialogue/MadDog.HashtagBearFam.Gunnar",
			"Entries": {
				"{{WeekDay}}": "{{i18n:GunnarDialogueSVE.{{Random:{{Range: 1, 3}}|key={{Time}}}}}}#$action AddMail Current MadDogGunnar_OverrideSeenToday received"
			},
			"When": {
				"HasFlag |contains=MadDogGunnar_OverrideSeenToday": false,
				"HasFlag |contains=BearFamExtraMembers": true,
				"HasMod |contains=FlashShifter.StardewValleyExpandedCP": true,
				"Query: {{Random: {{Range: 1, 20}}|key=SVEgun}} = 1": true //key needs differentiating per mod
			}
		},
		//Ridgeside Village
		{
			"LogName": "Gunnar RSV Commentary",
			"Action": "EditData",
			"Priority": "Late",
			"Update": "OnLocationChange",
			"Target": "Characters/Dialogue/MadDog.HashtagBearFam.Gunnar",
			"Entries": {
				"{{WeekDay}}": "{{i18n:GunnarDialogueRSV.{{Random:{{Range: 1, 3}}|key={{Time}}}}}}#$action AddMail Current MadDogGunnar_OverrideSeenToday received"
			},
			"When": {
				"HasFlag |contains=MadDogGunnar_OverrideSeenToday": false,
				"HasFlag |contains=BearFamExtraMembers": true,
				"HasMod |contains=Rafseazz.RSVCP": true,
				"Query: {{Random: {{Range: 1, 20}}|key=RSVgun}} = 1": true //key needs differentiating per mod
			}
		}
		/*
		//Visit Mount Vapius VMV
		{
			"LogName": "Gunnar VMV Commentary",
			"Action": "EditData",
			"Priority": "Late",
			"Update": "OnLocationChange",
			"Target": "Characters/Dialogue/MadDog.HashtagBearFam.Gunnar",
			"Entries": {
				"{{WeekDay}}": "{{i18n:GunnarDialogueVMV.{{Random:{{Range: 1, 3}}|key={{Time}}}}}}#$action AddMail Current MadDogGunnar_OverrideSeenToday received"
			},
			"When": {
				"HasFlag |contains=MadDogGunnar_OverrideSeenToday": false,
				"HasFlag |contains=BearFamExtraMembers": true,
				"HasMod |contains=Lumisteria.MtVapius": true, //(no public alpha or release yet!!!!!!!!!!!!)
				"Query: {{Random: {{Range: 1, 20}}|key=VMVgun}} = 1": true //key needs differentiating per mod   
			}
		}
		*/
		//Sunberry Village SBV
		/* {
      "LogName": "Gunnar SBV Commentary", 
      "Action": "EditData",
      "Priority": "Late",
		"Update": "OnLocationChange",
      "Target": "Characters/Dialogue/MadDog.HashtagBearFam.Gunnar",
      "Entries": {
        "{{WeekDay}}": "{{i18n:GunnarDialogueSBV.{{Random:{{Range: 1, 3}}|key={{Time}}}}}}#$action AddMail Current MadDogGunnar_OverrideSeenToday received"
      },
      "When": { 
		"HasFlag |contains=MadDogGunnar_OverrideSeenToday": false,
		"HasFlag |contains=BearFamExtraMembers": true,
        "HasMod |contains=skellady.SBVCP": true, //MOD ID HERE - TBD (no public alpha or release yet!!!!!!!!!!!!)
        "Query: {{Random: {{Range: 1, 20}}|key=SBVgun}} = 1": true //key needs differentiating per mod    
      }
    }
    */
		//TBD Expansions depending on 1.6 - Cape Stardew, Adventurer Guild Expanded, Defense Division, Boarding House
		/* place holder template
     {
      "LogName": "Gunnar XXXXX Commentary", //mod name here
      "Action": "EditData",
      "Priority": "Late",
		"Update": "OnLocationChange",
      "Target": "Characters/Dialogue/MadDog.HashtagBearFam.Gunnar",
      "Entries": {
        "{{WeekDay}}": "{{i18n:GunnarDialogueXXXXXXXXXX.{{Random:{{Range: 1, 3}}|key={{Time}}}}}}#$action AddMail Current MadDogGunnar_OverrideSeenToday received"
      },
      "When": { 
		"HasFlag |contains=MadDogGunnar_OverrideSeenToday": false,
		"HasFlag |contains=BearFamExtraMembers": true,
        "HasMod |contains=X": true, //MOD ID HERE
        "Query: {{Random: {{Range: 1, 20}}|key=XXXXXgun}} = 1": true //key needs differentiating per mod    //Abbreviation for key here
      }
    }
     */
	]
}

