{
	"Changes": [

		{
			"LogName": "Sigurd Dialogue",
			"Action": "EditData",
			"Target": "Characters/Dialogue/MadDog.HashtagBearFam.Sigurd",
			"Entries": {

				"Introduction": "{{i18n:SigIntroduction}}",
				//"BearsIntroductionNoMatterWhat": "{{i18n:SigIntroduction}}",
				"FlowerDance_Decline": "{{i18n:SigdanceRejection}}",
				"FlowerDance_Accept_Spouse": "{{i18n:SigDanceSpouseAccept{{SigurdSpousePetName}}}}",
				"FlowerDance_Accept": "{{i18n:SigDanceAccept}}",
				"WinterStar_GiveGift_Before_Spouse": "{{i18n:SigWinterStarBeforeSpouse}}",
				"WinterStar_GiveGift_Before": "{{i18n:SigWinterStarBefore}}",
				"WinterStar_GiveGift_After_Spouse": "{{i18n:SigWinterStarAfterSpouse{{SigurdSpousePetName}}}}",
				"WinterStar_GiveGift_After": "{{i18n:SigWinterStarAfter}}",
				"WinterStar_ReceiveGift": "{{i18n:SigWinterStarReceiveGift}}",
				"WinterStar_ReceiveGift_(O)787": "{{i18n:SigWinterStarReceiveGiftBatteryPack}}",
				"WinterStar_ReceiveGift_(O)167": "{{i18n:SigWinterStarReceiveGiftJojaCola}}",
				"WinterStar_ReceiveGift_(O)340": "{{i18n:SigWinterStarReceiveGiftHoney}}",
				"WinterStar_ReceiveGift_(O)106": "{{i18n:SigWinterStarReceiveGiftOrnamentalFan}}",
				"WinterStar_ReceiveGift_(O)346": "{{i18n:SigWinterStarReceiveGiftBeer}}",
				"WinterStar_ReceiveGift_(O)636": "{{i18n:SigWinterStarReceiveGiftPeach{{BearFamProfanityChanges}}}}",
				"WinterStar_ReceiveGift_(O)223": "{{i18n:SigWinterStarReceiveGiftCookie}}",
				"WinterStar_ReceiveGift_(O)MadDog.HashtagBearFam_Honey_OldFashioned": "{{i18n:Sigurd.WinterStarGiftReaction.BearFam.Honey_OldFashioned}}",
				"divorced": "{{i18n:Sigdivorced}}",
				"dumped_Boys": "{{i18n:Sigdumped_Boys}}",
				"secondChance_Boys": "{{i18n:SigsecondChance_Boys}}",
				"Fair_Judging": "{{i18n:SigFairJudging{{CrossModCompatTokens}}}}",
				"Fair_Judged_PlayerLost_PurpleShorts": "{{i18n:SigFairPurpleShorts{{PlayerJobTitle}}}}",
				"Fair_Judged_PlayerLost_Skipped": "{{i18n:SigFairSkipped}}",
				"Fair_Judged_PlayerLost": "{{i18n:SigFairLost{{CrossModCompatTokens}}}}",
				"Fair_Judged_PlayerWon": "{{i18n:SigFairWon}}",
				"DumpsterDiveComment": "{{i18n:SigDumpsterDiveComment{{BearFamProfanityChanges}}}}#$action AddMoney {{Random: 120 220 240 600}}#",
				"HitBySlingshot": "{{i18n:SigHitBySlingshot}}",
				"RejectBouquet_NotDatable": "{{i18n:SigRejectBouquet}}",
				"RejectBouquet_NpcAlreadyMarried": "{{i18n:SigRejectBouquetAlreadyMarried}}",
				"RejectBouquet_Divorced": "{{i18n:SigRejectBouquetDivorced}}",
				//"RejectBouquet_VeryLowHearts": "{{i18n:SigRejectBouquetVeryLowHearts{{Random:{{Range: 1, 2}}}}}}",
				//"RejectBouquet_LowHearts": "{{i18n:SigRejectBouquetLowHearts{{Random:{{Range: 1, 2}}}}}}",
				"AcceptBouquet": "{{i18n:SigAcceptBouquet}}",
				"GreenRain": "{{i18n:SigurdGreenRain{{BearFamProfanityChanges}}}}",
				"GreenRainFinished": "{{i18n:SigurdGreenRainFinished{{BearFamProfanityChanges}}}}",
				"GreenRain_2": "{{i18n:SigurdGreenRain2}}",
				"HitBySlingshot_bomb_item": "{{i18n:SigHitbySlingShotBombItem{{BearFamProfanityChanges}}}}",
				"HitBySlingshot_(O)441": "{{i18n:SigHitbySlingShotExplosiveAmmo}}",
				"HitBySlingshot_category_egg": "{{i18n:SigurdHitbySlingShotEggCategory}}",
				"HitBySlingshot_arrow_item": "{{i18n:SigurdHitbySlingShotArrow}}",
				"HitBySlingshot_(O)Cornucopia_Durian": "{{i18n:SigurdHitbySlingShotCornucopiaDurian}}",
				"HitBySlingshot_(O)TenebrousNova.EliDylan.CP_TenebrousNova.EnD.SanguineHeart": "{{i18n:SigurdHitbySlingShotEnDSanguineHeart}}",

				"Mountain_Entry": "{{i18n:SigurdMountainEntry1}}/{{i18n:SigurdMountainEntry2}}/{{i18n:SigurdMountainEntry3}}/{{i18n:SigurdMountainEntry4}}",
				"Saloon_Entry": "{{i18n:SigurdSaloonEntry1}}/{{i18n:SigurdSaloonEntry2}}/{{i18n:SigurdSaloonEntry3}}/{{i18n:SigurdSaloonEntry4}}",
				"ArchaeologyHouse_Entry": "{{i18n:SigurdMuseumEntry1}}/{{i18n:SigurdMuseumEntry2}}/{{i18n:SigurdMuseumEntry3}}/{{i18n:SigurdMuseumEntry4}}",
				"Town_Entry": "{{i18n:SigurdTownEntry1}}/{{i18n:SigurdTownEntry2}}/{{i18n:SigurdTownEntry3}}/{{i18n:SigurdTownEntry4}}",
				"ScienceHouse_Entry": "{{i18n:SigurdScienceHouseEntry1}}/{{i18n:SigurdScienceHouseEntry2}}/{{i18n:SigurdScienceHouseEntry3}}/{{i18n:SigurdScienceHouseEntry4}}",
				"EastScarp_Village_Entry": "{{i18n:SigurdESVillageEntry1}}/{{i18n:SigurdESVillageEntry2}}/{{i18n:SigurdESVillageEntry3{{BearFamProfanityChanges}}}}/{{i18n:SigurdESVillageEntry4}}",

				"SpouseStardrop": "{{i18n:SigurdSpouseStardrop{{SigurdSpousePetName}}}}",
				"WipedMemory": "{{i18n:SigurdWipedMemory}}",
				"SpouseFarmhouseClutter": "{{i18n:SigurdSpouseFarmhouseClutter}}",
				"SpouseGiftJealous": "{{i18n:SigurdSpouseGiftJealous}}",
				"Spouse_MonstersInHouse": "{{i18n:SigurdSpouseSpouseMonstersInHouse{{SigurdSpousePetName}}}}",

				"RejectMermaidPendant_Divorced": "{{i18n:SigurdRejectMermaidPendantDivorced}}",
				"RejectMermaidPendant_NeedHouseUpgrade": "{{i18n:SigurdRejectMermaidPendantHouseUpgrade}}",
				"RejectMermaidPendant_NotDatable": "{{i18n:SigurdRejectMermaidPendantNotDatable}}",
				"RejectMermaidPendant_NpcWithSomeoneElse": "{{i18n:SigurdRejectMermaidPendantNPCinRelationship}}",
				"RejectMermaidPendant_PlayerWithSomeoneElse": "{{i18n:SigurdRejectMermaidPendantPlayerinRelationship{{BearFamProfanityChanges}}}}",
				"RejectMermaidPendant_Under8Hearts": "{{i18n:SigurdRejectMermaidPendantUnder8Hearts}}",
				"RejectMermaidPendant_Under10Hearts": "{{i18n:SigurdRejectMermaidPendantUnder10Hearts}}",
				"RejectMermaidPendant_Under10Hearts_AskedAgain": "{{i18n:SigurdRejectMermaidPendantUnder10HeartsAnnoy}}",
				//"RejectMermaidPendant": "{{i18n:SigurdRejectMermaidPendantDefault}}",
				"RejectBouquet_AlreadyAccepted_Engaged": "{{i18n:Sigurd.RejectBouquet.AlreadyAccepted.Engaged}}",
				"RejectBouquet_AlreadyAccepted_Married": "{{i18n:Sigurd.RejectBouquet.AlreadyAccepted.Married}}",
				"RejectBouquet_AlreadyAccepted": "{{i18n:Sigurd.RejectBouquet.AlreadyAccepted.Default}}",

				"RejectMermaidPendant_AlreadyAccepted_Engaged": "{{i18n:Sigurd.RejectMermaidPendant.AlreadyAccepted.Engaged}}",
				"RejectMermaidPendant_AlreadyAccepted_Married": "{{i18n:Sigurd.RejectMermaidPendant.AlreadyAccepted.Married}}",
				"RejectMermaidPendant_AlreadyAccepted": "{{i18n:Sigurd.RejectMermaidPendant.AlreadyAccepted.Default}}",

				"GudrunGrades": "{{i18n:SigCTGudrunGrades}}",
				"SootPocketAdventure": "{{i18n:SigCTSootPocketAdventure}}",
				"TerensRecipes": "{{i18n:SigurdCTTerenRecipes}}",
				"BearRecipes": "{{i18n:SigurdCTBearRecipes}}",
				"GunnarRecipes": "{{i18n:SigurdCTGunnarRecipes}}",
				"SondraRecipes": "{{i18n:SigurdCTSondraRecipes}}",
				"MadDogBearFamMEEPArmyPhotoCT": "{{i18n:SigCTMadDogBearFamMEEPArmyPhotoCT}}",
				"YouShotSondra": "{{i18n:SigurdCTYouShotSondra{{BearFamProfanityChanges}}}}",
				"YouShotGudrun": "{{i18n:SigurdCTYouShotGudrun}}",
				"DitR_CT_PipoShorts": "{{i18n:SigCTDiTRPipoShorts}}",
				"DitR_CT_UsedExpiredMegaBomb": "{{i18n:SigurdCTDiTRUsedExpiredMegaBomb}}",
				"GunnarHasaBomb": "{{i18n:SigurdCTGunnarHasaBomb}}",
				"GrandpaHaunts": "{{i18n:SigurdCTGrandpaHaunts}}",

				"RejectMovieTicket_AlreadyInvitedBySomeoneElse": "{{i18n:SigurdRejectMovieTicketAlreadyInvited}}",
				"RejectMovieTicket_AlreadyWatchedThisWeek": "{{i18n:SigurdRejectMovieTicketAlreadyWatched}}",
				"RejectMovieTicket_DontWantToSeeThatMovie": "{{i18n:SigurdRejectMovieTicketNotInterested}}",
				"RejectMovieTicket_Divorced": "{{i18n:SigurdRejectMovieTicketDivorced}}",
				"RejectMovieTicket": "{{i18n:SigurdRejectMovieTicketDefault}}",

				"dating_MadDog.HashtagBearFam.Gunnar": "{{i18n:SigurddatingGunnar}}",
				"married_MadDog.HashtagBearFam.Gunnar": "{{i18n:SigurdmarriedGunnar}}",
				"divorced_MadDog.HashtagBearFam.Gunnar": "{{i18n:SigurddivorcedGunnar}}",

				"dating_MadDog.HashtagBearFam.Teren": "{{i18n:SigurddatingTeren{{BearFamProfanityChanges}}}}",
				"married_MadDog.HashtagBearFam.Teren": "{{i18n:SigurdmarriedTeren}}",
				"divorced_MadDog.HashtagBearFam.Teren": "{{i18n:SigurddivorcedTeren}}",

				"married_memory_oneweek": "{{i18n:Sigurdfarmermarriedoneweek.{{Relationship:MadDog.HashtagBearFam.Sigurd |contains=Married}}}}",
				"firstVisit_Railroad": "{{i18n:Sigurdfirstrailroad}}",
				"firstVisit_Sewer": "{{i18n:Sigurdfirstsewer}}",
				"gotPet": "{{i18n:SigurdgotPet}}",
				"SquidFest": "{{i18n:SigurdSquidfest}}",
				"married": "{{i18n:Sigurdfarmermarried.{{Relationship:MadDog.HashtagBearFam.Sigurd |contains=Married}}}}",
				"houseUpgrade_{{ThisYear}}": "{{i18n:Sigurdhouseupgradefirst}}",

				"achievement_30": "{{i18n:Sigurdachievementhelpwanted}}", //helpwanted Sig
				"achievement_38": "{{i18n:Sigurdachievementsoup}}", //impress go soup Sig
				"achievement_35": "{{i18n:Sigurdachievementreadbook}}", //read every book  Sig
				"achievement_20": "{{i18n:Sigurdachievementcrafting}}", //crafty Sig
				"achievement_28": "{{i18n:Sigurdachievementdonatemuseum}}", //donate much treasure Sig
				"achievement_21": "{{i18n:Sigurdachievementmorecrafting}}", //very crafty Sig
				"structureBuilt_Stable": "{{i18n:SigurdbuiltStable}}",
				"mineArea_121": "{{i18n:SigurdmineSkull}}", //skull cav          Sig
				"mineArea_40": "{{i18n:Sigurdminefloor40}}", //level 40 mine  
				"cropMatured_276": "{{i18n:SigurdgrewPumpkin{{BearFamProfanityChanges}}}}",
				"cropMatured_304": "{{i18n:SigurdgrewHops}}",
				//mnf fishies
				"fishCaught_MNF.MoreNewFish_conger": "{{i18n:Sigurd.caught.MNF.conger}}",
				"fishCaught_MNF.MoreNewFish_coelacanth": "{{i18n:Sigurd.caught.MNF.coelacanth}}",
				"fishCaught_MNF.MoreNewFish_piranha": "{{i18n:Sigurd.caught.MNF.piranha}}",
				//void fishies
				"fishCaught_VoidWitchCult.CP.TheFishmongerNPC_moray": "{{i18n:Sigurd.caught.Void.moray}}",

				//romance dialogue
				"give_flowersA": "{{i18n:SigFlowersA{{SigurdSpousePetName}}}}",
				"give_flowersB": "{{i18n:SigFlowersB}}",
				"give_pendant": "{{i18n:SigPendant{{SigurdSpousePetName}}}}",
				"stardrop_gift": "{{i18n:SigStardrop{{SigurdSpousePetName}}}}", //Valentine by Carol Ann Duffy
				"giftquestion_yes": "{{i18n:SigGiftYes}}",
				"giftquestion_lie": "{{i18n:SigGiftNo}}",

				"breakUp": "{{i18n:Sigbreakup}}",
				"reject_two_heartA": "{{i18n:Sig2HeartsA}}",
				"reject_two_heartB": "{{i18n:Sig2HeartsB}}",
				"reject_four_heartA": "{{i18n:Sig4HeartsA}}",
				"reject_four_heartB": "{{i18n:Sig4HeartsB}}",
				"engageA": "{{i18n:SigEngageA{{BearFamProfanityChanges}}}}",
				"engageB": "{{i18n:SigEngageB{{BearFamProfanityChanges}}}}",
				"marriedA": "{{i18n:SigMarriedA}}",
				"marriedB": "{{i18n:SigMarriedB}}",
				"refusal_no_heartsA": "{{i18n:SigRefusal0A}}",
				"refusal_no_heartsB": "{{i18n:SigRefusal0B}}",
				"refusal_knownA": "{{i18n:SigKnownA}}",
				"refusal_knownB": "{{i18n:SigKnownB}}",
				"refusal_botherA": "{{i18n:SigBotherA}}",
				"refusal_botherB": "{{i18n:SigBotherB}}",

				// Resort Lines //done
				"Resort_Entering": "{{i18n:SigResEnter}}",
				"Resort_Leaving": "{{i18n:SigResLeave}}",
				"Resort_Shore": "{{i18n:SigResShore}}",
				"Resort_Umbrella": "{{i18n:SigResUmbrella}}",
				"Resort_Wander": "{{i18n:SigResWander}}",
				"Resort_Wander_2": "{{i18n:SigResWander2}}",
				"Resort_Chair": "{{i18n:SigResChair}}",
				"Resort_Bar": "{{i18n:SigResBar{{PlayerJobTitle}}}}",
				"Resort_Towel": "{{i18n:SigResTowel}}",
				"Resort_Towel_2": "{{i18n:SigResTowel2}}",
				"Resort_Towel_3": "{{i18n:SigResTowel3}}",
				"Resort": "{{i18n:SigResort}}",

				//poly dialogue?
				//"RejectBouquet_IsPolyamorous_PlayerWithSomeoneMonogamous": "{{i18n:Sigurd.PolyMod.CantDate}}",
				"RejectMermaidPendant_IsPolyamorous_PlayerWithSomeoneMonogamous": "{{i18n:Sigurd.PolyMod.CantMarry}}",

				//Specific Dialogue

				"EastScarp_Village_39_104": "{{Random:{{i18n:StringsSigurdCampfire1.{{EnableRivalHeartsSigDylan}}}}++{{i18n:StringsSigurdCampfire2.{{EnableRivalHeartsSigDylan}}}}++{{i18n:StringsSigurdCampfire3.{{EnableRivalHeartsSigDylan}}{{BearFamProfanityChanges}}}}|inputSeparator=++}}",

				"spring_18_{{ThisYear}}": "{{i18n:SigSpring18}}",
				"spring_28_{{ThisYear}}": "{{i18n:SigSpring27.{{EnableRivalHeartsTerenSig}}{{BearFamProfanityChanges}}}}",
				"fall_1_{{ThisYear}}": "{{i18n:SigFall1}}",
				"fall_18_{{ThisYear}}": "{{i18n:SigFall18}}",
				"winter_23_{{ThisYear}}": "{{i18n:SigWinter23}}",
				"winter_28_{{ThisYear}}": "{{i18n:SigWinter28}}",

				//One Off Day Before Festival Dialogue
				"spring_12_{{ThisYear}}": "{{i18n:SigSpring12}}",
				"spring_23_{{ThisYear}}": "{{i18n:SigSpring23}}",
				"summer_10_{{ThisYear}}": "{{i18n:SigSummer10}}",
				"summer_27_{{ThisYear}}": "{{i18n:SigSummer27}}",
				"fall_15_{{ThisYear}}": "{{i18n:SigFall15}}",
				"fall_26_{{ThisYear}}": "{{i18n:SigFall26}}",
				"winter_7_{{ThisYear}}": "{{i18n:SigWinter7}}",
				"winter_16_{{ThisYear}}": "{{i18n:SigWinter.{{Random:{{Range: 1, 3}}}}{{BearFamProfanityChanges}}}}",
				"winter_24_{{ThisYear}}": "{{i18n:SigWinter24}}",

				//conversationtopics
				"MadDog.BearFam_KentGotoro": "{{i18n:CT.Sigurd.MadDog.BearFam_KentGotoro.{{HasMod |contains=Airyn.KentGetsTherapy}}}}"




			}
		},
		//daily
		{
			"LogName": "Dialogue - 0-4",
			"Action": "EditData",
			"Target": "Characters/Dialogue/MadDog.HashtagBearFam.Sigurd",
			"Update": "OnLocationChange",
			"Entries": {
				"{{WeekDay}}": "{{i18n:SigDialogue04.{{Random:{{Range: 1, 30}}}}{{BearFamProfanityChanges}}{{CrossModCompatTokens}}}}"
			},
			"When": {
				"HasSeenEvent |contains=MadDog.BearFam.16193005": false,
				"HasFlag |contains=MadDogSigurd_OverrideSeenToday": false
			}
		},
		{
			"LogName": "Dialogue - 0-4 - Seasonal",
			"Action": "EditData",
			"Target": "Characters/Dialogue/MadDog.HashtagBearFam.Sigurd",
			"Priority": "Late",
			"Update": "OnLocationChange",
			"Entries": {
				"{{WeekDay}}": "{{i18n:SigDialogue04.{{season}}.{{Random:{{Range: 1, 5}}|key={{Time}}}}{{BearFamProfanityChanges}}{{PlayerJobTitle}}{{CrossModCompatTokens}}}}#$action AddMail Current MadDogSigurd_OverrideSeenToday received"
			},
			"When": {
				"Query: {{Random: {{Range: 1, 15}}|key=SigSeasonA}} = 1": true,
				"HasSeenEvent |contains=MadDog.BearFam.16193005": false,
				"HasFlag |contains=MadDogSigurd_OverrideSeenToday": false
			}
		},
		{
			"LogName": "Dialogue - 6-10 Platonic",
			"Action": "EditData",
			"Target": "Characters/Dialogue/MadDog.HashtagBearFam.Sigurd",
			"Update": "OnLocationChange",
			"Entries": {
				"{{WeekDay}}": "{{i18n:SigDialogue610.{{Random:{{Range: 1, 25}}}}{{CrossModCompatTokens}}}}"
			},
			"When": {
				"HasFlag |contains=MadDogSigurd_OverrideSeenToday": false,
				"Hearts:MadDog.HashtagBearFam.Sigurd": "{{Range: 5, 10}}",
				"HasSeenEvent |contains=MadDog.BearFam.16191005": false //need right event id
			}
		},
		{
			"LogName": "Dialogue - 6 - 10 Platonic - Seasonal",
			"Action": "EditData",
			"Target": "Characters/Dialogue/MadDog.HashtagBearFam.Sigurd",
			"Priority": "Late",
			"Update": "OnLocationChange",
			"Entries": {
				"{{WeekDay}}": "{{i18n:SigDialogue610.{{season}}.{{Random:{{Range: 1, 5}}|key={{Time}}}}{{BearFamProfanityChanges}}{{CrossModCompatTokens}}}}#$action AddMail Current MadDogSigurd_OverrideSeenToday received"
			},
			"When": {
				"Query: {{Random: {{Range: 1, 15}}|key=SigSeasonB}} = 1": true,
				"Hearts:MadDog.HashtagBearFam.Sigurd": "{{Range: 5, 10}}",
				"HasSeenEvent |contains=MadDog.BearFam.16193005": false,
				"HasFlag |contains=MadDogSigurd_OverrideSeenToday": false
			}
		},
		{
			"LogName": "Dialogue - 6-10 Platonic - Has Seen Therapy Event",
			"Action": "EditData",
			"Target": "Characters/Dialogue/MadDog.HashtagBearFam.Sigurd",
			"Update": "OnLocationChange",
			"Entries": {
				"{{WeekDay}}": "{{i18n:SigDialogue610T.{{Random:{{Range: 1, 60}}}}{{BearFamProfanityChanges}}{{CrossModCompatTokens}}}}"
			},
			"When": {
				"Hearts:MadDog.HashtagBearFam.Sigurd": "{{Range: 5, 10}}",
				"HasSeenEvent |contains=MadDog.BearFam.16191007": true, //need right event id - should be bus stop therapy
				"HasFlag |contains=MadDogSigurd_OverrideSeenToday": false
			}
		},
		{
			"LogName": "Dialogue - 6-10  Platonic - Has Seen Therapy Event - Seasonal",
			"Action": "EditData",
			"Target": "Characters/Dialogue/MadDog.HashtagBearFam.Sigurd",
			"Priority": "Late",
			"Update": "OnLocationChange",
			"Entries": {
				"{{WeekDay}}": "{{i18n:SigDialogue610T.{{season}}.{{Random:{{Range: 1, 5}}|key={{Time}}}}{{BearFamProfanityChanges}}{{PlayerJobTitle}}{{CrossModCompatTokens}}}}#$action AddMail Current MadDogSigurd_OverrideSeenToday received"
			},
			"When": {
				"Query: {{Random: {{Range: 1, 15}}|key=SigSeasonC}} = 1": true,
				"Hearts:MadDog.HashtagBearFam.Sigurd": "{{Range: 5, 10}}",
				"HasSeenEvent |contains=MadDog.BearFam.16191007": true, //need right event id - should be bus stop therapy
				"HasFlag |contains=MadDogSigurd_OverrideSeenToday": false
			}
		},
		{
			"LogName": "Dialogue - Bonus Override",
			"Action": "EditData",
			"Target": "Characters/Dialogue/MadDog.HashtagBearFam.Sigurd",
			"Update": "OnLocationChange",
			"Entries": {
				"{{WeekDay}}": "{{i18n:Sigurd.AboutTeren.{{Random:{{Range: 1, 15}}|key={{Time}}}}{{BearFamProfanityChanges}}{{CrossModCompatTokens}}}}#$action AddMail Current MadDogSigurd_OverrideSeenToday received"
			},
			"When": {
				"Query: {{Random: {{Range: 1, 15}}|key=SigAboutTeren}} = 1": true,
				"HasFlag |contains=MadDogSigurd_OverrideSeenToday": false
			}
		},
		//////////////////////////////////////////////////////////////////////////////////////
		{
			"LogName": "Dialogue - 8-10 Romantic", //SigRomance decided in my config.json and established in my content.json
			"Action": "EditData",
			"Target": "Characters/Dialogue/MadDog.HashtagBearFam.Sigurd",
			"Update": "OnLocationChange",
			"Entries": {
				"{{WeekDay}}": "{{i18n:SigDialogue810R.{{SigRomanceDialogueType}}.{{Random:{{Range: 1, 25}}|key={{Time}}}}{{SigurdSpousePetName}}{{BearFamProfanityChanges}}{{PlayerJobTitle}}{{CrossModCompatTokens}}}}#$action AddMail Current MadDogSigurd_OverrideSeenToday received"
			},
			//"Condition": "PLAYER_NPC_RELATIONSHIP current MadDog.HashtagBearFam.Sigurd Dating Engaged Married",
			"When": {
				//"Hearts:MadDog.HashtagBearFam.Sigurd": "{{Range: 8, 14}}",
				"Relationship:MadDog.HashtagBearFam.Sigurd": "Dating, Engaged, Married",
				"Query: {{Random: {{Range: 1, 6}}|key=RomanceSig}} = 1": true,
				"EnableRivalHeartsTerenSig": false,
				"EnableRivalHeartsSigDylan": false,
				"HasFlag |contains=MadDogSigurd_OverrideSeenToday": false
			}
		},

		{
			"LogName": "Dialogue - Bonus Override",
			"Action": "EditData",
			"Target": "Characters/Dialogue/MadDog.HashtagBearFam.Sigurd",
			"Update": "OnLocationChange",
			"Entries": {
				"{{WeekDay}}": "{{i18n:Sigurd.RomanticHints.{{Random:{{Range: 1, 15}}|key={{Time}}}}{{BearFamProfanityChanges}}{{CrossModCompatTokens}}}}#$action AddMail Current MadDogSigurd_OverrideSeenToday received"
			},
			"When": {
				"Query: {{Random: {{Range: 1, 7}}|key=SigPotentialRomance}} = 1": true,
				"HasFlag |contains=MadDogSigurd_OverrideSeenToday": false,
				"HasFlag |contains=SigFlirtsBack": true,
				"EnableRivalHeartsSigDylan": false,
				"EnableRivalHeartsTerenSig": false,
				"HasFlag |contains=SigurdDating": false
			}
		},



		{
			"LogName": "Bouquet - Sig - No",
			"Action": "EditData",
			"Target": "Characters/Dialogue/MadDog.HashtagBearFam.Sigurd",
			"Entries": {
				"RejectItem_(O)458": "{{i18n:Sigurd.GiftReaction.Bouquet.NotYet}}"
			},
			"When": {
				"HasFlag |contains=SigDateable": false
			}
		},
		{
			"LogName": "Bouquet - Sig - Yes",
			"Action": "EditData",
			"Target": "Characters/Dialogue/MadDog.HashtagBearFam.Sigurd",
			"Entries": {
				"AcceptBouquet": "{{i18n:Sigurd.GiftReaction.Bouquet.Ready}}#$action AddMail Current SigurdDating"
			},
			"When": {
				"HasFlag |contains=SigDateable": true
			}
		},
		{
			"LogName": "Pendant - Sig - No",
			"Action": "EditData",
			"Target": "Characters/Dialogue/MadDog.HashtagBearFam.Sigurd",
			"Entries": {
				"RejectItem_(O)460": "{{i18n:Sigurd.GiftReaction.Pendant.NotYet}}"
			},
			"When": {
				"HasFlag |contains=SigMarriable": false,
				"HasConversationTopic |contains=SigRockSkippingDate": false

			}
		},
		{
			"LogName": "Pendant - Sig - No",
			"Action": "EditData",
			"Target": "Characters/Dialogue/MadDog.HashtagBearFam.Sigurd",
			"Entries": {
				"RejectItem_(O)460": "{{i18n:Sigurd.GiftReaction.Pendant.NotYet}}"
			},
			"When": {
				"HasFlag |contains=SigMarriable": true,
				"HasConversationTopic |contains=SigRockSkippingDate": true
			}
		},
		{
			"LogName": "Pendant - Sig - Yes",
			"Action": "EditData",
			"Target": "Characters/Dialogue/MadDog.HashtagBearFam.Sigurd",
			"Entries": {
				"RejectItem_(O)460": "{{i18n:Sigurd.GiftReaction.Pendant.Ready}}#$action spacechase0.SpaceCore_PlayEvent MadDog.BearFam.SigurdProposalEvent false"
			},
			"When": {
				"HasFlag |contains=SigMarriable": true,
				"HasConversationTopic |contains=SigRockSkippingDate": false
			}
		},
		{
			"LogName": "Engagement Dialogue - Sigurd",
			"Action": "EditData",
			"Target": "Data/EngagementDialogue",
			"Entries": {

				"MadDog.HashtagBearFam.Sigurd0": "{{i18n:Sigurd.Dialogue.Engagement.First}}",
				"MadDog.HashtagBearFam.Sigurd1": "{{i18n:Sigurd.Dialogue.Engagement.Second{{SigurdSpousePetName}}}}",
				"MadDog.HashtagBearFam.Sigurd2": "{{i18n:Sigurd.Dialogue.Engagement.Third}}"
			},
			"When": {
				"Relationship:MadDog.HashtagBearFam.Sigurd": "Engaged, Married"
			}
		},
		{
			"LogName": "Wedding Strings - Sigurd",
			"Action": "EditData",
			"Target": "Strings/StringsFromCSFiles",
			"Entries": {
				"MadDog.HashtagBearFam.Sigurd_Engaged": "{{i18n:SigurdEngaged}}",
				"MadDog.HashtagBearFam.Sigurd_AfterWedding": "{{i18n:SigurdAfterWedding{{SigurdSpousePetName}}}}"
			},
			"When": {
				"Relationship:MadDog.HashtagBearFam.Sigurd": "Engaged, Married"
			}
		},
		{
			"LogName": "Wedding Ceremony Strings - Sigurd",
			"Action": "EditData",
			"Target": "Strings/StringsFromCSFiles",
			"Entries": {
				"Utility.cs.5367": "{{i18n:Sigurd.Dialogue.Marriage.1}}",
				"Utility.cs.5369": "{{i18n:Sigurd.Dialogue.Marriage.1}}",
				"Utility.cs.5371": "{{i18n:Sigurd.Dialogue.Marriage.2}}",
				"Utility.cs.5373": "{{i18n:Sigurd.Dialogue.Marriage.2}}",
				"Utility.cs.5375": "{{i18n:Sigurd.Dialogue.Marriage.2}}",
				"Utility.cs.5377": "{{i18n:Sigurd.Dialogue.Marriage.2}}"
			},
			"When": {
				"Relationship:MadDog.HashtagBearFam.Sigurd": "Engaged, Married"
			}
		},
		/*
		{
			"LogName": "Dialogue - 8-10 Romantic - Both, Both is Good", //SigRomance decided in my config.json and established in my content.json
			"Action": "EditData",
			"Target": "Characters/Dialogue/MadDog.HashtagBearFam.Sigurd",
			"Update": "OnLocationChange",
			"Priority": "Late",
			"Entries": {
				"{{WeekDay}}": "{{i18n:SigDialogue810R.{{Random:Chaste, Spicy}}.{{Random:{{Range: 1, 25}}|key={{Time}}}}{{SigurdSpousePetName}}{{BearFamProfanityChanges}}}}#$action AddMail Current MadDogSigurd_OverrideSeenToday received"
			},
			//"Condition": "PLAYER_NPC_RELATIONSHIP current MadDog.HashtagBearFam.Sigurd Dating Engaged Married",
			"When": {
				"SigRomanceAll": true,
				"Hearts:MadDog.HashtagBearFam.Sigurd": "{{Range: 8, 10}}",
				"Relationship:MadDog.HashtagBearFam.Sigurd": "Dating, Engaged, Married",
				"Query: {{Random: {{Range: 1, 12}}|key=RomanceSig}} = 1": true,
				"EnableRivalHeartsTerenSig": false,
				"EnableRivalHeartsSigDylan": false,
				"HasFlag |contains=MadDogSigurd_OverrideSeenToday": false
			}
		},
		*/
		//////////////////////////////////////////////////////////////////////////////////////
		{
			"LogName": "Sig ED Commentary Dylan RH Activated",
			"Action": "EditData",
			"Priority": "Late",
			"Update": "OnLocationChange",
			"Target": "Characters/Dialogue/MadDog.HashtagBearFam.Sigurd",
			"Entries": {
				"{{WeekDay}}": "{{i18n:SigDialogueDylanRH.{{Random:{{Range: 1, 10}}|key={{Time}}}}{{BearFamProfanityChanges}}}}#$action AddMail Current MadDogSigurd_OverrideSeenToday received"
			},
			"When": {
				"HasMod |contains=TenebrousNova.EliDylan.CP": true,
				"EnableRivalHeartsSigDylan": true, //this is determined in my config.json
				"EnableRivalHeartsTerenSig": false, //this is determined in my config.json
				"Query: {{Random: {{Range: 1, 20}}|key=DylanRH}} = 1": true, //key needs differentiating per mod
				"HasFlag |contains=MadDogSigurd_OverrideSeenToday": false,
				"HasFlag |contains=SigAndDylanAreTogether": true
			}
		},
		{
			"LogName": "Sig Commentary Sig RH Activated",
			"Action": "EditData",
			"Priority": "Late",
			"Update": "OnLocationChange",
			"Target": "Characters/Dialogue/MadDog.HashtagBearFam.Sigurd",
			"Entries": {
				"{{WeekDay}}": "{{i18n:SigDialogueTerenRH.{{Random:{{Range: 1, 5}}|key={{Time}}}}}}#$action AddMail Current MadDogSigurd_OverrideSeenToday received"
			},
			"When": {
				"EnableRivalHeartsTerenSig": true, //this is determined in my config.json
				"EnableRivalHeartsTerenEli": false, //this is determined in my config.json
				"EnableRivalHeartsSigDylan": false, //this is determined in my config.json
				"Query: {{Random: {{Range: 1, 20}}|key=TerenRH}} = 1": true, //key needs differentiating per mod
				"HasFlag |contains=MadDogSigurd_OverrideSeenToday": false,
				"HasFlag |contains=SigAndTerenAreTogether": true
			}
		},
		//crossover dialogue

		//////////////////////////////////////////////////////////////////////////////////////
		//Birthday Zone
		{
			"LogName": "Sig Birthday Commentary - ED",
			"Action": "EditData",
			"Priority": "Late",
			"Target": "Characters/Dialogue/MadDog.HashtagBearFam.Sigurd",
			"Entries": {
				"winter_5_{{ThisYear}}": "{{i18n:Sigurd.Birthday.ED.Eli}}",
				"fall_17_{{ThisYear}}": "{{i18n:Sigurd.Birthday.ED.Dylan.{{EnableRivalHeartsSigDylan}}}}"
			},
			"When": {
				"HasMod |contains=TenebrousNova.EliDylan.CP": true
			}
		},
		{
			"LogName": "Sig Birthday Commentary - Rodney",
			"Action": "EditData",
			"Priority": "Late",
			"Target": "Characters/Dialogue/MadDog.HashtagBearFam.Sigurd",
			"Entries": {
				"summer_2_{{ThisYear}}": "{{i18n:Sigurd.Birthday.ROB.Rodney}}"
			},
			"When": {
				"HasMod |contains=TheFrenchDodo.RodneyOBrien": true
			}
		},
		{
			"LogName": "Sig Birthday Commentary - Nora",
			"Action": "EditData",
			"Priority": "Late",
			"Target": "Characters/Dialogue/MadDog.HashtagBearFam.Sigurd",
			"Entries": {
				"fall_3_{{ThisYear}}": "{{i18n:Sigurd.Birthday.NtH.Nora}}"
			},
			"When": {
				"HasMod |contains=Bagi.Nora.CP": true
			}
		},
		{
			"LogName": "Sig Birthday Commentary - DiTR",
			"Action": "EditData",
			"Priority": "Late",
			"Target": "Characters/Dialogue/MadDog.HashtagBearFam.Sigurd",
			"Entries": {
				"spring_11_{{ThisYear}}": "{{i18n:Sigurd.Birthday.DiTR.Eve}}",
				"fall_7_{{ThisYear}}": "{{i18n:Sigurd.Birthday.DiTR.Trace}}"
			},
			"When": {
				"HasMod |contains=7thAxis.DitR.CP": true
			}
		},
		{
			"LogName": "Sig Birthday Commentary - SnS",
			"Action": "EditData",
			"Priority": "Late",
			"Target": "Characters/Dialogue/MadDog.HashtagBearFam.Sigurd",
			"Entries": {
				"fall_24_{{ThisYear}}": "{{i18n:Sigurd.Birthday.SnS.Mateo.{{HasSeenEvent |contains=SnS.Ch1.Mateo.0}}}}",
				"summer_17_{{ThisYear}}": "{{i18n:Sigurd.Birthday.SnS.Cirrus.{{HasSeenEvent |contains=SnS.Ch3.Cirrus.1}}}}"
			},
			"When": {
				"HasMod |contains=DN.SnS": true
			}
		},
		{
			"LogName": "Sigurd Birthday Commentary - MGC",
			"Action": "EditData",
			"Priority": "Late",
			"Target": "Characters/Dialogue/MadDog.HashtagBearFam.Sigurd",
			"Entries": {
				"winter_10_{{ThisYear}}": "{{i18n:Sigurd.Birthday.MGC.Cambria{{BearFamProfanityChanges}}}}"
			},
			"When": {
				"HasMod |contains=Squeaks.MGC.CP": true
			}
		},
		{
			"LogName": "Sig Birthday Commentary - SVE",
			"Action": "EditData",
			"Priority": "Late",
			"Target": "Characters/Dialogue/MadDog.HashtagBearFam.Sigurd",
			"Entries": {
				"spring_22_{{ThisYear}}": "{{i18n:Sigurd.Birthday.SVE.Andy}}"
			},
			"When": {
				"HasMod |contains=FlashShifter.StardewValleyExpandedCP": true
			}
		},
		{
			"LogName": "Sig Birthday Commentary - RSV",
			"Action": "EditData",
			"Priority": "Late",
			"Target": "Characters/Dialogue/MadDog.HashtagBearFam.Sigurd",
			"Entries": {
				"winter_27_{{ThisYear}}": "{{i18n:Sigurd.Birthday.RSV.Shiro}}"
			},
			"When": {
				"HasMod |contains=Rafseazz.RSVCP": true
			}
		},
		//////////////////////////////////////////////////////////////////////////////////////
		//Eli and Dylan
		{
			"LogName": "Sig ED Commentary",
			"Action": "EditData",
			"Priority": "Late",
			"Update": "OnLocationChange",
			"Target": "Characters/Dialogue/MadDog.HashtagBearFam.Sigurd",
			"Entries": {
				"{{WeekDay}}": "{{i18n:SigDialogueED.{{Random:{{Range: 1, 10}}|key={{Time}}}}{{BearFamProfanityChanges}}}}#$action AddMail Current MadDogSigurd_OverrideSeenToday received"
			},
			"When": {
				"HasMod |contains=TenebrousNova.EliDylan.CP": true,
				"Query: {{Random: {{Range: 1, 20}}|key=EDsig}} = 1": true, //key needs differentiating per mod
				"HasFlag |contains=MadDogSigurd_OverrideSeenToday": false
			}
		},
		//Rodney O'Brien (later include Edwina, Meredith)
		{
			"LogName": "Sigurd Rodney O'Brien Commentary",
			"Action": "EditData",
			"Priority": "Late",
			"Update": "OnLocationChange",
			"Target": "Characters/Dialogue/MadDog.HashtagBearFam.Sigurd",
			"Entries": {
				"{{WeekDay}}": "{{i18n:SigDialogueROB.{{Random:{{Range: 1, 5}}|key={{Time}}}}}}#$action AddMail Current MadDogSigurd_OverrideSeenToday received"
			},
			"When": {
				"HasMod |contains=TheFrenchDodo.RodneyOBrien": true,
				"Query: {{Random: {{Range: 1, 20}}|key=ROBsig}} = 1": true, //key needs differentiating per mod
				"HasFlag |contains=MadDogSigurd_OverrideSeenToday": false
			}
		},
		//Nora the Herpetologist
		{
			"LogName": "Sigurd Nora Commentary",
			"Action": "EditData",
			"Priority": "Late",
			"Update": "OnLocationChange",
			"Target": "Characters/Dialogue/MadDog.HashtagBearFam.Sigurd",
			"Entries": {
				"{{WeekDay}}": "{{i18n:SigDialogueNtH.{{Random:{{Range: 1, 3}}|key={{Time}}}}{{BearFamProfanityChanges}}}}#$action AddMail Current MadDogSigurd_OverrideSeenToday received"
			},
			"When": {
				"HasMod |contains=Bagi.Nora.CP": true,
				"Query: {{Random: {{Range: 1, 20}}|key=NtHsig}} = 1": true, //key needs differentiating per mod
				"HasFlag |contains=MadDogSigurd_OverrideSeenToday": false
			}
		},
		//Diamond in the Rough
		{
			"LogName": "Sigurd DitR Commentary",
			"Action": "EditData",
			"Priority": "Late",
			"Update": "OnLocationChange",
			"Target": "Characters/Dialogue/MadDog.HashtagBearFam.Sigurd",
			"Entries": {
				"{{WeekDay}}": "{{i18n:SigDialogueDitR.{{Random:{{Range: 1, 3}}|key={{Time}}}}}}#$action AddMail Current MadDogSigurd_OverrideSeenToday received"
			},
			"When": {
				"HasMod |contains=7thAxis.DitR.CP": true,
				"Query: {{Random: {{Range: 1, 20}}|key=DitRsig}} = 1": true, //key needs differentiating per mod
				"HasFlag |contains=MadDogSigurd_OverrideSeenToday": false
			}
		},
		//Sword and Sorcery
		{
			"LogName": "Sigurd SnS Commentary",
			"Action": "EditData",
			"Priority": "Late",
			"Update": "OnLocationChange",
			"Target": "Characters/Dialogue/MadDog.HashtagBearFam.Sigurd",
			"Entries": {
				"{{WeekDay}}": "{{i18n:SigDialogueSnS.{{Random:{{Range: 1, 3}}|key={{Time}}}}}}#$action AddMail Current MadDogSigurd_OverrideSeenToday received"
			},
			"When": {
				"HasMod |contains=DN.SnS": true,
				"Query: {{Random: {{Range: 1, 20}}|key=SnSsig}} = 1": true, //key needs differentiating per mod
				"HasFlag |contains=MadDogSigurd_OverrideSeenToday": false
			}
		},
		//Plum Forrest + Family
		{
			"LogName": "Sigurd Plum Commentary",
			"Action": "EditData",
			"Priority": "Late",
			"Update": "OnLocationChange",
			"Target": "Characters/Dialogue/MadDog.HashtagBearFam.Sigurd",
			"Entries": {
				"{{WeekDay}}": "{{i18n:SigDialoguePFAF.{{Random:{{Range: 1, 3}}|key={{Time}}}}}}#$action AddMail Current MadDogSigurd_OverrideSeenToday received"
			},
			"When": {
				"HasMod |contains=AgentPhoenixCupcake.cp.PlumForrest": true,
				"Query: {{Random: {{Range: 1, 20}}|key=PFAFsig}} = 1": true, //key needs differentiating per mod
				"HasFlag |contains=MadDogSigurd_OverrideSeenToday": false
			}
		},
		//Metalcore Goes Cottagecore
		{
			"LogName": "Sigurd MGC Commentary",
			"Action": "EditData",
			"Priority": "Late",
			"Update": "OnLocationChange",
			"Target": "Characters/Dialogue/MadDog.HashtagBearFam.Sigurd",
			"Entries": {
				"{{WeekDay}}": "{{i18n:SigDialogueMGC.{{Random:{{Range: 1, 5}}|key={{Time}}}}}}#$action AddMail Current MadDogSigurd_OverrideSeenToday received"
			},
			"When": {
				"HasMod |contains=Squeaks.MGC.CP": true,
				"Query: {{Random: {{Range: 1, 20}}|key=MGCsig}} = 1": true, //key needs differentiating per mod
				"HasFlag |contains=MadDogSigurd_OverrideSeenToday": false
			}
		},
		//Clown Cinematic Universe Zone
		//A New Dream now contains Traveling Dreamer, A New Dream
		/*{
			"LogName": "Sigurd Barron & John Commentary",
			"Action": "EditData",
			"Priority": "Late",
			"Update": "OnLocationChange",
			"Target": "Characters/Dialogue/MadDog.HashtagBearFam.Sigurd",
			"Entries": {
				"{{WeekDay}}": "{{i18n:SigDialogueFCAND.{{Random:{{Range: 1, 3}}|key={{Time}}}}}}#$action AddMail Current MadDogSigurd_OverrideSeenToday received"
			},
			"When": {
				"HasMod |contains=Fellowclown.AND": true,
				"Query: {{Random: {{Range: 1, 20}}|key=FCANDsig}} = 1": true, //key needs differentiating per mod
				"HasFlag |contains=MadDogSigurd_OverrideSeenToday": false
			}
		},
		//Passerby Cemetary now contains Settling Waters, Magical Family, The Wanderer.
		{
			"LogName": "Sigurd Passerby Cemetary Commentary",
			"Action": "EditData",
			"Priority": "Late",
			"Update": "OnLocationChange",
			"Target": "Characters/Dialogue/MadDog.HashtagBearFam.Sigurd",
			"Entries": {
				"{{WeekDay}}": "{{i18n:SigDialogueFCPC.{{Random:{{Range: 1, 6}}|key={{Time}}}}}}#$action AddMail Current MadDogSigurd_OverrideSeenToday received"
			},
			"When": {
				"HasMod |contains=Fellowclown.PC": true,
				"Query: {{Random: {{Range: 1, 20}}|key=FCPCsig}} = 1": true, //key needs differentiating per mod
				"HasFlag |contains=MadDogSigurd_OverrideSeenToday": false
			}
		},*/
		//Andrew 'Verse
		{
			"LogName": "Sigurd A Pelican Town Commentary",
			"Action": "EditData",
			"Priority": "Late",
			"Update": "OnLocationChange",
			"Target": "Characters/Dialogue/MadDog.HashtagBearFam.Sigurd",
			"Entries": {
				"{{WeekDay}}": "{{i18n:SigDialogueAPT.{{Random:{{Range: 1, 3}}|key={{Time}}}}{{BearFamProfanityChanges}}}}#$action AddMail Current MadDogSigurd_OverrideSeenToday received"
			},
			"When": {
				"HasMod |contains=AndrewJC.APelicanTown": true,
				"Query: {{Random: {{Range: 1, 20}}|key=APTsig}} = 1": true, //key needs differentiating per mod    //Abbreviation for key here
				"HasFlag |contains=MadDogSigurd_OverrideSeenToday": false
			}
		},
		{
			"LogName": "Sigurd Coalpoint Commentary",
			"Action": "EditData",
			"Priority": "Late",
			"Update": "OnLocationChange",
			"Target": "Characters/Dialogue/MadDog.HashtagBearFam.Sigurd",
			"Entries": {
				"{{WeekDay}}": "{{i18n:SigDialogueCPF.{{Random:{{Range: 1, 3}}|key={{Time}}}}{{BearFamProfanityChanges}}}}#$action AddMail Current MadDogSigurd_OverrideSeenToday received"
			},
			"When": {
				"HasMod |contains=AndrewJC.CoalPointFarm": true,
				"Query: {{Random: {{Range: 1, 20}}|key=CPFsig}} = 1": true, //key needs differentiating per mod    //Abbreviation for key here
				"HasFlag |contains=MadDogSigurd_OverrideSeenToday": false
			}
		},

		//Standalone NPCs
		//Yri The Architect
		/*{
			"LogName": "Sig YtA Commentary",
			"Action": "EditData",
			"Priority": "Late",
			"Update": "OnLocationChange",
			"Target": "Characters/Dialogue/MadDog.HashtagBearFam.Sigurd",
			"Entries": {
				"{{WeekDay}}": "{{i18n:SigDialogueYtA.{{Random:{{Range: 1, 3}}|key={{Time}}}}{{BearFamProfanityChanges}}}}#$action AddMail Current MadDogSigurd_OverrideSeenToday received"
			},
			"When": {
				"HasMod |contains=yri.yri": true,
				"Query: {{Random: {{Range: 1, 20}}|key=YtAsig}} = 1": true, //key needs differentiating per mod
				"HasFlag |contains=MadDogSigurd_OverrideSeenToday": false
			}
		},*/
		//Always Raining in the Valley
		{
			"LogName": "Sig ARV Commentary",
			"Action": "EditData",
			"Priority": "Late",
			"Update": "OnLocationChange",
			"Target": "Characters/Dialogue/MadDog.HashtagBearFam.Sigurd",
			"Entries": {
				"{{WeekDay}}": "{{i18n:SigDialogueARV.{{Random:{{Range: 1, 3}}|key={{Time}}}}}}#$action AddMail Current MadDogSigurd_OverrideSeenToday received"
			},
			"When": {
				"HasMod |contains=Himetarts.ARV.CP": true,
				"Query: {{Random: {{Range: 1, 20}}|key=ARVSig}} = 1": true, //key needs differentiating per mod
				"HasFlag |contains=MadDogSigurd_OverrideSeenToday": false
			}
		},
		//King's Raid Lucikiel
		{
			"LogName": "Sig Lucikiel Commentary",
			"Action": "EditData",
			"Priority": "Late",
			"Update": "OnLocationChange",
			"Target": "Characters/Dialogue/MadDog.HashtagBearFam.Sigurd",
			"Entries": {
				"{{WeekDay}}": "{{i18n:SigDialogueLuc.{{Random:{{Range: 1, 3}}|key={{Time}}}}}}#$action AddMail Current MadDogSigurd_OverrideSeenToday received"
			},
			"When": {
				"HasMod |contains=Arknir.Lucikiel": true,
				"Query: {{Random: {{Range: 1, 20}}|key=Lucsig}} = 1": true, //key needs differentiating per mod
				"HasFlag |contains=MadDogSigurd_OverrideSeenToday": false
			}
		},
		//King's Raid Lavril
		{
			"LogName": "Sig Lavril Commentary",
			"Action": "EditData",
			"Priority": "Late",
			"Update": "OnLocationChange",
			"Target": "Characters/Dialogue/MadDog.HashtagBearFam.Sigurd",
			"Entries": {
				"{{WeekDay}}": "{{i18n:SigDialogueLav.{{Random:{{Range: 1, 3}}|key={{Time}}}}}}#$action AddMail Current MadDogSigurd_OverrideSeenToday received"
			},
			"When": {
				"HasMod |contains=Arknir27.Lavril": true,
				"Query: {{Random: {{Range: 1, 20}}|key=Lavsig}} = 1": true, //key needs differentiating per mod
				"HasFlag |contains=MadDogSigurd_OverrideSeenToday": false,
				"HasFlag |contains=BearFamExtraMembers": true
			}
		},

		//expansions
		//DTZ
		{
			"LogName": "Sigurd DTZ Commentary", //mod name here
			"Action": "EditData",
			"Priority": "Late",
			"Update": "OnLocationChange",
			"Target": "Characters/Dialogue/MadDog.HashtagBearFam.Sigurd",
			"Entries": {
				"{{WeekDay}}": "{{i18n:SigDialogueDTZ.{{Random:{{Range: 1, 5}}|key={{Time}}}}{{BearFamProfanityChanges}}}}#$action AddMail Current MadDogSigurd_OverrideSeenToday received"
			},
			"When": {
				"HasMod |contains=DTZ.DowntownZuzuCP": true, //MOD ID HERE
				"Query: {{Random: {{Range: 1, 20}}|key=DTZsig}} = 1": true, //key needs differentiating per mod    //Abbreviation for key here
				"HasFlag |contains=MadDogSigurd_OverrideSeenToday": false
			}
		},
		//Stardew Valley Expanded
		{
			"LogName": "Sigurd SVE Commentary",
			"Action": "EditData",
			"Priority": "Late",
			"Update": "OnLocationChange",
			"Target": "Characters/Dialogue/MadDog.HashtagBearFam.Sigurd",
			"Entries": {
				"{{WeekDay}}": "{{i18n:SigDialogueSVE.{{Random:{{Range: 1, 4}}|key={{Time}}}}}}#$action AddMail Current MadDogSigurd_OverrideSeenToday received"
			},
			"When": {
				"HasMod |contains=FlashShifter.StardewValleyExpandedCP": true,
				"Query: {{Random: {{Range: 1, 20}}|key=SVEsig}} = 1": true, //key needs differentiating per mod
				"HasFlag |contains=MadDogSigurd_OverrideSeenToday": false
			}
		},
		//Ridgeside Village
		{
			"LogName": "Sigurd RSV Commentary",
			"Action": "EditData",
			"Priority": "Late",
			"Update": "OnLocationChange",
			"Target": "Characters/Dialogue/MadDog.HashtagBearFam.Sigurd",
			"Entries": {
				"{{WeekDay}}": "{{i18n:SigDialogueRSV.{{Random:{{Range: 1, 4}}|key={{Time}}}}}}#$action AddMail Current MadDogSigurd_OverrideSeenToday received"
			},
			"When": {
				"HasMod |contains=Rafseazz.RSVCP": true,
				"Query: {{Random: {{Range: 1, 20}}|key=RSVsig}} = 1": true, //key needs differentiating per mod
				"HasFlag |contains=MadDogSigurd_OverrideSeenToday": false
			}
		}

		//Visit Mount Vapius VMV
		/*{
			"LogName": "Sigurd VMV Commentary",
			"Action": "EditData",
			"Priority": "Late",
			"Update": "OnLocationChange",
			"Target": "Characters/Dialogue/MadDog.HashtagBearFam.Sigurd",
			"Entries": {
				"{{WeekDay}}": "{{i18n:SigDialogueVMV.{{Random:{{Range: 1, 3}}|key={{Time}}}}}}#$action AddMail Current MadDogSigurd_OverrideSeenToday received"
			},
			"When": {
				"HasMod |contains=Lumisteria.MtVapius": true,
				"Query: {{Random: {{Range: 1, 20}}|key=VMVsig}} = 1": true, //key needs differentiating per mod   
				"HasFlag |contains=MadDogSigurd_OverrideSeenToday": false
			}
		}*/

		/*
		//Sunberry Village SBV
		 {
      "LogName": "Sigurd SBV Commentary", 
      "Action": "EditData",
      "Priority": "Late",
		"Update": "OnLocationChange",
      "Target": "Characters/Dialogue/MadDog.HashtagBearFam.Sigurd",
      "Entries": {
        "{{WeekDay}}": "{{i18n:SigDialogueSBV.{{Random:{{Range: 1, 3}}|key={{Time}}}}}}#$action AddMail Current MadDogSigurd_OverrideSeenToday received"
      },
      "When": {
        "HasMod |contains=skellady.SBVCP": true, //MOD ID HERE - TBD (no public alpha or release yet!!!!!!!!!!!!)
        "Query: {{Random: {{Range: 1, 20}}|key=SBVsig}} = 1": true //key needs differentiating per mod    
		"HasFlag |contains=MadDogSigurd_OverrideSeenToday": false
      }
    }
    */


		//standalone NPCs - TBD as 1.6 mods are made available
		/* place holder template
     {
      "LogName": "Sigurd XXXXX Commentary", //mod name here
      "Action": "EditData",
      "Priority": "Late",
		"Update": "OnLocationChange",
      "Target": "Characters/Dialogue/MadDog.HashtagBearFam.Sigurd",
      "Entries": {
        "{{WeekDay}}": "{{i18n:SigDialogueXXXXX.{{Random:{{Range: 1, 3}}|key={{Time}}}}}}#$action AddMail Current MadDogSigurd_OverrideSeenToday received"
      },
      "When": {
        "HasMod |contains=X": true, //MOD ID HERE
        "Query: {{Random: {{Range: 1, 20}}|key=XXXXXsig}} = 1": true //key needs differentiating per mod    //Abbreviation for key here
		"HasFlag |contains=MadDogSigurd_OverrideSeenToday": false
      }
    }
     */

		//TBD Expansions depending on 1.6 - Cape Stardew, Adventurer Guild Expanded, Defense Division, Boarding House
		/* place holder template
     {
      "LogName": "Sigurd XXXXX Commentary", //mod name here
      "Action": "EditData",
      "Priority": "Late",
		"Update": "OnLocationChange",
      "Target": "Characters/Dialogue/MadDog.HashtagBearFam.Sigurd",
      "Entries": {
        "{{WeekDay}}": "{{i18n:SigDialogueXXXXX.{{Random:{{Range: 1, 3}}|key={{Time}}}}}}#$action AddMail Current MadDogSigurd_OverrideSeenToday received"
      },
      "When": {
        "HasMod |contains=X": true, //MOD ID HERE
        "Query: {{Random: {{Range: 1, 20}}|key=XXXXXsig}} = 1": true //key needs differentiating per mod    //Abbreviation for key here
		"HasFlag |contains=MadDogSigurd_OverrideSeenToday": false
      }
    }
     */
	]
}
