{
	"Changes": [

		{
			"LogName": "Sigurd Strings",
			"Action": "EditData",
			"Target": "Strings/schedules/MadDog.HashtagBearFam.Sigurd",
			"When": {
				"Query: {{Year}} % 2 = 1": true
			},
			"Entries": {

				//Strings

				"SigurdInn.000": "{{Random:{{i18n:StringsSigurdInn1}}++{{i18n:StringsSigurdInn2}}++{{i18n:StringsSigurdInn3}}|inputSeparator=++}}",
				"SigurdLibrary.000": "{{Random:{{i18n:StringsSigurdLibrary1}}++{{i18n:StringsSigurdLibrary2}}++{{i18n:StringsSigurdLibrary3}}|inputSeparator=++}}",
				"SigurdSpiritsEveInnA.000": "{{Random:{{i18n:StringsSigurdSpiritsEveInnA1}}++{{i18n:StringsSigurdSpiritsEveInnA2}}++{{i18n:StringsSigurdSpiritsEveInnA3}}|inputSeparator=++}}",
				"SigurdSpiritsEveInnB.000": "{{Random:{{i18n:StringsSigurdSpiritsEveInnB1}}++{{i18n:StringsSigurdSpiritsEveInnB2}}++{{i18n:StringsSigurdSpiritsEveInnB3{{BearFamProfanityChanges}}}}|inputSeparator=++}}",
				"SigurdAuntSondra1.000": "{{Random:{{i18n:StringsSigurdAuntSondraA1}}++{{i18n:StringsSigurdAuntSondraA2}}++{{i18n:StringsSigurdAuntSondraA3}}|inputSeparator=++}}",
				"SigurdAuntSondra2.000": "{{Random:{{i18n:StringsSigurdAuntSondraB1}}++{{i18n:StringsSigurdAuntSondraB2}}++{{i18n:StringsSigurdAuntSondraB3}}|inputSeparator=++}}",
				"SigurdTerenA.000": "{{Random:{{i18n:StringsSigurdTerenA1}}++{{i18n:StringsSigurdTerenA2}}++{{i18n:StringsSigurdTerenA3}}|inputSeparator=++}}",
				"SigurdTerenB.000": "{{Random:{{i18n:StringsSigurdTerenB1}}++{{i18n:StringsSigurdTerenB2}}++{{i18n:StringsSigurdTerenB3{{BearFamProfanityChanges}}}}|inputSeparator=++}}",
				"SigurdTerenStoryA.000": "{{i18n:StringsSigurdTerenStoryA{{Random:{{Range: 1, 4}}|key=oldstories}}{{BearFamProfanityChanges}}}}",
				"SigurdTerenStoryB.000": "{{i18n:StringsSigurdTerenStoryB{{Random:{{Range: 1, 4}}|key=oldstories}}}}",
				"SigurdTerenStoryC.000": "{{i18n:StringsSigurdTerenStoryC{{Random:{{Range: 1, 4}}|key=oldstories}}{{BearFamProfanityChanges}}}}",
				"SigurdTerenStoryD.000": "{{i18n:StringsSigurdTerenStoryD{{Random:{{Range: 1, 4}}|key=oldstories}}}}",
				"SigurdGreenRain.000": "{{Random:{{i18n:StringsSigurdGreenRain1}}++{{i18n:StringsSigurdGreenRain2}}++{{i18n:StringsSigurdGreenRain3}}|inputSeparator=++}}",
				"SigurdDTZA.000": "{{Random:{{i18n:StringsSigurdDTZA1}}++{{i18n:StringsSigurdDTZA2}}++{{i18n:StringsSigurdDTZA3}}|inputSeparator=++}}",
				"SigurdDTZB.000": "{{Random:{{i18n:StringsSigurdDTZB1}}++{{i18n:StringsSigurdDTZB2}}++{{i18n:StringsSigurdDTZB3}}|inputSeparator=++}}",
				"SigurdCambriaHivesA.000": "{{Random:{{i18n:StringsSigurdCambriaHivesA1}}++{{i18n:StringsSigurdCambriaHivesA2}}++{{i18n:StringsSigurdCambriaHivesA3}}|inputSeparator=++}}",
				"SigurdCambriaHivesB.000": "{{Random:{{i18n:StringsSigurdCambriaHivesB1}}++{{i18n:StringsSigurdCambriaHivesB2}}++{{i18n:StringsSigurdCambriaHivesB3}}|inputSeparator=++}}",
				"MarriedSigurdDesertFestival.000": "{{Random:{{i18n:StringsMarriedSigurdDesertFestival1{{SigurdSpousePetName}}}}++{{i18n:StringsMarriedSigurdDesertFestival2{{SigurdSpousePetName}}}}++{{i18n:StringsMarriedSigurdDesertFestival3{{SigurdSpousePetName}}}}|inputSeparator=++}}",
				"SigurdDesertFestival.000": "{{Random:{{i18n:StringsSigurdDesertFestival1}}++{{i18n:StringsSigurdDesertFestival2}}++{{i18n:StringsSigurdDesertFestival3}}++{{i18n:StringsSigurdDesertFestival4{{BearFamProfanityChanges}}}}++{{i18n:StringsSigurdDesertFestival5}}|inputSeparator=++}}"
				//"SigurdCampfire": "{{Random:{{i18n:StringsSigurdCampfire1.{{HasFlag |contains=SigDylanRHActive}}}}++{{i18n:StringsSigurdCampfire2.{{HasFlag |contains=SigDylanRHActive}}}}++{{i18n:StringsSigurdCampfire3.{{HasFlag |contains=SigDylanRHActive}}}}|inputSeparator=++}}"
			}
		},
		{
			"LogName": "Sigurd Strings Year 2",
			"Action": "EditData",
			"Target": "Strings/schedules/MadDog.HashtagBearFam.Sigurd",
			"When": {
				"Query: {{Year}} % 2 = 0": true
			},
			"Entries": {

				//Strings
				"SigurdSpiritsEveInnA.000": "{{Random:{{i18n:StringsSigurdSpiritsEveInnAy21}}++{{i18n:StringsSigurdSpiritsEveInnAy22}}++{{i18n:StringsSigurdSpiritsEveInnAy23}}|inputSeparator=++}}",
				"SigurdSpiritsEveInnB.000": "{{Random:{{i18n:StringsSigurdSpiritsEveInnBy21}}++{{i18n:StringsSigurdSpiritsEveInnBy22}}++{{i18n:StringsSigurdSpiritsEveInnBy23}}|inputSeparator=++}}",
				"SigurdInn.000": "{{Random:{{i18n:StringsSigurdInn1}}++{{i18n:StringsSigurdInn2}}++{{i18n:StringsSigurdInn3}}|inputSeparator=++}}",
				"SigurdLibrary.000": "{{Random:{{i18n:StringsSigurdLibrary1}}++{{i18n:StringsSigurdLibrary2}}++{{i18n:StringsSigurdLibrary3}}|inputSeparator=++}}",
				"SigurdAuntSondra1.000": "{{Random:{{i18n:StringsSigurdAuntSondraA1}}++{{i18n:StringsSigurdAuntSondraA2}}++{{i18n:StringsSigurdAuntSondraA3}}|inputSeparator=++}}",
				"SigurdAuntSondra2.000": "{{Random:{{i18n:StringsSigurdAuntSondraB1}}++{{i18n:StringsSigurdAuntSondraB2}}++{{i18n:StringsSigurdAuntSondraB3}}|inputSeparator=++}}",
				"SigurdTerenA.000": "{{Random:{{i18n:StringsSigurdTerenA1}}++{{i18n:StringsSigurdTerenA2}}++{{i18n:StringsSigurdTerenA3}}|inputSeparator=++}}",
				"SigurdTerenB.000": "{{Random:{{i18n:StringsSigurdTerenB1}}++{{i18n:StringsSigurdTerenB2}}++{{i18n:StringsSigurdTerenB3}}|inputSeparator=++}}",
				"SigurdTerenStoryA.000": "{{i18n:StringsSigurdTerenStoryA{{Random:{{Range: 1, 4}}|key=oldstories}}{{BearFamProfanityChanges}}}}",
				"SigurdTerenStoryB.000": "{{i18n:StringsSigurdTerenStoryB{{Random:{{Range: 1, 4}}|key=oldstories}}}}",
				"SigurdTerenStoryC.000": "{{i18n:StringsSigurdTerenStoryC{{Random:{{Range: 1, 4}}|key=oldstories}}{{BearFamProfanityChanges}}}}",
				"SigurdTerenStoryD.000": "{{i18n:StringsSigurdTerenStoryD{{Random:{{Range: 1, 4}}|key=oldstories}}}}",
				"SigurdGreenRain.000": "{{Random:{{i18n:StringsSigurdGreenRain1}}++{{i18n:StringsSigurdGreenRain2}}++{{i18n:StringsSigurdGreenRain3}}|inputSeparator=++}}",
				"SigurdDTZA.000": "{{Random:{{i18n:StringsSigurdDTZA1}}++{{i18n:StringsSigurdDTZA2}}++{{i18n:StringsSigurdDTZA3}}|inputSeparator=++}}",
				"SigurdDTZB.000": "{{Random:{{i18n:StringsSigurdDTZB1}}++{{i18n:StringsSigurdDTZB2}}++{{i18n:StringsSigurdDTZB3}}|inputSeparator=++}}",
				"SigurdCambriaHivesA.000": "{{Random:{{i18n:StringsSigurdCambriaHivesA1}}++{{i18n:StringsSigurdCambriaHivesA2}}++{{i18n:StringsSigurdCambriaHivesA3}}|inputSeparator=++}}",
				"SigurdCambriaHivesB.000": "{{Random:{{i18n:StringsSigurdCambriaHivesB1}}++{{i18n:StringsSigurdCambriaHivesB2}}++{{i18n:StringsSigurdCambriaHivesB3}}|inputSeparator=++}}",
				"MarriedSigurdDesertFestival.000": "{{Random:{{i18n:StringsMarriedSigurdDesertFestival1{{SigurdSpousePetName}}}}++{{i18n:StringsMarriedSigurdDesertFestival2{{SigurdSpousePetName}}}}++{{i18n:StringsMarriedSigurdDesertFestival3{{SigurdSpousePetName}}}}|inputSeparator=++}}",
				"SigurdDesertFestival.000": "{{Random:{{i18n:StringsSigurdDesertFestival1}}++{{i18n:StringsSigurdDesertFestival2}}++{{i18n:StringsSigurdDesertFestival3}}++{{i18n:StringsSigurdDesertFestival4{{BearFamProfanityChanges}}}}++{{i18n:StringsSigurdDesertFestival5}}|inputSeparator=++}}"
				//"SigurdCampfire": "{{Random:{{i18n:StringsSigurdCampfire1.{{HasFlag |contains=SigDylanRHActive}}}}++{{i18n:StringsSigurdCampfire2.{{HasFlag |contains=SigDylanRHActive}}}}++{{i18n:StringsSigurdCampfire3.{{HasFlag |contains=SigDylanRHActive}}}}|inputSeparator=++}}"
			}
		}
	]
}

