{
	"Changes": [

		{
			"LogName": "Sondra Strings",
			"Action": "EditData",
			"Target": "Strings/schedules/MadDog.HashtagBearFam.Sondra",
			"When": {
				"Query: {{Year}} % 2 = 1": true
			},
			"Entries": {

				//Strings

				"SondraSpiritsEveInnA.000": "{{Random:{{i18n:StringsSondraSpiritsEveInnA1}}++{{i18n:StringsSondraSpiritsEveInnA2}}++{{i18n:StringsSondraSpiritsEveInnA3}}|inputSeparator=++}}",
				"SondraSpiritsEveInnB.000": "{{Random:{{i18n:StringsSondraSpiritsEveInnB1}}++{{i18n:StringsSondraSpiritsEveInnB2}}++{{i18n:StringsSondraSpiritsEveInnB3}}|inputSeparator=++}}",
				"SondraNephewSigurd1.000": "{{Random:{{i18n:StringsSondraNephewSigurd11}}++{{i18n:StringsSondraNephewSigurd12}}++{{i18n:StringsSondraNephewSigurd13}}|inputSeparator=++}}",
				"SondraNephewSigurd2.000": "{{Random:{{i18n:StringsSondraNephewSigurd21}}++{{i18n:StringsSondraNephewSigurd22}}++{{i18n:StringsSondraNephewSigurd23}}|inputSeparator=++}}",
				"SondraShoppingTrip.000": "{{Random:{{i18n:StringsSondraShoppingTrip1}}++{{i18n:StringsSondraShoppingTrip2}}++{{i18n:StringsSondraShoppingTrip3}}|inputSeparator=++}}",
				"SondraLedgerAudit.000": "{{Random:{{i18n:StringsSondraLedgerAudit1{{CrossModCompatTokens}}}}++{{i18n:StringsSondraLedgerAudit2}}++{{i18n:StringsSondraLedgerAudit3{{CrossModCompatTokens}}}}|inputSeparator=++}}",
				"SondraTownPhoneCall.000": "{{Random:{{i18n:StringsSondraTownPhoneCall1}}++{{i18n:StringsSondraTownPhoneCall2}}++{{i18n:StringsSondraTownPhoneCall3}}|inputSeparator=++}}",
				"SondraGreenRain.000": "{{Random:{{i18n:StringsSondraGreenRain1}}++{{i18n:StringsSondraGreenRain2}}++{{i18n:StringsSondraGreenRain3}}|inputSeparator=++}}",
				"SondraDTZA.000": "{{Random:{{i18n:StringsSondraDTZA1}}++{{i18n:StringsSondraDTZA2}}++{{i18n:StringsSondraDTZA3}}|inputSeparator=++}}",
				"SondraDTZBarber.000": "{{Random:{{i18n:StringsSondraDTZBarber1}}++{{i18n:StringsSondraDTZBarber2}}++{{i18n:StringsSondraDTZBarber3}}|inputSeparator=++}}",
				"SondraDTZB.000": "{{Random:{{i18n:StringsSondraDTZB1}}++{{i18n:StringsSondraDTZB2}}++{{i18n:StringsSondraDTZB3}}|inputSeparator=++}}",
				"SondraDesertFestival.000": "{{Random:{{i18n:StringsSondraDesertFestival1}}++{{i18n:StringsSondraDesertFestival2.{{Query: '{{Season}}' = 'fall'}}}}++{{i18n:StringsSondraDesertFestival3}}++{{i18n:StringsSondraDesertFestival4}}++{{i18n:StringsSondraDesertFestival5}}|inputSeparator=++}}",
				"SondraPoaSB.000": "{{Random:{{i18n:StringsSondraPoaSB.1}}++{{i18n:StringsSondraPoaSB.2}}++{{i18n:StringsSondraPoaSB.3}}|inputSeparator=++}}"
			}
		},
		{
			"LogName": "Sondra Strings Year 2",
			"Action": "EditData",
			"Target": "Strings/schedules/MadDog.HashtagBearFam.Sondra",
			"When": {
				"Query: {{Year}} % 2 = 0": true
			},
			"Entries": {

				//Strings

				"SondraSpiritsEveInnA.000": "{{Random:{{i18n:StringsSondraSpiritsEveInnAy21}}++{{i18n:StringsSondraSpiritsEveInnAy22}}++{{i18n:StringsSondraSpiritsEveInnAy23}}|inputSeparator=++}}",
				"SondraSpiritsEveInnB.000": "{{Random:{{i18n:StringsSondraSpiritsEveInnBy21}}++{{i18n:StringsSondraSpiritsEveInnBy22}}++{{i18n:StringsSondraSpiritsEveInnBy23}}|inputSeparator=++}}",
				"SondraNephewSigurd1.000": "{{Random:{{i18n:StringsSondraNephewSigurd11}}++{{i18n:StringsSondraNephewSigurd12}}++{{i18n:StringsSondraNephewSigurd13}}|inputSeparator=++}}",
				"SondraNephewSigurd2.000": "{{Random:{{i18n:StringsSondraNephewSigurd21}}++{{i18n:StringsSondraNephewSigurd22}}++{{i18n:StringsSondraNephewSigurd23}}|inputSeparator=++}}",
				"SondraShoppingTrip.000": "{{Random:{{i18n:StringsSondraShoppingTrip1}}++{{i18n:StringsSondraShoppingTrip2}}++{{i18n:StringsSondraShoppingTrip3}}|inputSeparator=++}}",
				"SondraLedgerAudit.000": "{{Random:{{i18n:StringsSondraLedgerAudit1{{CrossModCompatTokens}}}}++{{i18n:StringsSondraLedgerAudit2}}++{{i18n:StringsSondraLedgerAudit3{{CrossModCompatTokens}}}}|inputSeparator=++}}",
				"SondraTownPhoneCall.000": "{{Random:{{i18n:StringsSondraTownPhoneCall1}}++{{i18n:StringsSondraTownPhoneCall2}}++{{i18n:StringsSondraTownPhoneCall3}}|inputSeparator=++}}",
				"SondraGreenRain.000": "{{Random:{{i18n:StringsSondraGreenRain1}}++{{i18n:StringsSondraGreenRain2}}++{{i18n:StringsSondraGreenRain3}}|inputSeparator=++}}",
				"SondraDTZA.000": "{{Random:{{i18n:StringsSondraDTZA1}}++{{i18n:StringsSondraDTZA2}}++{{i18n:StringsSondraDTZA3}}|inputSeparator=++}}",
				"SondraDTZBarber.000": "{{Random:{{i18n:StringsSondraDTZBarber1}}++{{i18n:StringsSondraDTZBarber2}}++{{i18n:StringsSondraDTZBarber3}}|inputSeparator=++}}",
				"SondraDTZB.000": "{{Random:{{i18n:StringsSondraDTZB1}}++{{i18n:StringsSondraDTZB2}}++{{i18n:StringsSondraDTZB3}}|inputSeparator=++}}",
				"SondraDesertFestival.000": "{{Random:{{i18n:StringsSondraDesertFestival1}}++{{i18n:StringsSondraDesertFestival2.{{Query: '{{Season}}' = 'fall'}}}}++{{i18n:StringsSondraDesertFestival3}}++{{i18n:StringsSondraDesertFestival4}}++{{i18n:StringsSondraDesertFestival5}}|inputSeparator=++}}",
				"SondraPoaSB.000": "{{Random:{{i18n:StringsSondraPoaSB.1}}++{{i18n:StringsSondraPoaSB.2}}++{{i18n:StringsSondraPoaSB.3}}|inputSeparator=++}}"
			}
		}
	]
} 

