{
	"Changes": [

		{
			"LogName": "Sondra Standard Keys ",
			"Action": "EditData",
			"Target": "Characters/Dialogue/MadDog.HashtagBearFam.Sondra",
			"Entries": {

				"Introduction": "{{i18n:SondraIntroduction{{PlayerJobTitle}}}}",
				//"BearsIntroductionNoMatterWhat": "{{i18n:SondraIntroduction}}",
				"WinterStar_GiveGift_Before": "{{i18n:SondraWinterStarBefore}}",
				"WinterStar_GiveGift_After": "{{i18n:SondraWinterStarAfter}}",
				"WinterStar_ReceiveGift": "{{i18n:SondraWinterStarReceiveGift}}",
				"WinterStar_ReceiveGift_(O)Book_QueenOfSauce": "{{i18n:Sondra.WinterStarReceiveGift.Book_QueenOfSauce}}",
				"WinterStar_ReceiveGift_(O)104": "{{i18n:Sondra.WinterStarReceiveGift.ElvishJewelry}}",
				"WinterStar_ReceiveGift_(O)72": "{{i18n:Sondra.WinterStarReceiveGift.Diamond}}",
				"WinterStar_ReceiveGift_category_flowers": "{{i18n:Sondra.WinterStarReceiveGift.category_flowers{{Random: 1, 2, 3, 4}}}}",
				"Fair_Judging": "{{i18n:SondraFairJudging{{CrossModCompatTokens}}}}",
				"Fair_Judged_PlayerLost_PurpleShorts": "{{i18n:SondraFairPurpleShorts}}",
				"Fair_Judged_PlayerLost_Skipped": "{{i18n:SondraFairSkipped}}",
				"Fair_Judged_PlayerLost": "{{i18n:SondraFairLost}}",
				"Fair_Judged_PlayerWon": "{{i18n:SondraFairWon}}",
				"RejectBouquet_NotDatable": "{{i18n:SondraRejectBouquet}}",
				"DumpsterDiveComment": "{{i18n:SondraDumpsterDiveComment}}",
				"HitBySlingshot": "{{i18n:SondraHitBySlingshot}}",
				"GreenRain": "{{i18n:SondraGreenRain}}",
				"GreenRainFinished": "{{i18n:SondraGreenRainFinished}}",
				"GreenRain_2": "{{i18n:SondraGreenRain2}}",
				"HitBySlingshot_arrow_item": "{{i18n:SondraHitbySlingShotArrow{{Random:1++2|inputSeparator=++}}}}",
				"HitBySlingshot_(O)Cornucopia_Durian": "{{i18n:SondraHitbySlingShotCornucopiaDurian}}",
				"HitBySlingshot_(O)TenebrousNova.EliDylan.CP_TenebrousNova.EnD.SanguineHeart": "{{i18n:SondraHitbySlingShotEnDSanguineHeart}}",

				"Saloon_Entry": "{{i18n:SondraSaloonEntry1}}/{{i18n:SondraSaloonEntry2}}/{{i18n:SondraSaloonEntry3}}/{{i18n:SondraSaloonEntry4}}",
				"Town_Entry": "{{i18n:SondraTownEntry1}}/{{i18n:SondraTownEntry2}}/{{i18n:SondraTownEntry3}}/{{i18n:SondraTownEntry4}}",
				"SeedShop_Entry": "{{i18n:SondraSeedShopEntry1}}/{{i18n:SondraSeedShopEntry2}}/{{i18n:SondraSeedShopEntry3}}/{{i18n:SondraSeedShopEntry4}}",
				"EastScarp_Village_Entry": "{{i18n:SondraESVillageEntry1}}/{{i18n:SondraESVillageEntry2}}/{{i18n:SondraESVillageEntry3}}/{{i18n:SondraESVillageEntry4}}",

				"RejectMermaidPendant_NotDatable": "{{i18n:SondraRejectMermaidPendantNotDatable}}",
				"RejectMermaidPendant": "{{i18n:SondraRejectMermaidPendantDefault}}",

				"RejectMovieTicket_AlreadyInvitedBySomeoneElse": "{{i18n:SondraRejectMovieTicketAlreadyInvited}}",
				"RejectMovieTicket_AlreadyWatchedThisWeek": "{{i18n:SondraRejectMovieTicketAlreadyWatched}}",
				"RejectMovieTicket_DontWantToSeeThatMovie": "{{i18n:SondraRejectMovieTicketNotInterested}}",
				"RejectMovieTicket": "{{i18n:SondraRejectMovieTicketDefault}}",

				"dating_MadDog.HashtagBearFam.Gunnar": "{{i18n:SondradatingGunnar}}",
				"married_MadDog.HashtagBearFam.Gunnar": "{{i18n:SondramarriedGunnar}}",
				"divorced_MadDog.HashtagBearFam.Gunnar": "{{i18n:SondradivorcedGunnar}}",

				"dating_MadDog.HashtagBearFam.Sigurd": "{{i18n:SondradatingSig}}",
				"married_MadDog.HashtagBearFam.Sigurd": "{{i18n:SondramarriedSig}}",
				"divorced_MadDog.HashtagBearFam.Sigurd": "{{i18n:SondradivorcedSig}}",

				"dating_MadDog.HashtagBearFam.Teren": "{{i18n:SondradatingTeren}}",
				"married_MadDog.HashtagBearFam.Teren": "{{i18n:SondramarriedTeren}}",
				"divorced_MadDog.HashtagBearFam.Teren": "{{i18n:SondradivorcedTeren}}",

				"married_memory_oneweek": "{{i18n:Sondrafarmermarriedoneweek}}",
				"firstVisit_Railroad": "{{i18n:Sondrafirstrailroad}}",
				"firstVisit_Sewer": "{{i18n:Sondrafirstsewer}}",
				"gotPet": "{{i18n:SondragotPet}}",
				"SquidFest": "{{i18n:SondraSquidfest}}",
				"married": "{{i18n:Sondrafarmermarried}}",
				"houseUpgrade_1": "{{i18n:Sondrahouseupgradefirst}}",

				"achievement_19": "{{i18n:Sondraachievementhouseupgradesecond}}", //big house upgrade Son
				"achievement_16": "{{i18n:Sondraachievementmorecooking}}", //more cooking  Son
				"achievement_15": "{{i18n:Sondraachievementcooking}}", //cooking    Son
				"cropMatured_Carrot": "{{i18n:SondragrewCarrot}}", //son
				"cropMatured_421": "{{i18n:SondragrewSunflower}}", //son  
				"cropMatured_593": "{{i18n:SondragrewSummerSpangle}}", //son

				// Resort Lines //done
				"Resort_Entering": "{{i18n:SondraResEnter}}",
				"Resort_Leaving": "{{i18n:SondraResLeave}}",
				"Resort_Shore": "{{i18n:SondraResShore}}",
				"Resort_Umbrella": "{{i18n:SondraResUmbrella}}",
				"Resort_Wander": "{{i18n:SondraResWander}}",
				"Resort_Wander_2": "{{i18n:SondraResWander2}}",
				"Resort_Chair": "{{i18n:SondraResChair}}",
				"Resort_Bar": "{{i18n:SondraResBar}}",
				"Resort_Towel": "{{i18n:SondraResTowel}}",
				"Resort_Towel_2": "{{i18n:SondraResTowel2}}",
				"Resort_Towel_3": "{{i18n:SondraResTowel3}}",
				"Resort": "{{i18n:SondraResort}}",

				"GrandpaHaunts": "{{i18n:SondraCTGrandpaHaunts}}",
				"GudrunGrades": "{{i18n:SondraCTGudrunGrades}}",
				"SootPocketAdventure": "{{i18n:SondraCTSootPocketAdventure}}",
				"TerensRecipes": "{{i18n:SondraCTTerenRecipes}}",
				"BearRecipes": "{{i18n:SondraCTBearRecipes}}",
				"GunnarRecipes": "{{i18n:SondraCTGunnarRecipes}}",
				"SondraRecipes": "{{i18n:SondraCTSondraRecipes}}",

				"spring_19_{{ThisYear}}": "{{i18n:SondraSpring19}}",
				"spring_28_{{ThisYear}}": "{{i18n:SondraSpring27}}",
				"fall_18_{{ThisYear}}": "{{i18n:SondraFall18}}",
				"winter_23_{{ThisYear}}": "{{i18n:SondraWinter23}}",
				"winter_28_{{ThisYear}}": "{{i18n:SondraWinter28}}",

				"spring_12_{{ThisYear}}": "{{i18n:SondraSpring12}}",
				"spring_23_{{ThisYear}}": "{{i18n:SondraSpring23}}",
				"summer_10_{{ThisYear}}": "{{i18n:SondraSummer10}}",
				"summer_27_{{ThisYear}}": "{{i18n:SondraSummer27}}",
				"fall_15_{{ThisYear}}": "{{i18n:SondraFall15}}",
				"fall_26_{{ThisYear}}": "{{i18n:SondraFall26}}",
				"winter_7_{{ThisYear}}": "{{i18n:SondraWinter7}}",
				"winter_16_{{ThisYear}}": "{{i18n:SondraWinter.{{Random:{{Range: 1, 3}}}}}}",
				"winter_24_{{ThisYear}}": "{{i18n:SondraWinter24}}"
			}
		},
		//daily
		{
			"LogName": "Dialogue - 0-4",
			"Action": "EditData",
			"Target": "Characters/Dialogue/MadDog.HashtagBearFam.Sondra",
			"Update": "OnLocationChange",
			"Entries": {
				"{{WeekDay}}": "{{i18n:SondraDialogue04.{{Random:{{Range: 1, 30}}}}}}"
			},
			"When": {
				"HasFlag |contains=MadDogSondra_OverrideSeenToday": false
			}
		},
		{
			"LogName": "Dialogue - 0-4 - Seasonal",
			"Action": "EditData",
			"Target": "Characters/Dialogue/MadDog.HashtagBearFam.Sondra",
			"Priority": "Late",
			"Update": "OnLocationChange",
			"Entries": {
				"{{WeekDay}}": "{{i18n:SondraDialogue04.{{season}}.{{Random:{{Range: 1, 5}}|key={{Time}}}}{{CrossModCompatTokens}}}}#$action AddMail Current MadDogSondra_OverrideSeenToday received"
			},
			"When": {
				"HasFlag |contains=MadDogSondra_OverrideSeenToday": false,
				"Query: {{Random: {{Range: 1, 15}}|key=SondraSeasonA}} = 1": true
			}
		},
		{
			"LogName": "Dialogue - 6-10",
			"Action": "EditData",
			"Target": "Characters/Dialogue/MadDog.HashtagBearFam.Sondra",
			"Update": "OnLocationChange",
			"Entries": {
				"{{WeekDay}}": "{{i18n:SondraDialogue610.{{Random:{{Range: 1, 60}}}}}}"
			},
			"When": {
				"HasFlag |contains=MadDogSondra_OverrideSeenToday": false,
				"Hearts:MadDog.HashtagBearFam.Sondra": "{{Range: 5, 10}}"
			}
		},
		{
			"LogName": "Dialogue - 6 - 10 Seasonal Platonic - Seasonal",
			"Action": "EditData",
			"Target": "Characters/Dialogue/MadDog.HashtagBearFam.Sondra",
			"Priority": "Late",
			"Update": "OnLocationChange",
			"Entries": {
				"{{WeekDay}}": "{{i18n:SondraDialogue610.{{season}}.{{Random:{{Range: 1, 5}}|key={{Time}}}}}}#$action AddMail Current MadDogSondra_OverrideSeenToday received"
			},
			"When": {
				"HasFlag |contains=MadDogSondra_OverrideSeenToday": false,
				"Query: {{Random: {{Range: 1, 15}}|key=SondraSeasonB}} = 1": true,
				"Hearts:MadDog.HashtagBearFam.Sondra": "{{Range: 5, 10}}"
			}
		},
		{
			"LogName": "Dialogue - Bonus Override",
			"Action": "EditData",
			"Target": "Characters/Dialogue/MadDog.HashtagBearFam.Sondra",
			"Update": "OnLocationChange",
			"Entries": {
				"{{WeekDay}}": "{{i18n:Sondra.AboutWulfram.{{Random:{{Range: 1, 15}}|key={{Time}}}}}}#$action AddMail Current MadDogSondra_OverrideSeenToday received"
			},
			"When": {
				"HasFlag |contains=MadDogSondra_OverrideSeenToday": false,
				"Query: {{Random: {{Range: 1, 15}}|key=SondraAboutWolfram}} = 1": true
			}
		},

		//crossover dialogue
		//////////////////////////////////////////////////////////////////////////////////////
		//Birthday Zone
		{
			"LogName": "Sondra Birthday Commentary - ED",
			"Action": "EditData",
			"Priority": "Late",
			"Target": "Characters/Dialogue/MadDog.HashtagBearFam.Sondra",
			"Entries": {
				"winter_5_{{ThisYear}}": "{{i18n:Sondra.Birthday.ED.Eli}}",
				"fall_17_{{ThisYear}}": "{{i18n:Sondra.Birthday.ED.Dylan}}"
			},
			"When": {
				"HasMod |contains=TenebrousNova.EliDylan.CP": true
			}
		},
		{
			"LogName": "Sondra Birthday Commentary - Rodney",
			"Action": "EditData",
			"Priority": "Late",
			"Target": "Characters/Dialogue/MadDog.HashtagBearFam.Sondra",
			"Entries": {
				"summer_2_{{ThisYear}}": "{{i18n:Sondra.Birthday.ROB.Rodney}}"
			},
			"When": {
				"HasMod |contains=TheFrenchDodo.RodneyOBrien": true
			}
		},
		{
			"LogName": "Sondra Birthday Commentary - Nora",
			"Action": "EditData",
			"Priority": "Late",
			"Target": "Characters/Dialogue/MadDog.HashtagBearFam.Sondra",
			"Entries": {
				"fall_3_{{ThisYear}}": "{{i18n:Sondra.Birthday.NtH.Nora}}"
			},
			"When": {
				"HasMod |contains=Bagi.Nora.CP": true
			}
		},
		{
			"LogName": "Sondra Birthday Commentary - DiTR",
			"Action": "EditData",
			"Priority": "Late",
			"Target": "Characters/Dialogue/MadDog.HashtagBearFam.Sondra",
			"Entries": {
				"spring_11_{{ThisYear}}": "{{i18n:Sondra.Birthday.DiTR.Eve}}",
				"fall_7_{{ThisYear}}": "{{i18n:Sondra.Birthday.DiTR.Trace}}"
			},
			"When": {
				"HasMod |contains=7thAxis.DitR.CP": true
			}
		},
		{
			"LogName": "Sondra Birthday Commentary - SnS",
			"Action": "EditData",
			"Priority": "Late",
			"Target": "Characters/Dialogue/MadDog.HashtagBearFam.Sondra",
			"Entries": {
				"fall_24_{{ThisYear}}": "{{i18n:Sondra.Birthday.SnS.Mateo.{{HasSeenEvent |contains=SnS.Ch1.Mateo.0}}}}",
				"summer_17_{{ThisYear}}": "{{i18n:Sondra.Birthday.SnS.Cirrus.{{HasSeenEvent |contains=SnS.Ch3.Cirrus.1}}}}"
			},
			"When": {
				"HasMod |contains=DN.SnS": true
			}
		},
		{
			"LogName": "Sondra Birthday Commentary - MGC",
			"Action": "EditData",
			"Priority": "Late",
			"Target": "Characters/Dialogue/MadDog.HashtagBearFam.Sondra",
			"Entries": {
				"winter_10_{{ThisYear}}": "{{i18n:Sondra.Birthday.MGC.Cambria}}"
			},
			"When": {
				"HasMod |contains=Squeaks.MGC.CP": true
			}
		},
		{
			"LogName": "Sondra Birthday Commentary - SVE",
			"Action": "EditData",
			"Priority": "Late",
			"Target": "Characters/Dialogue/MadDog.HashtagBearFam.Sondra",
			"Entries": {
				"spring_14_{{ThisYear}}": "{{i18n:Sondra.Birthday.SVE.Olivia}}"
			},
			"When": {
				"HasMod |contains=FlashShifter.StardewValleyExpandedCP": true
			}
		},
		{
			"LogName": "Sondra Birthday Commentary - RSV",
			"Action": "EditData",
			"Priority": "Late",
			"Target": "Characters/Dialogue/MadDog.HashtagBearFam.Sondra",
			"Entries": {
				"summer_11_{{ThisYear}}": "{{i18n:Sondra.Birthday.RSV.Faye}}"
			},
			"When": {
				"HasMod |contains=Rafseazz.RSVCP": true
			}
		},
		//////////////////////////////////////////////////////////////////////////////////////

		//Eli and Dylan
		{
			"LogName": "Sondra ED Commentary",
			"Action": "EditData",
			"Priority": "Late",
			"Update": "OnLocationChange",
			"Target": "Characters/Dialogue/MadDog.HashtagBearFam.Sondra",
			"Entries": {
				"{{WeekDay}}": "{{i18n:SondraDialogueED.{{Random:{{Range: 1, 10}}|key={{Time}}}}}}#$action AddMail Current MadDogSondra_OverrideSeenToday received"
			},
			"When": {
				"HasFlag |contains=MadDogSondra_OverrideSeenToday": false,
				"HasMod |contains=TenebrousNova.EliDylan.CP": true,
				"Query: {{Random: {{Range: 1, 20}}|key=EDson}} = 1": true //key needs differentiating per mod
			}
		},
		//Rodney O'Brien (later include Edwina, Meredith)
		{
			"LogName": "Sondra Rodney O'Brien Commentary",
			"Action": "EditData",
			"Priority": "Late",
			"Update": "OnLocationChange",
			"Target": "Characters/Dialogue/MadDog.HashtagBearFam.Sondra",
			"Entries": {
				"{{WeekDay}}": "{{i18n:SondraDialogueROB.{{Random:{{Range: 1, 3}}|key={{Time}}}}}}#$action AddMail Current MadDogSondra_OverrideSeenToday received"
			},
			"When": {
				"HasFlag |contains=MadDogSondra_OverrideSeenToday": false,
				"HasMod |contains=TheFrenchDodo.RodneyOBrien": true,
				"Query: {{Random: {{Range: 1, 20}}|key=ROBson}} = 1": true //key needs differentiating per mod
			}
		},
		//Nora the Herpetologist
		{
			"LogName": "Sondra Nora Commentary",
			"Action": "EditData",
			"Priority": "Late",
			"Update": "OnLocationChange",
			"Target": "Characters/Dialogue/MadDog.HashtagBearFam.Sondra",
			"Entries": {
				"{{WeekDay}}": "{{i18n:SondraDialogueNtH.{{Random:{{Range: 1, 3}}|key={{Time}}}}}}#$action AddMail Current MadDogSondra_OverrideSeenToday received"
			},
			"When": {
				"HasFlag |contains=MadDogSondra_OverrideSeenToday": false,
				"HasMod |contains=Bagi.Nora.CP": true,
				"Query: {{Random: {{Range: 1, 20}}|key=NtHson}} = 1": true //key needs differentiating per mod
			}
		},
		//Diamond in the Rough
		{
			"LogName": "Sondra DitR Commentary",
			"Action": "EditData",
			"Priority": "Late",
			"Update": "OnLocationChange",
			"Target": "Characters/Dialogue/MadDog.HashtagBearFam.Sondra",
			"Entries": {
				"{{WeekDay}}": "{{i18n:SondraDialogueDitR.{{Random:{{Range: 1, 3}}|key={{Time}}}}}}#$action AddMail Current MadDogSondra_OverrideSeenToday received"
			},
			"When": {
				"HasFlag |contains=MadDogSondra_OverrideSeenToday": false,
				"HasMod |contains=7thAxis.DitR.CP": true,
				"Query: {{Random: {{Range: 1, 20}}|key=DitRson}} = 1": true //key needs differentiating per mod
			}
		},
		//Sword and Sorcery
		{
			"LogName": "Sondra SnS Commentary",
			"Action": "EditData",
			"Priority": "Late",
			"Update": "OnLocationChange",
			"Target": "Characters/Dialogue/MadDog.HashtagBearFam.Sondra",
			"Entries": {
				"{{WeekDay}}": "{{i18n:SondraDialogueSnS.{{Random:{{Range: 1, 3}}|key={{Time}}}}}}#$action AddMail Current MadDogSondra_OverrideSeenToday received"
			},
			"When": {
				"HasFlag |contains=MadDogSondra_OverrideSeenToday": false,
				"HasMod |contains=DN.SnS": true,
				"Query: {{Random: {{Range: 1, 20}}|key=SnSson}} = 1": true //key needs differentiating per mod
			}
		},
		//Plum Forrest + Family
		{
			"LogName": "Sondra Plum Commentary",
			"Action": "EditData",
			"Priority": "Late",
			"Update": "OnLocationChange",
			"Target": "Characters/Dialogue/MadDog.HashtagBearFam.Sondra",
			"Entries": {
				"{{WeekDay}}": "{{i18n:SondraDialoguePFAF.{{Random:{{Range: 1, 3}}|key={{Time}}}}}}#$action AddMail Current MadDogSondra_OverrideSeenToday received"
			},
			"When": {
				"HasFlag |contains=MadDogSondra_OverrideSeenToday": false,
				"HasMod |contains=AgentPhoenixCupcake.cp.PlumForrest": true,
				"Query: {{Random: {{Range: 1, 20}}|key=PFAFson}} = 1": true //key needs differentiating per mod
			}
		},
		//Metalcore Goes Cottagecore
		{
			"LogName": "Sondra MGC Commentary",
			"Priority": "Late",
			"Action": "EditData",
			"Update": "OnLocationChange",
			"Target": "Characters/Dialogue/MadDog.HashtagBearFam.Sondra",
			"Entries": {
				"{{WeekDay}}": "{{i18n:SondraDialogueMGC.{{Random:{{Range: 1, 5}}|key={{Time}}}}}}#$action AddMail Current MadDogSondra_OverrideSeenToday received"
			},
			"When": {
				"HasFlag |contains=MadDogSondra_OverrideSeenToday": false,
				"HasMod |contains=Squeaks.MGC.CP": true,
				"Query: {{Random: {{Range: 1, 20}}|key=MGCson}} = 1": true //key needs differentiating per mod
			}
		},
		//Clown Cinematic Universe Zone
		//Traveling Dreamer - A New Dream
		/*{
			"LogName": "Sondra Barron & JohnCommentary",
			"Action": "EditData",
			"Priority": "Late",
			"Update": "OnLocationChange",
			"Target": "Characters/Dialogue/MadDog.HashtagBearFam.Sondra",
			"Entries": {
				"{{WeekDay}}": "{{i18n:SondraDialogueFCAND.{{Random:{{Range: 1, 3}}|key={{Time}}}}}}#$action AddMail Current MadDogSondra_OverrideSeenToday received"
			},
			"When": {
				"HasFlag |contains=MadDogSondra_OverrideSeenToday": false,
				"HasMod |contains=Fellowclown.AND": true,
				"Query: {{Random: {{Range: 1, 20}}|key=FCTDson}} = 1": true //key needs differentiating per mod
			}
		},
		//Passerby Cemetary now contains Settling Waters, Magical Family, The Wanderer.
		{
			"LogName": "Sondra Passerby Cemetary Commentary",
			"Action": "EditData",
			"Priority": "Late",
			"Update": "OnLocationChange",
			"Target": "Characters/Dialogue/MadDog.HashtagBearFam.Sondra",
			"Entries": {
				"{{WeekDay}}": "{{i18n:SondraDialogueFCPC.{{Random:{{Range: 1, 3}}|key={{Time}}}}}}#$action AddMail Current MadDogSondra_OverrideSeenToday received"
			},
			"When": {
				"HasFlag |contains=MadDogSondra_OverrideSeenToday": false,
				"HasMod |contains=Fellowclown.PC": true,
				"Query: {{Random: {{Range: 1, 20}}|key=FCPCson}} = 1": true //key needs differentiating per mod
			}
		},*/
		//Andrew 'Verse
		{
			"LogName": "Sondra A Pelican Town Commentary",
			"Action": "EditData",
			"Priority": "Late",
			"Update": "OnLocationChange",
			"Target": "Characters/Dialogue/MadDog.HashtagBearFam.Sondra",
			"Entries": {
				"{{WeekDay}}": "{{i18n:SondraDialogueAPT.{{Random:{{Range: 1, 3}}|key={{Time}}}}{{CrossModCompatTokens}}}}#$action AddMail Current MadDogSondra_OverrideSeenToday received"
			},
			"When": {
				"HasFlag |contains=MadDogSondra_OverrideSeenToday": false,
				"HasMod |contains=AndrewJC.APelicanTown": true,
				"Query: {{Random: {{Range: 1, 20}}|key=APTson}} = 1": true //key needs differentiating per mod    //Abbreviation for key here
			}
		},
		{
			"LogName": "Sondra Coalpoint Commentary",
			"Action": "EditData",
			"Priority": "Late",
			"Update": "OnLocationChange",
			"Target": "Characters/Dialogue/MadDog.HashtagBearFam.Sondra",
			"Entries": {
				"{{WeekDay}}": "{{i18n:SondraDialogueCPF.{{Random:{{Range: 1, 3}}|key={{Time}}}}}}#$action AddMail Current MadDogSondra_OverrideSeenToday received"
			},
			"When": {
				"HasFlag |contains=MadDogSondra_OverrideSeenToday": false,
				"HasMod |contains=AndrewJC.CoalPointFarm": true,
				"Query: {{Random: {{Range: 1, 20}}|key=CPFson}} = 1": true //key needs differentiating per mod    //Abbreviation for key here
			}
		},
		//Standalone NPCs
		/*{
			"LogName": "Sondra YtA Commentary",
			"Action": "EditData",
			"Priority": "Late",
			"Update": "OnLocationChange",
			"Target": "Characsons/Dialogue/MadDog.HashtagBearFam.Sondra",
			"Entries": {
				"{{WeekDay}}": "{{i18n:SondraDialogueYtA.{{Random:{{Range: 1, 3}}|key={{Time}}}}{{CrossModCompatTokens}}}}#$action AddMail Current MadDogSondra_OverrideSeenToday received"
			},
			"When": {
				"HasFlag |contains=MadDogSondra_OverrideSeenToday": false,
				"HasMod |contains=yri.yri": true,
				"Query: {{Random: {{Range: 1, 20}}|key=YtAson}} = 1": true //key needs differentiating per mod
			}
		},*/
		{
			"LogName": "Sondra ARV Commentary",
			"Action": "EditData",
			"Priority": "Late",
			"Update": "OnLocationChange",
			"Target": "Characsons/Dialogue/MadDog.HashtagBearFam.Sondra",
			"Entries": {
				"{{WeekDay}}": "{{i18n:SondraDialogueARV.{{Random:{{Range: 1, 3}}|key={{Time}}}}}}#$action AddMail Current MadDogSondra_OverrideSeenToday received"
			},
			"When": {
				"HasFlag |contains=MadDogSondra_OverrideSeenToday": false,
				"HasMod |contains=Himetarts.ARV.CP": true,
				"Query: {{Random: {{Range: 1, 20}}|key=ARVson}} = 1": true //key needs differentiating per mod
			}
		},
		{
			"LogName": "Sondra Lucikiel Commentary",
			"Action": "EditData",
			"Priority": "Late",
			"Update": "OnLocationChange",
			"Target": "Characsons/Dialogue/MadDog.HashtagBearFam.Sondra",
			"Entries": {
				"{{WeekDay}}": "{{i18n:SondraDialogueLuc.{{Random:{{Range: 1, 3}}|key={{Time}}}}}}#$action AddMail Current MadDogSondra_OverrideSeenToday received"
			},
			"When": {
				"HasFlag |contains=MadDogSondra_OverrideSeenToday": false,
				"HasMod |contains=Arknir.Lucikiel": true,
				"Query: {{Random: {{Range: 1, 20}}|key=Lucson}} = 1": true //key needs differentiating per mod
			}
		},
		{
			"LogName": "Sondra Lavril Commentary",
			"Action": "EditData",
			"Priority": "Late",
			"Update": "OnLocationChange",
			"Target": "Characsons/Dialogue/MadDog.HashtagBearFam.Sondra",
			"Entries": {
				"{{WeekDay}}": "{{i18n:SondraDialogueLav.{{Random:{{Range: 1, 3}}|key={{Time}}}}}}#$action AddMail Current MadDogSondra_OverrideSeenToday received"
			},
			"When": {
				"HasFlag |contains=MadDogSondra_OverrideSeenToday": false,
				"HasMod |contains=Arknir27.Lavril": true,
				"Query: {{Random: {{Range: 1, 20}}|key=Lavson}} = 1": true, //key needs differentiating per mod
				"HasFlag |contains=BearFamExtraMembers": true
			}
		},

		//standalone NPCs - TBD as 1.6 mods are made available
		/* place holder template
     {
      "LogName": "Sondra XXXXX Commentary", //mod name here
      "Action": "EditData",
      "Priority": "Late",
		"Update": "OnLocationChange",
      "Target": "Characters/Dialogue/MadDog.HashtagBearFam.Sondra",
      "Entries": {
        "{{WeekDay}}": "{{i18n:SondraDialogueXXXXX.{{Random:{{Range: 1, 3}}|key={{Time}}}}}}#$action AddMail Current MadDogSondra_OverrideSeenToday received"
      },
      "When": {
		"HasFlag |contains=MadDogSondra_OverrideSeenToday": false,
        "HasMod |contains=X": true, //MOD ID HERE
        "Query: {{Random: {{Range: 1, 20}}|key=XXXXXson}} = 1": true //key needs differentiating per mod    //Abbreviation for key here
      }
    }
     */

		//expansions
		//DTZ
		{
			"LogName": "Sondra DTZ Commentary", //mod name here
			"Action": "EditData",
			"Priority": "Late",
			"Update": "OnLocationChange",
			"Target": "Characters/Dialogue/MadDog.HashtagBearFam.Sondra",
			"Entries": {
				"{{WeekDay}}": "{{i18n:SondraDialogueDTZ.{{Random:{{Range: 1, 5}}|key={{Time}}}}}}#$action AddMail Current MadDogSondra_OverrideSeenToday received"
			},
			"When": {
				"HasFlag |contains=MadDogSondra_OverrideSeenToday": false,
				"HasMod |contains=DTZ.DowntownZuzuCP": true, //MOD ID HERE
				"Query: {{Random: {{Range: 1, 20}}|key=DTZson}} = 1": true //key needs differentiating per mod    //Abbreviation for key here
			}
		},
		//Stardew Valley Expanded
		{
			"LogName": "Sondra SVE Commentary",
			"Action": "EditData",
			"Priority": "Late",
			"Update": "OnLocationChange",
			"Target": "Characters/Dialogue/MadDog.HashtagBearFam.Sondra",
			"Entries": {
				"{{WeekDay}}": "{{i18n:SondraDialogueSVE.{{Random:{{Range: 1, 3}}|key={{Time}}}}}}#$action AddMail Current MadDogSondra_OverrideSeenToday received"
			},
			"When": {
				"HasFlag |contains=MadDogSondra_OverrideSeenToday": false,
				"HasMod |contains=FlashShifter.StardewValleyExpandedCP": true,
				"Query: {{Random: {{Range: 1, 20}}|key=SVEson}} = 1": true //key needs differentiating per mod
			}
		},
		//Ridgeside Village
		{
			"LogName": "Sondra RSV Commentary",
			"Action": "EditData",
			"Priority": "Late",
			"Update": "OnLocationChange",
			"Target": "Characters/Dialogue/MadDog.HashtagBearFam.Sondra",
			"Entries": {
				"{{WeekDay}}": "{{i18n:SondraDialogueRSV.{{Random:{{Range: 1, 3}}|key={{Time}}}}}}#$action AddMail Current MadDogSondra_OverrideSeenToday received"
			},
			"When": {
				"HasFlag |contains=MadDogSondra_OverrideSeenToday": false,
				"HasMod |contains=Rafseazz.RSVCP": true,
				"Query: {{Random: {{Range: 1, 20}}|key=RSVson}} = 1": true //key needs differentiating per mod
			}
		}
		//Visit Mount Vapius VMV
		/*
		{
			"LogName": "Sondra VMV Commentary",
			"Action": "EditData",
			"Priority": "Late",
			"Update": "OnLocationChange",
			"Target": "Characters/Dialogue/MadDog.HashtagBearFam.Sondra",
			"Entries": {
				"{{WeekDay}}": "{{i18n:SondraDialogueVMV.{{Random:{{Range: 1, 3}}|key={{Time}}}}}}#$action AddMail Current MadDogSondra_OverrideSeenToday received"
			},
			"When": {
				"HasFlag |contains=MadDogSondra_OverrideSeenToday": false,
				"HasMod |contains=Lumisteria.MtVapius": true,
				"Query: {{Random: {{Range: 1, 20}}|key=VMVson}} = 1": true //key needs differentiating per mod   
			}
		}
		*/
		//Sunberry Village SBV
		/* {
      "LogName": "Sondra SBV Commentary", 
      "Action": "EditData",
      "Priority": "Late",
		"Update": "OnLocationChange",
      "Target": "Characters/Dialogue/MadDog.HashtagBearFam.Sondra",
      "Entries": {
        "{{WeekDay}}": "{{i18n:SondraDialogueSBV.{{Random:{{Range: 1, 3}}|key={{Time}}}}}}#$action AddMail Current MadDogSondra_OverrideSeenToday received"
      },
      "When": {
		"HasFlag |contains=MadDogSondra_OverrideSeenToday": false,
        "HasMod |contains=skellady.SBVCP": true, //MOD ID HERE - TBD (no public alpha or release yet!!!!!!!!!!!!)
        "Query: {{Random: {{Range: 1, 20}}|key=SBVson}} = 1": true //key needs differentiating per mod    
      }
    }
    */
		//TBD Expansions depending on 1.6 - Cape Stardew, Adventurer Guild Expanded, Defense Division, Boarding House
		/* place holder template
     {
      "LogName": "Sondra XXXXX Commentary", //mod name here
      "Action": "EditData",
      "Priority": "Late",
		"Update": "OnLocationChange",
      "Target": "Characters/Dialogue/MadDog.HashtagBearFam.Sondra",
      "Entries": {
        "{{WeekDay}}": "{{i18n:SondraDialogueXXXXX.{{Random:{{Range: 1, 3}}|key={{Time}}}}}}#$action AddMail Current MadDogSondra_OverrideSeenToday received"
      },
      "When": {
		"HasFlag |contains=MadDogSondra_OverrideSeenToday": false,
        "HasMod |contains=X": true, //MOD ID HERE
        "Query: {{Random: {{Range: 1, 20}}|key=XXXXXson}} = 1": true //key needs differentiating per mod    //Abbreviation for key here
      }
    }
     */
	]
}
