{
	"Changes": [

		{
			"LogName": "Teren Strings",
			"Action": "EditData",
			"Target": "Strings/schedules/MadDog.HashtagBearFam.Teren",
			"When": {
				"Query: {{Year}} % 2 = 1": true
			},
			"Entries": {

				//Strings

				"TerenSpiritsEveInnA.000": "{{Random:{{i18n:StringsTerenSpiritsEveInnA1}}++{{i18n:StringsTerenSpiritsEveInnA2}}++{{i18n:StringsTerenSpiritsEveInnA3}}|inputSeparator=++}}",
				"TerenSpiritsEveInnB.000": "{{Random:{{i18n:StringsTerenSpiritsEveInnB1}}++{{i18n:StringsTerenSpiritsEveInnB2}}++{{i18n:StringsTerenSpiritsEveInnB3}}|inputSeparator=++}}",
				"TerenHospital.000": "{{Random:{{i18n:StringsTerenHospital1}}++{{i18n:StringsTerenHospital2}}++{{i18n:StringsTerenHospital3}}|inputSeparator=++}}",
				"TerenEastScarpInn.000": "{{Random:{{i18n:StringsTerenEastScarpInn1}}++{{i18n:StringsTerenEastScarpInn2}}++{{i18n:StringsTerenEastScarpInn3}}|inputSeparator=++}}",
				"TerenPondPonder.000": "{{Random:{{i18n:StringsTerenPondPonder1}}++{{i18n:StringsTerenPondPonder2}}++{{i18n:StringsTerenPondPonder3}}|inputSeparator=++}}",
				"TerenSaloonChef.000": "{{Random:{{i18n:StringsTerenSaloonChef1}}++{{i18n:StringsTerenSaloonChef2}}++{{i18n:StringsTerenSaloonChef3}}|inputSeparator=++}}",
				"TerenOutdoorExercise.000": "{{Random:{{i18n:StringsTerenOutdoorExercise1}}++{{i18n:StringsTerenOutdoorExercise2}}++{{i18n:StringsTerenOutdoorExercise3}}|inputSeparator=++}}",
				"TerenDockWatching.000": "{{Random:{{i18n:StringsTerenDockWatching1}}++{{i18n:StringsTerenDockWatching2}}++{{i18n:StringsTerenDockWatching3}}|inputSeparator=++}}",
				"TerenSigurdA.000": "{{Random:{{i18n:StringsTerenSigurdA1}}++{{i18n:StringsTerenSigurdA2}}++{{i18n:StringsTerenSigurdA3}}|inputSeparator=++}}",
				"TerenSigurdB.000": "{{Random:{{i18n:StringsTerenSigurdB1}}++{{i18n:StringsTerenSigurdB2}}++{{i18n:StringsTerenSigurdB3}}|inputSeparator=++}}",
				"TerenSigurdStoryA.000": "{{i18n:StringsTerenSigurdStoryA{{Random:{{Range: 1, 4}}|key=oldstories}}}}",
				"TerenSigurdStoryB.000": "{{i18n:StringsTerenSigurdStoryB{{Random:{{Range: 1, 4}}|key=oldstories}}{{BearFamProfanityChanges}}}}",
				"TerenSigurdStoryC.000": "{{i18n:StringsTerenSigurdStoryC{{Random:{{Range: 1, 4}}|key=oldstories}}{{BearFamProfanityChanges}}}}",
				"TerenSigurdStoryD.000": "{{i18n:StringsTerenSigurdStoryD{{Random:{{Range: 1, 4}}|key=oldstories}}{{BearFamProfanityChanges}}}}",
				"TerenGreenRain.000": "{{Random:{{i18n:StringsTerenGreenRain1}}++{{i18n:StringsTerenGreenRain2}}++{{i18n:StringsTerenGreenRain3}}|inputSeparator=++}}",
				"TerenDTZA.000": "{{Random:{{i18n:StringsTerenDTZA1}}++{{i18n:StringsTerenDTZA2}}++{{i18n:StringsTerenDTZA3}}|inputSeparator=++}}",
				"TerenDTZB.000": "{{Random:{{i18n:StringsTerenDTZB1}}++{{i18n:StringsTerenDTZB2}}++{{i18n:StringsTerenDTZB3}}|inputSeparator=++}}",
				"TerenCaritasLunch.000": "{{Random:{{i18n:Strings.TerenCaritasLunch.1}}++{{i18n:Strings.TerenCaritasLunch.2}}++{{i18n:Strings.TerenCaritasLunch.3}}|inputSeparator=++}}",
				"TerenCaritasCharity.000": "{{Random:{{i18n:Strings.TerenCaritasCharity.1}}++{{i18n:Strings.TerenCaritasCharity.2}}++{{i18n:Strings.TerenCaritasCharity.3}}|inputSeparator=++}}",
				"MarriedTerenDesertFestival.000": "{{Random:{{i18n:MarriedTerenDesertFestival1{{TerenSpousePetName}}}}++{{i18n:MarriedTerenDesertFestival2{{TerenSpousePetName}}}}++{{i18n:MarriedTerenDesertFestival3{{TerenSpousePetName}}}}|inputSeparator=++}}",
				"TerenDesertFestival.000": "{{Random:{{i18n:StringsTerenDesertFestival1}}++{{i18n:StringsTerenDesertFestival2}}++{{i18n:StringsTerenDesertFestival3}}++{{i18n:StringsTerenDesertFestival4}}++{{i18n:StringsTerenDesertFestival5}}|inputSeparator=++}}"

			}
		},

		{
			"LogName": "Teren Strings Year 2",
			"Action": "EditData",
			"Target": "Strings/schedules/MadDog.HashtagBearFam.Teren",
			"When": {
				"Query: {{Year}} % 2 = 0": true
			},
			"Entries": {
				//Strings

				"TerenSpiritsEveInnA.000": "{{Random:{{i18n:StringsTerenSpiritsEveInnAy21}}++{{i18n:StringsTerenSpiritsEveInnAy22}}++{{i18n:StringsTerenSpiritsEveInnAy23}}|inputSeparator=++}}",
				"TerenSpiritsEveInnB.000": "{{Random:{{i18n:StringsTerenSpiritsEveInnBy21}}++{{i18n:StringsTerenSpiritsEveInnBy22}}++{{i18n:StringsTerenSpiritsEveInnBy23}}|inputSeparator=++}}",
				"TerenHospital.000": "{{Random:{{i18n:StringsTerenHospital1}}++{{i18n:StringsTerenHospital2}}++{{i18n:StringsTerenHospital3}}|inputSeparator=++}}",
				"TerenEastScarpInn.000": "{{Random:{{i18n:StringsTerenEastScarpInn1}}++{{i18n:StringsTerenEastScarpInn2}}++{{i18n:StringsTerenEastScarpInn3}}|inputSeparator=++}}",
				"TerenPondPonder.000": "{{Random:{{i18n:StringsTerenPondPonder1}}++{{i18n:StringsTerenPondPonder2}}++{{i18n:StringsTerenPondPonder3}}|inputSeparator=++}}",
				"TerenSaloonChef.000": "{{Random:{{i18n:StringsTerenSaloonChef1}}++{{i18n:StringsTerenSaloonChef2}}++{{i18n:StringsTerenSaloonChef3}}|inputSeparator=++}}",
				"TerenOutdoorExercise.000": "{{Random:{{i18n:StringsTerenOutdoorExercise1}}++{{i18n:StringsTerenOutdoorExercise2}}++{{i18n:StringsTerenOutdoorExercise3}}|inputSeparator=++}}",
				"TerenDockWatching.000": "{{Random:{{i18n:StringsTerenDockWatching1}}++{{i18n:StringsTerenDockWatching2}}++{{i18n:StringsTerenDockWatching3}}|inputSeparator=++}}",
				"TerenSigurdA.000": "{{Random:{{i18n:StringsTerenSigurdA1}}++{{i18n:StringsTerenSigurdA2}}++{{i18n:StringsTerenSigurdA3}}|inputSeparator=++}}",
				"TerenSigurdB.000": "{{Random:{{i18n:StringsTerenSigurdB1}}++{{i18n:StringsTerenSigurdB2}}++{{i18n:StringsTerenSigurdB3}}|inputSeparator=++}}",
				"TerenSigurdStoryA.000": "{{i18n:StringsTerenSigurdStoryA{{Random:{{Range: 1, 4}}|key=oldstories}}}}",
				"TerenSigurdStoryB.000": "{{i18n:StringsTerenSigurdStoryB{{Random:{{Range: 1, 4}}|key=oldstories}}{{BearFamProfanityChanges}}}}",
				"TerenSigurdStoryC.000": "{{i18n:StringsTerenSigurdStoryC{{Random:{{Range: 1, 4}}|key=oldstories}}{{BearFamProfanityChanges}}}}",
				"TerenSigurdStoryD.000": "{{i18n:StringsTerenSigurdStoryD{{Random:{{Range: 1, 4}}|key=oldstories}}{{BearFamProfanityChanges}}}}",
				"TerenGreenRain.000": "{{Random:{{i18n:StringsTerenGreenRain1}}++{{i18n:StringsTerenGreenRain2}}++{{i18n:StringsTerenGreenRain3}}|inputSeparator=++}}",
				"TerenDTZA.000": "{{Random:{{i18n:StringsTerenDTZA1}}++{{i18n:StringsTerenDTZA2}}++{{i18n:StringsTerenDTZA3}}|inputSeparator=++}}",
				"TerenDTZB.000": "{{Random:{{i18n:StringsTerenDTZB1}}++{{i18n:StringsTerenDTZB2}}++{{i18n:StringsTerenDTZB3}}|inputSeparator=++}}",
				"TerenCaritasLunch.000": "{{Random:{{i18n:Strings.TerenCaritasLunch.1}}++{{i18n:Strings.TerenCaritasLunch.2}}++{{i18n:Strings.TerenCaritasLunch.3}}|inputSeparator=++}}",
				"TerenCaritasCharity.000": "{{Random:{{i18n:Strings.TerenCaritasCharity.1}}++{{i18n:Strings.TerenCaritasCharity.2}}++{{i18n:Strings.TerenCaritasCharity.3}}|inputSeparator=++}}",
				"MarriedTerenDesertFestival.000": "{{Random:{{i18n:MarriedTerenDesertFestival1{{TerenSpousePetName}}}}++{{i18n:MarriedTerenDesertFestival2{{TerenSpousePetName}}}}++{{i18n:MarriedTerenDesertFestival3{{TerenSpousePetName}}}}|inputSeparator=++}}",
				"TerenDesertFestival.000": "{{Random:{{i18n:StringsTerenDesertFestival1}}++{{i18n:StringsTerenDesertFestival2}}++{{i18n:StringsTerenDesertFestival3}}++{{i18n:StringsTerenDesertFestival4}}++{{i18n:StringsTerenDesertFestival5}}|inputSeparator=++}}"
			}
		}
	]
} 

