{
	"Changes": [

		{
			"LogName": "Teren Standard Keys",
			"Action": "EditData",
			"Target": "Characters/Dialogue/MadDog.HashtagBearFam.Teren",
			"Entries": {

				//"Introduction": "{{i18n:TerenIntroduction{{PlayerJobTitle}}}}",
				"BearsIntroductionNoMatterWhat": "{{i18n:TerenIntroduction{{PlayerJobTitle}}}}",
				"FlowerDance_Decline": "{{i18n:TerenDanceRejection}}",
				"FlowerDance_Accept_Spouse": "{{i18n:TerenDanceSpouseAccept}}",
				"FlowerDance_Accept": "{{i18n:TerenDanceAccept}}",
				"WinterStar_GiveGift_Before_Spouse": "{{i18n:TerenWinterStarBeforeSpouse}}",
				"WinterStar_GiveGift_Before": "{{i18n:TerenWinterStarBefore}}",
				"WinterStar_GiveGift_After_Spouse": "{{i18n:TerenWinterStarAfterSpouse}}",
				"WinterStar_GiveGift_After": "{{i18n:TerenWinterStarAfter}}",
				"WinterStar_ReceiveGift": "{{i18n:TerenWinterStarReceiveGift}}",
				"WinterStar_ReceiveGift_(O)346": "{{i18n:Teren.WinterStarReceiveGift.Beer}}",
				"WinterStar_ReceiveGift_(O)303": "{{i18n:Teren.WinterStarReceiveGift.PaleAle}}",
				"WinterStar_ReceiveGift_(O)233": "{{i18n:Teren.WinterStarReceiveGift.IceCream}}",
				"WinterStar_ReceiveGift_(O)211": "{{i18n:Teren.WinterStarReceiveGift.Pancakes}}",
				"WinterStar_ReceiveGift_(O)220": "{{i18n:Teren.WinterStarReceiveGift.ChocolateCake}}",
				"WinterStar_ReceiveGift_(O)223": "{{i18n:Teren.WinterStarReceiveGift.Cookie}}",
				"WinterStar_ReceiveGift_(O)554": "{{i18n:Teren.WinterStarReceiveGift.Lemonstone}}",
				"WinterStar_ReceiveGift_(O)TenebrousNova.EliDylan.CP_TenebrousNova.EnD.SanguineHeart": "{{i18n:Teren.WinterStarReceiveGift.SanguineHeart}}",
				"WinterStar_ReceiveGift_(O)MadDog.HashtagBearFam_Zuzu_Mule": "{{i18n:Teren.WinterStarGiftReaction.BearFam.Zuzu_Mule}}",
				"divorced": "{{i18n:Terendivorced}}",
				"dumped_Boys": "{{i18n:Terendumped_Boys}}",
				"secondChance_Boys": "{{i18n:TerensecondChance_Boys}}",
				"Fair_Judging": "{{i18n:TerenFairJudging{{CrossModCompatTokens}}}}",
				"Fair_Judged_PlayerLost_PurpleShorts": "{{i18n:TerenFairPurpleShorts}}",
				"Fair_Judged_PlayerLost_Skipped": "{{i18n:TerenFairSkipped}}",
				"Fair_Judged_PlayerLost": "{{i18n:TerenFairLost}}",
				"Fair_Judged_PlayerWon": "{{i18n:TerenFairWon}}",
				"DumpsterDiveComment": "{{i18n:TerenDumpsterDiveComment}}",
				"HitBySlingshot": "{{i18n:TerenHitBySlingshot}}",
				"GreenRain": "{{i18n:TerenGreenRain}}",
				"GreenRainFinished": "{{i18n:TerenGreenRainFinished}}",
				"GreenRain_2": "{{i18n:TerenGreenRain2}}",
				"HitBySlingshot_bomb_item": "{{i18n:TerenHitbySlingShotBombItem{{BearFamProfanityChanges}}}}",
				"HitBySlingshot_(O)91": "{{i18n:TerenHitbySlingShotBanana}}",
				"HitBySlingshot_(O)441": "{{i18n:TerenHitbySlingShotExplosiveAmmo}}",
				"HitBySlingshot_preserve_sheet_index_91": "{{i18n:TerenHitbySlingShotBananaGood}}",
				"HitBySlingshot_arrow_item": "{{i18n:TerenHitbySlingShotArrow}}",
				"HitBySlingshot_(O)Cornucopia_Durian": "{{i18n:TerenHitbySlingShotCornucopiaDurian}}",
				"HitBySlingshot_(O)Cornucopia_Plantain": "{{i18n:TerenHitbySlingShotCornucopiaPlantain}}",
				"HitBySlingshot_(O)TenebrousNova.EliDylan.CP_TenebrousNova.EnD.SanguineHeart": "{{i18n:TerenHitbySlingShotEnDSanguineHeart}}",

				"GrandpaHaunts": "{{i18n:TerenCTGrandpaHaunts}}",
				"GudrunGrades": "{{i18n:TerenCTGudrunGrades}}",
				"SootPocketAdventure": "{{i18n:TerenCTSootPocketAdventure}}",
				"TerensRecipes": "{{i18n:TerenCTTerenRecipes}}",
				"BearRecipes": "{{i18n:TerenCTBearRecipes}}",
				"GunnarRecipes": "{{i18n:TerenCTGunnarRecipes}}",
				"SondraRecipes": "{{i18n:TerenCTSondraRecipes}}",

				"Mountain_Entry": "{{i18n:TerenMountainEntry1}}/{{i18n:TerenMountainEntry2}}/{{i18n:TerenMountainEntry3}}/{{i18n:TerenMountainEntry4}}",
				"Saloon_Entry": "{{i18n:TerenSaloonEntry1}}/{{i18n:TerenSaloonEntry2}}/{{i18n:TerenSaloonEntry3}}/{{i18n:TerenSaloonEntry4}}",
				"Railroad_Entry": "{{i18n:TerenRailroadEntry1}}/{{i18n:TerenRailroadEntry2}}/{{i18n:TerenRailroadEntry3}}/{{i18n:TerenRailroadEntry4}}",
				"Town_Entry": "{{i18n:TerenTownEntry1}}/{{i18n:TerenTownEntry2}}/{{i18n:TerenTownEntry3}}/{{i18n:TerenTownEntry4}}",
				"Hospital_Entry": "{{i18n:TerenHospitalEntry1}}/{{i18n:TerenHospitalEntry2}}/{{i18n:TerenHospitalEntry3}}/{{i18n:TerenHospitalEntry4}}",
				"EastScarp_Village_Entry": "{{i18n:TerenESVillageEntry1}}/{{i18n:TerenESVillageEntry2}}/{{i18n:TerenESVillageEntry3}}/{{i18n:TerenESVillageEntry4}}",

				"SpouseStardrop": "{{i18n:TerenSpouseStardrop}}",
				"WipedMemory": "{{i18n:TerenWipedMemory}}",
				"SpouseFarmhouseClutter": "{{i18n:TerenSpouseFarmhouseClutter}}",
				"SpouseGiftJealous": "{{i18n:TerenSpouseGiftJealous}}",
				"Spouse_MonstersInHouse": "{{i18n:TerenSpouseMonstersInHouse}}",

				////
				"AcceptBouquet": "{{i18n:TerenAcceptBouquet}}",
				"AcceptGift_(O)460": "{{i18n:TerenAcceptPendant}}",
				////
				"breakUp": "{{i18n:Terenbreakup}}",

				"RejectBouquet_NotDatable": "{{i18n:TerenRejectBouquet}}",
				"RejectBouquet_NpcAlreadyMarried": "{{i18n:TerenRejectBouquetAlreadyMarried}}",
				"RejectBouquet_Divorced": "{{i18n:TerenRejectBouquetDivorced}}",
				"RejectBouquet_VeryLowHearts": "{{i18n:TerenRejectBouquetVeryLowHearts}}",
				"RejectBouquet_LowHearts": "{{i18n:TerenRejectBouquetLowHearts}}",

				"RejectMermaidPendant_Divorced": "{{i18n:TerenRejectMermaidPendantDivorced}}",
				"RejectMermaidPendant_NeedHouseUpgrade": "{{i18n:TerenRejectMermaidPendantHouseUpgrade}}",
				"RejectMermaidPendant_NotDatable": "{{i18n:TerenRejectMermaidPendantNotDatable}}",
				"RejectMermaidPendant_NpcWithSomeoneElse": "{{i18n:TerenRejectMermaidPendantNPCinRelationship}}",
				"RejectMermaidPendant_PlayerWithSomeoneElse": "{{i18n:TerenRejectMermaidPendantPlayerinRelationship}}",
				"RejectMermaidPendant_Under8Hearts": "{{i18n:TerenRejectMermaidPendantUnder8Hearts}}",
				"RejectMermaidPendant_Under10Hearts": "{{i18n:TerenRejectMermaidPendantUnder10Hearts}}",
				"RejectMermaidPendant_Under10Hearts_AskedAgain": "{{i18n:TerenRejectMermaidPendantUnder10HeartsAnnoy}}",
				"RejectMermaidPendant": "{{i18n:TerenRejectMermaidPendantDefault}}",

				"RejectBouquet_AlreadyAccepted_Engaged": "{{i18n:Teren.RejectBouquet.AlreadyAccepted.Engaged}}",
				"RejectBouquet_AlreadyAccepted_Married": "{{i18n:Teren.RejectBouquet.AlreadyAccepted.Married}}",
				"RejectBouquet_AlreadyAccepted": "{{i18n:Teren.RejectBouquet.AlreadyAccepted.Default}}",

				"RejectMermaidPendant_AlreadyAccepted_Engaged": "{{i18n:Teren.RejectMermaidPendant.AlreadyAccepted.Engaged}}",
				"RejectMermaidPendant_AlreadyAccepted_Married": "{{i18n:Teren.RejectMermaidPendant.AlreadyAccepted.Married}}",
				"RejectMermaidPendant_AlreadyAccepted": "{{i18n:Teren.RejectMermaidPendant.AlreadyAccepted.Default}}",


				"RejectMovieTicket_AlreadyInvitedBySomeoneElse": "{{i18n:TerenRejectMovieTicketAlreadyInvited}}",
				"RejectMovieTicket_AlreadyWatchedThisWeek": "{{i18n:TerenRejectMovieTicketAlreadyWatched}}",
				"RejectMovieTicket_DontWantToSeeThatMovie": "{{i18n:TerenRejectMovieTicketNotInterested}}",
				"RejectMovieTicket_Divorced": "{{i18n:TerenRejectMovieTicketDivorced}}",
				"RejectMovieTicket": "{{i18n:TerenRejectMovieTicketDefault}}",

				"dating_MadDog.HashtagBearFam.Gunnar": "{{i18n:TerendatingGunnar}}",
				"married_MadDog.HashtagBearFam.Gunnar": "{{i18n:TerenmarriedGunnar}}",
				"divorced_MadDog.HashtagBearFam.Gunnar": "{{i18n:TerendivorcedGunnar}}",

				"dating_MadDog.HashtagBearFam.Sigurd": "{{i18n:TerendatingSig}}",
				"married_MadDog.HashtagBearFam.Sigurd": "{{i18n:TerenmarriedSig}}",
				"divorced_MadDog.HashtagBearFam.Sigurd": "{{i18n:TerendivorcedSig}}",

				"married_memory_oneweek": "{{i18n:Terenfarmermarriedoneweek.{{Relationship:MadDog.HashtagBearFam.Teren |contains=Married}}}}",
				"firstVisit_Railroad": "{{i18n:Terenfirstrailroad}}",
				"firstVisit_Sewer": "{{i18n:Terenfirstsewer}}",
				"gotPet": "{{i18n:TerengotPet}}",
				"SquidFest": "{{i18n:TerenSquidfest}}",
				"married": "{{i18n:Terenfarmermarried.{{Relationship:MadDog.HashtagBearFam.Teren |contains=Married}}}}",
				"houseUpgrade_1": "{{i18n:Terenhouseupgradefirst}}",

				"achievement_16": "{{i18n:Terenachievementmorecooking}}", //more cooking T 
				"achievement_15": "{{i18n:Terenachievementcooking}}", //cooking   T 
				"structureBuilt_Stable": "{{i18n:TerenbuiltStable}}",
				"purchasedAnimal_Dinosaur": "{{i18n:TerenpurchaseDino}}",
				"cropMatured_276": "{{i18n:TerengrewPumpkin}}",
				"cropMatured_304": "{{i18n:TerengrewHops}}",
				//mnf fishies
				"fishCaught_MNF.MoreNewFish_small_swordfish": "{{i18n:Teren.caught.MNF.small_swordfish}}",
				"fishCaught_MNF.MoreNewFish_barracuda": "{{i18n:Teren.caught.MNF.barracuda}}",
				"fishCaught_MNF.MoreNewFish_electric_catfish": "{{i18n:Teren.caught.MNF.electric_catfish}}",
				//void fishies
				"fishCaught_VoidWitchCult.CP.TheFishmongerNPC_kissingfish": "{{i18n:Teren.caught.Void.kissingfish}}",
				"fishCaught_VoidWitchCult.CP.TheFishmongerNPC_queentriggerfish": "{{i18n:Teren.caught.Void.queentriggerfish}}",
				"fishCaught_VoidWitchCult.CP.TheFishmongerNPC_stoplightparrotfish": "{{i18n:Teren.caught.Void.stoplightparrotfish}}",
				"fishCaught_VoidWitchCult.CP.TheFishmongerNPC_golddustblackmolly": "{{i18n:Teren.caught.Void.golddustblackmolly}}",



				// Resort Lines //done
				"Resort_Entering": "{{i18n:TerenResEnter}}",
				"Resort_Leaving": "{{i18n:TerenResLeave}}",
				"Resort_Shore": "{{i18n:TerenResShore}}",
				"Resort_Umbrella": "{{i18n:TerenResUmbrella}}",
				"Resort_Wander": "{{i18n:TerenResWander}}",
				"Resort_Wander_2": "{{i18n:TerenResWander2}}",
				"Resort_Chair": "{{i18n:TerenResChair}}",
				"Resort_Bar": "{{i18n:TerenResBar}}",
				"Resort_Towel": "{{i18n:TerenResTowel}}",
				"Resort_Towel_2": "{{i18n:TerenResTowel2}}",
				"Resort_Towel_3": "{{i18n:TerenResTowel3}}",
				"Resort": "{{i18n:TerenResort{{BearFamProfanityChanges}}}}",

				//poly dialogue?
				"RejectBouquet_IsPolyamorous_PlayerWithSomeoneMonogamous": "{{i18n:Teren.PolyMod.CantDate}}",
				"RejectMermaidPendant_IsPolyamorous_PlayerWithSomeoneMonogamous": "{{i18n:Teren.PolyMod.CantMarry}}",

				//Specific Dialogue
				"EastScarp_Village_36_105": "{{Random:{{i18n:StringsTerenCampfire1.{{EnableRivalHeartsTerenEli}}}}++{{i18n:StringsTerenCampfire2.{{EnableRivalHeartsTerenEli}}}}++{{i18n:StringsTerenCampfire3.{{EnableRivalHeartsTerenEli}}}}|inputSeparator=++}}",
				"spring_18_{{ThisYear}}": "{{i18n:TerenSpring18}}",
				"spring_28_{{ThisYear}}": "{{i18n:TerenSpring27}}",
				"fall_18_{{ThisYear}}": "{{i18n:TerenFall18.{{EnableRivalHeartsTerenSig}}}}",
				"winter_23_{{ThisYear}}": "{{i18n:TerenWinter23}}",
				"winter_28_{{ThisYear}}": "{{i18n:TerenWinter28}}",

				//day before fest dialogue
				"spring_12_{{ThisYear}}": "{{i18n:TerenSpring12}}",
				"spring_23_{{ThisYear}}": "{{i18n:TerenSpring23}}",
				"summer_10_{{ThisYear}}": "{{i18n:TerenSummer10}}",
				"summer_27_{{ThisYear}}": "{{i18n:TerenSummer27}}",
				"fall_15_{{ThisYear}}": "{{i18n:TerenFall15}}",
				"fall_26_{{ThisYear}}": "{{i18n:TerenFall26}}",
				"winter_7_{{ThisYear}}": "{{i18n:TerenWinter7}}",
				"winter_16_{{ThisYear}}": "{{i18n:TerenWinter.{{Random:{{Range: 1, 3}}}}}}",
				"winter_24_{{ThisYear}}": "{{i18n:TerenWinter24}}",

				//conversationtopics
				"MadDog.BearFam_KentGotoro": "{{i18n:CT.Teren.MadDog.BearFam_KentGotoro.{{HasMod |contains=Airyn.KentGetsTherapy}}}}"


			}
		},


		//daily
		{
			"LogName": "Dialogue - 0-4",
			"Action": "EditData",
			"Target": "Characters/Dialogue/MadDog.HashtagBearFam.Teren",
			"Update": "OnLocationChange",
			"Entries": {
				"{{WeekDay}}": "{{i18n:TerenDialogue04.{{Random:{{Range: 1, 30}}}}{{BearFamProfanityChanges}}}}"
			},
			"When": {
				"HasFlag |contains=TerenMysteryMail": true,
				"HasFlag |contains=MadDogTeren_OverrideSeenToday": false
			}
		},
		{
			"LogName": "Dialogue - 0-4 - Seasonal",
			"Action": "EditData",
			"Target": "Characters/Dialogue/MadDog.HashtagBearFam.Teren",
			"Priority": "Late",
			"Update": "OnLocationChange",
			"Entries": {
				"{{WeekDay}}": "{{i18n:TerenDialogue04.{{season}}.{{Random:{{Range: 1, 5}}|key={{Time}}}}}}#$action AddMail Current MadDogTeren_OverrideSeenToday received"
			},
			"When": {
				"Query: {{Random: {{Range: 1, 15}}|key=TerenSeasonA}} = 1": true,
				"HasFlag |contains=TerenMysteryMail": true,
				"HasFlag |contains=MadDogTeren_OverrideSeenToday": false
			}
		},
		{
			"LogName": "Dialogue - 6-10 Platonic",
			"Action": "EditData",
			"Target": "Characters/Dialogue/MadDog.HashtagBearFam.Teren",
			"Update": "OnLocationChange",
			"Entries": {
				"{{WeekDay}}": "{{i18n:TerenDialogue610.{{Random:{{Range: 1, 60}}}}{{BearFamProfanityChanges}}}}"
			},
			"When": {
				"Hearts:MadDog.HashtagBearFam.Teren": "{{Range: 5, 10}}",
				"HasFlag |contains=TerenMysteryMail": true,
				"HasFlag |contains=MadDogTeren_OverrideSeenToday": false
			}
		},
		{
			"LogName": "Dialogue - 6 - 10 Seasonal Platonic - Seasonal",
			"Action": "EditData",
			"Target": "Characters/Dialogue/MadDog.HashtagBearFam.Teren",
			"Priority": "Late",
			"Update": "OnLocationChange",
			"Entries": {
				"{{WeekDay}}": "{{i18n:TerenDialogue610.{{season}}.{{Random:{{Range: 1, 5}}|key={{Time}}}}}}#$action AddMail Current MadDogTeren_OverrideSeenToday received"
			},
			"When": {
				"Query: {{Random: {{Range: 1, 15}}|key=TerenSeasonB}} = 1": true,
				"Hearts:MadDog.HashtagBearFam.Teren": "{{Range: 5, 10}}",
				"HasFlag |contains=TerenMysteryMail": true,
				"HasFlag |contains=MadDogTeren_OverrideSeenToday": false
			}
		},
		{
			"LogName": "Teren Sassy Commentary",
			"Action": "EditData",
			"Update": "OnLocationChange",
			"Target": "Characters/Dialogue/MadDog.HashtagBearFam.Teren",
			"Entries": {
				"{{WeekDay}}": "{{i18n:TerenDialogueSASS.{{Random:{{Range: 1, 11}}|key={{Time}}}}}}#$action AddMail Current MadDogTeren_OverrideSeenToday received"
			},
			"When": {
				"HasFlag |contains=SassyComesHome": true,
				"Query: {{Random: {{Range: 1, 12}}|key=SASSter}} = 1": true, //key needs differentiating per mod
				"HasFlag |contains=MadDogTeren_OverrideSeenToday": false,
				"HasFlag |contains=TerenMysteryMail": true
			}
		},
		{
			"LogName": "Dialogue - Bonus Override",
			"Action": "EditData",
			"Update": "OnLocationChange",
			"Target": "Characters/Dialogue/MadDog.HashtagBearFam.Teren",
			"Entries": {
				"{{WeekDay}}": "{{i18n:Teren.AboutSigurd.{{Random:{{Range: 1, 15}}|key={{Time}}}}{{BearFamProfanityChanges}}}}#$action AddMail Current MadDogTeren_OverrideSeenToday received"
			},
			"When": {
				"Query: {{Random: {{Range: 1, 15}}|key=TerenAboutSig}} = 1": true, //key needs differentiating per mod
				"HasFlag |contains=MadDogTeren_OverrideSeenToday": false,
				"HasFlag |contains=TerenMysteryMail": true
			}
		},
		//////////////////////////////////////////////////////////////////////////////////////


		{
			"LogName": "Dialogue - 8-10 Romantic", //TerenRomance decided in my config.json and established in my content.json
			"Action": "EditData",
			"Update": "OnLocationChange",
			"Target": "Characters/Dialogue/MadDog.HashtagBearFam.Teren",
			"Entries": {
				"{{WeekDay}}": "{{i18n:TerenDialogue810R.{{TerenRomanceDialogueType}}.{{Random:{{Range: 1, 25}}|key={{Time}}}}{{TerenSpousePetName}}{{BearFamProfanityChanges}}}}#$action AddMail Current MadDogTeren_OverrideSeenToday received"
			},
			//"Condition": "PLAYER_NPC_RELATIONSHIP current MadDog.HashtagBearFam.Teren Dating Engaged Married",
			"When": {
				//"TerenRomanceAll": false,
				//"Hearts:MadDog.HashtagBearFam.Teren": "{{Range: 8, 14}}",
				"Relationship:MadDog.HashtagBearFam.Teren": "Dating, Engaged, Married",
				"Query: {{Random: {{Range: 1, 6}}|key=RomanceTeren}} = 1": true,
				"HasFlag |contains=TerenMysteryMail": true,
				"EnableRivalHeartsTerenSig": false,
				"EnableRivalHeartsTerenEli": false,
				"HasFlag |contains=MadDogTeren_OverrideSeenToday": false
			}
		},

		{
			"LogName": "Dialogue - Bonus Override",
			"Action": "EditData",
			"Target": "Characters/Dialogue/MadDog.HashtagBearFam.Teren",
			"Update": "OnLocationChange",
			"Entries": {
				"{{WeekDay}}": "{{i18n:Teren.RomanticHints.{{Random:{{Range: 1, 15}}|key={{Time}}}}{{PlayerJobTitle}}{{BearFamProfanityChanges}}}}#$action AddMail Current MadDogTeren_OverrideSeenToday received"
			},
			"When": {
				"Query: {{Random: {{Range: 1, 7}}|key=TerPotentialRomance}} = 1": true,
				"HasFlag |contains=MadDogTeren_OverrideSeenToday": false,
				"HasFlag |contains=TerenFlirtsBack": true,
				"EnableRivalHeartsTerenEli": false,
				"EnableRivalHeartsTerenSig": false,
				"HasFlag |contains=TerenDating": false
			}
		},

		{
			"LogName": "Bouquet - Teren - No",
			"Action": "EditData",
			"Target": "Characters/Dialogue/MadDog.HashtagBearFam.Teren",
			"Entries": {
				"RejectItem_(O)458": "{{i18n:Teren.GiftReaction.Bouquet.NotYet}}"
			},
			"When": {
				"HasFlag |contains=TerenDateable": false

			}
		},
		{
			"LogName": "Bouquet - Teren - Yes",
			"Action": "EditData",
			"Target": "Characters/Dialogue/MadDog.HashtagBearFam.Teren",
			"Entries": {
				"AcceptBouquet": "{{i18n:Teren.GiftReaction.Bouquet.Ready}}#$action AddMail Current TerenDating"
			},
			"When": {
				"HasFlag |contains=TerenDateable": true
			}
		},
		{
			"LogName": "Pendant - Teren - No",
			"Action": "EditData",
			"Target": "Characters/Dialogue/MadDog.HashtagBearFam.Teren",
			"Entries": {
				"RejectItem_(O)460": "{{i18n:Teren.GiftReaction.Pendant.NotYet}}"
			},
			"When": {
				"HasFlag |contains=TerenMarriable": false,
				"HasConversationTopic |contains=TerenWorthy": false
			}
		},
		{
			"LogName": "Pendant - Teren - No",
			"Action": "EditData",
			"Target": "Characters/Dialogue/MadDog.HashtagBearFam.Teren",
			"Entries": {
				"RejectItem_(O)460": "{{i18n:Teren.GiftReaction.Pendant.NotYet}}"
			},
			"When": {
				"HasFlag |contains=TerenMarriable": true,
				"HasConversationTopic |contains=TerenWorthy": true
			}
		},
		{
			"LogName": "Pendant - Teren - Yes",
			"Action": "EditData",
			"Target": "Characters/Dialogue/MadDog.HashtagBearFam.Teren",
			"Entries": {
				"RejectItem_(O)460": "{{i18n:Teren.GiftReaction.Pendant.Ready}}#$action spacechase0.SpaceCore_PlayEvent MadDog.BearFam.TerenProposalEvent false"
			},
			"When": {
				"HasFlag |contains=TerenMarriable": true,
				"HasConversationTopic |contains=TerenWorthy": false
			}
		},
		{
			"LogName": "Engagement Dialogue - Teren",
			"Action": "EditData",
			"Target": "Data/EngagementDialogue",
			"Entries": {

				"MadDog.HashtagBearFam.Teren0": "{{i18n:Teren.Dialogue.Engagement.First}}",
				"MadDog.HashtagBearFam.Teren1": "{{i18n:Teren.Dialogue.Engagement.Second}}",
				"MadDog.HashtagBearFam.Teren2": "{{i18n:Teren.Dialogue.Engagement.Third}}"
			},
			"When": {
				"Relationship:MadDog.HashtagBearFam.Teren": "Engaged, Married"
			}
		},
		{
			"LogName": "Wedding Strings - Teren",
			"Action": "EditData",
			"Target": "Strings/StringsFromCSFiles",
			"Entries": {
				"MadDog.HashtagBearFam.Teren_Engaged": "{{i18n:TerenEngaged}}",
				"MadDog.HashtagBearFam.Teren_AfterWedding": "{{i18n:TerenAfterWedding}}"
			},
			"When": {
				"Relationship:MadDog.HashtagBearFam.Teren": "Engaged, Married"
			}
		},
		{
			"LogName": "Wedding Ceremony Strings - Teren",
			"Action": "EditData",
			"Target": "Strings/StringsFromCSFiles",
			"Entries": {
				"Utility.cs.5367": "{{i18n:Teren.Dialogue.Marriage.1}}",
				"Utility.cs.5369": "{{i18n:Teren.Dialogue.Marriage.1}}",
				"Utility.cs.5371": "{{i18n:Teren.Dialogue.Marriage.2}}",
				"Utility.cs.5373": "{{i18n:Teren.Dialogue.Marriage.2}}",
				"Utility.cs.5375": "{{i18n:Teren.Dialogue.Marriage.2}}",
				"Utility.cs.5377": "{{i18n:Teren.Dialogue.Marriage.2}}"
			},
			"When": {
				"Relationship:MadDog.HashtagBearFam.Teren": "Engaged, Married"
			}
		},
		/*{
			"LogName": "Dialogue - 8-10 Romantic - Both, Both is Good", //TerenRomance decided in my config.json and established in my content.json
			"Action": "EditData",
			"Priority": "Late",
			"Update": "OnLocationChange",
			"Target": "Characters/Dialogue/MadDog.HashtagBearFam.Teren",
			"Entries": {
				"{{WeekDay}}": "{{i18n:TerenDialogue810R.{{Random:Chaste, Spicy}}.{{Random:{{Range: 1, 25}}|key={{Time}}}}{{TerenSpousePetName}}}}#$action AddMail Current MadDogTeren_OverrideSeenToday received"
			},
			//"Condition": "PLAYER_NPC_RELATIONSHIP current MadDog.HashtagBearFam.Teren Dating Engaged Married",
			"When": {
				"TerenRomanceAll": true,
				"Hearts:MadDog.HashtagBearFam.Teren": "{{Range: 8, 10}}",
				"Relationship:MadDog.HashtagBearFam.Teren": "Dating, Engaged, Married",
				"Query: {{Random: {{Range: 1, 12}}|key=RomanceTeren}} = 1": true,
				"HasFlag |contains=TerenMysteryMail": true,
				"EnableRivalHeartsTerenSig": false,
				"EnableRivalHeartsTerenEli": false,
				"HasFlag |contains=MadDogTeren_OverrideSeenToday": false
			}
		},*/
		//////////////////////////////////////////////////////////////////////////////////////
		//Rival Hearts Commentary
		//Eli RH
		{
			"LogName": "Teren ED Commentary Eli RH Activated",
			"Action": "EditData",
			"Priority": "Late",
			"Update": "OnLocationChange",
			"Target": "Characters/Dialogue/MadDog.HashtagBearFam.Teren",
			"Entries": {
				"{{WeekDay}}": "{{i18n:TerenDialogueEliRH.{{Random:{{Range: 1, 5}}|key={{Time}}}}}}#$action AddMail Current MadDogTeren_OverrideSeenToday received"

			},
			"When": {
				"HasMod |contains=TenebrousNova.EliDylan.CP": true,
				"EnableRivalHeartsTerenEli": true, //this is determined in my config.json
				"EnableRivalHeartsTerenSig": false, //this is determined in my config.json
				"Query: {{Random: {{Range: 1, 20}}|key=EliRH}} = 1": true, //key needs differentiating per mod
				"HasFlag |contains=MadDogTeren_OverrideSeenToday": false,
				"HasFlag |contains=TerenMysteryMail": true,
				"HasFlag |contains=EliAndTerenAreTogether": true
			}
		},
		//Sig RH
		{
			"LogName": "Teren Commentary Sig RH Activated",
			"Action": "EditData",
			"Priority": "Late",
			"Update": "OnLocationChange",
			"Target": "Characters/Dialogue/MadDog.HashtagBearFam.Teren",
			"Entries": {
				"{{WeekDay}}": "{{i18n:TerenDialogueSigRH.{{Random:{{Range: 1, 5}}|key={{Time}}}}}}#$action AddMail Current MadDogTeren_OverrideSeenToday received"

			},
			"When": {
				"EnableRivalHeartsTerenSig": true, //this is determined in my config.json
				"EnableRivalHeartsTerenEli": false, //this is determined in my config.json
				"EnableRivalHeartsSigDylan": false, //this is determined my config.json
				"Query: {{Random: {{Range: 1, 20}}|key=SigRH}} = 1": true, //key needs differentiating per mod
				"HasFlag |contains=MadDogTeren_OverrideSeenToday": false,
				"HasFlag |contains=TerenMysteryMail": true,
				"HasFlag |contains=SigAndTerenAreTogether": true
			}
		},

		//////////////////////////////////////////////////////////////////////////////////////
		//Birthday Zone
		{
			"LogName": "Teren Birthday Commentary - ED",
			"Action": "EditData",
			"Priority": "Late",
			"Target": "Characters/Dialogue/MadDog.HashtagBearFam.Teren",
			"Entries": {
				"winter_5_{{ThisYear}}": "{{i18n:Teren.Birthday.ED.Eli.{{HasFlag |contains=EliTerenRHActive}}{{BearFamProfanityChanges}}}}",
				"fall_17_{{ThisYear}}": "{{i18n:Teren.Birthday.ED.Dylan}}"
			},
			"When": {
				"HasMod |contains=TenebrousNova.EliDylan.CP": true,
				"HasFlag |contains=TerenMysteryMail": true
			}
		},
		{
			"LogName": "Teren Birthday Commentary - Rodney",
			"Action": "EditData",
			"Priority": "Late",
			"Target": "Characters/Dialogue/MadDog.HashtagBearFam.Teren",
			"Entries": {
				"summer_2_{{ThisYear}}": "{{i18n:Teren.Birthday.ROB.Rodney}}"
			},
			"When": {
				"HasMod |contains=TheFrenchDodo.RodneyOBrien": true,
				"HasFlag |contains=TerenMysteryMail": true
			}
		},
		{
			"LogName": "Teren Birthday Commentary - Nora",
			"Action": "EditData",
			"Priority": "Late",
			"Target": "Characters/Dialogue/MadDog.HashtagBearFam.Teren",
			"Entries": {
				"fall_3_{{ThisYear}}": "{{i18n:Teren.Birthday.NtH.Nora}}"
			},
			"When": {
				"HasMod |contains=Bagi.Nora.CP": true,
				"HasFlag |contains=TerenMysteryMail": true
			}
		},
		{
			"LogName": "Teren Birthday Commentary - DiTR",
			"Action": "EditData",
			"Priority": "Late",
			"Target": "Characters/Dialogue/MadDog.HashtagBearFam.Teren",
			"Entries": {
				"spring_11_{{ThisYear}}": "{{i18n:Teren.Birthday.DiTR.Eve}}",
				"fall_7_{{ThisYear}}": "{{i18n:Teren.Birthday.DiTR.Trace}}",
				"fall_14_{{ThisYear}}": "{{i18n:Teren.Birthday.DiTR.Waffle}}"
			},
			"When": {
				"HasMod |contains=7thAxis.DitR.CP": true,
				"HasFlag |contains=TerenMysteryMail": true
			}
		},
		{
			"LogName": "Teren Birthday Commentary - SnS",
			"Action": "EditData",
			"Priority": "Late",
			"Target": "Characters/Dialogue/MadDog.HashtagBearFam.Teren",
			"Entries": {
				"fall_24_{{ThisYear}}": "{{i18n:Teren.Birthday.SnS.Mateo.{{HasSeenEvent |contains=SnS.Ch1.Mateo.0}}}}",
				"summer_17_{{ThisYear}}": "{{i18n:Teren.Birthday.SnS.Cirrus.{{HasSeenEvent |contains=SnS.Ch3.Cirrus.1}}}}"
			},
			"When": {
				"HasMod |contains=DN.SnS": true,
				"HasFlag |contains=TerenMysteryMail": true
			}
		},
		{
			"LogName": "Teren Birthday Commentary - MGC",
			"Action": "EditData",
			"Priority": "Late",
			"Target": "Characters/Dialogue/MadDog.HashtagBearFam.Teren",
			"Entries": {
				"winter_10_{{ThisYear}}": "{{i18n:Teren.Birthday.MGC.Cambria}}"
			},
			"When": {
				"HasMod |contains=Squeaks.MGC.CP": true,
				"HasFlag |contains=TerenMysteryMail": true
			}
		},
		{
			"LogName": "Teren Birthday Commentary - SVE",
			"Action": "EditData",
			"Priority": "Late",
			"Target": "Characters/Dialogue/MadDog.HashtagBearFam.Teren",
			"Entries": {
				"summer_22_{{ThisYear}}": "{{i18n:Teren.Birthday.SVE.Victor{{BearFamProfanityChanges}}}}"
			},
			"When": {
				"HasMod |contains=FlashShifter.StardewValleyExpandedCP": true,
				"HasFlag |contains=TerenMysteryMail": true
			}
		},
		{
			"LogName": "Teren Birthday Commentary - RSV",
			"Action": "EditData",
			"Priority": "Late",
			"Target": "Characters/Dialogue/MadDog.HashtagBearFam.Teren",
			"Entries": {
				"winter_20_{{ThisYear}}": "{{i18n:Teren.Birthday.RSV.Pika}}"
			},
			"When": {
				"HasMod |contains=Rafseazz.RSVCP": true,
				"HasFlag |contains=TerenMysteryMail": true
			}
		},
		//////////////////////////////////////////////////////////////////////////////////////

		//crossover dialogue
		//Eli and Dylan
		{
			"LogName": "Teren ED Commentary",
			"Action": "EditData",
			"Priority": "Late",
			"Update": "OnLocationChange",
			"Target": "Characters/Dialogue/MadDog.HashtagBearFam.Teren",
			"Entries": {
				"{{WeekDay}}": "{{i18n:TerenDialogueED.{{Random:{{Range: 1, 10}}|key={{Time}}}}}}#$action AddMail Current MadDogTeren_OverrideSeenToday received"
			},
			"When": {
				"HasMod |contains=TenebrousNova.EliDylan.CP": true,
				"Query: {{Random: {{Range: 1, 20}}|key=EDter}} = 1": true, //key needs differentiating per mod
				"HasFlag |contains=MadDogTeren_OverrideSeenToday": false,
				"HasFlag |contains=TerenMysteryMail": true
			}
		},
		//Rodney O'Brien (later include Edwina, Meredith)
		{
			"LogName": "Teren Rodney O'Brien Commentary",
			"Action": "EditData",
			"Priority": "Late",
			"Update": "OnLocationChange",
			"Target": "Characters/Dialogue/MadDog.HashtagBearFam.Teren",
			"Entries": {
				"{{WeekDay}}": "{{i18n:TerenDialogueROB.{{Random:{{Range: 1, 3}}|key={{Time}}}}}}#$action AddMail Current MadDogTeren_OverrideSeenToday received"
			},
			"When": {
				"HasMod |contains=TheFrenchDodo.RodneyOBrien": true,
				"Query: {{Random: {{Range: 1, 20}}|key=ROBter}} = 1": true, //key needs differentiating per mod
				"HasFlag |contains=MadDogTeren_OverrideSeenToday": false,
				"HasFlag |contains=TerenMysteryMail": true
			}
		},
		//Nora the Herpetologist
		{
			"LogName": "Teren Nora Commentary",
			"Action": "EditData",
			"Priority": "Late",
			"Update": "OnLocationChange",
			"Target": "Characters/Dialogue/MadDog.HashtagBearFam.Teren",
			"Entries": {
				"{{WeekDay}}": "{{i18n:TerenDialogueNtH.{{Random:{{Range: 1, 3}}|key={{Time}}}}}}#$action AddMail Current MadDogTeren_OverrideSeenToday received"
			},
			"When": {
				"HasMod |contains=Bagi.Nora.CP": true,
				"Query: {{Random: {{Range: 1, 20}}|key=NtHter}} = 1": true, //key needs differentiating per mod
				"HasFlag |contains=MadDogTeren_OverrideSeenToday": false,
				"HasFlag |contains=TerenMysteryMail": true
			}
		},
		//Diamond in the Rough
		{
			"LogName": "Teren DitR Commentary",
			"Action": "EditData",
			"Priority": "Late",
			"Update": "OnLocationChange",
			"Target": "Characters/Dialogue/MadDog.HashtagBearFam.Teren",
			"Entries": {
				"{{WeekDay}}": "{{i18n:TerenDialogueDitR.{{HasSeenEvent |contains=MadDog.BearFam.16199002}}.{{Random:{{Range: 1, 3}}|key={{Time}}}}}}#$action AddMail Current MadDogTeren_OverrideSeenToday received"
			},
			"When": {
				"HasMod |contains=7thAxis.DitR.CP": true,
				"Query: {{Random: {{Range: 1, 20}}|key=DitRter}} = 1": true, //key needs differentiating per mod
				"HasFlag |contains=MadDogTeren_OverrideSeenToday": false,
				"HasFlag |contains=TerenMysteryMail": true
			}
		},
		//Sword and Sorcery
		{
			"LogName": "Teren SnS Commentary",
			"Action": "EditData",
			"Priority": "Late",
			"Update": "OnLocationChange",
			"Target": "Characters/Dialogue/MadDog.HashtagBearFam.Teren",
			"Entries": {
				"{{WeekDay}}": "{{i18n:TerenDialogueSnS.{{Random:{{Range: 1, 3}}|key={{Time}}}}}}#$action AddMail Current MadDogTeren_OverrideSeenToday received"
			},
			"When": {
				"HasMod |contains=DN.SnS": true,
				"Query: {{Random: {{Range: 1, 20}}|key=SnSter}} = 1": true, //key needs differentiating per mod
				"HasFlag |contains=MadDogTeren_OverrideSeenToday": false,
				"HasFlag |contains=TerenMysteryMail": true
			}
		},
		//Plum Forrest + Family
		{
			"LogName": "Teren Plum Commentary",
			"Action": "EditData",
			"Priority": "Late",
			"Update": "OnLocationChange",
			"Target": "Characters/Dialogue/MadDog.HashtagBearFam.Teren",
			"Entries": {
				"{{WeekDay}}": "{{i18n:TerenDialoguePFAF.{{Random:{{Range: 1, 3}}|key={{Time}}}}}}#$action AddMail Current MadDogTeren_OverrideSeenToday received"
			},
			"When": {
				"HasMod |contains=AgentPhoenixCupcake.cp.PlumForrest": true,
				"Query: {{Random: {{Range: 1, 20}}|key=PFAFter}} = 1": true, //key needs differentiating per mod
				"HasFlag |contains=MadDogTeren_OverrideSeenToday": false,
				"HasFlag |contains=TerenMysteryMail": true
			}
		},
		//Metalcore Goes Cottagecore
		{
			"LogName": "Teren MGC Commentary",
			"Action": "EditData",
			"Priority": "Late",
			"Update": "OnLocationChange",
			"Target": "Characters/Dialogue/MadDog.HashtagBearFam.Teren",
			"Entries": {
				"{{WeekDay}}": "{{i18n:TerenDialogueMGC.{{Random:{{Range: 1, 5}}|key={{Time}}}}}}#$action AddMail Current MadDogTeren_OverrideSeenToday received"
			},
			"When": {
				"HasMod |contains=Squeaks.MGC.CP": true,
				"Query: {{Random: {{Range: 1, 20}}|key=MGCter}} = 1": true, //key needs differentiating per mod
				"HasFlag |contains=MadDogTeren_OverrideSeenToday": false,
				"HasFlag |contains=TerenMysteryMail": true
			}
		},
		//Clown Cinematic Universe Zone
		//Traveling Dreamer - A New Dream
		/*{
			"LogName": "Teren Barron & John Commentary",
			"Action": "EditData",
			"Priority": "Late",
			"Update": "OnLocationChange",
			"Target": "Characters/Dialogue/MadDog.HashtagBearFam.Teren",
			"Entries": {
				"{{WeekDay}}": "{{i18n:TerenDialogueFCAND.{{Random:{{Range: 1, 3}}|key={{Time}}}}}}#$action AddMail Current MadDogTeren_OverrideSeenToday received"
			},
			"When": {
				"HasMod |contains=Fellowclown.AND": true,
				"Query: {{Random: {{Range: 1, 20}}|key=FCTDter}} = 1": true, //key needs differentiating per mod
				"HasFlag |contains=MadDogTeren_OverrideSeenToday": false,
				"HasFlag |contains=TerenMysteryMail": true
			}
		},
		//Passerby Cemetary now contains Settling Waters, Magical Family, The Wanderer.
		{
			"LogName": "Teren Passerby Cemetary Commentary",
			"Action": "EditData",
			"Priority": "Late",
			"Update": "OnLocationChange",
			"Target": "Characters/Dialogue/MadDog.HashtagBearFam.Teren",
			"Entries": {
				"{{WeekDay}}": "{{i18n:TerenDialogueFCPC.{{Random:{{Range: 1, 3}}|key={{Time}}}}}}#$action AddMail Current MadDogTeren_OverrideSeenToday received"
			},
			"When": {
				"HasMod |contains=Fellowclown.PC": true,
				"Query: {{Random: {{Range: 1, 20}}|key=FCPCter}} = 1": true, //key needs differentiating per mod
				"HasFlag |contains=MadDogTeren_OverrideSeenToday": false,
				"HasFlag |contains=TerenMysteryMail": true
			}
		},*/
		//Andrew 'Verse
		{
			"LogName": "Teren A Pelican Town Commentary",
			"Action": "EditData",
			"Priority": "Late",
			"Update": "OnLocationChange",
			"Target": "Characters/Dialogue/MadDog.HashtagBearFam.Teren",
			"Entries": {
				"{{WeekDay}}": "{{i18n:TerenDialogueAPT.{{Random:{{Range: 1, 3}}|key={{Time}}}}}}#$action AddMail Current MadDogTeren_OverrideSeenToday received"
			},
			"When": {
				"HasMod |contains=AndrewJC.APelicanTown": true,
				"HasFlag |contains=TerenMysteryMail": true,
				"Query: {{Random: {{Range: 1, 20}}|key=APTter}} = 1": true, //key needs differentiating per mod    //Abbreviation for key here
				"HasFlag |contains=MadDogTeren_OverrideSeenToday": false
			}
		},
		{
			"LogName": "Teren Coalpoint Commentary",
			"Action": "EditData",
			"Priority": "Late",
			"Update": "OnLocationChange",
			"Target": "Characters/Dialogue/MadDog.HashtagBearFam.Teren",
			"Entries": {
				"{{WeekDay}}": "{{i18n:TerenDialogueCPF.{{Random:{{Range: 1, 3}}|key={{Time}}}}}}#$action AddMail Current MadDogTeren_OverrideSeenToday received"
			},
			"When": {
				"HasMod |contains=AndrewJC.CoalPointFarm": true,
				"HasFlag |contains=TerenMysteryMail": true,
				"Query: {{Random: {{Range: 1, 20}}|key=CPFter}} = 1": true, //key needs differentiating per mod    //Abbreviation for key here
				"HasFlag |contains=MadDogTeren_OverrideSeenToday": false
			}
		},
		//Standalone NPCs
		/*{
			"LogName": "Teren YtA Commentary",
			"Action": "EditData",
			"Priority": "Late",
			"Update": "OnLocationChange",
			"Target": "Characters/Dialogue/MadDog.HashtagBearFam.Teren",
			"Entries": {
				"{{WeekDay}}": "{{i18n:TerenDialogueYtA.{{Random:{{Range: 1, 3}}|key={{Time}}}}}}#$action AddMail Current MadDogTeren_OverrideSeenToday received"
			},
			"When": {
				"HasMod |contains=yri.yri": true,
				"Query: {{Random: {{Range: 1, 20}}|key=YtAter}} = 1": true, //key needs differentiating per mod
				"HasFlag |contains=MadDogTeren_OverrideSeenToday": false,
				"HasFlag |contains=TerenMysteryMail": true
			}
		},*/
		{
			"LogName": "Teren ARV Commentary",
			"Action": "EditData",
			"Priority": "Late",
			"Update": "OnLocationChange",
			"Target": "Characters/Dialogue/MadDog.HashtagBearFam.Teren",
			"Entries": {
				"{{WeekDay}}": "{{i18n:TerenDialogueARV.{{Random:{{Range: 1, 3}}|key={{Time}}}}}}#$action AddMail Current MadDogTeren_OverrideSeenToday received"
			},
			"When": {
				"HasMod |contains=Himetarts.ARV.CP": true,
				"Query: {{Random: {{Range: 1, 20}}|key=ARVter}} = 1": true, //key needs differentiating per mod
				"HasFlag |contains=MadDogTeren_OverrideSeenToday": false,
				"HasFlag |contains=TerenMysteryMail": true
			}
		},
		{
			"LogName": "Teren Lucikiel Commentary",
			"Action": "EditData",
			"Priority": "Late",
			"Update": "OnLocationChange",
			"Target": "Characters/Dialogue/MadDog.HashtagBearFam.Teren",
			"Entries": {
				"{{WeekDay}}": "{{i18n:TerenDialogueLuc.{{Random:{{Range: 1, 3}}|key={{Time}}}}}}#$action AddMail Current MadDogTeren_OverrideSeenToday received"
			},
			"When": {
				"HasMod |contains=Arknir.Lucikiel": true,
				"Query: {{Random: {{Range: 1, 20}}|key=Lucter}} = 1": true, //key needs differentiating per mod
				"HasFlag |contains=MadDogTeren_OverrideSeenToday": false,
				"HasFlag |contains=TerenMysteryMail": true
			}
		},
		{
			"LogName": "Teren Lavril Commentary",
			"Action": "EditData",
			"Priority": "Late",
			"Update": "OnLocationChange",
			"Target": "Characters/Dialogue/MadDog.HashtagBearFam.Teren",
			"Entries": {
				"{{WeekDay}}": "{{i18n:TerenDialogueLav.{{Random:{{Range: 1, 3}}|key={{Time}}}}}}#$action AddMail Current MadDogTeren_OverrideSeenToday received"
			},
			"When": {
				"HasMod |contains=Arknir27.Lavril": true,
				"Query: {{Random: {{Range: 1, 20}}|key=Lavter}} = 1": true, //key needs differentiating per mod
				"HasFlag |contains=MadDogTeren_OverrideSeenToday": false,
				"HasFlag |contains=TerenMysteryMail": true
			}
		},

		//standalone NPCs - TBD on 1.6 versions of NPC mods being made available
		/* place holder template
     {
      "LogName": "Teren XXXXX Commentary", //mod name here
      "Action": "EditData",
      "Priority": "Late",
		"Update": "OnLocationChange",
      "Target": "Characters/Dialogue/MadDog.HashtagBearFam.Teren",
      "Entries": {
        "{{WeekDay}}": "{{i18n:TerenDialogueXXXXXX.{{Random:{{Range: 1, 3}}|key={{Time}}}}}}#$action AddMail Current MadDogTeren_OverrideSeenToday received",
      },
      "When": {
        "HasMod |contains=X": true, //MOD ID HERE
		"HasFlag |contains=TerenMysteryMail": true,
        "Query: {{Random: {{Range: 1, 20}}|key=XXXXXter}} = 1": true //key needs differentiating per mod    //Abbreviation for key here
		"HasFlag |contains=MadDogTeren_OverrideSeenToday": false
      }
    }
     */

		//expansions
		//DTZ
		{
			"LogName": "Teren DTZ Commentary", //mod name here
			"Action": "EditData",
			"Priority": "Late",
			"Update": "OnLocationChange",
			"Target": "Characters/Dialogue/MadDog.HashtagBearFam.Teren",
			"Entries": {
				"{{WeekDay}}": "{{i18n:TerenDialogueDTZ.{{Random:{{Range: 1, 5}}|key={{Time}}}}{{BearFamProfanityChanges}}}}#$action AddMail Current MadDogTeren_OverrideSeenToday received"
			},
			"When": {
				"HasMod |contains=DTZ.DowntownZuzuCP": true, //MOD ID HERE
				"HasFlag |contains=TerenMysteryMail": true,
				"Query: {{Random: {{Range: 1, 20}}|key=DTZter}} = 1": true, //key needs differentiating per mod    //Abbreviation for key here
				"HasFlag |contains=MadDogTeren_OverrideSeenToday": false
			}
		},
		//Stardew Valley Expanded
		{
			"LogName": "Teren SVE Commentary",
			"Action": "EditData",
			"Priority": "Late",
			"Update": "OnLocationChange",
			"Target": "Characters/Dialogue/MadDog.HashtagBearFam.Teren",
			"Entries": {
				"{{WeekDay}}": "{{i18n:TerenDialogueSVE.{{Random:{{Range: 1, 3}}|key={{Time}}}}}}#$action AddMail Current MadDogTeren_OverrideSeenToday received"
			},
			"When": {
				"HasMod |contains=FlashShifter.StardewValleyExpandedCP": true,
				"HasFlag |contains=TerenMysteryMail": true,
				"Query: {{Random: {{Range: 1, 20}}|key=SVEter}} = 1": true, //key needs differentiating per mod
				"HasFlag |contains=MadDogTeren_OverrideSeenToday": false
			}
		},
		//Ridgeside Village
		{
			"LogName": "Teren RSV Commentary",
			"Action": "EditData",
			"Priority": "Late",
			"Update": "OnLocationChange",
			"Target": "Characters/Dialogue/MadDog.HashtagBearFam.Teren",
			"Entries": {
				"{{WeekDay}}": "{{i18n:TerenDialogueRSV.{{Random:{{Range: 1, 3}}|key={{Time}}}}{{BearFamProfanityChanges}}{{CrossModCompatTokens}}}}#$action AddMail Current MadDogTeren_OverrideSeenToday received"
			},
			"When": {
				"HasMod |contains=Rafseazz.RSVCP": true,
				"HasFlag |contains=TerenMysteryMail": true,
				"Query: {{Random: {{Range: 1, 20}}|key=RSVter}} = 1": true, //key needs differentiating per mod
				"HasFlag |contains=MadDogTeren_OverrideSeenToday": false
			}
		}
		/* //Visit Mount Vapius VMV
		{
			"LogName": "Teren VMV Commentary",
			"Action": "EditData",
			"Priority": "Late",
			"Update": "OnLocationChange",
			"Target": "Characters/Dialogue/MadDog.HashtagBearFam.Teren",
			"Entries": {
				"{{WeekDay}}": "{{i18n:TerenDialogueVMV.{{Random:{{Range: 1, 3}}|key={{Time}}}}}}#$action AddMail Current MadDogTeren_OverrideSeenToday received"
			},
			"When": {
				"HasMod |contains=Lumisteria.MtVapius": true,
		"HasFlag |contains=TerenMysteryMail": true,
				"Query: {{Random: {{Range: 1, 20}}|key=VMVter}} = 1": true, //key needs differentiating per mod   
				"HasFlag |contains=MadDogTeren_OverrideSeenToday": false
			}
		}
		*/
		/*
		//Sunberry Village SBV
		{
			"LogName": "Teren SBV Commentary",
			"Action": "EditData",
			"Priority": "Late",
			"Update": "OnLocationChange",
			"Target": "Characters/Dialogue/MadDog.HashtagBearFam.Teren",
			"Entries": {
				"{{WeekDay}}": "{{i18n:TerenDialogueSBV.{{Random:{{Range: 1, 3}}|key={{Time}}}}}}#$action AddMail Current MadDogTeren_OverrideSeenToday received",

			},
			"When": {
				"HasMod |contains=skellady.SBVCP": true, //MOD ID HERE - TBD (no public alpha or release yet!!!!!!!!!!!!)
				"HasFlag |contains=TerenMysteryMail": true,
				"Query: {{Random: {{Range: 1, 20}}|key=SBVter}} = 1": true //key needs differentiating per mod    
				"HasFlag |contains=MadDogTeren_OverrideSeenToday": false
			}
		}
		*/
		//TBD Expansions depending on 1.6 - Cape Stardew, Adventurer Guild Expanded, Defense Division, Boarding House
		/* //place holder template
     {
      "LogName": "Teren XXXXX Commentary", //mod name here
      "Action": "EditData"
      "Priority": "Late",
		"Update": "OnLocationChange",
      "Target": "Characters/Dialogue/MadDog.HashtagBearFam.Teren",
      "Entries": {
        "{{WeekDay}}": "{{i18n:TerenDialogueXXXXXXXXXX.{{Random:{{Range: 1, 3}}|key={{Time}}}}}}#$action AddMail Current MadDogTeren_OverrideSeenToday received",
        
      },
      "When": {
        "HasMod |contains=X": true, //MOD ID HERE
		"HasFlag |contains=TerenMysteryMail": true,
        "Query: {{Random: {{Range: 1, 20}}|key=XXXXXter}} = 1": true //key needs differentiating per mod    //Abbreviation for key here
		"HasFlag |contains=MadDogTeren_OverrideSeenToday": false
      }
    }
     */
	]
}
