{
  "Changes": [
    {
      "Action": "Load",
      "Target": "Characters/Wumbus",
      "FromFile": "assets/tempActors/sprites/Wumbus.png"
    },

    {
      "Action": "Load",
      "Target": "Characters/LilWumbus",
      "FromFile": "assets/tempActors/sprites/LilWumbus.png"
    },

    {
      "Action": "Load",
      "Target": "Portraits/Wumbus",
      "FromFile": "assets/tempActors/portraits/Wumbus.png"
    },
    {
      "Action": "Load",
      "Target": "Characters/LGhost0",
      "FromFile": "assets/tempActors/sprites/LGhost0.png"
    },
    {
      "Action": "Load",
      "Target": "Characters/LGhost1",
      "FromFile": "assets/tempActors/sprites/LGhost1.png"
    },
    {
      "Action": "Load",
      "Target": "Characters/LGhost2",
      "FromFile": "assets/tempActors/sprites/LGhost2.png"
    },

    {
      "Action": "Load",
      "Target": "Characters/LGhost3",
      "FromFile": "assets/tempActors/sprites/LGhost3.png"
    },

    {
      "Action": "Load",
      "Target": "Characters/LGhost4",
      "FromFile": "assets/tempActors/sprites/LGhost4.png"
    },

    {
      "Action": "Load",
      "Target": "Characters/LGhost5",
      "FromFile": "assets/tempActors/sprites/LGhost5.png"
    },

    {
      "Action": "Load",
      "Target": "Characters/LGhost6",
      "FromFile": "assets/tempActors/sprites/LGhost6.png"
    },

    {
      "Action": "Load",
      "Target": "Characters/LGhost7",
      "FromFile": "assets/tempActors/sprites/LGhost7.png"
    },

    {
      "Action": "Load",
      "Target": "Characters/LGhost8",
      "FromFile": "assets/tempActors/sprites/LGhost8.png"
    },

    {
      "Action": "Load",
      "Target": "Characters/GhostFlame1",
      "FromFile": "assets/tempActors/sprites/GhostFlame1.png"
    },

    {
      "Action": "Load",
      "Target": "Characters/GhostFlame2",
      "FromFile": "assets/tempActors/sprites/GhostFlame2.png"
    },

    {
      "Action": "Load",
      "Target": "Characters/GhostFlame3",
      "FromFile": "assets/tempActors/sprites/GhostFlame3.png"
    },

    {
      "Action": "Load",
      "Target": "Characters/GhostFlame4",
      "FromFile": "assets/tempActors/sprites/GhostFlame4.png"
    },

    {
      "Action": "Load",
      "Target": "Characters/LJunimoDance1",
      "FromFile": "assets/tempActors/sprites/LJunimoDance1.png"
    },

    {
      "Action": "Load",
      "Target": "Characters/LJunimoDance2",
      "FromFile": "assets/tempActors/sprites/LJunimoDance2.png"
    },

    {
      "Action": "Load",
      "Target": "Characters/Revenant",
      "FromFile": "assets/tempActors/sprites/Revenant.png"
    },

    {
      "Action": "Load",
      "Target": "Portraits/Revenant",
      "FromFile": "assets/tempActors/portraits/Revenant.png"
    },

    {
      "Action": "Load",
      "Target": "Characters/CarryLavril",
      "FromFile": "assets/tempActors/sprites/CarryLavril.png"
    },

    // ARV Collab
    {
      "Action": "Load",
      "Target": "Characters/MaxWalk",
      "FromFile": "assets/tempActors/sprites/MaxWalk.png"
    },

    {
      "Action": "Load",
      "Target": "Characters/MaxRun",
      "FromFile": "assets/tempActors/sprites/MaxRun.png"
    },

    {
      "Action": "Load",
      "Target": "Characters/MaxStick",
      "FromFile": "assets/tempActors/sprites/MaxStick.png"
    },

    {
      "Action": "Load",
      "Target": "Characters/LaySterling",
      "FromFile": "assets/tempActors/sprites/LaySterling.png"
    },

    {
      "Action": "Load",
      "Target": "Characters/LayLavril",
      "FromFile": "assets/tempActors/sprites/LayLavril.png"
    },

    {
      "Action": "Load",
      "Target": "Characters/VoidAlpha",
      "FromFile": "assets/tempActors/sprites/VoidAlpha.png"
    },

    {
      "Action": "Load",
      "Target": "Characters/VoidBeta",
      "FromFile": "assets/tempActors/sprites/VoidBeta.png"
    },

    //Vanilla Jas
    {
      "Action": "Load",
      "Target": "Characters/JasPJ",
      "FromFile": "assets/tempActors/sprites/JasPJ.png"
    },

    {
      "Action": "Load",
      "Target": "Characters/EloisePJ",
      "FromFile": "assets/tempActors/sprites/EloisePJ.png"
    },

    //Vanilla Jas
    {
      "Action": "Load",
      "Target": "Portraits/JasPJ",
      "FromFile": "assets/tempActors/portraits/JasPJ.png"
    },

    {
      "Action": "Load",
      "Target": "Portraits/EloisePJ",
      "FromFile": "assets/tempActors/portraits/EloisePJ.png"
    },

    {
      "Action": "Load",
      "Target": "Characters/LCritter",
      "FromFile": "assets/tempActors/sprites/LCritter.png"
    },

    {
      "Action": "Load",
      "Target": "Characters/LRockCrab",
      "FromFile": "assets/tempActors/sprites/LRockCrab.png"
    },

    {
      "Action": "Load",
      "Target": "Characters/LRockCrab1",
      "FromFile": "assets/tempActors/sprites/LRockCrab.png"
    },

    {
      "Action": "Load",
      "Target": "Characters/LRockCrab2",
      "FromFile": "assets/tempActors/sprites/LRockCrab.png"
    },

    {
      "Action": "Load",
      "Target": "Characters/LRockCrab3",
      "FromFile": "assets/tempActors/sprites/LRockCrab.png"
    },

    {
      "Action": "Load",
      "Target": "Characters/LCrab",
      "FromFile": "assets/tempActors/sprites/LCrab.png"
    },

    {
      "Action": "Load",
      "Target": "Characters/LCrab1",
      "FromFile": "assets/tempActors/sprites/LCrab.png"
    },

    {
      "Action": "Load",
      "Target": "Characters/LCrab2",
      "FromFile": "assets/tempActors/sprites/LCrab.png"
    },

    {
      "Action": "Load",
      "Target": "Characters/LCrab3",
      "FromFile": "assets/tempActors/sprites/LCrab.png"
    },


    //SLIMES and KITTIE SLIMES - Credit to Hisame Artwork: https://www.nexusmods.com/stardewvalley/users/51209496

    {
      "Action": "Load",
      "Target": "Characters/LGreenSlime",
      "FromFile": "assets/tempActors/sprites/LGreenSlime.png"
    },

    {
      "Action": "Load",
      "Target": "Characters/LGreenSlimeAngry",
      "FromFile": "assets/tempActors/sprites/LGreenSlimeAngry.png"
    },

    {
      "Action": "Load",
      "Target": "Characters/LGreenSlimeKitty",
      "FromFile": "assets/tempActors/sprites/LGreenSlimeKitty.png"
    },

    {
      "Action": "Load",
      "Target": "Characters/LBlueSlime",
      "FromFile": "assets/tempActors/sprites/LBlueSlime.png"
    },

    {
      "Action": "Load",
      "Target": "Characters/LBlueSlimeKitty",
      "FromFile": "assets/tempActors/sprites/LBlueSlimeKitty.png"
    },

    {
      "Action": "Load",
      "Target": "Characters/LRedSlime",
      "FromFile": "assets/tempActors/sprites/LRedSlime.png"
    },

    {
      "Action": "Load",
      "Target": "Characters/LRedSlimeKitty",
      "FromFile": "assets/tempActors/sprites/LRedSlimeKitty.png"
    },

    {
      "Action": "Load",
      "Target": "Characters/LYellowSlime",
      "FromFile": "assets/tempActors/sprites/LYellowSlime.png"
    },

    {
      "Action": "Load",
      "Target": "Characters/LYellowSlimeKitty",
      "FromFile": "assets/tempActors/sprites/LYellowSlimeKitty.png"
    },


    ///Objects
    {
      "Action": "Load",
      "Target": "Characters/LFlashlight",
      "FromFile": "assets/tempActors/sprites/LFlashlight.png"
    },

    {
      "Action": "Load",
      "Target": "Characters/LStick",
      "FromFile": "assets/tempActors/sprites/LStick.png"
    },

    {
      "Action": "Load",
      "Target": "Characters/LBlueberry",
      "FromFile": "assets/tempActors/sprites/LBlueberry.png"
    },

    {
      "Action": "Load",
      "Target": "Characters/LRedVelvet",
      "FromFile": "assets/tempActors/sprites/LRedVelvet.png"
    },

    {
      "Action": "Load",
      "Target": "Characters/LCurtain1",
      "FromFile": "assets/tempActors/sprites/LCurtain.png"
    },

    {
      "Action": "Load",
      "Target": "Characters/LCurtain2",
      "FromFile": "assets/tempActors/sprites/LCurtain.png"
    },

    {
      "Action": "Load",
      "Target": "Characters/LCurtain3",
      "FromFile": "assets/tempActors/sprites/LCurtain.png"
    },

    {
      "Action": "Load",
      "Target": "Characters/LCurtain4",
      "FromFile": "assets/tempActors/sprites/LCurtain.png"
    }

  ]
}