{
    "rain": "610 EastScarp_Lighthouse 11 10 0 Beatrice_pjs \"Strings\\schedules\\Beatrice:sleep\"/1100 EastScarp_Lighthouse 5 5 0/1200 EastScarp_Village 60 114 2 \"Strings\\schedules\\Beatrice:rain.001\"/1400 EastScarp_Village 71 77 2/1500 EastScarp_Village 71 120 2 Beatrice_telescope \"Strings\\schedules\\Beatrice:telescope.001\"/1600 EastScarp_Lighthouse 21 6 1/1900 EastScarp_Lighthouse 18 4 0", // Have edited
    "rain2": "610 EastScarp_Lighthouse 11 10 0 Beatrice_pjs \"Strings\\schedules\\Beatrice:sleep\"/1100 EastScarp_Lighthouse 5 5 0/1200 EastScarp_Village 60 114 2 \"Strings\\schedules\\Beatrice:rain.001\"/1400 EastScarp_Village 71 77 2/1500 EastScarp_Village 73 121 0 Beatrice_telescope \"Strings\\schedules\\Beatrice:telescope.002\"/1600 EastScarp_Village 12 111 3 \"Strings\\schedules\\Beatrice:boat.001\"/1900 EastScarp_Lighthouse 18 4 0", // Have edited
    "Mon": "610 EastScarp_Lighthouse 11 10 0 Beatrice_pjs \"Strings\\schedules\\Beatrice:sleep\"/1000 SeedShop 16 29 3 Beatrice_shop/1400 Saloon 19 23 3 \"Strings\\schedules\\Beatrice:saloon.001\"/1700 EastScarp_Lighthouse 18 4 0",
    "Sun": "610 EastScarp_Lighthouse 11 10 0 Beatrice_pjs \"Strings\\schedules\\Beatrice:sleep\"/1100 EastScarp_Lighthouse 2 10 3/1200 EastScarp_Lighthouse 4 9 2 Beatrice_read \"Strings\\schedules\\Beatrice:read.001\"/1500 EastScarp_Lighthouse 5 5 0/1600 EastScarp_Lighthouse 11 5 0/1800 EastScarp_Lighthouse 18 4 0 \"Strings\\schedules\\Beatrice:light.001\"",
    "spring_16": "610 EastScarp_Lighthouse 18 4 0 Beatrice_pjs \"Strings\\schedules\\Beatrice:sleep\"/1000 Hospital 15 15 3 Beatrice_chair \"Strings\\schedules\\Beatrice:checkup\"/1500 Saloon 19 23 3/1900 EastScarp_Lighthouse 18 4 0",
    "spring": "610 EastScarp_Lighthouse 11 10 0 Beatrice_pjs \"Strings\\schedules\\Beatrice:sleep\"/1100 EastScarp_Lighthouse 5 5 0/1400 EastScarp_Village 73 121 0 Beatrice_telescope/1600 EastScarp_Village 12 111 3/1800 EastScarp_Lighthouse 2 10 3/1900 EastScarp_Lighthouse 18 4 0",
    "fall": "610 EastScarp_Lighthouse 11 10 0 Beatrice_pjs \"Strings\\schedules\\Beatrice:sleep\"/1200 EastScarp_Village 55 84 3 Beatrice_read/1500 EastScarp_Village 75 119 2 Beatrice_telescope/1700 EastScarp_Lighthouse 21 6 1/1830 EastScarp_Lighthouse 18 4 0",
    "winter": "610 EastScarp_Lighthouse 18 4 0/800 EastScarp_Lighthouse 11 10 2 Beatrice_pjs \"Strings\\schedules\\Beatrice:sleep\"/1200 EastScarp_Lighthouse 11 5 0/1300 EastScarp_Village 54 40 2 Beatrice_sit/1700 EastScarp_Lighthouse 21 6 1/1800 EastScarp_Lighthouse 18 4 0",
    "spring_12": "610 EastScarp_Lighthouse 11 10 0 Beatrice_pjs \"Strings\\schedules\\Beatrice:sleep\"/900 EastScarp_Lighthouse 5 5 0/930 ArchaeologyHouse 18 9 2 Beatrice_stool \"Strings\\schedules\\Beatrice:read.002\"/1440 Saloon 19 23 3/1600 EastScarp_Lighthouse 2 10 3/2000 EastScarp_Lighthouse 18 4 0",
    "fall_12": "610 EastScarp_Lighthouse 11 10 0 Beatrice_pjs \"Strings\\schedules\\Beatrice:sleep\"/900 EastScarp_Lighthouse 5 5 0/930 ArchaeologyHouse 18 9 2 Beatrice_stool \"Strings\\schedules\\Beatrice:read.002\"/1440 Saloon 19 23 3/1600 EastScarp_Lighthouse 2 10 3/1900 EastScarp_Lighthouse 18 4 0",
    "winter_12": "610 EastScarp_Lighthouse 11 10 0 Beatrice_pjs \"Strings\\schedules\\Beatrice:sleep\"/900 EastScarp_Lighthouse 5 5 0/930 ArchaeologyHouse 18 9 2 Beatrice_stool \"Strings\\schedules\\Beatrice:read.002\"/1440 Saloon 19 23 3/1600 EastScarp_Lighthouse 2 10 3/1800 EastScarp_Lighthouse 18 4 0",
    "summer": "610 EastScarp_Lighthouse 11 10 0 Beatrice_pjs \"Strings\\schedules\\Beatrice:sleep\"/1100 EastScarp_Village 22 102 1/1300 EastScarp_Village 55 84 2 Beatrice_read/1500 EastScarp_Lighthouse 11 5 0/1600 EastScarp_Lighthouse 21 6 1/1700 EastScarp_Lighthouse 5 5 0/2000 EastScarp_Lighthouse 18 4 0"
}