{
    "Changes": [
        {
            "LogName": "Sen Ten Heart P1",
            "Action": "EditData",
            "Target": "Data/Events/EastScarp_DeepDark",
            "Entries": {
                "7thAxis.DitR_Events.SenS.10h.P1/e 7thAxis.DitR_Events.SenS.8h/f SenS 2500/A DitR_CT_FamilyFlashback": "
                    desolate/
                    21 37/
                    farmer 23 31 0 SenS 23 37 0/
                    changePortrait SenS Default/
                    changeSprite SenS Default/
                    ignoreCollisions SenS/
                    ignoreCollisions farmer/
                    addTemporaryActor Skrell 16 32 -999 -999 2 true character/
                    addTemporaryActor Ebb 16 32 -999 -999 2 true character/
                    changeName Skrell {{i18n:Core.SenS.Name.Skrell}}/
                    changeName Ebb {{i18n:Core.SenS.Name.Ebb}}/
                    addConversationTopic DitR_CT_MineFlashback {{Event Cooldown Length}}/
                    skippable/
                        pause 800/
                        speed farmer 3/
                        speed SenS 3/
                        advancedMove SenS false 2 0 4 600 -2 0 4 600 2 0 4 600 -2 0 3 100/
                        pause 1000/
                        advancedMove farmer false -2 0 0 6 1 600/
                        emote SenS 12 true/
                        shake SenS 1000/
                        pause 100/
                        shake SenS 1000/
                        pause 3500/
                        emote farmer 32 true/
                        pause 100/
                        emote SenS 32 true/
                        playSound shadowpeep/
                        jump SenS/
                        pause 600/
                    speak SenS \"{{i18n:Events.SenS.Event10.1}}\"/
                        advancedMove SenS false 0 1 2 300/
                    speak SenS \"{{i18n:Events.SenS.Event10.2}}\"/
                        pause 100/
                        advancedMove SenS false 0 -1 4 600 2 0 4 600 3 0 4 600 -3 0 4 600/
                        pause 500/
                        emote farmer 32 true/
                        pause 300/
                        advancedMove farmer false 2 0 4 100/
                        pause 1200/
                        emote SenS 12 true/
                        shake SenS 3000/
                        pause 1500/
                        emote farmer 8 true/
                        faceDirection farmer 1/
                        pause 1500/
                    quickQuestion {{i18n:Events.SenS.Event10.3}}(break)speak SenS \"{{i18n:Events.SenS.Event10.4}}\"(break)speak SenS \"{{i18n:Events.SenS.Event10.5}}\"/
                        faceDirection SenS 3/
                    speak SenS \"{{i18n:Events.SenS.Event10.6}}\"/
                        pause 100/
                        advancedMove farmer false 1 0 1 100/
                        pause 500/
                        emote farmer 32/
                    speak SenS \"{{i18n:Events.SenS.Event10.7}}\"/
                        pause 100/

                    globalFade 0.012/
                    viewport -2000 -2000/
                    warp farmer -1000 -1000/
                    warp SenS 18 10/
                    faceDirection SenS 0/
                    warp Skrell 18 7/
                    warp Ebb 19 7/
                    globalFadeToClear 0.012 true/
                    changeLocation Mine/
                    viewport 18 9 clamp/
                    playMusic Upper_Ambient/

                        pause 1000/
                        emote Ebb 28/
                        shake Ebb 1000/
                        playSound shadowpeep/
                        pause 1000/
                    speak Skrell \"{{i18n:Events.SenS.Event10.8}}\"/
                        emote SenS 28 true/
                        shake SenS 1000/
                    speak SenS \"{{i18n:Events.SenS.Event10.9}}\"/
                        emote Skrell 12 true/
                        shake Skrell 1000/
                    speak Skrell \"{{i18n:Events.SenS.Event10.10}}\"/
                        speed Skrell 3/
                        advancedMove Skrell false 0 1 2 100/
                        pause 350/
                        emote Ebb 28 true/
                            positionOffset SenS 0 4/
                            pause 5/
                            positionOffset SenS 0 4/
                            pause 5/
                            positionOffset SenS 0 4/
                            pause 5/
                            positionOffset SenS 0 4/
                            pause 5/
                            showFrame SenS 9/
                            positionOffset SenS 0 4/
                            pause 5/
                            positionOffset SenS 0 4/
                            pause 5/
                            positionOffset SenS 0 4/
                            pause 5/
                            positionOffset SenS 0 4/
                            pause 5/
                            showFrame SenS 8/
                            positionOffset SenS 0 4/
                            pause 5/
                            positionOffset SenS 0 4/
                            pause 5/
                            positionOffset SenS 0 4/
                            pause 5/
                            positionOffset SenS 0 4/
                            pause 5/
                            showFrame SenS 11/
                            positionOffset SenS 0 4/
                            pause 5/
                            positionOffset SenS 0 4/
                            pause 5/
                            positionOffset SenS 0 4/
                            pause 5/
                            positionOffset SenS 0 4/
                            pause 5/
                            showFrame SenS 8/
                            pause 5/
                        warp SenS 18 11/
                    speak Skrell \"{{i18n:Events.SenS.Event10.11}}\"/
                        pause 100/
                        shake SenS 1000/
                        playSound shadowpeep/
                        advancedMove SenS false 0 -1 4 100/
                        pause 350/
                        emote Skrell 16 true/
                            positionOffset Skrell 0 -4/
                            pause 5/
                            positionOffset Skrell 0 -4/
                            pause 5/
                            positionOffset Skrell 0 -4/
                            pause 5/
                            positionOffset Skrell 0 -4/
                            pause 5/
                            showFrame Skrell 1/
                            positionOffset Skrell 0 -4/
                            pause 5/
                            positionOffset Skrell 0 -4/
                            pause 5/
                            positionOffset Skrell 0 -4/
                            pause 5/
                            positionOffset Skrell 0 -4/
                            pause 5/
                            showFrame Skrell 0/
                            positionOffset Skrell 0 -4/
                            pause 5/
                            positionOffset Skrell 0 -4/
                            pause 5/
                            positionOffset Skrell 0 -4/
                            pause 5/
                            positionOffset Skrell 0 -4/
                            pause 5/
                            showFrame Skrell 3/
                            positionOffset Skrell 0 -4/
                            pause 5/
                            positionOffset Skrell 0 -4/
                            pause 5/
                            positionOffset Skrell 0 -4/
                            pause 5/
                            positionOffset Skrell 0 -4/
                            pause 5/
                        showFrame Skrell 0/
                        pause 5/
                        warp Skrell 18 7/
                    speak SenS \"{{i18n:Events.SenS.Event10.12}}\"/
                        pause 200/
                        faceDirection SenS 2/
                        pause 200/
                    speak SenS \"{{i18n:Events.SenS.Event10.13}}\"/
                        pause 400/
                        advancedMove SenS false 0 1 2 100/
                        pause 600/
                    speak SenS \"{{i18n:Events.SenS.Event10.14}}\"/
                        pause 100/
                        shake Skrell 1000/
                        pause 300/
                        faceDirection Ebb 3/
                        emote Ebb 28/
                        pause 100/
                    speak Skrell \"{{i18n:Events.SenS.Event10.15}}\"/
                        pause 100/
                        emote SenS 16 true/
                        jump SenS/
                        playSound shadowpeep/
                        faceDirection Ebb 2/
                        faceDirection SenS 0/
                        pause 100/
                    speak SenS \"{{i18n:Events.SenS.Event10.16}}\"/
                        pause 100/
                        shake Skrell 1000/
                        pause 400/
                        faceDirection Skrell 3/
                        pause 400/
                        faceDirection Ebb 3/
                        pause 100/
                    speak Skrell \"{{i18n:Events.SenS.Event10.17}}\"/
                        pause 1000/
                        shake SenS 5000/
                        pause 700/
                        speed SenS 4/
                        playSound shadowpeep/
                        advancedMove SenS false 0 4 2 100/
                        pause 300/
                        emote Ebb 16 true/
                        faceDirection Ebb 2/
                        jump Ebb/
                        pause 500/
                        speed Ebb 4/
                        advancedMove Ebb false 0 3 2 100/
                        pause 300/

                    warp SenS -1000 -1000/
                    globalFade 0.012/
                    viewport -2000 -2000/
                    warp farmer 24 37/
                    warp SenS 25 37/
                    faceDirection SenS 3/
                    faceDirection farmer 1/
                    warp Skrell -1000 -1000/
                    warp Ebb -1000 -1000/
                    globalFadeToClear 0.012 true/
                    changeLocation EastScarp_DeepDark/
                    viewport 21 37 clamp/
                    playMusic desolate/

                        pause 600/
                        speed SenS 2/
                        speed farmer 2/
                        advancedMove farmer false -2 0 1 100/
                        pause 200/
                        advancedMove SenS false -2 0 3 100/
                        pause 500/
                    speak SenS \"{{i18n:Events.SenS.Event10.18}}\"/
                        pause 100/
                        advancedMove SenS false 0 1 2 100/
                        pause 200/
                        faceDirection farmer 2/
                        pause 500/
                        emote SenS 40/
                        pause 100/
                    speak SenS \"{{i18n:Events.SenS.Event10.19}}\"/
                        pause 100/
                        emote farmer 40/
                        pause 100/
                        advancedMove farmer false 0 1 1 100/
                        pause 400/
                        emote farmer 32/
                        pause 200/
                        faceDirection SenS 3/
                        pause 100/
                        jump SenS/
                        pause 100/
                    speak SenS \"{{i18n:Events.SenS.Event10.20}}\"/
                        pause 100/
                        emote farmer 32/
                        pause 100/
                        faceDirection SenS 2/
                        pause 200/
                        faceDirection farmer 2/
                    speak SenS \"{{i18n:Events.SenS.Event10.21}}\"/
                        pause 500/
                    end"
            }
        },
        {
            "LogName": "Sen Ten Heart P2",
            "Action": "EditData",
            "Target": "Data/Events/EastScarp_Village",
            "Entries": {
                "7thAxis.DitR_Events.SenS.10h.P2/e 7thAxis.DitR_Events.SenS.10h.P1/t 2000 2600/w sunny/f SenS 2500/A DitR_CT_MineFlashback": "
                    ocean/
                    32 112/
                    farmer 28 106 2 SenS 35 113 1/
                    changePortrait SenS Default/
                    changeSprite SenS Default/
                    ignoreCollisions SenS/
                    ignoreCollisions farmer/
                    addConversationTopic DitR_CT_TheConfrontation {{Event Cooldown Length}}/
                    skippable/
                    addLantern 737 32 110 3/
                    addTemporaryActor Skrell 16 32 37 113 3 true character/
                    addTemporaryActor Ebb 16 32 36 112 2 true character/
                    changeName Skrell {{i18n:Core.SenS.Name.Skrell}}/
                    changeName Ebb {{i18n:Core.SenS.Name.Ebb}}/

                        pause 500/
                        advancedMove farmer false 0 2 1 0 2 600/
                        pause 600/
                        playSound shadowpeep/
                        shake Skrell 1000/
                        emote Skrell 40 true/
                        pause 1200/
                        playSound shadowpeep/
                        jump Ebb/
                        emote Ebb 56 true/
                        pause 1000/
                        playSound shadowpeep/
                        emote SenS 32/
                        pause 300/
                        advancedMove farmer false 0 1 0 0 1 100/
                        pause 500/
                        animate farmer false false 100 31 32 33 34 35 6/
                        pause 200/
                        playSound crafting/
                        pause 400/
                        faceDirection farmer 2/
                        pause 50/
                        emote SenS 16 true/
                        faceDirection SenS 3/
                        pause 10/
                        emote Ebb 16 true/
                        faceDirection Ebb 3/
                        pause 10/
                        playSound shadowpeep/
                        shake Skrell 1000/
                        emote Skrell 16/
                        pause 400/
                        faceDirection SenS 1/
                        pause 20/
                        emote Ebb 8 true/
                        pause 300/
                        faceDirection Ebb 2/
                        pause 100/
                        emote SenS 32/
                        emote Skrell 8 true/
                        shake Skrell 1000/
                        pause 500/
                        speed SenS 4/
                        speed Ebb 3/
                        advancedMove SenS false -7 0 0 -4 1 100/
                        pause 500/
                        emote Skrell 16 true/
                        playSound shadowpeep/
                        jump Skrell/
                        pause 200/
                        advancedMove Ebb false 0 1 1 100/
                        pause 1700/
                        faceDirection farmer 3/
                        emote farmer 32 true/
                        pause 100/
                        emote SenS 32/
                        pause 500/
                        advancedMove SenS false -1 0 1 100/
                        pause 200/
                        emote farmer 8/
                        pause 200/
                        shake SenS 500/
                        pause 100/
                        playSound pickUpItem/
                        addObject 28 109 203 1/
                        pause 300/
                        emote SenS 56/
                        pause 800/
                        startJittering/
                        pause 500/
                        stopJittering/
                        pause 100/
                        playSound pickUpItem/
                        removeObject 28 109/
                        pause 500/
                        playSound getNewSpecialItem/
                        showFrame farmer 57/
                        addObject 29 107 203 1/
                        pause 1300/
                        removeObject 29 107/
                        faceDirection farmer 2/
                        pause 100/
                        faceDirection farmer 3/
                        pause 300/
                        emote SenS 56 true/
                        jump SenS/
                        speed SenS 3/
                        pause 700/
                        advancedMove SenS false 0 4 3 0 1 100/
                        pause 200/
                        faceDirection farmer 2/
                        pause 2000/
                        emote SenS 56 true/
                        jump SenS/
                        pause 200/
                        advancedMove Ebb false 0 -1 3 100/
                        pause 200/
                        emote Ebb 8 true/
                        pause 100/
                        emote Skrell 8 true/
                        shake Skrell 1000/
                        pause 1000/
                        speed farmer 3/
                        advancedMove farmer false 0 3 1 0 1 100/
                        pause 1300/
                        emote Skrell 16 true/
                        playSound shadowpeep/
                        jump Skrell/

                            positionOffset Skrell 4 0/
                            pause 5/
                            positionOffset Skrell 4 0/
                            pause 5/
                            positionOffset Skrell 4 0/
                            pause 5/
                            positionOffset Skrell 4 0/
                            pause 5/
                            positionOffset Skrell 4 0/
                            pause 5/
                            positionOffset Skrell 4 0/
                            pause 5/
                            positionOffset Skrell 4 0/
                            pause 5/
                            positionOffset Skrell 4 0/
                            pause 5/
                            positionOffset Skrell 4 0/
                            pause 5/
                            positionOffset Skrell 4 0/
                            pause 5/
                            positionOffset Skrell 4 0/
                            pause 5/
                            positionOffset Skrell 4 0/
                            pause 5/
                            positionOffset Skrell 4 0/
                            pause 5/
                            positionOffset Skrell 4 0/
                            pause 5/
                            positionOffset Skrell 4 0/
                            pause 5/
                            positionOffset Skrell 4 0/
                            pause 5/

                        pause 5/
                        positionOffset Skrell 4 0/
                        pause 50/
                        emote Ebb 16 true/
                        jump Ebb/

                            positionOffset Ebb 4 0/
                            pause 5/
                            positionOffset Ebb 4 0/
                            pause 5/
                            positionOffset Ebb 4 0/
                            pause 5/
                            positionOffset Ebb 4 0/
                            pause 5/
                            positionOffset Ebb 4 0/
                            pause 5/
                            positionOffset Ebb 4 0/
                            pause 5/
                            positionOffset Ebb 4 0/
                            pause 5/
                            positionOffset Ebb 4 0/
                            pause 5/
                            positionOffset Ebb 4 0/
                            pause 5/
                            positionOffset Ebb 4 0/
                            pause 5/
                            positionOffset Ebb 4 0/
                            pause 5/
                            positionOffset Ebb 4 0/
                            pause 5/
                            positionOffset Ebb 4 0/
                            pause 5/
                            positionOffset Ebb 4 0/
                            pause 5/
                            positionOffset Ebb 4 0/
                            pause 5/
                            positionOffset Ebb 4 0/
                            pause 5/
                            positionOffset Ebb 4 0/
                            pause 5/

                        warp Skrell 38 113/
                        warp Ebb 37 112/
                        pause 500/
                        speed farmer 2/
                        advancedMove farmer false 2 0 0 1 4 0 1 100/
                        pause 2500/
                        emote Skrell 12 true/
                        shake Skrell 1000/

                            positionOffset Skrell 4 0/
                            pause 5/
                            positionOffset Skrell 4 0/
                            pause 5/
                            positionOffset Skrell 4 0/
                            pause 5/
                            positionOffset Skrell 4 0/
                            pause 5/
                            showFrame Skrell 13/
                            positionOffset Skrell 4 0/
                            pause 5/
                            positionOffset Skrell 4 0/
                            pause 5/
                            positionOffset Skrell 4 0/
                            pause 5/
                            positionOffset Skrell 4 0/
                            pause 5/

                        showFrame Skrell 12/
                        
                            positionOffset Skrell 4 0/
                            pause 5/
                            positionOffset Skrell 4 0/
                            pause 5/
                            positionOffset Skrell 4 0/
                            pause 5/
                            positionOffset Skrell 4 0/
                            pause 5/
                            showFrame Skrell 15/
                            positionOffset Skrell 4 0/
                            pause 5/
                            positionOffset Skrell 4 0/
                            pause 5/
                            positionOffset Skrell 4 0/
                            pause 5/
                            positionOffset Skrell 4 0/
                            pause 5/

                        showFrame Skrell 12/
                        pause 50/
                        pause 5/
                        warp Skrell 39 113/
                        positionOffset Ebb 4 0/

                            pause 5/
                            positionOffset Ebb 4 0/
                            pause 5/
                            positionOffset Ebb 4 0/
                            pause 5/
                            positionOffset Ebb 4 0/
                            pause 5/
                            showFrame Ebb 13/
                            positionOffset Ebb 4 0/
                            pause 5/
                            positionOffset Ebb 4 0/
                            pause 5/
                            positionOffset Ebb 4 0/
                            pause 5/
                            positionOffset Ebb 4 0/
                            pause 5/
                            showFrame Ebb 12/
                            positionOffset Ebb 4 0/
                            pause 5/
                            positionOffset Ebb 4 0/
                            pause 5/
                            positionOffset Ebb 4 0/
                            pause 5/
                            positionOffset Ebb 4 0/
                            pause 5/
                            showFrame Ebb 15/
                            positionOffset Ebb 4 0/
                            pause 5/
                            positionOffset Ebb 4 0/
                            pause 5/
                            positionOffset Ebb 4 0/
                            pause 5/
                            positionOffset Ebb 4 0/
                            pause 5/
                            showFrame Ebb 12/
                            pause 5/
                        
                        warp Ebb 38 112/
                        pause 500/
                        advancedMove farmer false 1 0 1 100/
                        pause 500/
                        startJittering/
                        pause 500/
                        stopJittering/
                        playSound pickUpItem/
                        addObject 38 113 203 1/
                        pause 200/
                        faceDirection Ebb 2/
                        emote Skrell 8 true/
                        pause 50/
                        emote Ebb 8/
                        pause 500/
                        emote Skrell 40 true/
                        pause 10/
                        emote Ebb 16/
                        pause 500/
                        removeObject 38 113/
                        emote Ebb 56 true/
                        animate Ebb false false 150 16 17 18 19 20 21 22 23 24 25 26 27/
                        pause 800/
                        playSound shadowpeep/
                        showFrame Skrell 16/
                        pause 2000/
                        faceDirection Skrell 0/
                        pause 200/
                        emote Skrell 12/
                        pause 500/
                        emote Ebb 56 true/
                        playSound shadowpeep/
                        jump Ebb/
                        pause 100/
                        speed Ebb 4/
                        advancedMove Ebb false 0 -1 -4 0 1 100/
                        pause 1500/
                        emote Ebb 56 true/
                        faceDirection Ebb 1/
                        faceDirection farmer 0/
                        pause 200/
                        speed Skrell 4/
                        emote Skrell 12 true/
                        advancedMove Skrell false 0 -2 -3 0 3 100/
                        pause 1500/
                        emote Ebb 56 true/
                        jump Ebb/
                        pause 1000/
                        advancedMove Ebb true 0 4 5 0 0 -4 -5 0 3 100/
                        pause 300/
                        advancedMove Skrell false -2 0 3 100/
                        pause 500/
                        advancedMove Skrell true 0 4 5 0 0 -4 -5 0 3 100/
                        faceDirection farmer 2/
                        pause 50/
                        animate farmer false true 100 102 103/
                        emote SenS 56 true/
                        pause 4000/
                        globalFade 0.012/
                        viewport -1000 -1000/
                    message \"{{i18n:Events.SenS.Event10.p2.1}}\"/
                    end"
            }
        },
        {
            "LogName": "Skrell Epilogue",
            "Action": "EditData",
            "Target": "Data/Events/BusStop",
            "Entries": {
                "7thAxis.DitR_Events.SenS.10h.P3/e 7thAxis.DitR_Events.SenS.10h.P2/t 2000 2600/w sunny/f SenS 2500/A DitR_CT_TheConfrontation": "
                Upper_Ambient/
                24 24/
                farmer 18 23 1/
                ignoreCollisions farmer/
                addConversationTopic DitR_CT_SkrellEpilogue {{Event Cooldown Length}}/
                skippable/
                addTemporaryActor Skrell 16 32 18 19 2 true character/
                changeName Skrell {{i18n:Core.SenS.Name.Skrell}}/

                    advancedMove farmer false 6 0 1 100/
                    pause 3200/
                    playSound shadowpeep/
                    shake Skrell 1000/
                    pause 500/
                    faceDirection farmer 0/
                    emote farmer 8/
                    advancedMove farmer false 0 -4 4 100/
                    pause 500/
                    faceDirection Skrell 1/
                    pause 1000/
                    faceDirection farmer 1/
                    pause 500/
                    faceDirection farmer 3/
                    pause 500/
                    emote farmer 16/
                    advancedMove Skrell false 4 0 1 100/
                    pause 1500/
                speak Skrell \"{{i18n:Events.SenS.Event10.p3.1}}\"/
                    pause 100/
                    emote farmer 8/
                speak Skrell \"{{i18n:Events.SenS.Event10.p3.2}}\"/
                    pause 100/
                    emote Skrell 40/
                speak Skrell \"{{i18n:Events.SenS.Event10.p3.3}}\"/
                    pause 500/
                    faceDirection Skrell 2/
                    emote Skrell 40/
                speak Skrell \"{{i18n:Events.SenS.Event10.p3.4}}\"/
                    pause 200/
                    emote farmer 16/
                speak Skrell \"{{i18n:Events.SenS.Event10.p3.5}}$1\"/
                    pause 100/
                    faceDirection Skrell 1/
                speak Skrell \"{{i18n:Events.SenS.Event10.p3.6}}\"/
                    pause 100/
                    advancedMove Skrell false -2 0 3 100/
                    pause 1000/
                    emote Skrell 40/
                speak Skrell \"{{i18n:Events.SenS.Event10.p3.7}}\"/
                    faceDirection Skrell 1/
                question fork0 \"{{i18n:Events.SenS.Event10.p3.8}}\"/
                    fork SenRomance/
                speak Skrell \"{{i18n:Events.SenS.Event10.p3.9}}\"/
                speak Skrell \"{{i18n:Events.SenS.Event10.p3.10}}\"/
                    pause 100/
                    emote Skrell 40/
                speak Skrell \"{{i18n:Events.SenS.Event10.p3.11}}\"/
                    pause 100/
                    advancedMove Skrell false -6 0 3 100/
                    pause 1000/
                    globalFade 0.012/
                    viewport -1000 -1000/
                message \"{{i18n:Events.SenS.Event10.p3.13}}\"/
                end",

                "SenRomance": "
                resetVariable/
                speak Skrell \"{{i18n:Events.SenS.Event10.p3.12}}\"/
                    addMailReceived DitR_M_SenS_Romantic/
                speak Skrell \"{{i18n:Events.SenS.Event10.p3.10}}\"/
                    pause 100/
                    emote Skrell 40/
                speak Skrell \"{{i18n:Events.SenS.Event10.p3.11}}\"/
                    pause 100/
                    advancedMove Skrell false -6 0 3 100/
                    pause 1000/
                    globalFade 0.012/
                    viewport -1000 -1000/
                message \"{{i18n:Events.SenS.Event10.p3.14}}\"/
                end"
            }
        }
    ]
}
// 1 right, 2 down, 3 left, 4 up  - advanced move
// 0 up, 1 right, 2 down, 3 left - face direction