{
    "Changes": [
        {
            "LogName": "Sen Four Heart",
            "Action": "EditData",
            "Target": "Data/Events/Town",
            "Entries": {
                "7thAxis.DitR_Events.SenS.4h/e 7thAxis.DitR_Events.SenS.2h/t 2000 2600/w sunny/d Fri/f SenS 1000/A DitR_CT_DreamReveal": "
                    breezy/
                    26 98/
                    farmer 37 101 3 SenS 21 93 2 Krobus 25 98 2/
                    changePortrait SenS Default/
                    changeSprite SenS Default/
                    addConversationTopic DitR_CT_ShadowPlay {{Event Cooldown Length}}/
                    skippable/
                    addLantern 737 29 95 3/
                    addLantern 737 21 97 3/
                    ignoreCollisions SenS/
                    ignoreCollisions farmer/
                    ignoreCollisions Krobus/
                        pause 100/
                        move farmer -5 0 3/
                        pause 100/
                        emote farmer 8/
                        pause 500/
                        shake SenS 500/
                    speak SenS \"{{i18n:Events.SenS.Event4.1}}\"/
                        pause 500/
                        speed SenS 5/
                        move SenS 1 0 2/
                        speed SenS 5/
                        move SenS 0 5 1/
                        speed SenS 5/
                        move SenS 1 0 1/
                        pause 200/
                        faceDirection SenS 1/
                    textAboveHead SenS \"{{i18n:Events.SenS.Event4.2}}\" true/
                        playSound shadowpeep/
                        jump SenS/
                            positionOffset SenS 4 0/
                            pause 5/
                            positionOffset SenS 4 0/
                            pause 5/
                            positionOffset SenS 4 0/
                            pause 5/
                            positionOffset SenS 4 0/
                            pause 5/
                            positionOffset SenS 4 0/
                            pause 5/
                            positionOffset SenS 4 0/
                            pause 5/
                            positionOffset SenS 4 0/
                            pause 5/
                            positionOffset SenS 4 0/
                            pause 5/
                            positionOffset SenS 4 0/
                            pause 5/
                            positionOffset SenS 4 0/
                            pause 5/
                            positionOffset SenS 4 0/
                            pause 5/
                            positionOffset SenS 4 0/
                            pause 5/
                            positionOffset SenS 4 0/
                            pause 5/
                            positionOffset SenS 4 0/
                            pause 5/
                            positionOffset SenS 4 0/
                            pause 5/
                            positionOffset SenS 4 0/
                            pause 5/
                        warp SenS 24 98/
                        faceDirection Krobus 3 true/
                        emote Krobus 16 true/
                        jump Krobus/
                            positionOffset Krobus 4 0/
                            pause 5/
                            positionOffset Krobus 4 0/
                            pause 5/
                            positionOffset Krobus 4 0/
                            pause 5/
                            positionOffset Krobus 4 0/
                            pause 5/
                            positionOffset Krobus 4 0/
                            pause 5/
                            positionOffset Krobus 4 0/
                            pause 5/
                            positionOffset Krobus 4 0/
                            pause 5/
                            positionOffset Krobus 4 0/
                            pause 5/
                            positionOffset Krobus 4 0/
                            pause 5/
                            positionOffset Krobus 4 0/
                            pause 5/
                            positionOffset Krobus 4 0/
                            pause 5/
                            positionOffset Krobus 4 0/
                            pause 5/
                            positionOffset Krobus 4 0/
                            pause 5/
                            positionOffset Krobus 4 0/
                            pause 5/
                            positionOffset Krobus 4 0/
                            pause 5/
                            positionOffset Krobus 4 0/
                            positionOffset Krobus 4 0/
                            pause 5/
                        warp Krobus 26 98/
                        pause 200/
                        speak Krobus \"{{i18n:Events.SenS.Event4.3}}\"/
                        pause 100/
                        emote Krobus 40/
                        pause 100/
                    speak Krobus \"{{i18n:Events.SenS.Event4.4}}\"/
                    speak SenS \"{{i18n:Events.SenS.Event4.5}}\"/
                    speak Krobus \"{{i18n:Events.SenS.Event4.6}}\"/
                        playSound shadowpeep/
                        jump SenS/
                        jump SenS/
                    textAboveHead SenS \"{{i18n:Events.SenS.Event4.7}}\"/
                        pause 500/
                        jump Krobus/
                        pause 500/
                        speed Krobus 5/
                        advancedMove Krobus false 2 0 0 -3 -5 0 0 3 5 0/
                        speed SenS 5/
                        advancedMove SenS false 4 0 0 -3 -5 0 0 3 3 0/
                        pause 3700/
                        move Krobus 0 0 3/
                        playSound shadowpeep/
                        jump Krobus/
                            positionOffset Krobus -4 0/
                            pause 5/
                            positionOffset Krobus -4 0/
                            pause 5/
                            positionOffset Krobus -4 0/
                            pause 5/
                            positionOffset Krobus -4 0/
                            pause 5/
                            positionOffset Krobus -4 0/
                            pause 5/
                            positionOffset Krobus -4 0/
                            pause 5/
                            positionOffset Krobus -4 0/
                            pause 5/
                            positionOffset Krobus -4 0/
                            pause 5/
                            positionOffset Krobus -4 0/
                            pause 5/
                            positionOffset Krobus -4 0/
                            pause 5/
                            positionOffset Krobus -4 0/
                            pause 5/
                            positionOffset Krobus -4 0/
                            pause 5/
                            positionOffset Krobus -4 0/
                            pause 5/
                            positionOffset Krobus -4 0/
                            pause 5/
                            positionOffset Krobus -4 0/
                            pause 5/
                            positionOffset Krobus -4 0/
                            positionOffset Krobus -4 0/
                            pause 5/
                        warp Krobus 27 98/
                    textAboveHead Krobus \"{{i18n:Events.SenS.Event4.8}}\" true/
                        jump SenS/
                            positionOffset SenS -4 0/
                            pause 5/
                            positionOffset SenS -4 0/
                            pause 5/
                            positionOffset SenS -4 0/
                            pause 5/
                            positionOffset SenS -4 0/
                            pause 5/
                            positionOffset SenS -4 0/
                            pause 5/
                            positionOffset SenS -4 0/
                            pause 5/
                            positionOffset SenS -4 0/
                            pause 5/
                            positionOffset SenS -4 0/
                            pause 5/
                            positionOffset SenS -4 0/
                            pause 5/
                            positionOffset SenS -4 0/
                            pause 5/
                            positionOffset SenS -4 0/
                            pause 5/
                            positionOffset SenS -4 0/
                            pause 5/
                            positionOffset SenS -4 0/
                            pause 5/
                            positionOffset SenS -4 0/
                            pause 5/
                            positionOffset SenS -4 0/
                            pause 5/
                            positionOffset SenS -4 0/
                            positionOffset SenS -3 0/
                            pause 5/
                        warp SenS 25 98/
                        pause 500/
                        advancedMove SenS false -2 0 0 -3 4 0 0 3 -3 0 3 100/
                        speed Krobus 5/
                        advancedMove Krobus false -4 0 0 -3 4 0 0 3 -2 0/
                        pause 3000/
                        playSound shadowpeep/
                        jump Krobus 8 true/
                        emote SenS 16 true/
                        shake SenS 500/
                        pause 500/
                    speak Krobus \"{{i18n:Events.SenS.Event4.9}}\"/
                        warp SenS 24 98/
                        faceDirection SenS 1/
                    speak SenS \"{{i18n:Events.SenS.Event4.10}}\"/
                        pause 100/
                        speed Krobus 3/
                        move Krobus 1 0 3/
                    speak Krobus \"{{i18n:Events.SenS.Event4.11}}\"/
                        emote SenS 56/
                        emote Krobus 56/
                    speak SenS \"{{i18n:Events.SenS.Event4.12}}\"/
                    speak Krobus \"{{i18n:Events.SenS.Event4.13}}\"/
                        pause 500/
                        speed SenS 4/
                        advancedMove SenS false 0 1 4 0 0 -50/
                        pause 1500/
                        playSound shadowpeep/
                        jump Krobus/
                    textAboveHead Krobus \"{{i18n:Events.SenS.Event4.14}}\" true/
                        speed Krobus 4/
                        advancedMove Krobus false 2 0 0 -50/
                        pause 3500/
                        move farmer -3 0 3/
                        move farmer 0 -1 0/
                        pause 500/
                        emote farmer 60/
                        pause 800/
                        fade/
                        viewport -1000 -1000/
                    end/
                    " 
            }
        }
    ]
}