{
    "Changes": [
        {
            "LogName": "Sen Eight Heart",
            "Action": "EditData",
            "Target": "Data/Events/EastScarp_Village",
            "Entries": {
                "7thAxis.DitR_Events.SenS.8h/e 7thAxis.DitR_Events.SenS.6h.P2/t 2000 2600/w sunny/f SenS 2000/A DitR_CT_GardenCompleted": "
                    night_market/
                    71 121/
                    farmer 68 116 2 SenS 72 120 2/
                    changePortrait SenS Default/
                    changeSprite SenS Default/
                    ignoreCollisions SenS/
                    ignoreCollisions farmer/
                    addConversationTopic DitR_CT_FamilyFlashback {{Event Cooldown Length}}/
                    addLantern 737 70 121 2/
                    skippable/
                        speed farmer 2/
                        advancedMove farmer false 0 3 2 0 1 200/
                        pause 2800/
                        faceDirection SenS 3 false/
                        pause 200/
                        jump SenS/
                        pause 100/
                    speak SenS \"{{i18n:Events.SenS.Event8.1}}\"/
                        pause 100/
                        emote farmer 32/
                        advancedMove farmer false 1 0 0 1 2 200/
                        faceDirection SenS 2/
                        pause 900/
                        globalFade 0.012/
                        viewport 999 999/
                        globalFadeToClear 0.012 true/
                        changeToTemporaryMap SenOceanCG/
                        viewport 10 12 clamp/
                        bgColor 0 0 0/
                        ambientLight 0 0 0/
                        pause 1000/
                    speak SenS \"{{i18n:Events.SenS.Event8.2}}\"/
                        pause 100/
                    speak SenS \"{{i18n:Events.SenS.Event8.3}}\"/
                    quickQuestion {{i18n:Events.SenS.Event8.4}}(break)speak SenS \"{{i18n:Events.SenS.Event8.5}}\"(break)speak SenS \"{{i18n:Events.SenS.Event8.6}}\"/
                    speak SenS \"{{i18n:Events.SenS.Event8.7}}\"/
                        pause 500/
                        globalFade 0.012/
                        viewport 999 999/
                        globalFadeToClear 0.012 true/
                        changeToTemporaryMap EastScarp_Village/
                        viewport 71 121 clamp/
                        addLantern 737 70 121 2/
                    speak SenS \"{{i18n:Events.SenS.Event8.8}}\"/
                        pause 300/
                        emote SenS 40/
                        pause 100/
                        faceDirection SenS 3/
                        pause 200/
                    speak SenS \"{{i18n:Events.SenS.Event8.9}}\"/
                        pause 200/
                        faceDirection farmer 1/
                        pause 200/
                    quickQuestion {{i18n:Events.SenS.Event8.10}}(break)speak SenS \"{{i18n:Events.SenS.Event8.11}}\"(break)speak SenS \"{{i18n:Events.SenS.Event8.12}}\"/
                        pause 100/
                        faceDirection SenS 2/
                        pause 100/
                        faceDirection farmer 2/
                    speak SenS \"{{i18n:Events.SenS.Event8.13}}\"/
                        globalFade 0.015/
                        viewport 999 999/
                        playMusic Upper_Ambient/
                    speak SenS \"{{i18n:Events.SenS.Event8.14}}\"/

                    changePortrait SenS Kid/
                    changeSprite SenS Kid/
                    addTemporaryActor Skrell 16 32 -999 -999 2 true character/
                    addTemporaryActor Ebb 16 32 -999 -999 2 true character/
                    changeName Skrell {{i18n:Core.SenS.Name.Skrell}}/
                    changeName Ebb {{i18n:Core.SenS.Name.Ebb}}/
                    warp SenS -999 -999/
                    globalFadeToClear 0.012 true/
                    changeToTemporaryMap SenFlashback/
                    viewport 10 12 clamp/
                    ambientLight 20 20 20/

                        pause 1500/
                        warp SenS 8 7/
                        playSound stairsdown/
                        pause 600/
                        faceDirection SenS 1/
                        pause 50/
                        faceDirection SenS 3/
                        pause 50/
                        faceDirection SenS 2/
                        pause 50/
                        jump SenS/
                        pause 600/
                        speed SenS 4/
                        advancedMove SenS false 0 2 -2 0 0 1 2 200/
                        emote SenS 8/
                        pause 500/
                        showFrame SenS 17/
                        playSound shadowpeep/
                        pause 1500/
                        playSound wand/
                        warp Skrell 19 12/
                        pause 300/
                        faceDirection Skrell 1/
                        pause 50/
                        faceDirection Skrell 3/
                        pause 50/
                        jump Skrell/
                        pause 600/
                        speed Skrell 6/
                        advancedMove Skrell false 0 -1 -5 0 0 -1 -4 0 3 200/
                        pause 200/
                        playSound wand/
                        warp Ebb 19 12/
                        pause 300/
                        speed Ebb 6/
                        advancedMove Ebb false 0 -1 -5 0 0 -2 -5 0 3 200/
                        showFrame SenS 0/
                        pause 500/
                        faceDirection SenS 1/
                        playSound shadowpeep/
                        emote SenS 16 true/
                        jump SenS/
                            positionOffset SenS -4 0/
                            pause 5/
                            positionOffset SenS -4 0/
                            pause 5/
                            positionOffset SenS -4 0/
                            pause 5/
                            positionOffset SenS -4 0/
                            pause 5/
                            positionOffset SenS -4 0/
                            pause 5/
                            positionOffset SenS -4 0/
                            pause 5/
                            positionOffset SenS -4 0/
                            pause 5/
                            positionOffset SenS -4 0/
                            pause 5/
                            positionOffset SenS -4 0/
                            pause 5/
                            positionOffset SenS -4 0/
                            pause 5/
                            positionOffset SenS -4 0/
                            pause 5/
                            positionOffset SenS -4 0/
                            pause 5/
                            positionOffset SenS -4 0/
                            pause 5/
                            positionOffset SenS -4 0/
                            pause 5/
                            positionOffset SenS -4 0/
                            pause 5/
                            positionOffset SenS -4 0/
                            positionOffset SenS -4 0/
                            pause 5/
                        warp SenS 5 10/
                    speak Skrell \"{{i18n:Events.SenS.Event8.15}}\"/
                        jump SenS/
                    speak SenS \"{{i18n:Events.SenS.Event8.16}}\"/
                        move SenS 3 0 1/
                        faceDirection Ebb 2/
                    speak SenS \"{{i18n:Events.SenS.Event8.17}}\"/
                        emote Skrell 12/
                    speak Skrell \"{{i18n:Events.SenS.Event8.18}}\"/
                        pause 200/
                        shake SenS 400/
                        pause 600/
                    speak SenS \"{{i18n:Events.SenS.Event8.19}}\"/
                        faceDirection Ebb 1/
                        shake Ebb 400/
                        playSound shadowpeep/
                        emote Ebb 28/
                        pause 600/
                    speak Skrell \"{{i18n:Events.SenS.Event8.20}}\"/
                        faceDirection Ebb 2/
                    speak Skrell \"{{i18n:Events.SenS.Event8.21}}\"/
                        faceDirection Skrell 2/
                        pause 300/
                        speed Skrell 3/
                        emote Skrell 40/
                        advancedMove Skrell false 0 2 -1 0 2 300/
                        pause 300/
                    speak Skrell \"{{i18n:Events.SenS.Event8.22}}\"/
                        faceDirection SenS 2/
                        jump SenS/
                    speak SenS \"{{i18n:Events.SenS.Event8.23}}\"/
                        faceDirection Skrell 0/
                    speak Skrell \"{{i18n:Events.SenS.Event8.24}}\"/
                        emote SenS 28/
                        pause 100/
                    speak SenS \"{{i18n:Events.SenS.Event8.25}}\"/
                        pause 200/
                    advancedMove Skrell false -1 0 3 100/
                        pause 300/
                    speak Skrell \"{{i18n:Events.SenS.Event8.26}}\"/
                        jump SenS/
                    speak SenS \"{{i18n:Events.SenS.Event8.27}}\"/
                        faceDirection Skrell 0/
                        playSound shadowpeep/
                        shake Skrell 400/
                    speak Skrell \"{{i18n:Events.SenS.Event8.28}}\"/
                        emote SenS 28/
                        pause 400/
                        advancedMove Skrell false 2 0 0 -2 3 100/
                        pause 300/
                        faceDirection SenS 1/
                        pause 300/
                    speak Skrell \"{{i18n:Events.SenS.Event8.29}}\"/
                        jump SenS/
                    speak SenS \"{{i18n:Events.SenS.Event8.30}}\"/
                        playMusic junimoKart_whaleMusic/
                    speak Skrell \"{{i18n:Events.SenS.Event8.31}}\"/
                        emote SenS 16 true/
                        jump SenS/
                        showFrame SenS 4/
                            positionOffset SenS -4 0/
                            pause 5/
                            positionOffset SenS -4 0/
                            pause 5/
                            positionOffset SenS -4 0/
                            pause 5/
                            positionOffset SenS -4 0/
                            pause 5/
                            positionOffset SenS -4 0/
                            pause 5/
                            positionOffset SenS -4 0/
                            pause 5/
                            positionOffset SenS -4 0/
                            pause 5/
                            positionOffset SenS -4 0/
                            pause 5/
                            positionOffset SenS -4 0/
                            pause 5/
                            positionOffset SenS -4 0/
                            pause 5/
                            positionOffset SenS -4 0/
                            pause 5/
                            positionOffset SenS -4 0/
                            pause 5/
                            positionOffset SenS -4 0/
                            pause 5/
                            positionOffset SenS -4 0/
                            pause 5/
                        faceDirection SenS 1/
                        warp SenS 7 10/
                        pause 100/
                        faceDirection Ebb 3/
                        pause 100/
                        shake SenS 400/
                    speak SenS \"{{i18n:Events.SenS.Event8.32}}\"/
                        shake Skrell 400/
                        pause 100/
                        faceDirection Ebb 1/
                        pause 100/
                    speak Skrell \"{{i18n:Events.SenS.Event8.33}}\"/
                        shake SenS 400/
                        faceDirection Ebb 3/
                        pause 100/
                    speak SenS \"{{i18n:Events.SenS.Event8.34}}\"/
                        speed Skrell 4/
                        advancedMove Skrell false -2 0 3 200/
                    speak Skrell \"{{i18n:Events.SenS.Event8.35}}\"/
                        shake SenS 400/
                        pause 800/
                        shake SenS 400/
                        pause 500/
                        speed SenS 6/
                        advancedMove SenS false 0 -2 3 200/
                        pause 500/
                        playSound shadowpeep/
                        shake SenS 400/
                        emote SenS 28 true/
                        pause 400/
                        jump Ebb/
                        pause 600/
                        advancedMove Ebb false 0 -1 -1 0 3 200/
                        pause 300/
                        faceDirection Skrell 0/
                    speak Skrell \"{{i18n:Events.SenS.Event8.36}}\"/
                        pause 500/

                    globalFade 0.012/
                    viewport -1000 -1000/
                    warp SenS 72 120/
                    warp farmer 71 120/
                    warp Skrell -2000 -2000/
                    warp Ebb -2000 -2000/
                    faceDirection SenS 2/
                    changePortrait SenS Default/
                    changeSprite SenS Default/
                    globalFadeToClear 0.012 true/
                    changeLocation EastScarp_Village/
                    viewport 71 121 clamp/
                    playMusic ocean/
                    addLantern 737 70 121 2/

                        pause 800/
                        shake SenS 400/
                        pause 700/
                        shake SenS 400/
                    speak SenS \"{{i18n:Events.SenS.Event8.37}}\"/
                        pause 100/
                        showFrame SenS 27/
                        pause 100/
                        shake SenS 400/
                        pause 300/
                        faceDirection farmer 1/
                        emote farmer 28/
                        pause 100/
                    playMusic moonlightJellies/
                    quickQuestion {{i18n:Events.SenS.Event8.38}}(break)speak SenS \"{{i18n:Events.SenS.Event8.39}}\"(break)speak SenS \"{{i18n:Events.SenS.Event8.40}}\"/
                        pause 700/
                        showFrame SenS 0/
                        pause 700/
                        faceDirection SenS 3/
                        pause 200/
                    speak SenS \"{{i18n:Events.SenS.Event8.41}}\"/
                        pause 100/
                        emote farmer 32/
                        pause 100/
                    speak SenS \"{{i18n:Events.SenS.Event8.42}}\"/
                        pause 600/
                        globalFade 0.012/
                        viewport -1000 -1000/
                        pause 500/
                    end"
            }
        }
    ]
}