{
    "Changes": [
    //Set location music
        {
            "Action": "EditData",
            "Target": "Data/Locations",
            "TargetField": [ "EastScarp_DeepDark", "Music" ],
            "Entries": {
                "LitD_Music.Underscarp": {
                    "Id": "LitD_Music.Underscarp",
                    "Track": "LitD_Music.Underscarp"
                }
            }
        },
    //Music loads
        {
            "LogName": "LitD Music",
            "Action": "EditData",
            "Target": "Data/AudioChanges",
            "Entries": {
                "LitD_Music.Underscarp": {
                    "ID": "LitD_Music.Underscarp",
                    "Category": "Music",
                    "FilePaths": [ "{{AbsoluteFilePath: Assets/Audio/Music/TommyCathodic_Underscarp.ogg}}" ],
                    "StreamedVorbis": true,
                    "Looped": true
                }
            }
        },
    //Jukebox
        {
            "Action": "EditData",
            "Target": "Data/JukeboxTracks",
            "Entries": {
                "LitD_Music.Underscarp": {
                    "Name": "{{i18n:Core.Music.Underscarp}}",
                    "Available": null
                }
            }
        }
     ]

}