{
    "Changes": [
        //Maps
        {
            "Action": "Load",
            "Target": "Maps/SenOceanCG, Maps/SenFlashback, Maps/SenSpouseRoom, Maps/7thAxis.LitD/SpouseRoomEmpty",
            "FromFile": "assets/Maps/{{TargetWithoutPath}}.tmx"
        },

        //Tilesheet loads
        {
            "Action": "Load",
            "Target": "maps/7thAxis_BaseRug, maps/7thAxis_Mine, maps/7thAxis_Crops, maps/7thAxis_DarkMine, maps/7thAxis_SenOceanCG",
            "FromFile": "Assets/Tilesheets/{{TargetWithoutPath}}.png"
        },

        //Deep Dark map edits
        {
            "Action": "EditMap",
            "Target": "Maps/EastScarp_DeepDark",
            "FromFile": "assets/Maps/UndergroundSenPatch.tmx",
            "ToArea": { "X": 15, "Y": 12, "Width": 16, "Height": 16 },
            "PatchMode": "Replace"
        },
        {
            "Action": "EditMap",
            "Target": "Maps/EastScarp_DeepDark",
            "FromFile": "assets/Maps/UndergroundSenPatchGarden.tmx",
            "ToArea": { "X": 15, "Y": 12, "Width": 16, "Height": 34 },
            "PatchMode": "Replace",
            "When": {
                "HasFlag: |contains=DitR_M_SenGardenTrigger": true,
                "HasConversationTopic: |contains=DitR_CT_GardenWaitTime": false
            }
        },
        //Deranged Potted Plant Nonsense
        {
            "Action": "EditMap",
            "Target": "Maps/ManorHouse",
            "FromFile": "assets/Maps/MayorHousePot.tmx",
            "ToArea": { "X": 10, "Y": 4, "Width": 1, "Height": 1 },
            "PatchMode": "Replace",
            "When": { "LewisPlantInside": true }
        },
        {
            "Action": "EditMap",
            "Target": "Maps/Town",
            "MapTiles": [
                { "Position": { "X": 70, "Y": 90 }, "Layer": "Front", "Remove": true }
            ],
            "When": { "LewisPlantInside": true }
        },
        //map strings
        {
            "LogName": "Sen Map Strings",
            "Action": "EditData",
            "Target": "strings/StringsFromMaps",
            "Entries": {
                //deep dark room
                "SenDDGlobe": "{{i18n:Maps.SenS.SenDDGlobe}}",
                "SenDDBasket": "{{i18n:Maps.SenS.SenDDBasket}}",
                "SenDDMap": "{{i18n:Maps.SenS.SenDDMap}}",
                "SenDDSpiderWeb": "{{i18n:Maps.SenS.SenDDSpiderWeb}}",
                "SenDDBookStack1": "{{i18n:Maps.SenS.SenDDBookStack1}}",
                "SenDDBookStack2": "{{i18n:Maps.SenS.SenDDBookStack2}}",
                "SenDDCandles": "{{i18n:Maps.SenS.SenDDCandles}}",
                "SenDDClutter": "{{i18n:Maps.SenS.SenDDClutter}}",
                "SenDDWorkBench": "{{i18n:Maps.SenS.SenDDWorkBench}}",
                "SenDDLoom": "{{i18n:Maps.SenS.SenDDLoom}}",
                "SenDDCloth": "{{i18n:Maps.SenS.SenDDCloth}}",
                "SenDDRedBook": "{{i18n:Maps.SenS.SenDDRedBook}}",
                "SenDDBlueBook": "{{i18n:Maps.SenS.SenDDBlueBook}}",
                "SenDDMushrooms": "{{i18n:Maps.SenS.SenDDMushrooms}}",
                "SenDDBed": "{{i18n:Maps.SenS.SenDDBed}}",
                "SenDDVines": "{{i18n:Maps.SenS.SenDDVines}}",
                "SenDDBear": "{{i18n:Maps.SenS.SenDDBear}}",
                "SenDDTrash": "{{i18n:Maps.SenS.SenDDTrash}}",
                "SenDDBarrel": "{{i18n:Maps.SenS.SenDDBarrel}}",
                "SenDDCrocus": "{{i18n:Maps.SenS.SenDDCrocus}}",
                "SenDDFlowers": "{{i18n:Maps.SenS.SenDDFlowers}}",
                
                //deep dark garden
                "SenDDGardenShrooms": "{{i18n:Maps.SenS.SenDDGardenShrooms}}",
                "SenDDGardenWater": "{{i18n:Maps.SenS.SenDDGardenWater}}",
                "SenDDGardenPumpkin": "{{i18n:Maps.SenS.SenDDGardenPumpkin}}",
                "SenDDGardenBigPumpkin": "{{i18n:Maps.SenS.SenDDGardenBigPumpkin}}",
                "SenDDGardenBerryBush": "{{i18n:Maps.SenS.SenDDGardenBerryBush}}",
                "SenDDGardenBerryBasket": "{{i18n:Maps.SenS.SenDDGardenBerryBasket}}",
                "SenDDGardenGrassRocks": "{{i18n:Maps.SenS.SenDDGardenGrassRocks}}",
                "SenDDGardenSecretJunimo": "{{i18n:Maps.SenS.SenDDGardenSecretJunimo}}",

                //spouse room
                "SenRoomCrocus": "{{i18n:Maps.SenS.SenRoomCrocus}}",
                "SenRoomBook": "{{i18n:Maps.SenS.SenRoomBook}}",
                "SenRoomDeskFlowers": "{{i18n:Maps.SenS.SenRoomDeskFlowers}}",
                "SenRoomCoffeeCup": "{{i18n:Maps.SenS.SenRoomCoffeeCup}}",
                "SenRoomBookCase": "{{i18n:Maps.SenS.SenRoomBookCase}}",
                "SenRoomLatch": "{{i18n:Maps.SenS.SenRoomLatch}}",
                "SenRoomCloth": "{{i18n:Maps.SenS.SenRoomCloth}}",
                "SenRoomNotes": "{{i18n:Maps.SenS.SenRoomNotes}}",
                "SenRoomBlueFlowers": "{{i18n:Maps.SenS.SenRoomBlueFlowers}}",

                ///
                "LitDMayorPot": "{{i18n:Maps.SenS.LitDMayorPot}}"
            }
        }
    ]
}