{
    "Changes": [
        {
            "LogName": "Add Sen Portraits to Traveling Cart",
            "Action": "EditData",
            "Target": "Data/Shops",
            "TargetField": [ "Traveler", "Items" ],
            "Entries": {
              "LitD_SenPortrait": {
                "Price": 30000,
                "AvailableStock": 1,
                "AvailableStockLimit": "Player",
                "AvoidRepeat": false,
                "UseObjectDataPrice": false,
                "IgnoreShopPriceModifiers": false,
                "PriceModifierMode": "Stack",
                "AvailableStockModifiers": null,
                "AvailableStockModifierMode": "Stack",
                "Condition": "PLAYER_HEARTS Current SenS 14",
                "ActionsOnPurchase": ["AddConversationTopic DitR_CT_SenPortrait 999"],
                "Id": "(F)LitD_SenPortrait",
                "ItemId": "(F)LitD_SenPortrait",
                "IsRecipe": false,
                "StackModifierMode": "Stack",
                "QualityModifierMode": "Stack"
              },
              "LitD_SenBabyPhoto": {
                "Price": 30000,
                "AvailableStock": 1,
                "AvailableStockLimit": "Player",
                "AvoidRepeat": false,
                "UseObjectDataPrice": false,
                "IgnoreShopPriceModifiers": false,
                "PriceModifierMode": "Stack",
                "AvailableStockModifiers": null,
                "AvailableStockModifierMode": "Stack",
                "Condition": "PLAYER_HEARTS Current SenS 14, PLAYER_HAS_MAIL Current DitR_M_SenPortrait received",
                "ActionsOnPurchase": ["AddConversationTopic DitR_CT_SenBabyPhoto 999"],
                "Id": "(F)LitD_SenBabyPhoto",
                "ItemId": "(F)LitD_SenBabyPhoto",
                "IsRecipe": false,
                "StackModifierMode": "Stack",
                "QualityModifierMode": "Stack"
              }          
            }
          }
    ]
}