{
    "Changes": [
        //Sen Defaults       
        {
            "Action": "Load",
            "Target": "Portraits/SenS, Portraits/SenS_Default",
            "FromFile": "Assets/Portraits/{{NPC Portrait Style}}/Main/SenS.png"
        },
        {
            "Action": "Load",
            "Target": "Characters/SenS, Characters/SenS_Default",
            "FromFile": "Assets/Characters/Main/SenS.png"
        },
        //Other
        {
            "Action": "Load",
            "Target": "Portraits/SenS_Kid, Portraits/SenS_Bow, Portraits/SenS_Cloak",
            "FromFile": "Assets/Portraits/{{NPC Portrait Style}}/Main/{{TargetWithoutPath}}.png"
        },
        {
            "Action": "Load",
            "Target": "Characters/SenS_Kid, Characters/SenS_Bow, Characters/SenS_Cloak",
            "FromFile": "Assets/Characters/Main/{{TargetWithoutPath}}.png"
        },
        //Festivals
        {
            "Action": "Load",
            "Target": "Characters/SenS_EggFest, Characters/SenS_FlowerDance, Characters/SenS_Holiday, Characters/SenS_LoveFest, Characters/SenS_Luau, Characters/SenS_MoonlightJelly, Characters/SenS_Senough, Characters/SenS_SpiritsEve, Characters/SenS_StardewFair, Characters/SenS_SurfingFest",
            "FromFile": "Assets/Characters/Festivals/{{TargetWithoutPath}}.png"
        },

    //Edit images - god i hate how many of these there are
    //Most are here bc I had issues with appearances working for one reason or another
        {
            "LogName": "Cloak Married",
            "Action": "EditImage",
            "Target": "Characters/SenS",
            "FromFile": "Assets/Characters/Main/SenS_Cloak.png",
            "Update": "OnLocationChange",
            "When": {
                "IsOutdoors": true,
                "LivingWithSen": true
            }
        },
        {
            "LogName": "Misc Cloak Sprites",
            "Action": "EditImage",
            "Target": "Characters/SenS",
            "FromFile": "Assets/Characters/Main/SenS_Cloak.png",
            "Update": "OnLocationChange",
            "When": {
                "LocationName": "MovieTheater, Temp, Hospital",
                "IsOutdoors": false
            }
        },
        {
            "LogName": "Misc Cloak Portraits",
            "Action": "EditImage",
            "Target": "Portraits/SenS",
            "FromFile": "Assets/Portraits/{{NPC Portrait Style}}/Main/SenS_Cloak.png",
            "Update": "OnLocationChange",
            "When": {
                "LocationName": "MovieTheater, Temp, Hospital",
                "IsOutdoors": false
            }
        },
        {
            "LogName": "Senbrella Overworld farm",
            "Action": "EditImage",
            "Target": "Characters/SenS",
            "FromFile": "Assets/Characters/Main/SenS_Senbrella.png",
            "Update": "OnLocationChange",
            "When": {
                "LocationName": "Farm",
                "LivingWithSen": true
            }
        },
        {
            "LogName": "Senbrella Overworld", 
            "Action": "EditImage",
            "Target": "Characters/SenS, Characters/SenS_Bow",
            "FromFile": "Assets/Characters/Main/SenS_Senbrella.png",
            "Update": "OnTimeChange, OnLocationChange",
            "When": {
                "IsOutdoors": true,
                "LivingWithSen": false,
                "Weather": "Sun, Wind, Snow",
                "Time": "{{Range: 1700, 1930}}",
                "TodaysDate: |contains=winter 15, winter 16, winter 17, summer 20, summer 21, winter 12, winter 13, spring 15, spring 16, spring 27": false
            }
        },
        {
            "LogName": "Sen Pendant Overlay - Sprites",
            "Action": "EditImage",
            "Target": "Characters/SenS, Characters/SenS_Bow, Characters/SenS_Cloak, Characters/SenS_Senough",
            "PatchMode": "Overlay",
            "FromFile": "Assets/Characters/Main/Overlays/Pendant_{{Roommate|contains=SenS}}.png",
            "When": { "SenHasPendant": true, "Pendant Overlays": true }
        },
        {
            "LogName": "Sen Pendant Overlay - Portrait",
            "Action": "EditImage",
            "Target": "Portraits/SenS, Portraits/SenS_Bow",
            "PatchMode": "Overlay",
            "FromFile": "Assets/Portraits/{{NPC Portrait Style}}/Main/Overlays/Pendant_{{Roommate|contains=SenS}}.png",
            "When": { "SenHasPendant": true, "Pendant Overlays": true }
        },
        {
            "LogName": "Sen Pendant Overlay - Cloak Portrait",
            "Action": "EditImage",
            "Target": "Portraits/SenS_Cloak",
            "PatchMode": "Overlay",
            "FromFile": "Assets/Portraits/{{NPC Portrait Style}}/Main/Overlays/Pendant_Cloak_{{Roommate|contains=SenS}}.png",
            "When": { "SenHasPendant": true, "Pendant Overlays": true }
        },
        //TEMP ACTORS
        {
            "Action": "Load",
            "Target": "Characters/Skrell, Characters/Ebb",
            "FromFile": "Assets/Characters/FakeNPCs/{{TargetWithoutPath}}.png"
        },
        {
            "Action": "Load",
            "Target": "Portraits/Skrell, Portraits/Ebb",
            "FromFile": "Assets/Portraits/{{NPC Portrait Style}}/FakeNPCs/{{TargetWithoutPath}}.png"
        },
    //SENLETS

    {           
            "Action": "Load",
            "Priority": "Low",
            "Target": "Characters/Baby, Characters/Baby_dark",
            "FromFile": "Assets/Characters/Kids/The_Baby_{{Female Toddler Design}}{{SenletBowFemale}}.png",
            "When":  { "ShadowKidsActive": true,  "ChildGenders |valueAt=0": "Female" }
        },
        {           
            "Action": "Load",
            "Priority": "Low",
            "Target": "Characters/Baby, Characters/Baby_dark",
            "FromFile": "Assets/Characters/Kids/The_Baby_{{Male Toddler Design}}{{SenletBowMale}}.png",
            "When":  { "ShadowKidsActive": true,  "ChildGenders |valueAt=0": "Male" }
        },
        {           
            "Action": "Load",
            "Priority": "High",
            "Target": "Characters/Baby, Characters/Baby_dark",
            "FromFile": "Assets/Characters/Kids/The_Baby_{{Female Toddler Design}}{{SenletBowFemale}}.png",
            "When":  { "ShadowKidsActive": true,  "ChildGenders |valueAt=1": "Female" }
        },
        {           
            "Action": "Load",
            "Priority": "High",
            "Target": "Characters/Baby, Characters/Baby_dark",
            "FromFile": "Assets/Characters/Kids/The_Baby_{{Male Toddler Design}}{{SenletBowMale}}.png",
            "When":  { "ShadowKidsActive": true,  "ChildGenders |valueAt=1": "Male" }
        },
        {           
            "Action": "Load",
            "Target": "Characters/Toddler_girl, Characters/Toddler_girl_Dark",
            "FromFile": "Assets/Characters/Kids/Toddler_{{Female Toddler Design}}{{SenletBowFemale}}.png",
            "When": { "ShadowKidsActive": true }
        },
        {           
            "Action": "Load",
            "Target": "Characters/Toddler, Characters/Toddler_Dark",
            "FromFile": "Assets/Characters/Kids/Toddler_{{Male Toddler Design}}{{SenletBowMale}}.png",
            "When":  { "ShadowKidsActive": true }
        },
        {           
            "Action": "EditImage",
            "Target": "Characters/Toddler, Characters/Toddler_Dark, Characters/Toddler_girl, Characters/Toddler_girl_Dark",
            "PatchMode": "Overlay",
            "Update": "OnLocationChange",
            "FromFile": "Assets/Characters/Kids/The_Hat.png",
            "When":  { "ShadowKidsActive": true, "IsOutdoors": true }
        },
        //Unique Children Talk Compat
            //Child 1
        {           
            "Action": "Load",
            "Priority": "Low",
            "Target": "Portraits/{{ChildNames |valueAt=0}}",
            "FromFile": "Assets/Portraits/{{NPC Portrait Style}}/Kids/Toddler_{{Female Toddler Design}}{{SenletBowFemale}}.png",
            "When": { "UniqueChildCheck": true, "ChildGenders |valueAt=0": "Female" }
        },
        {           
            "Action": "Load",
            "Priority": "Low",
            "Target": "Portraits/{{ChildNames |valueAt=0}}",
            "FromFile": "Assets/Portraits/{{NPC Portrait Style}}/Kids/Toddler_{{Male Toddler Design}}{{SenletBowMale}}.png",
            "When": { "UniqueChildCheck": true, "ChildGenders |valueAt=0": "Male" }
        },
                //Axell Portraits
        {
            "Action": "EditImage",
            "Target": "Portraits/{{ChildNames |valueAt=0}}",
            "FromFile": "Assets/Portraits/{{NPC Portrait Style}}/Kids/Toddler_{{Female Toddler Design}}_7thAxis{{SenletBowFemale}}.png",
            "When": {
                "UniqueChildCheck": true,
                "ChildGenders |valueAt=0": "Female",
                "Female Toddler Design": "Opal, Nanu",
                "UCT Portrait Compatibility": true,
                "7thAxis Nanu and Opal Portraits": true
            }
        },
        {
            "Action": "EditImage",
            "Target": "Portraits/{{ChildNames |valueAt=0}}",
            "FromFile": "Assets/Portraits/{{NPC Portrait Style}}/Kids/Toddler_{{Male Toddler Design}}_7thAxis{{SenletBowMale}}.png",
            "When": {
                "UniqueChildCheck": true,
                "ChildGenders |valueAt=0": "Male",
                "Male Toddler Design": "Opal, Nanu",
                "UCT Portrait Compatibility": true,
                "7thAxis Nanu and Opal Portraits": true
            }
        },
            //Child 2
        {           
            "Action": "Load",
            "Priority": "Low",
            "Target": "Portraits/{{ChildNames |valueAt=1}}",
            "FromFile": "Assets/Portraits/{{NPC Portrait Style}}/Kids/Toddler_{{Female Toddler Design}}{{SenletBowFemale}}.png",
            "When": { "UniqueChildCheck": true, "ChildGenders |valueAt=1": "Female" }
        },
        {           
            "Action": "Load",
            "Priority": "Low",
            "Target": "Portraits/{{ChildNames |valueAt=1}}",
            "FromFile": "Assets/Portraits/{{NPC Portrait Style}}/Kids/Toddler_{{Male Toddler Design}}{{SenletBowMale}}.png",
            "When": { "UniqueChildCheck": true, "ChildGenders |valueAt=1": "Male" }
        },
                //Axell Portraits
        {
            "Action": "EditImage",
            "Target": "Portraits/{{ChildNames |valueAt=1}}",
            "FromFile": "Assets/Portraits/{{NPC Portrait Style}}/Kids/Toddler_{{Female Toddler Design}}_7thAxis{{SenletBowFemale}}.png",
            "When": {
                "UniqueChildCheck": true,
                "ChildGenders |valueAt=1": "Female",
                "Female Toddler Design": "Opal, Nanu",
                "UCT Portrait Compatibility": true,
                "7thAxis Nanu and Opal Portraits": true
            }
        },
        {
            "Action": "EditImage",
            "Target": "Portraits/{{ChildNames |valueAt=1}}",
            "FromFile": "Assets/Portraits/{{NPC Portrait Style}}/Kids/Toddler_{{Male Toddler Design}}_7thAxis{{SenletBowMale}}.png",
            "When": {
                "UniqueChildCheck": true,
                "ChildGenders |valueAt=1": "Male",
                "Male Toddler Design": "Opal, Nanu",
                "UCT Portrait Compatibility": true,
                "7thAxis Nanu and Opal Portraits": true
            }
        },
        //DOVES because I'm horrible (thanks for the idea Claw)
        {
            "LogName": "Void Doves - Bird House",
            "Action": "EditImage",
            "Target": "TileSheets/critters",
            "FromFile": "Assets/Characters/Kids/The_Doves_1.png",
            "PatchMode": "Overlay",
            "FromArea": { "X": 0, "Y": 0, "Width": 320, "Height": 64 },
            "ToArea": { "X": 0, "Y": 544, "Width": 320, "Height": 64 },
            "When":  { "ShadowKidsActive": true }
        },
        {
            "LogName": "Void Doves - Shrine",
            "Action": "EditImage",
            "Target": "LooseSprites/cursors",
            "FromFile": "Assets/Characters/Kids/The_Doves_2.png",
            "PatchMode": "Replace",
            "FromArea": { "X": 0, "Y": 0, "Width": 144, "Height": 22 },
            "ToArea": { "X": 388, "Y": 1894, "Width": 144, "Height": 22 },
            "When":  { "ShadowKidsActive": true }
        },
        //RESHADE
        {           
            "Action": "Load",
            "Priority": "Low",
            "Target": "Characters/Krobus, Characters/SeaMonsterKrobus, Characters/Monsters/Shadow Brute, Characters/Monsters/Shadow Brute_dangerous, Characters/Monsters/Shadow Shaman, Characters/Monsters/Shadow Sniper",
            "FromFile": "Assets/Reshade/{{TargetWithoutPath}}.png",
            "When": { "Reshade Existing Shadows": true }
        },
        //REPLACER
        {
            "Action": "Load",
            "Priority": "Medium",
            "Target": "Characters/Monsters/Shadow Brute, Characters/Monsters/Shadow Brute_dangerous, Characters/Monsters/Shadow Shaman, Characters/Monsters/Shadow Sniper",
            "FromFile": "Assets/Replacer/{{TargetWithoutPath}}.png",
            "When": { "Construct Eradication Substitute": true }

        },
        //ITEMS AND CROPS
        {           
            "Action": "Load",
            "Target": "Textures/7thAxis.LitD/Objects, Textures/7thAxis.LitD/Crops, Textures/7thAxis.LitD/Furniture",
            "FromFile": "Assets/Items/{{TargetWithoutPath}}.png"
        },

        //Animations
        {
            "LogName": "Sen Animations",
            "Action": "EditData",
            "Target": "Data/animationdescriptions",
            "Entries": {
                "sens_read": "16/16 17 18 19 16 16 16 16 16 16 16 16 16 16 16 16 16 16 16 16 16 16 16 16 16 16 16/16",
                "sens_wigglesit": "20/20 21 21 22 22 23 23 20/20//laying_down",
                "sens_map": "24/24 24 24 24 24 24 25 26 25 26 25 24 24 24 24 24 24 24 24 24/24//laying_down",
                "sens_crochet": "29/29 30 30 30 30 30 29 29 29 29 29/29",
                "sens_sit": "20/20 20 20/20//laying_down"
            }
        },
        //NPC Map Locations
        {
            "Action": "EditData",
            "Target": "Mods/Bouhm.NPCMapLocations/NPCs",
            "Entries": { "SenS": { "MarkerCropOffset": 5 } },
            "When": {  "HasMod: |contains=Bouhm.NPCMapLocations": true }
        }
    ]
}