{
    "Format": "2.0",
    "ConfigSchema": {
        "GoatSkin": {
            "AllowValues": "original, revised",
            "Default": "revised"
        },
        "TownMap": {
            "AllowValues": "default, karmylla, vanilla",
            "Default": "default"
            // "Description": "{{i18n:config.TownMap}}"
        },
        "Forest": {
            "AllowValues": "true, false",
            "Default": "true",
            // "Description": "{{i18n:config.Forest}}"
        },
        "EnableMeadowFarm": {
            "AllowValues": "true, false",
            "Default": "true",
        },
        "Skin": {
            "AllowValues": "Kaya, NewEastScarpe, Yri",
            "Default": "NewEastScarpe",
            //  "Description": "{{i18n:config.Skins}}"
        },
        "WalkTidePools": {
            "AllowValues": "true, false",
            "Default": "false",
            // "Description": "{{i18n:config.Tidepools}}"
        },
        "ObeliskOptions": {
            "AllowValues": "vanilla, glass, garden, Yri, Juffuffles",
            "Default": "vanilla",
            //"Description": "{{i18n:config.ObeliskOpt}}"
        },
        "FlowersSpring": {
            "AllowValues": "False, RoseWhite, ClematisBlue, WisteriaBlue, WisteriaPink, WisteriaPurple, WisteriaRed, WisteriaWhite, WisteriaYellow",
            "Default": "False",
            // "Description": "{{i18n:config.FlowersSpring}}"
        },
        "FlowersSummer": {
            "AllowValues": "False, RoseWhite, ClematisBlue, WisteriaBlue, WisteriaPink, WisteriaPurple, WisteriaRed, WisteriaWhite, WisteriaYellow",
            "Default": "False",
            // "Description": "{{i18n:config.FlowersSummer}}"
        },
        "FlowersFall": {
            "AllowValues": "False, WisteriaFBlue, WisteriaFPink, WisteriaFPurple, WisteriaFRed, WisteriaFWhite, WisteriaFYellow",
            "Default": "False",
            // "Description": "{{i18n:config.FlowersFall}}"
        },
        "farmcave_trapdoorx": {
            "AllowValues": "1,2,3,4,5,6,7,8,9,10,11,12,13,14,15,16,17,18,19,20,21,22,23,24",
            "Default": "2",
            // "Description": "{{i18n:config.FarmcaveX}}"
        },
        "farmcave_trapdoory": {
            "AllowValues": "1,2,3,4,5,6,7,8,9,10,11,12,13,14,15,16,17,18,19,20,21,22,23,24",
            "Default": "5",
            //  "Description": "{{i18n:config.FarmcaveY}}"
        },
        "farmcave_exitx": {
            "AllowValues": "1,2,3,4,5,6,7,8,9,10,11,12,13,14,15,16,17,18,19,20,21,22,23,24",
            "Default": "2",
            // "Description": "{{i18n:config.FarmcaveExitX}}"
        },
        "farmcave_exity": {
            "AllowValues": "1,2,3,4,5,6,7,8,9,10,11,12,13,14,15,16,17,18,19,20,21,22,23,24",
            "Default": "6",
            //"Description": "{{i18n:config.FarmcaveExitY}}"
        }
    },
    "DynamicTokens": [
        {
            "Name": "ScarpMusic",
            "Value": "{{random:EastScarpSpringTheme, spring1, spring2, spring3}}",
            "When": {
                "Season": "Spring"
            }
        },
        {
            "Name": "ScarpMusic",
            "Value": "{{random:SummerInTheScarp, summer1, summer2, summer3}}",
            "When": {
                "Season": "Summer"
            }
        },
        {
            "Name": "ScarpMusic",
            "Value": "{{random:FallInEastScarp, fall1, fall2, fall3}}",
            "When": {
                "Season": "Fall"
            }
        },
        {
            "Name": "ScarpMusic",
            "Value": "{{random:WinterInEastScarp, winter1, winter2, winter3}}",
            "When": {
                "Season": "Winter"
            }
        },
        //TownMap Options
        {
            "Name": "TownMapType",
            "Value": "core"
        },
        {
            "Name": "TownMapType",
            "Value": "SVE",
            "When": {
                "HasMod |contains=FlashShifter.StardewValleyExpandedCP": true
            }
        },
        {
            "Name": "TownMapType",
            "Value": "SVR3",
            "When": {
                "HasMod |contains=DaisyNiko.SVR3": true
            }
        },
        //Recolor Options
        {
            "Name": "recolor",
            "Value": "vanilla"
        },
        {
            "Name": "recolor",
            "Value": "VPR",
            "When": {
                "HasMod": "grapeponta.VibrantPastoralRecolor"
            }
        },
        {
            "Name": "recolor",
            "Value": "ER",
            "When": {
                "HasMod": "DaisyNiko.EarthyRecolour"
            }
        },
        {
            "Name": "recolor",
            "Value": "BGR",
            "When": {
                "HasMod": "colling.bluegrass"
            }
        },
        //Yri Flower Tokens
        {
            "Name": "FlowerStyle",
            "Value": "{{FlowersSpring}}"
        },
        {
            "Name": "FlowerStyle",
            "Value": "{{FlowersSummer}}",
            "When": {
                "season": "summer"
            }
        },
        {
            "Name": "FlowerStyle",
            "Value": "{{FlowersFall}}",
            "When": {
                "season": "fall"
            }
        },
        //Birds
        //Bird Var - replaces blue bird
        {
            "Name": "birdVar",
            "Value": "0" // blue jay
        },
        {
            "Name": "birdVar",
            "Value": "32", //bluebird
            "When": {
                "Season": "fall"
            }
        },
        {
            "Name": "birdVar",
            "Value": "96", //cardinal
            "When": {
                "Season": "winter"
            }
        },
        {
            "Name": "birdVar",
            "Value": "192", //fairy wren
            "When": {
                "Season": "summer"
            }
        },
        //Bird Var 2 - replaces brown bird
        {
            "Name": "birdVar2",
            "Value": "160" //tree sparrow
        },
        {
            "Name": "birdVar2",
            "Value": "64", // bullfinch
            "When": {
                "Season": "fall"
            }
        },
        {
            "Name": "birdVar2",
            "Value": "224", //gouldian finch 
            "When": {
                "Season": "summer"
            }
        },
        {
            "Name": "birdVar2",
            "Value": "128", //robin red belly
            "When": {
                "Season": "winter"
            }
        },
        //LadySheba
        {
            "Name": "LadyShebaFriend",
            "Value": "false"
        },
        {
            "Name": "LadyShebaFriend",
            "Value": "true",
            "When": {
                "HasSeenEvent": "57879903"
            }
        },
        {
            "Name": "OutsideAnimals",
            "Value": "none"
        },
        {
            "Name": "OutsideAnimals",
            "Value": "Hoofstock",
            "When": {
                "HasSeenEvent": "57870004",
                "Weather": "sun",
                "season": "spring,summer,fall"
            }
        },
        {
            "Name": "OutsideAnimals",
            "Value": "Fowl",
            "When": {
                "HasSeenEvent": "57870003",
                "Weather": "sun",
                "season": "spring,summer,fall"
            }
        },
        {
            "Name": "OutsideAnimals",
            "Value": "{{random:Hoofstock,Fowl}}",
            "When": {
                "HasSeenEvent|contains=57870003": true,
                "HasSeenEvent|contains=57870004": true,
                "Weather": "sun",
                "season": "spring,summer,fall"
            }
        },
        //Jessie and Juliet tiledata
        {
            "Name": "JulietJessie",
            "Value": "false"
        },
        {
            "Name": "JulietJessie",
            "Value": "true",
            "When": {
                "HasMod |contains=LemurKat.JulietHouse.NPC": true
            },
        },
        {
            "Name": "JulietJessie",
            "Value": "false",
            "When": {
                "HasMod |contains=FlashShifter.StardewValleyExpandedCP": true
            },
        }
    ],
    "Changes": [
        { //External Map
            "Action": "Load",
            "Target": "Maps/EastScarp_Village",
            "FromFile": "assets/Locations/Outdoors/EastScarpVillage.tmx",
        },
        {
            "Action": "Load",
            "Target": "Maps/EastScarp_ClearingHouse",
            "FromFile": "assets/Locations/Outdoors/ES_ClearingHouse.tmx",
        },
        {
            "Action": "Load",
            "Target": "Maps/Custom_HenryWarp",
            "FromFile": "assets/Locations/Outdoors/HenryWarp.tmx"
        },
        { //Lighthouse
            "Action": "Load",
            "Target": "Maps/EastScarp_Lighthouse",
            "FromFile": "assets/Locations/Interiors/Lighthouse_Interior.tmx",
        },
        //I N T E R I O R S
        { //Aideen's house 
            "Action": "Load",
            "Target": "Maps/EastScarp_House1",
            "FromFile": "assets/Locations/Interiors/AideenHouse.tmx",
        },
        //Jacob And Eloise
        {
            "Action": "Load",
            "Target": "Maps/EastScarp_BirdHide",
            "FromFile": "assets/Locations/Interiors/BirdHide-Spring.tmx",
        },
        {
            "Action": "Load",
            "Target": "Maps/EastScarp_VetHouse",
            "FromFile": "assets/Locations/Interiors/VetHouse.tmx",
        },
        {
            "Action": "Load",
            "Target": "Maps/EastScarp_JacobOffice",
            "FromFile": "assets/Locations/Interiors/JacobOffice.tmx"
        },
        {
            "Action": "Load",
            "Target": "Maps/EastScarp_JacobBarn",
            "FromFile": "assets/Locations/Interiors/JacobBarn.tmx",
        },
        {
            "Action": "Load",
            "Target": "Maps/EastScarp_LanternRoom",
            "FromFile": "assets/Locations/Interiors/LanternRoom.tmx",
        },
        { //Silo
            "Action": "Load",
            "Target": "Maps/EastScarp_Silo",
            "FromFile": "assets/Locations/Interiors/Silo.tmx",
        },
        { //Extended
            "Action": "Load",
            "Target": "Maps/EastScarp_DeepMountains",
            "FromFile": "assets/Locations/Outdoors/DeepMountains.tmx",
        },
        { //Extended
            "Action": "EditMap",
            "Target": "Maps/EastScarp_DeepMountains",
            "FromFile": "assets/Locations/Outdoors/DeepMountains_winter.tmx",
            "When": {
                "Season |contains=winter": true
            }
        },
        {
            "Action": "Load",
            "Target": "Maps/EastScarp_Orchard",
            "FromFile": "assets/Locations/Outdoors/Orchard.tmx",
        },
        {
            "Action": "Load",
            "Target": "Maps/EastScarp_MineEntrance",
            "FromFile": "assets/Locations/Outdoors/ESMineEntrance.tmx"
        },
        {
            "Action": "Load",
            "Target": "Maps/EastScarp_LumaHut",
            "FromFile": "assets/Locations/Interiors/orchardjunimo.tmx"
        },
        {
            "Action": "Load",
            "Target": "Maps/EastScarp_OrchardHouse",
            "FromFile": "assets/Locations/Interiors/OrchardHouse-ruins.tmx"
        },
        {
            "Action": "Load",
            "Target": "Maps/EastScarp_Shack",
            "FromFile": "assets/Locations/Interiors/shack.tmx"
        },
        { //Underground Locations
            "Action": "Load",
            "Target": "Maps/EastScarp_DeepDark",
            "FromFile": "assets/Locations/Underground/Underground.tmx",
        },
        {
            "Action": "Load",
            "Target": "Maps/EastScarp_SeaCave",
            "FromFile": "assets/Locations/Underground/SeaMonsterCaves.tmx",
        },
        {
            "Action": "Load",
            "Target": "Maps/EastScarp_SmugglerDen",
            "FromFile": "assets/Locations/Underground/SmugglersDen.tmx",
        },
        { // Inn (created by ItsBenter and used with permission)
            "Action": "Load",
            "Target": "Maps/EastScarp_VillageInn",
            "FromFile": "assets/Locations/InnInteriors/EastScarpeInn.tmx",
        },
        {
            "Action": "Load",
            "Target": "Maps/EastScarp_InnBath",
            "FromFile": "assets/Locations/InnInteriors/InnBath.tmx",
        },
        {
            "Action": "Load",
            "Target": "Maps/EastScarp_UnderwaterLexi",
            "FromFile": "assets/Locations/TempMaps/UnderwaterMap.tmx",
        },
        {
            "Action": "Load",
            "Target": "Maps/EastScarp_InnRoomRosa",
            "FromFile": "assets/Locations/InnInteriors/InnRoomRosa.tmx"
        },
        {
            "Action": "Load",
            "Target": "Maps/EastScarp_EyvinderCave",
            "FromFile": "assets/Locations/Interiors/EyvinderCave.tmx"
        },
        /*{
            "Action": "Load",
            "Target": "Maps/EastScarp_MeadowShed_Ruins",
            "FromFile": "assets/Locations/Interiors/MeadowFarmShed_ruins.tmx"
        },*/
        {
            "Action": "Load",
            "Target": "Maps/EastScarp_ToriSlimeBasement",
            "FromFile": "assets/Locations/Interiors/ToriSlimeHutch.tmx"
        },
        {
            "Action": "Load",
            "Target": "Maps/EastScarp_RosJulesHouse",
            "FromFile": "assets/Locations/Interiors/RosJulesHouse.tmx"
        },
        {
            "Action": "Load",
            "Target": "Maps/EastScarp_ArkOrchard",
            "FromFile": "assets/Locations/Outdoors/Orchard_NoFruit.tmx"
        },
        {
            "Action": "Load",
            "Target": "Maps/EastScarp_NTHouse",
            "FromFile": "assets/Locations/Interiors/ToriHouse.tmx",
        },
        { // Adds map to overworld (work in progress)
            "Action": "Include",
            "FromFile": "assets/Data/OverWorldMap.json"
        },
        { // Warp Network Compatibility
            "Action": "Include",
            "FromFile": "assets/Data/WarpNetwork.json",
            "When": {
                "HasMod": "tlitookilakin.warpnetwork"
            }
        },
        { // CJB Cheats Compatibility
            "Action": "Include",
            "FromFile": "assets/Data/CJBCheats.json",
            "When": {
                "HasMod": "CJBok.CheatsMenu",
                "HasMod |contains=juanpa98ar.WarpsEnglishNOSVE": false
            }
        },
        { // Event LookUp Compatibility
            "Action": "Include",
            "FromFile": "assets/Data/EventLookUp.json",
            "When": {
                "HasMod": "shekurika.EventLookup"
            }
        },
        { // Adds Music
            "Action": "Include",
            "FromFile": "assets/Data/Music.json"
        },
        { // Adds Location Data
            "Action": "Include",
            "FromFile": "assets/Data/LocationData.json"
        },
        { // Meadow farm
            "Action": "Include",
            "FromFile": "assets/Data/MeadowFarm.json",
            "When": {
                "EnableMeadowFarm": true
            }
        },
        { // Adds Object Data
            "Action": "Include",
            "FromFile": "assets/Data/ESObjects.json"
        },
        { // Adds Buildings Data
            "Action": "Include",
            "FromFile": "assets/Data/Buildings.json"
        },
        { // Adds Crop Data
            "Action": "Include",
            "FromFile": "assets/Data/Crops.json"
        },
        { // Adds Shops
            "Action": "Include",
            "FromFile": "assets/Data/Shops.json"
        },
        { // Adds Garbage cans
            "Action": "Include",
            "FromFile": "assets/Data/GarbageCans.json"
        },
        { // Adds PhoneCalls
            "Action": "Include",
            "FromFile": "assets/Data/PhoneCalls.json"
        },
        // T I L E S H E E T S
        {
            "Action": "Load",
            "Target": "Maps/spring_EastScarpe, Maps/summer_EastScarpe, Maps/fall_EastScarpe, Maps/winter_EastScarpe, Maps/spring_lighthouse, Maps/summer_lighthouse, Maps/fall_lighthouse, Maps/winter_lighthouse",
            "FromFile": "assets/TileSheets/{{Skin}}/{{TargetWithoutPath}}.png"
        },
        {
            "Action": "Load",
            "Target": "Maps/spring_cottage, Maps/summer_cottage, Maps/fall_cottage, Maps/winter_cottage, Maps/lemurfurniture, Maps/lemur_coffeeshop, Maps/balcony_house, Maps/ESCameos",
            "FromFile": "assets/TileSheets/{{TargetWithoutPath}}.png"
        },
        {
            "Action": "Load",
            "Target": "Maps/spring_rockpools, Maps/summer_rockpools, Maps/fall_rockpools, Maps/winter_rockpools",
            "FromFile": "assets/TileSheets/{{TargetWithoutPath}}_{{recolor}}.png"
        },
        {
            "Action": "Load",
            "Target": "Maps/spring_inn, Maps/summer_inn, Maps/fall_inn, Maps/winter_inn",
            "FromFile": "assets/TileSheets/{{TargetWithoutPath}}.png",
            "When": {
                "HasMod |contains=Gweniaczek.WayBackPT": false
            }
        },
        {
            "Action": "Load",
            "Target": "Maps/spring_inn, Maps/summer_inn, Maps/fall_inn, Maps/winter_inn",
            "FromFile": "assets/TileSheets/Wayback/{{TargetWithoutPath}}.png",
            "When": {
                "HasMod |contains=Gweniaczek.WayBackPT": true
            }
        },
        {
            "Action": "Load",
            "Target": "Maps/z_ESBoat",
            "FromFile": "assets/TileSheets/z_ESBoat.png"
        },
    {
            "Action": "Load",
            "Target": "Maps/Flooring",
            "FromFile": "assets/TileSheets/{{TargetWithoutPath}}.png"
        },
        {
            "Action": "Load",
            "Target": "Maps/ES_mine_desert, Maps/DeepDark_outdoorsTileSheet, Maps/MobileVanTeal, Maps/LemurCustom",
            "FromFile": "assets/TileSheets/{{TargetWithoutPath}}.png"
        },
        {
            "Action": "Include",
            "FromFile": "assets/Data/Yri.json",
            "When": {
                "Skin": "Yri"
            }
        },
        // M A P   P A T C H E S
        //River Patch : Add water or not (Set config "river" to "true")
        /*{
            "LogName": "River part 1",
            "Action": "EditMap",
            "Target": "Maps/EastScarp_EastScarpe",
            "PatchMode": "Overlay",
            "FromFile": "assets/Patches/EastScarpeRiverPatch1_overlay.tmx",
            "ToArea": {
                "X": 19,
                "Y": 0,
                "Width": 19,
                "Height": 26
            },
            "When": {
                "River": true
            }
        },
        {
            "LogName": "River part 2",
            "Action": "EditMap",
            "Target": "Maps/EastScarp_EastScarpe",
            "FromFile": "assets/Patches/EastScarpeRiverPatch2_overlay.tmx",
            "PatchMode": "Overlay",
            "ToArea": {
                "X": 38,
                "Y": 15,
                "Width": 47,
                "Height": 17
            },
            "When": {
                "River": true
            }
        },
        {
            "LogName": "SVE River part 1",
            "Action": "EditMap",
            "Target": "Maps/EastScarp_EastScarpe",
            "FromFile": "assets/Patches/EastScarpeRiverPatch1_overlay.tmx",
            "PatchMode": "Overlay",
            "ToArea": {
                "X": 19,
                "Y": 0,
                "Width": 19,
                "Height": 26
            },
            "When": {
                "HasMod |contains=FlashShifter.StardewValleyExpandedCP": true
            }
        },
        {
            "LogName": "SVE River part 2",
            "Action": "EditMap",
            "Target": "Maps/Custom_EastScarpe",
            "FromFile": "assets/Patches/EastScarpeRiverPatch2_overlay.tmx",
            "PatchMode": "Overlay",
            "ToArea": {
                "X": 38,
                "Y": 15,
                "Width": 47,
                "Height": 17
            },
            "When": {
                "HasMod |contains=FlashShifter.StardewValleyExpandedCP": true
            }
        },*/
        {
            "Action": "EditMap",
            "Target": "Maps/EastScarp_Village",
            "FromFile": "assets/Patches/ES_Wilderness.tmx",
            "FromArea": {
                "X": 0,
                "Y": 0,
                "Width": 35,
                "Height": 24
            },
            "ToArea": {
                "X": 24,
                "Y": 38,
                "Width": 35,
                "Height": 24
            },
            "When": {
                "Forest": true,
                "HasMod |contains=yri.yri": false
            }
        },
        {
            "Action": "EditMap",
            "Target": "Maps/EastScarp_Village",
            "FromFile": "assets/Patches/ES_Wilderness.tmx",
            "FromArea": {
                "X": 0,
                "Y": 0,
                "Width": 17,
                "Height": 23
            },
            "ToArea": {
                "X": 24,
                "Y": 38,
                "Width": 17,
                "Height": 23
            },
            "When": {
                "Forest": true,
                "HasMod |contains=yri.yri": true
            }
        },
        { // Walk on Tide Pools (watch your toes!)
            "Action": "EditMap",
            "Target": "Maps/EastScarp_Village",
            "FromFile": "assets/Patches/TidePoolsWalk.tmx",
            "ToArea": {
                "X": 42,
                "Y": 88,
                "Width": 20,
                "Height": 23
            },
            "When": {
                "WalkTidePools": "true"
            }
        },
        { // Adds the mailbox
            "Action": "EditMap",
            "Target": "Maps/EastScarp_Village",
            "FromFile": "assets/Patches/ES_MailBox.tmx",
            "PatchMode": "OVerlay",
            "ToArea": {
                "X": 1,
                "Y": 68,
                "Width": 1,
                "Height": 2
            },
            /*  "When": {
            "HasMod":"Ayeisha"
        }*/
        },
        //Mountains
        {
            "Action": "EditMap",
            "Target": "Maps/Mountain",
            "FromFile": "assets/Patches/Mountain_ES.tmx",
            "ToArea": {
                "X": 86,
                "Y": 35,
                "Width": 9,
                "Height": 6
            }
        },
        { //+++ REMOVE FOR ALPHA
            "Action": "EditMap",
            "Target": "Maps/Mountain",
            "FromFile": "assets/Patches/Mountain_ESDeepMountains.tmx",
            "ToArea": {
                "X": 87,
                "Y": 0,
                "Width": 7,
                "Height": 21
            },
            "When": {
                "HasMod |contains=FlashShifter.StardewValleyExpandedCP,DaisyNiko.SVR2,DaisyNiko.SVR3": false,
            }
        },
        { // Regular entrance +++ REPLACE FOR ALPHA
            "Action": "EditMap",
            "Target": "Maps/Town",
            "FromFile": "assets/Patches/Town_ES.tmx",
            "ToArea": {
                "X": 109,
                "Y": 63,
                "Width": 21,
                "Height": 14
            },
            "When": {
                "HasMod |contains=FlashShifter.StardewValleyExpandedCP": false
            }
        },
        {
            "Action": "Include",
            "FromFile": "assets/Data/OtherMaps.json",
            "When": {
                "HasMod |contains=FlashShifter.StardewValleyExpandedCP": false
            }
        },
        // For Juliet and Jessie
        {
            "Action": "EditMap",
            "Target": "Maps/EastScarp_Village",
            "TextOperations": [
                {
                    "Operation": "Append",
                    "Target": [
                        "MapProperties",
                        "Warp"
                    ],
                    "Value": "-1 70 EastScarp_ClearingHouse 59 20 -1 71 EastScarp_ClearingHouse 59 20 -1 72 EastScarp_ClearingHouse 59 21 -1 73 EastScarp_ClearingHouse 59 22 -1 74 EastScarp_ClearingHouse 59 23",
                    "Delimiter": " "
                }
            ],
            "When": {
                "HasMod |contains=FlashShifter.StardewValleyExpandedCP": false
                // "HasMod": "LemurKat.JulietHouse.NPC"
            }
        },
        {
            "Action": "EditMap",
            "Target": "Maps/EastScarp_ClearingHouse",
            "When": {
                "HasMod |contains=FlashShifter.StardewValleyExpandedCP": false,
                "HasMod": "LemurKat.JulietHouse.NPC"
            },
            "MapTiles": [
                {
                    "Position": {
                        "X": 24,
                        "Y": 8
                    },
                    "Layer": "Buildings",
                    "SetProperties": {
                        "Action": "Warp 13 23 Custom_LK_LodgingHouse"
                    }
                }
            ]
        },
        /*{ //OVewrites the house if J/R don't happen
            "Action": "EditMap",
            "Target": "Maps/EastScarp_ClearingHouse",
            "FromFile": "assets/Locations/Outdoors/ES_ClearingHouse2.tmx",
            "ToArea": {
                "X": 38,
                "Y": 22,
                "Width": 12,
                "Height": 11
            },
            "FromArea": {
                "X": 38,
                "Y": 22,
                "Width": 12,
                "Height": 11
            },
            "When": {
                "LoadRosaJulietHouse": false
            }
        },*/
        {
            "Action": "EditMap",
            "Target": "Maps/Custom_ShearwaterBridge",
            "FromFile": "assets/Patches/AntoineTreeHouse_SVE.tmx",
            "ToArea": {
                "X": 44,
                "Y": 5,
                "Width": 13,
                "Height": 13
            },
            "FromArea": {
                "X": 0,
                "Y": 0,
                "Width": 13,
                "Height": 13
            },
            "When": {
                "HasMod |contains=FlashShifter.StardewValleyExpandedCP": true,
                "HasMod": "SheetCakeGhost.Antoine"
            }
        },
        /*{
            "Action": "EditMap",
            "Target": "Maps/Town",
            "TextOperations": [
                {
                    "Operation": "Append",
                    "Target": [
                        "MapProperties",
                        "Warp"
                    ],
                    "Value": "120 70 EastScarp_Vineyard 0 20 120 71 EastScarp_Vineyard 0 20 120 72 EastScarp_Vineyard 0 20 120 73 EastScarp_Vineyard 0 20 120 74 EastScarp_Vineyard 0 20",
                    "Delimiter": " "
                }
            ],
            "When": {
                "HasMod |contains=FlashShifter.StardewValleyExpandedCP": false,
                "HasMod |contains=LemurKat.JulietHouse.NPC": false
            }
        },*/
        {
            "Action": "EditMap",
            "Target": "Maps/Town",
            "TextOperations": [
                {
                    "Operation": "Append",
                    "Target": [
                        "MapProperties",
                        "Warp"
                    ],
                    "Value": "120 72 EastScarp_ClearingHouse 0 20 120 73 EastScarp_ClearingHouse 0 20 120 74 EastScarp_ClearingHouse 0 20 120 75 EastScarp_ClearingHouse 0 20",
                    "Delimiter": " "
                }
            ],
            "When": {
                "HasMod |contains=FlashShifter.StardewValleyExpandedCP": false,
                // "HasMod |contains=LemurKat.JulietHouse.NPC": true
            }
        },
        //If Meadow Farm NOT Enabled
        {
            "Action": "EditMap",
            "Target": "Maps/EastScarp_Village",
            "MapTiles": [
                {
                    "Position": {
                        "X": 73,
                        "Y": 0
                    },
                    "Layer": "Back",
                    "SetProperties": {
                        "TouchAction": "Warp EastScarp_DeepMountains 60 60"
                    }
                },
                {
                    "Position": {
                        "X": 74,
                        "Y": 0
                    },
                    "Layer": "Back",
                    "SetProperties": {
                        "TouchAction": "Warp EastScarp_DeepMountains 60 60"
                    }
                },
                {
                    "Position": {
                        "X": 75,
                        "Y": 0
                    },
                    "Layer": "Back",
                    "SetProperties": {
                        "TouchAction": "Warp EastScarp_DeepMountains 60 60"
                    }
                }
            ],
            "When": {
                "EnableMeadowFarm": "false"
            }
        },
        {
            "Action": "EditMap",
            "Target": "Maps/EastScarp_DeepMountains",
            "MapTiles": [
                {
                    "Position": {
                        "X": 59,
                        "Y": 61
                    },
                    "Layer": "Back",
                    "SetProperties": {
                        "TouchAction": "Warp EastScarp_Village 73 1"
                    }
                },
                {
                    "Position": {
                        "X": 60,
                        "Y": 61
                    },
                    "Layer": "Back",
                    "SetProperties": {
                        "TouchAction": "Warp EastScarp_Village 74 1"
                    }
                },
                {
                    "Position": {
                        "X": 61,
                        "Y": 61
                    },
                    "Layer": "Back",
                    "SetProperties": {
                        "TouchAction": "Warp EastScarp_Village 75 1"
                    }
                }
            ],
            "When": {
                "EnableMeadowFarm": "false"
            }
        },
        //If Meadow Farm Enabled
        /* {
            "Action": "EditMap",
            "Target": "Maps/EastScarp_DeepMountains",
            "MapTiles": [
                {
                    "Position": {
                        "X": 59,
                        "Y": 61
                    },
                    "Layer": "Back",
                    "SetProperties": {
                        "TouchAction": "Warp EastScarp_MeadowFarm 15 0"
                    }
                },
                {
                    "Position": {
                        "X": 60,
                        "Y": 61
                    },
                    "Layer": "Back",
                    "SetProperties": {
                        "TouchAction": "Warp EastScarp_MeadowFarm 15 0"
                    }
                },
                {
                    "Position": {
                        "X": 61,
                        "Y": 61
                    },
                    "Layer": "Back",
                    "SetProperties": {
                        "TouchAction": "Warp EastScarp_MeadowFarm 15 0"
                    }
                }
            ],
            "When": {
                "EnableMeadowFarm": "true"
            }
        },*/
        /* {
            "Action": "EditMap",
            "Target": "Maps/EastScarp_DeepMountains",
            "MapProperties": {
                "Warp": "59 62 EastScarp_MeadowFarm 15 0 60 62 EastScarp_MeadowFarm 15 0 61 62 EastScarp_MeadowFarm 15 0"
            },
            "When": {
                "EnableMeadowFarm": "true"
            }
        },*/
        // Makes the Bird Hide's views seasonal
        {
            "Action": "EditMap",
            "Target": "Maps/EastScarp_BirdHide",
            "FromFile": "assets/Locations/Interiors/BirdHide-Summer.tmx",
            "When": {
                "Season": "summer"
            }
        },
        {
            "Action": "EditMap",
            "Target": "Maps/EastScarp_BirdHide",
            "FromFile": "assets/Locations/Interiors/BirdHide-Winter.tmx",
            "When": {
                "Season": "winter"
            }
        },
        {
            "Action": "EditMap",
            "Target": "Maps/EastScarp_BirdHide",
            "FromFile": "assets/Locations/Interiors/BirdHide-Fall.tmx",
            "When": {
                "Season": "fall"
            }
        },
        {
            "LogName": "Adds warp to caves",
            "Action": "EditMap",
            "Target": "Maps/EastScarp_Village",
            "MapTiles": [
                {
                    "Position": {
                        "X": 43,
                        "Y": 84
                    },
                    "Layer": "Back",
                    "SetProperties": {
                        "TouchAction": "Warp EastScarp_DeepDark 14 67"
                    }
                },
                {
                    "Position": {
                        "X": 44,
                        "Y": 84
                    },
                    "Layer": "Back",
                    "SetProperties": {
                        "TouchAction": "Warp EastScarp_DeepDark 14 67"
                    }
                }
            ]
        },
        //Adds warp to Meadow Farm if option selected  
        /*{
            "LogName": "Adds warp to Meadow Farm",
            "Action": "EditMap",
            "Target": "Maps/EastScarp_Village",
            "When": {
                "EnableMeadowFarm": "true"
            },
            "MapTiles": [
                {
                    "Position": {
                        "X": 73,
                        "Y": 0
                    },
                    "Layer": "Back",
                    "SetProperties": {
                        "TouchAction": "Warp EastScarp_MeadowFarm 30 39"
                    }
                },
                {
                    "Position": {
                        "X": 74,
                        "Y": 0
                    },
                    "Layer": "Back",
                    "SetProperties": {
                        "TouchAction": "Warp EastScarp_MeadowFarm 30 39"
                    }
                },
                {
                    "Position": {
                        "X": 75,
                        "Y": 0
                    },
                    "Layer": "Back",
                    "SetProperties": {
                        "TouchAction": "Warp EastScarp_MeadowFarm 30 39"
                    }
                }
            ]
        },*/
        {
            "Action": "EditMap",
            "Target": "Maps/EastScarp_Village",
            "TextOperations": [
                {
                    "Operation": "Append",
                    "Target": [
                        "MapProperties",
                        "NPCWarp"
                    ],
                    "Value": "78 4 Custom_HenryWarp 6 10 70 3 EastScarp_DeepMountains 60 60",
                    "Delimiter": " "
                }
            ]
        },
        //Adds Deep Mpuntains Warp to Mountain and Mountain Warp to Deep Mountains
        {
            "Action": "EditMap",
            "Target": "Maps/Mountain",
            "MapTiles": [
                {
                    "Position": {
                        "X": 91,
                        "Y": 0
                    },
                    "Layer": "Back",
                    "SetProperties": {
                        "TouchAction": "Warp EastScarp_DeepMountains 7 60"
                    }
                },
            ],
            /*"TextOperations": [
                {
                    "Operation": "Append",
                    "Target": [
                        "MapProperties",
                        "Warp"
                    ],
                    "Value": "88 -1 EastScarp_DeepMountains 7 61 89 -1 EastScarp_DeepMountains 7 61",
                    "Delimiter": " "
                }
            ],*/
            "When": {
                "HasMod |contains=FlashShifter.StardewValleyExpandedCP": false
            }
        },
        {
            "Action": "EditMap",
            "Target": "Maps/EastScarp_DeepMountains",
            "MapTiles": [
                {
                    "Position": {
                        "X": 6,
                        "Y": 61
                    },
                    "Layer": "Back",
                    "SetProperties": {
                        "TouchAction": "Warp Mountain 91 1"
                    }
                },
                {
                    "Position": {
                        "X": 7,
                        "Y": 61
                    },
                    "Layer": "Back",
                    "SetProperties": {
                        "TouchAction": "Warp Mountain 91 1"
                    }
                },
                {
                    "Position": {
                        "X": 8,
                        "Y": 61
                    },
                    "Layer": "Back",
                    "SetProperties": {
                        "TouchAction": "Warp Mountain 91 1"
                    }
                },
            ],
            /*"MapProperties": {
                "Warp": "6 62 Mountain 89 0 7 62 Mountain 89 0 8 62 Mountain 89 0"
            },*/
            "When": {
                "HasMod |contains=FlashShifter.StardewValleyExpandedCP": false
            }
        },
        {
            "Action": "EditMap",
            "Target": "Maps/EastScarp_SeaCave",
            "FromFile": "assets/Locations/Underground/SeamonsterCaves_Lexiboard.tmx",
            "ToArea": {
                "X": 29,
                "Y": 22,
                "Width": 3,
                "Height": 2
            },
            "When": {
                "HasSeenEvent": "57872012"
            }
        },
        {
            "Action": "EditMap",
            "Target": "Maps/EastScarp_SeaCave",
            "MapTiles": [
                {
                    "Position": {
                        "X": 32,
                        "Y": 23
                    },
                    "Layer": "Buildings",
                    "Remove": true
                },
            ],
            "When": {
                "HasSeenEvent": "57872012"
            }
        },
        {
            "Action": "Include",
            "FromFile": "assets/Data/Fishing.json"
        },
        //Seasonal Birdwatching
        {
            "LogName": "Pelicans for Pelican Town part 1",
            "Action": "EditImage",
            "Target": "TileSheets/Critters",
            "FromFile": "assets/Pelican.png",
            "FromArea": {
                "X": 0,
                "Y": 0,
                "Width": 320,
                "Height": 32
            },
            "ToArea": {
                "X": 0,
                "Y": 0,
                "Width": 320,
                "Height": 32
            },
            "When": {
                "LocationName": "EastScarp_Village"
            },
            "Update": "OnLocationChange"
        },
        {
            "LogName": "Pelicans for Pelican Town part 2",
            "Action": "EditImage",
            "Target": "TileSheets/Critters",
            "FromFile": "assets/Pelican.png",
            "FromArea": {
                "X": 0,
                "Y": 32,
                "Width": 128,
                "Height": 32
            },
            "ToArea": {
                "X": 0,
                "Y": 32,
                "Width": 128,
                "Height": 32
            },
            "When": {
                "LocationName": "EastScarp_Village"
            },
            "Update": "OnLocationChange"
        },
        {
            "LogName": "Pink Wader Migration part 1",
            "Action": "EditImage",
            "Target": "TileSheets/Critters",
            "FromFile": "assets/PinkWader.png",
            "FromArea": {
                "X": 0,
                "Y": 0,
                "Width": 320,
                "Height": 32
            },
            "ToArea": {
                "X": 0,
                "Y": 0,
                "Width": 320,
                "Height": 32
            },
            "When": {
                "Season": "Summer",
                "Day": "12, 13, 14"
            },
            "Update": "OnLocationChange"
        },
        {
            "LogName": "Pink Wader Migration part 2",
            "Action": "EditImage",
            "Target": "TileSheets/Critters",
            "FromFile": "assets/PinkWader.png",
            "FromArea": {
                "X": 0,
                "Y": 32,
                "Width": 128,
                "Height": 32
            },
            "ToArea": {
                "X": 0,
                "Y": 32,
                "Width": 128,
                "Height": 32
            },
            "When": {
                "Season": "Summer",
                "Day": "12, 13, 14"
            },
            "Update": "OnLocationChange"
        },
        {
            "LogName": "Add bird part 1",
            "Action": "EditImage",
            "Target": "TileSheets/Critters",
            "FromFile": "assets/EastScarpeBirds.png",
            "FromArea": {
                "X": 0,
                "Y": "{{birdVar2}}",
                "Width": 160,
                "Height": 32
            },
            "ToArea": {
                "X": 160,
                "Y": 64,
                "Width": 160,
                "Height": 32
            },
            "When": {
                "LocationName": "EastScarp_Village, EastScarp_Orchard, EastScarp_ClearingHouse"
            },
            "Update": "OnLocationChange"
        },
        {
            "LogName": "Add bird part 2",
            "Action": "EditImage",
            "Target": "TileSheets/Critters",
            "FromFile": "assets/EastScarpeBirds.png",
            "FromArea": {
                "X": 160,
                "Y": "{{birdVar2}}",
                "Width": 128,
                "Height": 32
            },
            "ToArea": {
                "X": 0,
                "Y": 96,
                "Width": 128,
                "Height": 32
            },
            "When": {
                "LocationName": "EastScarp_Village, EastScarp_Orchard, EastScarp_ClearingHouse"
            },
            "Update": "OnLocationChange"
        },
        {
            "LogName": "Replace crested blue bird part 1",
            "Action": "EditImage",
            "Target": "TileSheets/Critters",
            "FromFile": "assets/EastScarpeBirds.png",
            "FromArea": {
                "X": 0,
                "Y": "{{birdVar}}",
                "Width": 160,
                "Height": 32
            },
            "ToArea": {
                "X": 160,
                "Y": 128,
                "Width": 160,
                "Height": 32
            },
            "When": {
                "LocationName": "EastScarp_Village, EastScarp_Orchard, EastScarp_ClearingHouse"
            },
            "Update": "OnLocationChange"
        },
        {
            "LogName": "Replace crested blue bird part 2",
            "Action": "EditImage",
            "Target": "TileSheets/Critters",
            "FromFile": "assets/EastScarpeBirds.png",
            "FromArea": {
                "X": 160,
                "Y": "{{birdVar}}",
                "Width": 128,
                "Height": 32
            },
            "ToArea": {
                "X": 0,
                "Y": 160,
                "Width": 128,
                "Height": 32
            },
            "When": {
                "LocationName": "EastScarp_Village,EastScarp_Orchard, EastScarp_ClearingHouse"
            },
            "Update": "OnLocationChange"
        },
        //Mountain birds
        {
            "LogName": "Add bird part 1",
            "Action": "EditImage",
            "Target": "TileSheets/Critters",
            "FromFile": "assets/EastScarpeBirds.png",
            "FromArea": {
                "X": 0,
                "Y": 256,
                "Width": 160,
                "Height": 32
            },
            "ToArea": {
                "X": 160,
                "Y": 64,
                "Width": 160,
                "Height": 32
            },
            "When": {
                "LocationName": "EastScarp_DeepMountains"
            },
            "Update": "OnLocationChange"
        },
        {
            "LogName": "Add bird part 2",
            "Action": "EditImage",
            "Target": "TileSheets/Critters",
            "FromFile": "assets/EastScarpeBirds.png",
            "FromArea": {
                "X": 160,
                "Y": 256,
                "Width": 128,
                "Height": 32
            },
            "ToArea": {
                "X": 0,
                "Y": 96,
                "Width": 128,
                "Height": 32
            },
            "When": {
                "LocationName": "EastScarp_DeepMountains"
            },
            "Update": "OnLocationChange"
        },
        {
            "LogName": "Replace crested blue bird part 1",
            "Action": "EditImage",
            "Target": "TileSheets/Critters",
            "FromFile": "assets/EastScarpeBirds.png",
            "FromArea": {
                "X": 0,
                "Y": 32,
                "Width": 160,
                "Height": 32
            },
            "ToArea": {
                "X": 160,
                "Y": 128,
                "Width": 160,
                "Height": 32
            },
            "When": {
                "LocationName": "EastScarp_DeepMountains"
            },
            "Update": "OnLocationChange"
        },
        {
            "LogName": "Replace crested blue bird part 2",
            "Action": "EditImage",
            "Target": "TileSheets/Critters",
            "FromFile": "assets/EastScarpeBirds.png",
            "FromArea": {
                "X": 160,
                "Y": 32,
                "Width": 128,
                "Height": 32
            },
            "ToArea": {
                "X": 0,
                "Y": 160,
                "Width": 128,
                "Height": 32
            },
            "When": {
                "LocationName": "EastScarp_DeepMountains"
            },
            "Update": "OnLocationChange"
        },
        //Loads a blank template so NPC creators can EditData in their own events without creating conflicts
        {
            "LogName": "Events for East Scarpe",
            "Action": "Load",
            "Target": "Data/Events/EastScarp_Village, Data/Events/EastScarp_DeepMountains, Data/Events/EastScarp_Silo, Data/Events/EastScarp_House1, Data/Events/EastScarp_VillageInn, Data/Events/EastScarp_Orchard, Data/Events/EastScarp_SeaCave, Data/Events/EastScarp_ClearingHouse, Data/Events/EastScarp_DeepDark,Data/Events/EastScarp_VetHouse, Data/Events/EastScarp_BirdHide, Data/Events/EastScarp_OrchardHouse, Data/Events/EastScarp_SmugglerDen,  Data/Events/EastScarp_MineEntrance, Data/Events/EastScarp_Lighthouse, Data/Events/EastScarp_EyvinderCave, Data/Events/EastScarp_MeadowFarm",
            "FromFile": "assets/Data/Blank.json"
        },
        //TileData messages
        {
            "LogName": "Location Messages",
            "Action": "Include",
            "FromFile": "assets/Data/LocationMessages.json"
        },
        {
            "Action": "Include",
            "FromFile": "assets/Data/KayaSkin.json",
            "When": {
                "Skin": "Kaya"
            }
        },
        //Adds Door Warp to Nicer Sewer
        {
            "Action": "EditMap",
            "Target": "Maps/EastScarp_DeepDark",
            "When": {
                "HasMod": "LemurKat.CleanerSewer.CP",
                "Hearts:Krobus": "{{Range: 4,14}}"
            },
            "ToArea": {
                "X": 25,
                "Y": 1,
                "Width": 1,
                "Height": 3
            },
            "FromFile": "assets/Patches/doorway.tmx",
        },
        {
            "Action": "EditMap",
            "Target": "Maps/EastScarp_DeepDark",
            "When": {
                "HasMod": "LemurKat.CleanerSewer.CP",
                "Hearts:Krobus": "{{Range: 4,14}}"
            },
            "MapTiles": [
                {
                    "Position": {
                        "X": 25,
                        "Y": 3
                    },
                    "Layer": "Back",
                    "SetProperties": {
                        "TouchAction": "Warp Sewer 32 40"
                        //"Warp 44 15 MonsterSaloon"
                    }
                }
            ]
        },
        {
            "Action": "EditMap",
            "Target": "Maps/Sewer",
            "When": {
                "HasMod": "LemurKat.CleanerSewer.CP",
                // "HasMod |contains=MouseyPounds.ShadowFestival": false,
                "DayEvent |contains=spirit's eve": false,
                "Hearts:Krobus": "{{Range: 4,14}}"
            },
            "MapTiles": [
                {
                    "Position": {
                        "X": 32,
                        "Y": 39
                    },
                    "Layer": "Buildings",
                    "SetProperties": {
                        "Action": "Warp 25 4 EastScarp_DeepDark"
                    }
                    //"Warp 1 6 MonsterSaloon"
                }
            ]
        },
        {
            "Action": "EditMap",
            "Target": "Maps/EastScarp_DeepDark",
            "When": {
                "HasMod": "MouseyPounds.ShadowFestival",
                "DayEvent": "spirit's eve",
                "Hearts:Krobus": "{{Range: 4,14}}"
            },
            "MapTiles": [
                {
                    "Position": {
                        "X": 25,
                        "Y": 3
                    },
                    "Layer": "Buildings",
                    "SetProperties": {
                        "Action": "Warp 3 47 Sewer"
                        //"Warp 44 15 MonsterSaloon"
                    }
                }
            ]
        },
        //East Scarpe Time based Map Edits:
        /*{
            "Action": "EditMap",
            "Target": "Maps/Custom_EastScarpe",
            "FromFile": "assets/Patches/VanGone.tmx",
            "ToArea": {
                "X": 28,
                "Y": 27,
                "Width": 6,
                "Height": 9
            },
            "Update": "OnLocationChange",
            "When": {
                "DayofWeek": "Tuesday",
                "Time": "{{Range: 1230, 1800}}"
            }
        },*/
        {
            "Action": "EditMap",
            "Target": "Maps/EastScarp_Orchard",
            "FromFile": "assets/Patches/Orchard_NoBridge.tmx",
            "Update": "OnLocationChange",
            "ToArea": {
                "X": 5,
                "Y": 17,
                "Width": 6,
                "Height": 3
            },
            "When": {
                // "Weather |contains=rain, storm, snow": false,
                "HasSeenEvent |contains=63070010": false, //,57875010
                "Time": "{{Range: 640, 1720}}"
            }
        },
        {
            "LogName": "House Interior when married to Aideen",
            "Action": "EditMap",
            "Target": "Maps/EastScarp_House1",
            "FromFile": "assets/Patches/AideenHouse_rev.tmx",
            "FromArea": {
                "X": 0,
                "Y": 0,
                "Width": 30,
                "Height": 25
            },
            "ToArea": {
                "X": 0,
                "Y": 0,
                "Width": 30,
                "Height": 25
            },
            "When": {
                "Spouse": "Aideen"
            }
        },
        {
            "LogName": "Tristan's House Interior 1",
            "Action": "EditMap",
            "Target": "Maps/EastScarp_House1",
            "FromFile": "assets/Patches/TristanHouse.tmx",
            "FromArea": {
                "X": 9,
                "Y": 0,
                "Width": 21,
                "Height": 14
            },
            "ToArea": {
                "X": 9,
                "Y": 0,
                "Width": 21,
                "Height": 14
            },
            "When": {
                "HasSeenEvent |contains=5295000": true,
                "Spouse |contains=MisterGinger, Shane": false
            }
        },
        {
            "Action": "Load",
            "Target": "Characters/MidnightBlackKitty",
            "FromFile": "assets/Locations/Interiors/VoidCat.png"
        },
        {
            "Action": "Load",
            "Target": "Animals/Reginald, Animals/Alpaca2",
            "FromFile": "assets/{{target}}.png"
        },
        {
            "Action": "Load",
            "Target": "Animals/VoidBilly, Animals/VoidNanny, Animals/VoidKid",
            "FromFile": "assets/Animals/{{GoatSkin}}/{{targetwithoutpath}}.png"
        },
        {
            "Action": "Load",
            "Target": "Characters/LittleGruff",
            "FromFile": "assets/Animals/Revised/LittleGruff.png"
        },
        {
            "Action": "Load",
            "Priority": "Low",
            "Target": "Portraits/LittleGruff",
            "FromFile": "assets/Animals/LittleGruff_portrait.png"
        },
        /* //Adds trapdoor to Mine
        {   "Action": "EditMap",
            "Target": "Maps/Mine",
            "FromFile": "assets/trapdoor.tmx",
            "ToArea": { "X": 45,  "Y": 13,
                    "Width": 1, "Height": 1
                         }
            }*/
        { //sets up Luma's door warp
            "Action": "EditMap",
            "Target": "Maps/EastScarp_Orchard",
            "MapTiles": [
                {
                    "Position": {
                        "X": 38,
                        "Y": 12
                    },
                    "Layer": "Buildings",
                    "SetProperties": {
                        "Action": "Warp 4 9 EastScarp_LumaHut"
                    }
                }
            ],
            "When": {
                "HasSeenEvent": "57871100"
            }
        },
        /* {
            "Action": "EditMap",
            "Target": "Maps/EastScarp_MeadowFarm",
            "FromFile": "assets/Patches/MeadowFarm_Paths.tmx",
            "PatchMode": "ReplaceByLayer",
            "When": {
                "HasSeenEvent": "57879002"
            }
        },*/
        // Adds NPC Map Locations
        {
            "Action": "Include",
            "FromFile": "assets/Data/NPCMapLocations.json",
            "When": {
                "HasMod": "Bouhm.NPCMapLocations"
            }
        },
        //Stardew Valley Expanded
        {
            "Action": "Include",
            "FromFile": "assets/Data/SVE.json",
            "When": {
                "HasMod": "FlashShifter.StardewValleyExpandedCP"
            }
        },
        { // Adds Lore's Cove
            "Action": "Include",
            "FromFile": "assets/Data/LoresCove.json",
            "When": {
                "HasMod": "Squeaks.MGC.CP"
            }
        },
        //Enabling the Smuggler's Den Warps
        {
            "Action": "Include",
            "FromFile": "assets/Data/ShortCutWarps.json",
            "When": {
                "HasSeenEvent": "57874012"
            }
        },
        //Map etc changes caused by Lavril
        {
            "Action": "Include",
            "FromFile": "assets/Data/LavrilEdits.json"
        },
        {
            "Action": "EditMap",
            "Target": "Maps/Town",
            "ToArea": {
                "X": "59",
                "Y": "15",
                "Width": 1,
                "Height": 1
            },
            "FromFile": "assets/Patches/GardenScrap.tmx",
            "PatchMode": "Overlay",
            "Update": "OnLocationChange",
            "When": {
                "HasSeenEvent": "57871014",
                "HasSeenEvent |contains=57871015": false,
                "HasMod |contains=FlashShifter.StardewValleyExpandedCP": false
            }
        },
        {
            "Action": "EditMap",
            "Target": "Maps/Town",
            "Update": "OnLocationChange",
            "When": {
                "HasMod |contains=FlashShifter.StardewValleyExpandedCP": false,
                "HasSeenEvent": "57871014",
                "HasSeenEvent |contains=57871015": false
            },
            "MapTiles": [
                {
                    "Position": {
                        "X": 59,
                        "Y": 15
                    },
                    "Layer": "Buildings",
                    "SetProperties": {
                        "Action": "MessageOnce 57871015 '{{i18n:aideen.scrappaper}}'"
                    }
                }
            ]
        },
        {
            "LogName": "Removes bushes from around the Community Center",
            "Action": "EditMap",
            "Target": "Maps/Town",
            "Update": "OnLocationChange",
            "When": {
                "HasSeenEvent": "57871014"
            },
            "MapTiles": [
                {
                    "Position": {
                        "X": 59,
                        "Y": 16
                    },
                    "Layer": "Paths",
                    "Remove": true
                },
                {
                    "Position": {
                        "X": 65,
                        "Y": 17
                    },
                    "Layer": "Paths",
                    "Remove": true
                },
                {
                    "Position": {
                        "X": 59,
                        "Y": 15
                    },
                    "Layer": "Paths",
                    "Remove": true
                },
                {
                    "Position": {
                        "X": 65,
                        "Y": 20
                    },
                    "Layer": "Paths",
                    "Remove": true
                }
            ]
        },
        {
            "Action": "EditMap",
            "Target": "Maps/EastScarp_Village",
            "MapTiles": [
                {
                    "Position": {
                        "X": 14,
                        "Y": 23
                    },
                    "Layer": "Buildings",
                    "SetProperties": {
                        "Action": "Warp 12 26 EastScarp_VetHouse"
                    }
                }
            ],
            "When": {
                "HasWalletItem |contains=KeyToTheTown": true
            }
        },
        /* {
            "Action": "EditMap",
            "Target": "Maps/EastScarp_MeadowFarm",
            "Update": "OnLocationChange",
            "When": {
                "HasSeenEvent |contains=57877005": false,
            },
            "MapTiles": [
                {
                    "Position": {
                        "X": 44,
                        "Y": 9
                    },
                    "Layer": "Buildings",
                    "SetProperties": {
                        "Action": "Message \"MeadowFarm.01\""
                    }
                }
            ]
        },*/
        {
            "LogName": "Patches in Aideen's Garden",
            "Action": "EditMap",
            "Target": "Maps/Town",
            "Update": "OnLocationChange",
            "When": {
                "HasSeenEvent": "57871016"
            },
            "ToArea": {
                "X": "59",
                "Y": "13",
                "Width": 10,
                "Height": 8
            },
            "FromFile": "assets/Patches/AideenPatch_{{TownMapType}}.tmx"
        },
        {
            "Action": "EditMap",
            "Target": "Maps/EastScarp_Lighthouse",
            "When": {
                "HasSeenEvent": "57879908",
            },
            "MapTiles": [
                {
                    "Position": {
                        "X": 18,
                        "Y": 3
                    },
                    "Layer": "Buildings",
                    "SetProperties": {
                        "Action": "Warp 1 7 EastScarp_LanternRoom"
                    }
                    //"Warp 1 6 MonsterSaloon"
                }
            ]
        },
        //Eyvinder map edits
        //Access to Eyvindr
        {
            "LogName": "Add warp to DeepMountains for Eyvinder",
            "Action": "EditMap",
            "Target": "Maps/EastScarp_DeepMountains",
            "When": {
                "HasSeenEvent": "57877001"
            },
            "TextOperations": [
                {
                    "Operation": "Append",
                    "Target": [
                        "MapProperties",
                        "Warp"
                    ],
                    "Value": "110 11 EastScarp_EyvinderCave 8 11",
                    "Delimiter": " "
                }
            ],
        },
        {
            "LogName": "Remove tile that blocks the entrance",
            "Action": "EditMap",
            "Target": "Maps/EastScarp_DeepMountains",
            "When": {
                "HasSeenEvent": "57877001"
            },
            "MapTiles": [
                {
                    "Position": {
                        "X": 110,
                        "Y": 12
                    },
                    "Layer": "Buildings",
                    "Remove": true
                },
            ]
        },
        {
            "LogName": "Remove tile that blocks the garden",
            "Action": "EditMap",
            "Target": "Maps/EastScarp_DeepMountains",
            "When": {
                "HasSeenEvent": "57877004"
            }, // event where Eyvindr gives you access to his garden
            "MapTiles": [
                {
                    "Position": {
                        "X": 91,
                        "Y": 14
                    },
                    "Layer": "Buildings",
                    "Remove": true
                },
                {
                    "Position": {
                        "X": 92,
                        "Y": 14
                    },
                    "Layer": "Buildings",
                    "Remove": true
                },
                {
                    "Position": {
                        "X": 93,
                        "Y": 14
                    },
                    "Layer": "Buildings",
                    "Remove": true
                },
                {
                    "Position": {
                        "X": 72,
                        "Y": 29
                    },
                    "Layer": "Buildings",
                    "Remove": true
                },
                {
                    "Position": {
                        "X": 73,
                        "Y": 29
                    },
                    "Layer": "Buildings",
                    "Remove": true
                },
                {
                    "Position": {
                        "X": 74,
                        "Y": 29
                    },
                    "Layer": "Buildings",
                    "Remove": true
                },
            ]
        },
        /*  {
            "Action": "EditMap",
            "Target": "Maps/EastScarp_MeadowFarm",
            //"Update": "OnTimeChange",
            "When": {
                "HasSeenEvent": "57877005"
            },
            "MapTiles": [
                {
                    "Position": {
                        "X": 44,
                        "Y": 9
                    },
                    "Layer": "Buildings",
                    "SetProperties": {
                        "Action": "Warp 9 18 EastScarp_MeadowShed_Ruins"
                    }
                }
            ]
        },
        {
            "Action": "Load",
            "Target": "Maps/EastScarp_MeadowShed",
            "FromFile": "assets/Locations/Interiors/MeadowFarmShed.tmx"
        },
        {
            "Action": "EditMap",
            "Target": "Maps/EastScarp_MeadowFarm",
            //"Update": "OnTimeChange",
            "When": {
                "HasSeenEvent": "57877006"
            },
            "MapTiles": [
                {
                    "Position": {
                        "X": 44,
                        "Y": 9
                    },
                    "Layer": "Buildings",
                    "SetProperties": {
                        "Action": "Warp 9 18 EastScarp_MeadowShed"
                    }
                }
            ]
        },*/
        {
            "Action": "EditMap",
            "Target": "Maps/EastScarp_Village",
            //"Update": "OnTimeChange",
            "When": {
                "HasSeenEvent": "57878004"
            },
            "MapTiles": [
                {
                    "Position": {
                        "X": 9,
                        "Y": 61
                    },
                    "Layer": "Buildings",
                    "SetProperties": {
                        "Action": "Warp 12 8 EastScarp_ToriSlimeBasement"
                    }
                }
            ]
        },
        {
            "LogName": "Temporary Animated Sprites",
            "Action": "Load",
            "Target": "EastScarp/TAS",
            "FromFile": "assets/Textures/Sparkles.png"
        },
        /*{
            "Action": "EditMap",
            "Target": "Maps/EastScarp_MeadowShed_Ruins",
            "FromFile": "assets/Locations/Interiors/MeadowFarmShed_ruins.tmx",
            "Update": "OnLocationChange",
            "When": {
                "HasSeenEvent |contains=57877006": false
            }
        },*/
    ]
}