{
  "rain": "610 EastScarp_OrchardHouse 2 4 2/620 EastScarp_OrchardHouse 3 4 2 lavril_rest/830 EastScarp_OrchardHouse 1 22 1/950 EastScarp_OrchardHouse 6 22 2/1000 EastScarp_OrchardHouse 4 22 2 lavril_meditation \"Strings\\schedules\\Lavril:absorb.000\"/1200 EastScarp_OrchardHouse 7 5 2/1450 EastScarp_OrchardHouse 12 5 2 lavril_sit/1700 EastScarp_OrchardHouse 4 22 2 lavril_meditation \"Strings\\schedules\\Lavril:absorb.000\"/1800 EastScarp_OrchardHouse 7 5 2/2040 EastScarp_OrchardHouse 2 4 2/2050 EastScarp_OrchardHouse 3 4 2/2100 EastScarp_OrchardHouse 3 4 2 lavril_sleep",
  "fall_27": "1030 EastScarp_Village 60 51 2/1200 EastScarp_VillageInn 44 19 3 \"Strings\\schedules\\Lavril:inn.000\"/2000 EastScarp_OrchardHouse 2 4 2/2050 EastScarp_OrchardHouse 3 4 2/2100 EastScarp_OrchardHouse 3 4 2 lavril_sleep",
  "9": "NOT Friendship Sam 6 Penny 6/GOTO spring",
  "23": "NOT Friendship Sam 6 Penny 6/GOTO spring",
  "Mon": "630 EastScarp_Village 60 51 2/740 EastScarp_Village 51 115 2/1200 EastScarp_Village 24 70 0/1330 Blacksmith 12 14 0/1840 EastScarp_OrchardHouse 7 5 2 lavril_read/2040 EastScarp_OrchardHouse 2 4 2/2050 EastScarp_OrchardHouse 3 4 2/2100 EastScarp_OrchardHouse 3 4 2 lavril_sleep",
  "Tue": "630 EastScarp_Village 60 51 2/730 Town 104 89 2/1000 ArchaeologyHouse 16 12 2 lavril_read \"Strings\\schedules\\Lavril:Lread.000\"/1400 Town 83 97 3/1620 Town 17 91 3/1750 AnimalShop 3 5 0",
  "Wed": "630 EastScarp_Village 60 51 2/730 Town 104 89 2/1000 ArchaeologyHouse 16 12 2 lavril_read \"Strings\\schedules\\Lavril:Lread.000\"/1400 Town 83 97 3/1640 EastScarp_Village 20 67 2/1800 EastScarp_OrchardHouse 7 5 2/1900 EastScarp_OrchardHouse 7 5 2 lavril_read/2040 EastScarp_OrchardHouse 2 4 2/2050 EastScarp_OrchardHouse 3 4 2/2100 EastScarp_OrchardHouse 3 4 2 lavril_sleep",
  "Thu": "GOTO spring",
  "Fri": "GOTO Wed",
  "Sat": "630 EastScarp_Village 60 51 2/800 Town 35 90 3/1200 Town 20 14 square_6_1/1620 EastScarp_Village 25 70 0/1840 EastScarp_OrchardHouse 7 5 2 lavril_read \"Strings\\schedules\\Lavril:Lread.000\"/2040 EastScarp_OrchardHouse 2 4 2/2050 EastScarp_OrchardHouse 3 4 2/2100 EastScarp_OrchardHouse 3 4 2 lavril_sleep",
  "Sun": "610 EastScarp_OrchardHouse 2 4 2/620 EastScarp_OrchardHouse 3 4 2 lavril_rest/830 EastScarp_OrchardHouse 1 22 1/950 EastScarp_OrchardHouse 6 22 2/1000 EastScarp_OrchardHouse 4 22 2 lavril_meditation \"Strings\\schedules\\Lavril:absorb.000\"/1100 EastScarp_Orchard 47 20 2/1210 EastScarp_Village 56 89 2/1600 EastScarp_OrchardHouse 4 22 2 lavril_meditation \"Strings\\schedules\\Lavril\"/1800 EastScarp_OrchardHouse 7 5 2/1900 EastScarp_OrchardHouse 7 5 2 lavril_read/2040 EastScarp_OrchardHouse 2 4 2/2050 EastScarp_OrchardHouse 3 4 2/2100 EastScarp_OrchardHouse 3 4 2 lavril_sleep",
  "spring": "610 EastScarp_OrchardHouse 2 4 2/620 EastScarp_OrchardHouse 3 4 2 lavril_rest/830 EastScarp_OrchardHouse 1 22 1/950 EastScarp_OrchardHouse 6 22 2/1000 EastScarp_OrchardHouse 4 22 2 lavril_meditation \"Strings\\schedules\\Lavril:absorb.000\"/1210 EastScarp_Orchard 47 20 2/1450 EastScarp_OrchardHouse 12 5 2 lavril_sit/1700 EastScarp_OrchardHouse 4 22 2 lavril_meditation \"Strings\\schedules\\Lavril:absorb.000\"/1800 EastScarp_OrchardHouse 7 5 2/1900 EastScarp_OrchardHouse 7 5 2 lavril_read/2040 EastScarp_OrchardHouse 2 4 2/2050 EastScarp_OrchardHouse 3 4 2/2100 EastScarp_OrchardHouse 3 4 2 lavril_sleep",
  "marriage_Wed": "700 Town 104 89 2/1000 ArchaeologyHouse 16 12 2 lavril_read \"Strings\\schedules\\Lavril:Lread.000\"/1400 Town 83 97 3/1640 BusStop -1 23 3",
  "marriage_Fri": "700 Town 104 89 2/1000 ArchaeologyHouse 16 12 2 lavril_read \"Strings\\schedules\\Lavril:Lread.000\"/1400 Town 83 97 3/1640 BusStop -1 23 3",
  "marriage_Sat": "920 Town 35 90 3/1200 Town 20 14 square_6_1/1620 BusStop -1 23 3"

}