{
  "rain": "0 FarmHouse 37 15 2 square_5_5/630 FarmHouse 37 15 2 square_3_3/2530 EastScarp_Orchard 46 19 2/2550 EastScarp_Orchard 38 10 0",
  "spring": "0 FarmHouse 37 15 2 square_5_5/630 FarmHouse 37 15 2 square_3_3/2530 EastScarp_Orchard 46 19 2/2550 EastScarp_Orchard 38 10 0",
  "Wed": "0 BusStop 2 22 2/610 BusStop 2 22 2 \"Strings\\schedules\\Void:Vread.000\"/710 Town 104 90 0/1000 ArchaeologyHouse 15 12 2 void_read \"Strings\\schedules\\Void:Vread.000\"/1400 Town 83 98 3/1640 BusStop 0 23 3/1650 BusStop -1 23 3",
  "Fri": "0 BusStop 2 22 2/610 BusStop 2 22 2 \"Strings\\schedules\\Void:Vread.000\"/710 Town 104 90 0/1000 ArchaeologyHouse 15 12 2 void_read \"Strings\\schedules\\Void:Vread.000\"/1400 Town 83 98 3/1640 BusStop 0 23 3/1650 BusStop -1 23 3",
  "Sat": "0 BusStop 2 9 2/610 BusStop 2 9 1 \"Strings\\schedules\\Void:Vplayground.000\"/900 BusStop 2 22 2 \"Strings\\schedules\\Void:Vplayground.000\"/920 Town 36 90 3/1200 Town 24 14 square_2_1/1640 BusStop 0 23 3/1650 BusStop -1 23 3"
}