{
  "rain": "610 EastScarp_Orchard 38 10 0",
  "fall_27": "1030 EastScarp_Village 59 52 3/1200 EastScarp_VillageInn 42 19 1 \"Strings\\schedules\\Void:inn.000\"/2000 EastScarp_Orchard 38 10 0",
  "9": "NOT Friendship Sam 6 Penny 6/GOTO spring",
  "23": "NOT Friendship Sam 6 Penny 6/GOTO spring",
  "Mon": "640 EastScarp_Village 59 52 3/740 EastScarp_Village 52 115 2/1200 EastScarp_Village 25 70 0/1330 Blacksmith 12 15 0/1840 EastScarp_Orchard 31 10 0",
  "Tue": "640 EastScarp_Village 59 52 3/730 Town 104 90 0/1000 ArchaeologyHouse 15 12 2 void_read \"Strings\\schedules\\Void:Vread.000\"/1400 Town 83 98 3/1620 Town 18 91 3/1750 AnimalShop 2 5 0",
  "Wed": "640 EastScarp_Village 59 52 3/730 Town 104 90 0/1000 ArchaeologyHouse 15 12 2 void_read \"Strings\\schedules\\Void:Vread.000\"/1400 Town 83 98 3/1640 EastScarp_Village 20 68 0/1800 EastScarp_Orchard 31 10 0",
  "Thu": "610 EastScarp_Orchard 38 10 0/1220 EastScarp_Orchard 46 20 2/1450 EastScarp_Orchard 46 19 2/1500 EastScarp_Orchard 38 10 0",
  "Fri": "640 EastScarp_Village 59 52 3/730 Town 104 90 0/1000 ArchaeologyHouse 15 12 2 void_read \"Strings\\schedules\\Void:Vread.000\"/1400 Town 83 98 3/1640 EastScarp_Village 20 68 0/1800 EastScarp_Orchard 31 10 0",
  "Sat": "640 EastScarp_Village 59 52 3/800 Town 36 90 3/1200 Town 24 14 square_2_1/1620 EastScarp_Village 24 70 0/1840 EastScarp_Orchard 31 10 0",
  "Sun": "610 EastScarp_Orchard 38 10 0/1100 EastScarp_Orchard 46 20 2/1210 EastScarp_Village 56 90 2/1600 EastScarp_Orchard 38 10 0",
  "spring": "610 EastScarp_Orchard 38 10 0/1220 EastScarp_Orchard 46 20 2/1450 EastScarp_Orchard 46 19 2/1500 EastScarp_Orchard 38 10 0"
}