{
  "Changes": [
    {
      "LogName": "Gudrun Schedule - Sat Sun Tue in town",
      "Action": "EditData",
      "Target": "Characters/schedules/MadDog.HashtagBearFam.Gudrun",
      "Entries": {
        //0 (up), 1 (right), 2 (down), and 3 (left)
        "rain": "0 MadDog.BearFam.Custom_BearLodge 35 7 2/600 MadDog.BearFam.Custom_BearLodge 35 7 2/610 MadDog.BearFam.Custom_BearLodge 36 7 2/930 MadDog.BearFam.Custom_BearLodge 23 27 2 Gudrun_homework/1100 EastScarp_Village 24 104 2 Gudrun_sitsarms/1900 MadDog.BearFam.Custom_BearLodge 23 27 2 Gudrun_laptop/2300 MadDog.BearFam.Custom_BearLodge 35 7 2 maddog.hashtagbearfam.gudrun_sleep",

        "GreenRain": "0 MadDog.BearFam.Custom_BearLodge 35 7 2/600 MadDog.BearFam.Custom_BearLodge 35 7 2/610 MadDog.BearFam.Custom_BearLodge 36 7 2/700 MadDog.BearFam.Custom_BearLodge 12 26 2 Gudrun_homework/1200 MadDog.BearFam.Custom_BearLodge 12 26 2 Gudrun_homework \"Strings\\schedules\\MadDog.HashtagBearFam.Gudrun:GudrunGreenRain.000\"/1300 MadDog.BearFam.Custom_BearLodge 12 26 2 Gudrun_homework/2200 MadDog.BearFam.Custom_BearLodge 35 7 2 maddog.hashtagbearfam.gudrun_sleep",

        "DesertFestival_3": "0 MadDog.BearFam.Custom_BearLodge 35 7 2/600 MadDog.BearFam.Custom_BearLodge 35 7 2/610 MadDog.BearFam.Custom_BearLodge 36 7 2/620 Desert 18 52 3 \"Strings\\schedules\\MadDog.HashtagBearFam.Gudrun:GudrunDesertFestival.000\"/2100 bed",
        //spring
        "spring": "0 MadDog.BearFam.Custom_BearLodge 35 7 2/600 MadDog.BearFam.Custom_BearLodge 35 7 2/610 MadDog.BearFam.Custom_BearLodge 36 7 2/800 MadDog.BearFam.Custom_BearLodge 30 25 0 Gudrun_dishes/900 Mountain 60 19 2 Gudrun_homework/1400 EastScarp_Village 41 16 2 Gudrun_sitarms/2000 MadDog.BearFam.Custom_BearLodge 23 27 2 Gudrun_laptop/2300 MadDog.BearFam.Custom_BearLodge 35 7 2 maddog.hashtagbearfam.gudrun_sleep",

        "Sun": "0 Mountain 57 20 2/600 Mountain 57 20 2/610 Mountain 46 31 2 Gudrun_laptop/1000 Mountain 44 19 2 Gudrun_picktrash/1100 Mountain 44 19 2 Gudrun_picktrash \"Strings\\schedules\\MadDog.HashtagBearFam.Gudrun:GudrunPickTrashMountain.000\"/1200 Mountain 44 19 2 Gudrun_picktrash/1400 Town 75 45 1/1900 MadDog.BearFam.Custom_BearLodge 30 25 0/1910 MadDog.BearFam.Custom_BearLodge 30 25 0 Gudrun_dishes/2100 MadDog.BearFam.Custom_BearLodge 17 27 2 Gudrun_homework/2300 MadDog.BearFam.Custom_BearLodge 35 7 2 maddog.hashtagbearfam.gudrun_sleep", //d

        "Mon": "0 MadDog.BearFam.Custom_BearLodge 35 7 2/600 MadDog.BearFam.Custom_BearLodge 35 7 2/610 MadDog.BearFam.Custom_BearLodge 36 7 2/800 MadDog.BearFam.Custom_BearLodge 30 25 0 Gudrun_dishes/930 MadDog.BearFam.Custom_BearLodge 23 27 2 Gudrun_laptop/1100 EastScarp_Village 63 25 2/1110 EastScarp_Village 62 25 2 Gudrun_homework/1330 EastScarp_Village 64 25 2/1340 EastScarp_Village 65 25 2 Gudrun_laptop/2030 MadDog.BearFam.Custom_BearLodge 9 31 2 Gudrun_phonephoto/2300 MadDog.BearFam.Custom_BearLodge 35 7 2 maddog.hashtagbearfam.gudrun_sleep", //d

        "Tue": "0 Town 109 71 2/600 Town 109 71 2/610 Town 109 71 Gudrun_phoneuse/730 {{GudrunScheduleSVE1}}/810 {{GudrunScheduleSVE1}} Gudrun_laptopstand/1000 {{GudrunScheduleSVE1}} Gudrun_laptopstand \"Strings\\schedules\\MadDog.HashtagBearFam.Gudrun:GudrunClassroomTime.000\"/1100 {{GudrunScheduleSVE1}} Gudrun_laptopstand/1400 Town 98 87 2/1410 Town 98 87 2 Gudrun_homework/1900 MadDog.BearFam.Custom_BearLodge 30 25 0/1910 MadDog.BearFam.Custom_BearLodge 30 25 0 Gudrun_dishes/2100 MadDog.BearFam.Custom_BearLodge 17 27 2 Gudrun_homework/2300 MadDog.BearFam.Custom_BearLodge 35 7 2 maddog.hashtagbearfam.gudrun_sleep", //Town

        //"Tue": "0 Town 109 71 2/600 Town 109 71 2/610 Town 109 70 Gudrun_phoneuse/730 ArchaeologyHouse 14 16 2/810 ArchaeologyHouse 14 16 2 Gudrun_laptopstand/1000 ArchaeologyHouse 14 16 2 Gudrun_laptopstand \"Strings\\schedules\\MadDog.HashtagBearFam.Gudrun:GudrunClassroomTime.000\"/1100 ArchaeologyHouse 14 16 2 Gudrun_laptopstand/1400 Town 98 87 2/1410 Town 98 87 2 Gudrun_homework/1900 MadDog.BearFam.Custom_BearLodge 30 25 0/1910 MadDog.BearFam.Custom_BearLodge 30 25 0 Gudrun_dishes/2100 MadDog.BearFam.Custom_BearLodge 17 27 2 Gudrun_homework/2300 MadDog.BearFam.Custom_BearLodge 35 7 2 maddog.hashtagbearfam.gudrun_sleep", //Town

        "Wed": "0 MadDog.BearFam.Custom_BearLodge 35 7 2/600 MadDog.BearFam.Custom_BearLodge 35 7 2/610 MadDog.BearFam.Custom_BearLodge 36 7 2/800 MadDog.BearFam.Custom_BearLodge 30 25 0 Gudrun_dishes/930 MadDog.BearFam.Custom_BearLodge 23 27 2 Gudrun_laptop/1100 MadDog.BearFam.Custom_BearLodge 23 27 2 Gudrun_homework/1400 EastScarp_Village 13 105 2/1410 EastScarp_Village 13 105 2 Gudrun_sitarms/2100 MadDog.BearFam.Custom_BearLodge 17 27 2 Gudrun_homework/2300 MadDog.BearFam.Custom_BearLodge 35 7 2 maddog.hashtagbearfam.gudrun_sleep",

        "Thu": "0 MadDog.BearFam.Custom_BearLodge 35 7 2/600 MadDog.BearFam.Custom_BearLodge 35 7 2/610 MadDog.BearFam.Custom_BearLodge 36 7 2/800 MadDog.BearFam.Custom_BearLodge 30 25 0 Gudrun_dishes/930 MadDog.BearFam.Custom_BearLodge 23 27 2 Gudrun_laptop/1100 MadDog.BearFam.Custom_BearLodge 23 27 2 Gudrun_homework/1400 EastScarp_Village 65 31 2/1410 EastScarp_Village 65 31 2 Gudrun_groundsitbridge/2100 MadDog.BearFam.Custom_BearLodge 17 27 2 Gudrun_homework/2300 MadDog.BearFam.Custom_BearLodge 35 7 2 maddog.hashtagbearfam.gudrun_sleep",

        "Fri": "0 MadDog.BearFam.Custom_BearFamLoadingZone 3 5 2/1600 EastScarp_VillageInn 25 27 2/1610 EastScarp_VillageInn 25 27 2 Gudrun_chairsit/2300 MadDog.BearFam.Custom_BearLodge 35 7 2 maddog.hashtagbearfam.gudrun_sleep",

        "Sat": "0 Town 109 71 2/600 Town 109 71 2/610 Beach 27 34 2/630 Beach 27 34 2 Gudrun_laptop/1000 Beach 27 24 3/1010 Beach 24 24 3 Gudrun_phonesit/1130 Beach 24 24 3 Gudrun_phonesit \"Strings\\schedules\\MadDog.HashtagBearFam.Gudrun:GudrunShallowsPhotography.000\"/1230 Beach 24 24 3 Gudrun_phonesit/1500 Beach 13 6 2/1510 Beach 13 6 2 Gudrun_phoneuse/2000 MadDog.BearFam.Custom_BearLodge 17 27 2 Gudrun_homework/2300 MadDog.BearFam.Custom_BearLodge 35 7 2 maddog.hashtagbearfam.gudrun_sleep", //Beach

        //summer
        //During Summer Gudrun has no classes - Sat Sun Tue Weds in town
        "summer_Sun": "GOTO Sun",

        "summer_Mon": "0 MadDog.BearFam.Custom_BearLodge 35 7 2/600 MadDog.BearFam.Custom_BearLodge 35 7 2/610 MadDog.BearFam.Custom_BearLodge 36 7 2/800 MadDog.BearFam.Custom_BearLodge 30 25 0 Gudrun_dishes/930 MadDog.BearFam.Custom_BearLodge 23 27 2 Gudrun_laptop/1030 EastScarp_Village 63 25 2/1040 EastScarp_Village 62 25 2 EastScarp_Village 62 25 2 Gudrun_homework/1230 EastScarp_Village 64 25 2/1240 EastScarp_Village 65 25 2 Gudrun_laptop/1500 EastScarp_Village 87 107 2/1510 EastScarp_Village 87 107 2 Gudrun_sitarmsdown/2200 MadDog.BearFam.Custom_BearLodge 17 27 2 Gudrun_homework/2500 MadDog.BearFam.Custom_BearLodge 35 7 2 maddog.hashtagbearfam.gudrun_sleep",

        "summer_Tue": "0 Town 109 71 2/600 Town 109 71 2/610 Town 109 71 Gudrun_phoneuse/800 {{GudrunScheduleSVE1}}/810 {{GudrunScheduleSVE1}} Gudrun_laptopstand/1230 Town 98 87 2/1240 Town 98 87 2 Gudrun_homework/1600 Town 77 83 3/1900 MadDog.BearFam.Custom_BearLodge 30 25 0/1910 MadDog.BearFam.Custom_BearLodge 30 25 0 Gudrun_dishes/2100 MadDog.BearFam.Custom_BearLodge 17 27 2 Gudrun_homework/2500 MadDog.BearFam.Custom_BearLodge 35 7 2 maddog.hashtagbearfam.gudrun_sleep", //

        "summer_Wed": "0 Town 109 71 2/600 Town 109 71 2/610 Town 109 71 Gudrun_phoneuse/700 Beach 18 19 2 Gudrun_groundsit/1200 Beach 56 21 1 Gudrun_phonesit/1400 Beach 5 7 2 Gudrun_phoneuse/1730 EastScarp_Village 51 128 2 Gudrun_sitarmsdown/2000 MadDog.BearFam.Custom_BearLodge 23 27 2 Gudrun_laptop/2300 MadDog.BearFam.Custom_BearLodge 35 7 2 maddog.hashtagbearfam.gudrun_sleep", //

        "summer_Thu": "GOTO Sat",

        "summer_Fri": "GOTO Fri",

        "summer_Sat": "GOTO Sat",

        "winter_Sat": "GOTO Tue",


        //and also

        "spring_19": "0 MadDog.BearFam.Custom_BearLodge 35 7 2/600 MadDog.BearFam.Custom_BearLodge 35 7 2/610 MadDog.BearFam.Custom_BearLodge 36 7 2/800 MadDog.BearFam.Custom_BearLodge 23 27 2 Gudrun_laptop/1100 EastScarp_Village 65 31 2/1110 EastScarp_Village 65 31 2 Gudrun_groundsitbridge/1600 EastScarp_VillageInn 29 8 2/1610 EastScarp_VillageInn 29 8 2 Gudrun_chairsit/2300 MadDog.BearFam.Custom_BearLodge 35 7 2 maddog.hashtagbearfam.gudrun_sleep",

        "fall_19": "GOTO spring_19",

        "fall_27": "0 MadDog.BearFam.Custom_BearLodge 35 7 2/600 MadDog.BearFam.Custom_BearLodge 35 7 2/610 MadDog.BearFam.Custom_BearLodge 36 7 2/800 MadDog.BearFam.Custom_BearLodge 23 27 2 Gudrun_homework/930 EastScarp_Village 41 16 2 Gudrun_sitarms/1200 EastScarp_VillageInn 33 29 2 \"Strings\\schedules\\MadDog.HashtagBearFam.Gudrun:GudrunSpiritsEveInnA.000\"/1400 EastScarp_VillageInn 33 29 2/1600 EastScarp_VillageInn 33 29 2 \"Strings\\schedules\\MadDog.HashtagBearFam.Gudrun:GudrunSpiritsEveInnB.000\"/1800 EastScarp_VillageInn 33 29 2/2000 MadDog.BearFam.Custom_BearLodge 36 8 2",

        "winter_16": "0 MadDog.BearFam.Custom_BearLodge 35 7 2/600 MadDog.BearFam.Custom_BearLodge 35 7 2/610 MadDog.BearFam.Custom_BearLodge 36 7 2/630 MadDog.BearFam.Custom_BearLodge 21 28 0 Gudrun_awaycamerasit/1000 EastScarp_Village 41 16 2 Gudrun_sitarms/1400 Beach 18 19 2/1500 Beach 18 19 2 Gudrun_phonephoto/2200 MadDog.BearFam.Custom_BearLodge 35 7 2 maddog.hashtagbearfam.gudrun_sleep"
      },
      "When": {
        "HasFlag": "BearFamExtraMembers",
        "HasConversationTopic |contains=GudrunRunAway": false
      }
    },

    //event changes
    {
      "LogName": "Gudrun Schedule - Runaway",
      "Action": "EditData",
      "Target": "Characters/schedules/MadDog.HashtagBearFam.Gudrun",
      "Entries": {
        "spring": "0 Mountain 60 19 2/600 Mountain 60 19 2/610 Mountain 60 19 2 Gudrun_homework \"Strings\\schedules\\MadDog.HashtagBearFam.Gudrun:GudrunRunawayCommentA.000\"/900 Mountain 90 26 2 Gudrun_homework \"Strings\\schedules\\MadDog.HashtagBearFam.Gudrun:GudrunRunawayCommentB.000\"/1300 Mountain 90 26 2 Gudrun_homework \"Strings\\schedules\\MadDog.HashtagBearFam.Gudrun:GudrunRunawayCommentC.000\"/1600 Mountain 90 26 2 Gudrun_homework \"Strings\\schedules\\MadDog.HashtagBearFam.Gudrun:GudrunRunawayCommentD.000\"/2000 HaleyHouse 21 17 2/2010 HaleyHouse 21 17 2 Gudrun_chairsit \"Strings\\schedules\\MadDog.HashtagBearFam.Gudrun:GudrunRunawayCommentE.000\"",
        "rain": "GOTO spring",
        "GreenRain": "GOTO spring",
        "DesertFestival_3": "GOTO spring",
        "Sun": "GOTO spring",
        "Mon": "GOTO spring",
        "Tue": "GOTO spring",
        "Wed": "GOTO spring",
        "Thu": "GOTO spring",
        "Fri": "GOTO spring",
        "Sat": "GOTO spring",
        "summer_Sun": "GOTO spring",
        "summer_Tue": "GOTO spring",
        "summer_Wed": "GOTO spring",
        "summer_Thu": "GOTO spring",
        "summer_Fri": "GOTO spring",
        "summer_Sat": "GOTO spring",
        "spring_19": "GOTO spring",
        "fall_19": "GOTO spring",
        "fall_27": "GOTO spring",
        "winter_15": "GOTO spring",
        "winter_16": "GOTO spring",
        "winter_17": "GOTO spring"
      },
      "When": {
        "HasFlag": "BearFamExtraMembers",
        "HasConversationTopic |contains=GudrunRunAway": true,
        "HasSeenEvent |contains=MadDog.BearFam.16194006": true
      }
    },

    //fire sat
    {
      "LogName": "Gudrun Schedule Sat",
      "Action": "EditData",
      "Target": "Characters/schedules/MadDog.HashtagBearFam.Gudrun",
      "Entries": {
        "Sat": "0 MadDog.BearFam.Custom_BearLodge 35 7 2/600 MadDog.BearFam.Custom_BearLodge 35 7 2/610 MadDog.BearFam.Custom_BearLodge 36 7 2/730 MadDog.BearFam.Custom_BearLodge 23 27 2 Gudrun_laptop/900 EastScarp_Village 63 25 2/910 EastScarp_Village 62 25 2 Gudrun_laptop/1300 EastScarp_Village 64 25 2/1310 EastScarp_Village 65 25 2 Gudrun_homework/1600 EastScarp_Village 39 110 0 Gudrun_awaycamerasway/2100 MadDog.BearFam.Custom_BearLodge 23 27 2/2300 MadDog.BearFam.Custom_BearLodge 35 7 2 maddog.hashtagbearfam.gudrun_sleep",

        "winter_13": "0 Town 109 71 2/600 Town 109 71 2/610 Town 109 71 Gudrun_phoneuse/730 {{GudrunScheduleSVE1}}/810 {{GudrunScheduleSVE1}} Gudrun_laptopstand/1000 {{GudrunScheduleSVE1}} Gudrun_laptopstand \"Strings\\schedules\\MadDog.HashtagBearFam.Gudrun:GudrunClassroomTime.000\"/1100 {{GudrunScheduleSVE1}} Gudrun_laptopstand/1400 Town 98 87 2/1410 Town 98 87 2 Gudrun_homework/1900 MadDog.BearFam.Custom_BearLodge 30 25 0/1910 MadDog.BearFam.Custom_BearLodge 30 25 0 Gudrun_dishes/2100 MadDog.BearFam.Custom_BearLodge 17 27 2 Gudrun_homework/2300 MadDog.BearFam.Custom_BearLodge 35 7 2 maddog.hashtagbearfam.gudrun_sleep" //Town
      },
      "When": {
        "HasFlag": "BearFamExtraMembers",
        "HasMod |contains=TenebrousNova.EliDylan.CP": true,
        "HasConversationTopic |contains=GudrunRunAway": false,
        "Weather": "Sun, Wind, Snow"
      }
    },

    //PITV on Sat
    {
      "LogName": "Gudrun Schedule PITV",
      "Action": "EditData",
      "Target": "Characters/schedules/MadDog.HashtagBearFam.Gudrun",
      "Entries": {
        "sapphicsaph_pitv.PrideFestival_2": "0 MadDog.BearFam.Custom_BearLodge 35 7 2/600 MadDog.BearFam.Custom_BearLodge 35 7 2/610 MadDog.BearFam.Custom_BearLodge 36 7 2/800 CommunityCenter 55 13 0/1200 CommunityCenter 55 13 0/1400 CommunityCenter 55 13 0 \"Strings\\schedules\\MadDog.HashtagBearFam.Gudrun:GudrunPITV.000\"/1500 CommunityCenter 55 13 0 /1800 MadDog.BearFam.Custom_BearLodge 10 32 3/2300 MadDog.BearFam.Custom_BearLodge 35 7 2 maddog.hashtagbearfam.gudrun_sleep"
      },
      "When": {
        "HasFlag": "BearFamExtraMembers",
        "HasMod |contains=sapphicsaph_pitv": true,
        "HasConversationTopic |contains=GudrunRunAway": false
      }
    },

    //DTZ
    {
      "LogName": "Sondra and Gudrun Girls' Day with DTZ on Monday the 22nd",
      "Action": "EditData",
      "Target": "Characters/schedules/MadDog.HashtagBearFam.Gudrun",
      "Entries": {
        "spring_22": "0 Custom_DTZ_ZuzuCityCrossroads1 24 34 2/600 Custom_DTZ_ZuzuCityCrossroads1 24 34 2/610 Custom_DTZ_ZuzuCityCrossroads1 24 34 2/900 Custom_DTZ_CrossEast 33 24 1/1000 Custom_DTZ_CrossEast 33 24 1 \"Strings\\schedules\\MadDog.HashtagBearFam.Gudrun:GudrunDTZA.000\"/1200 Custom_DTZ_Mall 11 8 2/1230 Custom_DTZ_Mall 11 8 2 \"Strings\\schedules\\MadDog.HashtagBearFam.Gudrun:GudrunDTZMall.000\"/1400 Custom_DTZ_Bakery 6 14 3/1630 Custom_DTZ_Bakery 6 14 3 \"Strings\\schedules\\MadDog.HashtagBearFam.Gudrun:GudrunDTZB.000\"/2400 MadDog.BearFam.Custom_BearLodge 35 7 2 maddog.hashtagbearfam.gudrun_sleep",
        "summer_22": "GOTO spring_22",
        "fall_22": "GOTO spring_22",
        "winter_22": "GOTO spring_22"
      },
      "When": {
        "HasFlag": "BearFamExtraMembers",
        "HasMod |contains=DTZ.DowntownZuzuCP": true,
        "HasConversationTopic |contains=GudrunRunAway": false
      }
    },

    //aquarium day
    {
      "LogName": "Gudrun Schedule Aquarium",
      "Action": "EditData",
      "Target": "Characters/schedules/MadDog.HashtagBearFam.Gudrun",
      "Entries": {
        "spring_17": "0 Gervig91.StardewAquariumCP_FishMuseum 45 21 0/610 Gervig91.StardewAquariumCP_FishMuseum 45 21 0/1800 MadDog.BearFam.Custom_BearLodge 7 31 2/2400 MadDog.BearFam.Custom_BearLodge 35 7 2 maddog.hashtagbearfam.gudrun_sleep",

        "summer_17": "GOTO spring_17",

        "fall_17": "GOTO spring_17",

        "winter_17": "GOTO spring_17"
      },
      "When": {
        "HasFlag": "BearFamExtraMembers",
        "HasMod |contains=Gervig91.StardewAquariumCP": true,
        "HasConversationTopic |contains=GudrunRunAway": false
      }
    }

  ]
 }