{
  "Changes": [
    {
      "LogName": "Gun Schedule",
      "Action": "EditData",
      "Target": "Characters/schedules/MadDog.HashtagBearFam.Gunnar",
      "Entries": {
        //0 (up), 1 (right), 2 (down), and 3 (left)
        "rain": "0 MadDog.BearFam.Custom_BearLodge 53 7 2/600 MadDog.BearFam.Custom_BearLodge 53 7 2/610 MadDog.BearFam.Custom_BearLodge 47 8 0/1000 EastScarp_Village 52 18 2 Gun_sworddrawn/1010 EastScarp_Village 52 18 2 Gun_sworddrawn \"Strings\\schedules\\MadDog.HashtagBearFam.Gunnar:GunnarPractice.000\"/1110 EastScarp_Village 52 18 2 Gun_sworddrawn/1500 EastScarp_Village 52 18 2 Gun_sworddrawn \"Strings\\schedules\\MadDog.HashtagBearFam.Gunnar:GunnarPracticeB.000\"/1600 EastScarp_Village 52 18 2 Gun_sworddrawn/2000 EastScarp_Village 40 10 2/2010 EastScarp_Village 40 10 2 Gun_downarmssit/2200 MadDog.BearFam.Custom_BearLodge 4 32 1/100 MadDog.BearFam.Custom_BearLodge 53 7 2 maddog.hashtagbearfam.gunnar_sleep",

        "GreenRain": "0 MadDog.BearFam.Custom_BearLodge 53 7 2/600 MadDog.BearFam.Custom_BearLodge 53 7 2/610 MadDog.BearFam.Custom_BearLodge 47 8 0/700 MadDog.BearFam.Custom_BearLodge 10 32 3/1200 MadDog.BearFam.Custom_BearLodge 10 32 3 \"Strings\\schedules\\MadDog.HashtagBearFam.Gunnar:GunnarGreenRain.000\"/1500 MadDog.BearFam.Custom_BearLodge 10 32 3/100 MadDog.BearFam.Custom_BearLodge 53 7 2 maddog.hashtagbearfam.gunnar_sleep",

        "DesertFestival_2": "0 MadDog.BearFam.Custom_BearLodge 53 7 2/600 MadDog.BearFam.Custom_BearLodge 53 7 2/610 MadDog.BearFam.Custom_BearLodge 47 8 0/620 Desert 43 56 2 Gun_downarmssit \"Strings\\schedules\\MadDog.HashtagBearFam.Gunnar:GunnarDesertFestival.000\"/2200 bed",
        //spring
        "spring": "0 MadDog.BearFam.Custom_BearLodge 53 7 2/600 MadDog.BearFam.Custom_BearLodge 53 7 2/610 MadDog.BearFam.Custom_BearLodge 47 8 0/630 MadDog.BearFam.Custom_BearLodge_Cliff 6 14 2 Gun_potion/800 MadDog.BearFam.Custom_BearLodge_Cliff 6 14 2 Gun_potion \"Strings\\schedules\\MadDog.HashtagBearFam.Gunnar:GunnarPotion.000\"/900 MadDog.BearFam.Custom_BearLodge_Cliff 6 14 2 Gun_potion/1200 MadDog.BearFam.Custom_BearLodge_Cliff 6 14 2 Gun_potion \"Strings\\schedules\\MadDog.HashtagBearFam.Gunnar:GunnarPotionB.000\"/1300 MadDog.BearFam.Custom_BearLodge_Cliff 6 14 2 Gun_potiontest/1400 MadDog.BearFam.Custom_BearLodge_Cliff 6 14 2 Gun_potionbad \"Strings\\schedules\\MadDog.HashtagBearFam.Gunnar:GunnarBadTest.000\"/1530 MadDog.BearFam.Custom_BearLodge_Cliff 6 14 2 Gun_potionbad/1600 MadDog.BearFam.Custom_BearLodge_Cliff 6 14 2 Gun_text/1700 MadDog.BearFam.Custom_BearLodge_Cliff 6 14 2 Gun_text \"Strings\\schedules\\MadDog.HashtagBearFam.Gunnar:GunnarMakingNotes.000\"/1800 MadDog.BearFam.Custom_BearLodge_Cliff 6 14 2 Gun_text/2000 EastScarp_Village 40 10 2/2010 EastScarp_Village 40 10 2 Gun_downarmssit/2200 MadDog.BearFam.Custom_BearLodge 4 32 1/100 MadDog.BearFam.Custom_BearLodge 53 7 2 maddog.hashtagbearfam.gunnar_sleep",

        "Mon": "0 Mountain 87 24 2/600 Mountain 87 24 2/610 Mine 22 11 2/630 Mine 22 11 2 Gun_text \"Strings\\schedules\\MadDog.HashtagBearFam.Gunnar:GunnarMines.000\"/800 Mine 22 11 2 Gun_text/1300 AdventureGuild 3 18 2/1310 AdventureGuild 3 18 2 Gun_potion/1600 AdventureGuild 3 18 2 Gun_swordnap/1800 EastScarp_Village 40 10 2/1810 EastScarp_Village 40 10 2 Gun_downarmssit/2200 MadDog.BearFam.Custom_BearLodge 4 32 1/100 MadDog.BearFam.Custom_BearLodge 53 7 2 maddog.hashtagbearfam.gunnar_sleep",

        "Tue": "0 Mountain 87 24 2/600 Mountain 87 24 2/610 Mine 22 11 2/630 Mine 22 11 2 Gun_swordnap/1000 Mine 22 11 2 Gun_text/{{GunnarScheduleSVE1}}/1400 AdventureGuild 3 18 2 Gun_potion \"Strings\\schedules\\MadDog.HashtagBearFam.Gunnar:GunnarGuild.000\"/1800 EastScarp_VillageInn 46 17 1/1810 EastScarp_VillageInn 46 17 1 Gun_text/2200 MadDog.BearFam.Custom_BearLodge 4 32 1/100 MadDog.BearFam.Custom_BearLodge 53 7 2 maddog.hashtagbearfam.gunnar_sleep",

        "Wed": "0 Town 72 36 2/600 Town 72 36 2/610 Blacksmith 12 12 2/700 Blacksmith 12 12 2 Gun_text/1000 Blacksmith 12 12 2 Gun_stretch \"Strings\\schedules\\MadDog.HashtagBearFam.Gunnar:GunnarSmith.000\"/1100 Blacksmith 12 12 2/1300 ArchaeologyHouse 10 13 3/1310 ArchaeologyHouse 10 13 3 Gun_shelve/1410 ArchaeologyHouse 10 13 3 Gun_shelve \"Strings\\schedules\\MadDog.HashtagBearFam.Gunnar:GunnarLibrary.000\"/1500 ArchaeologyHouse 10 13 3 Gun_shelve/1900 EastScarp_VillageInn 46 17 1/1910 EastScarp_VillageInn 46 17 1 Gun_text/2200 MadDog.BearFam.Custom_BearLodge 4 32 1/100 MadDog.BearFam.Custom_BearLodge 53 7 2 maddog.hashtagbearfam.gunnar_sleep", //clint and museum //1900

        "Thu": "0 Town 72 36 2/600 Town 72 36 2/610 Blacksmith 12 12 2/700 Blacksmith 12 12 2 Gun_text/1000 Blacksmith 12 12 2 Gun_stretch \"Strings\\schedules\\MadDog.HashtagBearFam.Gunnar:GunnarSmithB.000\"/1100 Blacksmith 12 12 2/1300 Saloon 44 22 2/1310 Saloon 44 22 2 Gun_beersit/1400 Saloon 44 22 2 Gun_beersit \"Strings\\schedules\\MadDog.HashtagBearFam.Gunnar:GunnarSaloon.000\"/1500 Saloon 44 22 2 Gun_beersit/1900 EastScarp_Village 40 10 2/1910 EastScarp_Village 40 10 2 Gun_downarmssit/2200 MadDog.BearFam.Custom_BearLodge 4 32 1/100 MadDog.BearFam.Custom_BearLodge 53 7 2 maddog.hashtagbearfam.gunnar_sleep", //clint and saloon

        "Fri": "0 MadDog.BearFam.Custom_BearFamLoadingZone 2 5 2/1600 EastScarp_VillageInn 27 8 2/1610 EastScarp_VillageInn 27 8 2 Gun_text/2300 MadDog.BearFam.Custom_BearLodge 53 7 2 maddog.hashtagbearfam.gunnar_sleep",

        "Sat": "0 MadDog.BearFam.Custom_BearLodge 53 7 2/600 MadDog.BearFam.Custom_BearLodge 53 7 2/610 MadDog.BearFam.Custom_BearLodge 47 8 0/1000 EastScarp_Village 52 18 2 Gun_sworddrawn/1010 EastScarp_Village 52 18 2 Gun_sworddrawn \"Strings\\schedules\\MadDog.HashtagBearFam.Gunnar:GunnarPractice.000\"/1110 EastScarp_Village 52 18 2 Gun_sworddrawn/1500 EastScarp_Village 52 18 2 Gun_sworddrawn \"Strings\\schedules\\MadDog.HashtagBearFam.Gunnar:GunnarPracticeB.000\"/1600 EastScarp_Village 52 18 2 Gun_sworddrawn/2000 EastScarp_Village 40 10 2/2010 EastScarp_Village 40 10 2 Gun_downarmssit/2200 MadDog.BearFam.Custom_BearLodge 4 32 1/100 MadDog.BearFam.Custom_BearLodge 53 7 2 maddog.hashtagbearfam.gunnar_sleep",



        //and also
        "spring_19": "0 MadDog.BearFam.Custom_BearLodge 53 7 2/600 MadDog.BearFam.Custom_BearLodge 53 7 2/610 MadDog.BearFam.Custom_BearLodge 47 8 0/1000 EastScarp_Village 52 18 2 Gun_sworddrawn/1010 EastScarp_Village 52 18 2 Gun_sworddrawn \"Strings\\schedules\\MadDog.HashtagBearFam.Gunnar:GunnarPractice.000\"/1110 EastScarp_Village 52 18 2 Gun_sworddrawn/1500 EastScarp_Village 52 18 2 Gun_sworddrawn \"Strings\\schedules\\MadDog.HashtagBearFam.Gunnar:GunnarPracticeB.000\"/1600 EastScarp_VillageInn 27 8 2/1610 EastScarp_VillageInn 27 8 2 Gun_text/2300 MadDog.BearFam.Custom_BearLodge 53 7 2 maddog.hashtagbearfam.gunnar_sleep",

        "fall_19": "GOTO spring_19",

        "fall_27": "0 MadDog.BearFam.Custom_BearLodge 53 7 2/600 MadDog.BearFam.Custom_BearLodge 53 7 2/610 MadDog.BearFam.Custom_BearLodge 47 8 0/800 EastScarp_Village 52 18 2 Gun_sworddrawn/810 EastScarp_Village 52 18 2 Gun_sworddrawn \"Strings\\schedules\\MadDog.HashtagBearFam.Gunnar:GunnarPracticeC.000\"/1010 EastScarp_Village 52 18 2 Gun_sworddrawn/1200 EastScarp_VillageInn 31 27 2 \"Strings\\schedules\\MadDog.HashtagBearFam.Gunnar:GunnarSpiritsEveInnA.000\"/1400 EastScarp_VillageInn 31 27 2/1600 EastScarp_VillageInn 31 27 2 \"Strings\\schedules\\MadDog.HashtagBearFam.Gunnar:GunnarSpiritsEveInnB.000\"/1800 EastScarp_VillageInn 31 27 2/2000 MadDog.BearFam.Custom_BearLodge 52 8 2",


        "winter_16": "0 MadDog.BearFam.Custom_BearLodge 53 7 2/600 MadDog.BearFam.Custom_BearLodge 53 7 2/610 MadDog.BearFam.Custom_BearLodge 52 8 2/630 MadDog.BearFam.Custom_BearLodge 47 9 2 Gun_potion/1000 EastScarp_Village 40 16 2 Gun_nodrinksit/1400 Beach 39 20 2/1430 Beach 18 19 2 Gun_stretch/1600 Beach 39 20 2 Gun_headtilt/2200 MadDog.BearFam.Custom_BearLodge 53 7 2 maddog.hashtagbearfam.gunnar_sleep",

        "marriage_Mon": "610 Mine 22 11 2/630 Mine 22 11 2 Gun_text \"Strings\\schedules\\MadDog.HashtagBearFam.Gunnar:GunnarMines.000\"/800 Mine 22 11 2 Gun_text/1300 AdventureGuild 3 18 2/1310 AdventureGuild 3 18 2 Gun_potion/1600 AdventureGuild 3 18 2 Gun_swordnap/1700 bed",
        "marriage_Wed": "610 Blacksmith 12 12 2/700 Blacksmith 12 12 2 Gun_text/1000 Blacksmith 12 12 2 Gun_stretch \"Strings\\schedules\\MadDog.HashtagBearFam.Gunnar:GunnarSmith.000\"/1100 Blacksmith 12 12 2/1300 ArchaeologyHouse 10 13 3/1310 ArchaeologyHouse 10 13 3 Gun_shelve/1410 ArchaeologyHouse 10 13 3 Gun_shelve \"Strings\\schedules\\MadDog.HashtagBearFam.Gunnar:GunnarLibrary.000\"/1500 ArchaeologyHouse 10 13 3 Gun_shelve/1700 bed",
        "marriage_DesertFestival_2": "800 Desert 43 56 2 Gun_downarmssit \"Strings\\schedules\\MadDog.HashtagBearFam.Gunnar:MarriedGunnarDesertFestival.000\"/2440 bed"

      },
      "When": {
        "HasFlag": "BearFamExtraMembers",
        "HasConversationTopic |contains=GunnarMissing": false,
        "HasConversationTopic |contains=GunnartheLost": false
      }
    },

    //event changes
    {
      "LogName": "Gun Missing",
      "Action": "EditData",
      "Target": "Characters/schedules/MadDog.HashtagBearFam.Gunnar",
      "Entries": {
        "spring": "0 MadDog.BearFam.Custom_BearFamLoadingZone 2 5 2/1200 MadDog.BearFam.Custom_BearFamLoadingZone 2 4 2/1800 MadDog.BearFam.Custom_BearFamLoadingZone 2 5 2",
        "rain": "GOTO spring",
        "GreenRain": "GOTO spring",
        "DesertFestival_2": "GOTO spring",
        "Mon": "GOTO spring",
        "Tue": "GOTO spring",
        "Wed": "GOTO spring",
        "Thu": "GOTO spring",
        "Fri": "GOTO spring",
        "Sat": "GOTO spring",
        "spring_19": "GOTO spring",
        "fall_19": "GOTO spring",
        "fall_27": "GOTO spring",
        "winter_15": "GOTO spring",
        "winter_16": "GOTO spring",
        "winter_17": "GOTO spring"
      },
      "When": {
        "HasFlag": "BearFamExtraMembers",
        "HasConversationTopic |contains=GunnarMissing": true,
        "HasSeenEvent |contains=MadDog.BearFam.16193005": false,
        "HasConversationTopic |contains=GunnartheLost": false
      }
    },

    {
      "LogName": "Gun Housebound",
      "Action": "EditData",
      "Target": "Characters/schedules/MadDog.HashtagBearFam.Gunnar",
      "Entries": {
        "spring": "0 MadDog.BearFam.Custom_BearLodge 53 7 2/600 MadDog.BearFam.Custom_BearLodge 53 7 2/610 MadDog.BearFam.Custom_BearLodge 47 8 0/1000 MadDog.BearFam.Custom_BearLodge_Cliff 6 14 2 Gun_potion/1010 MadDog.BearFam.Custom_BearLodge_Cliff 6 14 2 Gun_potion \"Strings\\schedules\\MadDog.HashtagBearFam.Gunnar:GunnarRecoveryA.000\"/1110 MadDog.BearFam.Custom_BearLodge_Cliff 6 14 2 Gun_potion/1500 EastScarp_Village 40 10 2/1510 EastScarp_Village 40 10 2 Gun_downarmssit \"Strings\\schedules\\MadDog.HashtagBearFam.Gunnar:GunnarRecoveryB.000\"/1630 EastScarp_Village 40 10 2 Gun_downarmssit/2000 MadDog.BearFam.Custom_BearLodge 4 32 1/2400 MadDog.BearFam.Custom_BearLodge 53 7 2 maddog.hashtagbearfam.gunnar_sleep",
        "rain": "GOTO spring",
        "GreenRain": "GOTO spring",
        "DesertFestival_2": "GOTO spring",
        "Mon": "GOTO spring",
        "Tue": "GOTO spring",
        "Wed": "GOTO spring",
        "Thu": "GOTO spring",
        "Fri": "GOTO spring",
        "Sat": "GOTO spring",
        "spring_19": "GOTO spring",
        "fall_19": "GOTO spring",
        "fall_27": "GOTO spring",
        "winter_15": "GOTO spring",
        "winter_16": "GOTO spring",
        "winter_17": "GOTO spring"
      },
      "When": {
        "HasFlag": "BearFamExtraMembers",
        "HasConversationTopic |contains=GunnarMissing": false,
        "HasConversationTopic |contains=GunnartheLost": true,
        "HasSeenEvent |contains=MadDog.BearFam.16193005": true
      }
    },

    //fire sat
    {
      "LogName": "Gun Sat - E&D",
      "Action": "EditData",
      "Target": "Characters/schedules/MadDog.HashtagBearFam.Gunnar",
      "Entries": {
        "Sat": "0 MadDog.BearFam.Custom_BearLodge 53 7 2/600 MadDog.BearFam.Custom_BearLodge 53 7 2/610 MadDog.BearFam.Custom_BearLodge 47 8 0/1000 EastScarp_Village 52 18 2 Gun_sworddrawn/1010 EastScarp_Village 52 18 2 Gun_sworddrawn \"Strings\\schedules\\MadDog.HashtagBearFam.Gunnar:GunnarPracticeD.000\"/1110 EastScarp_Village 52 18 2 Gun_sworddrawn/1500 EastScarp_Village 37 107 1/1800 EastScarp_Village 37 107 1 Gun_marshmallow/2100 MadDog.BearFam.Custom_BearLodge 18 27 1/2400 MadDog.BearFam.Custom_BearLodge 53 7 2 maddog.hashtagbearfam.gunnar_sleep",
        "winter_13": "0 MadDog.BearFam.Custom_BearLodge 53 7 2/600 MadDog.BearFam.Custom_BearLodge 53 7 2/610 MadDog.BearFam.Custom_BearLodge 47 8 0/1000 EastScarp_Village 52 18 2 Gun_sworddrawn/1010 EastScarp_Village 52 18 2 Gun_sworddrawn \"Strings\\schedules\\MadDog.HashtagBearFam.Gunnar:GunnarPractice.000\"/1110 EastScarp_Village 52 18 2 Gun_sworddrawn/1500 EastScarp_Village 52 18 2 Gun_sworddrawn \"Strings\\schedules\\MadDog.HashtagBearFam.Gunnar:GunnarPracticeB.000\"/1600 EastScarp_Village 52 18 2 Gun_sworddrawn/2000 EastScarp_Village 40 10 2/2010 EastScarp_Village 40 10 2 Gun_downarmssit/2200 MadDog.BearFam.Custom_BearLodge 4 32 1/100 MadDog.BearFam.Custom_BearLodge 53 7 2 maddog.hashtagbearfam.gunnar_sleep"
      },
      "When": {
        "HasFlag": "BearFamExtraMembers",
        "HasMod |contains=TenebrousNova.EliDylan.CP": true,
        "HasConversationTopic |contains=GunnarMissing": false,
        "HasConversationTopic |contains=GunnartheLost": false,
        "Weather": "Sun, Wind, Snow"
      }
    },

    //DTZ
    {
      "LogName": "Gunnar Schedule with Sigurd, Teren on Monday the 22nd",
      "Action": "EditData",
      "Target": "Characters/schedules/MadDog.HashtagBearFam.Gunnar",
      "Entries": {
        "spring_22": "0 Custom_DTZ_CrossEast 54 29 2/600 Custom_DTZ_CrossEast 54 29 2/610 Custom_DTZ_CrossEast 54 29 2/900 Custom_DTZ_CrossEast 54 29 2/1200 Custom_DTZ_NightClubEntrance 14 18 0 \"Strings\\schedules\\MadDog.HashtagBearFam.Gunnar:GunnarDTZEntrance.000\"/1300 Custom_DTZ_NightClubEntrance 14 18 0/1400 Custom_DTZ_NightClubMain 43 23 2/1600 Custom_DTZ_NightClubMain 34 20 0/1800 Custom_DTZ_NightClubMain 34 20 0 \"Strings\\schedules\\MadDog.HashtagBearFam.Gunnar:GunnarDTZA.000\"/2000 Custom_DTZ_NightClubMain 34 20 0/2200 Custom_DTZ_NightClubMain 34 20 0 \"Strings\\schedules\\MadDog.HashtagBearFam.Gunnar:GunnarDTZB.000\"/2400 MadDog.BearFam.Custom_BearLodge 53 7 2 maddog.hashtagbearfam.gunnar_sleep",
        "summer_22": "GOTO spring_22",
        "fall_22": "GOTO spring_22",
        "winter_22": "GOTO spring_22"
      },
      "When": {
        "HasFlag": "BearFamExtraMembers",
        "HasMod |contains=DTZ.DowntownZuzuCP": true,
        "HasConversationTopic |contains=GunnarMissing": false,
        "HasConversationTopic |contains=GunnartheLost": false
      }
    },
    

    //PITV on Sat
    {
      "LogName": "PITV when active",
      "Action": "EditData",
      "Target": "Characters/schedules/MadDog.HashtagBearFam.Gunnar",
      "Entries": {
        "sapphicsaph_pitv.PrideFestival_2": "0 MadDog.BearFam.Custom_BearLodge 53 7 2/600 MadDog.BearFam.Custom_BearLodge 53 7 2/610 MadDog.BearFam.Custom_BearLodge 53 7 2/630 EastScarp_Village 52 18 2 Gun_sworddrawn/930 CommunityCenter 53 13 2/1200 CommunityCenter 53 13 2/1400 CommunityCenter 53 13 2 \"Strings\\schedules\\MadDog.HashtagBearFam.Gunnar:GunnarPITV.000\"/1500 CommunityCenter 53 13 2/1800 MadDog.BearFam.Custom_BearLodge 7 31 2/2300 MadDog.BearFam.Custom_BearLodge 53 7 2 maddog.hashtagbearfam.gunnar_sleep"
      },
      "When": {
        "HasFlag": "BearFamExtraMembers",
        "HasMod |contains=sapphicsaph_pitv": true,
        "HasConversationTopic |contains=GunnarMissing": false,
        "HasConversationTopic |contains=GunnartheLost": false
      }
    }

  ]
 }