{
  "Changes": [
    {
      "LogName": "Sig Schedule - No Siblings - Sig does the dishes every day of the week",
      "Action": "EditData",
      "Target": "Characters/schedules/MadDog.HashtagBearFam.Sigurd",
      "Entries": {

        "rain": "0 MadDog.BearFam.Custom_BearLodge 22 7 2/600 MadDog.BearFam.Custom_BearLodge 22 7 2/610 MadDog.BearFam.Custom_BearLodge 26 8 1/630 MadDog.BearFam.Custom_BearLodge 26 8 1 Sig_poetry/700 MadDog.BearFam.Custom_BearLodge 20 28 0/900 EastScarp_Village 39 16 2 Sig_sodasit/1000 EastScarp_Village 60 21 2 Sig_headtilt/1040 EastScarp_Village 60 21 2/1140 EastScarp_Village 60 21 2 Sig_headtilt/1200 EastScarp_VillageInn 44 17 0/1500 EastScarp_Village 49 10 3 Sig_smoke/1830 MadDog.BearFam.Custom_BearLodge 14 27 2 Sig_newspaper/2230 MadDog.BearFam.Custom_BearLodge 30 25 0/2240 MadDog.BearFam.Custom_BearLodge 30 25 0 Sig_dishes/2400 MadDog.BearFam.Custom_BearLodge 20 7 2 maddog.hashtagbearfam.sigurd_sleep", //starts at the lodge //done

        "GreenRain": "0 MadDog.BearFam.Custom_BearLodge 22 7 2/600 MadDog.BearFam.Custom_BearLodge 22 7 2/610 MadDog.BearFam.Custom_BearLodge 26 8 1/630 MadDog.BearFam.Custom_BearLodge 26 8 1 Sig_poetry/800 MadDog.BearFam.Custom_BearLodge 30 25 0/810 MadDog.BearFam.Custom_BearLodge 30 25 0 Sig_dishes/1100 MadDog.BearFam.Custom_BearLodge 4 32 1/1200 MadDog.BearFam.Custom_BearLodge 4 32 1 \"Strings\\schedules\\MadDog.HashtagBearFam.Sigurd:SigurdGreenRain.000\"/1400 MadDog.BearFam.Custom_BearLodge 4 32 1/100 MadDog.BearFam.Custom_BearLodge 20 7 2 maddog.hashtagbearfam.sigurd_sleep",

        "DesertFestival_2": "0 MadDog.BearFam.Custom_BearLodge 22 7 2/600 MadDog.BearFam.Custom_BearLodge 22 7 2/610 MadDog.BearFam.Custom_BearLodge 26 8 1/620 Desert 42 56 2 Sig_armsdownsit \"Strings\\schedules\\MadDog.HashtagBearFam.Sigurd:SigurdDesertFestival.000\"/2200 bed",
        //spring
        "spring": "0 MadDog.BearFam.Custom_BearLodge 22 7 2/600 MadDog.BearFam.Custom_BearLodge 22 7 2/610 MadDog.BearFam.Custom_BearLodge_Cliff 15 7 2/620 MadDog.BearFam.Custom_BearLodge_Cliff 15 7 2 Sig_bee/700 MadDog.BearFam.Custom_BearLodge_Cliff 18 6 2/710 MadDog.BearFam.Custom_BearLodge_Cliff 18 6 2 Sig_bee/1000 MadDog.BearFam.Custom_BearLodge_Cliff 21 12 1/1010 MadDog.BearFam.Custom_BearLodge_Cliff 21 12 1 Sig_poetry/1230 MadDog.BearFam.Custom_BearLodge 14 27 2/1240 MadDog.BearFam.Custom_BearLodge 14 27 2 Sig_newspaper/1500 EastScarp_Village 49 131 2/1510 EastScarp_Village 49 131 2 Sig_beersitdock/2330 MadDog.BearFam.Custom_BearLodge 30 25 0/2340 MadDog.BearFam.Custom_BearLodge 30 25 0 Sig_dishes/100 MadDog.BearFam.Custom_BearLodge 20 7 2 maddog.hashtagbearfam.sigurd_sleep", //starts at the lodge //done

        "Mon": "0 MadDog.BearFam.Custom_BearLodge 22 7 2/600 MadDog.BearFam.Custom_BearLodge 22 7 2/610 MadDog.BearFam.Custom_BearLodge 26 8 1/630 MadDog.BearFam.Custom_BearLodge 26 8 1 Sig_poetry/700 MadDog.BearFam.Custom_BearLodge 20 28 0/900 EastScarp_Village 39 16 2 Sig_armsdownsit/1100 EastScarp_Village 74 31 2/1110 EastScarp_Village 74 31 2 Sig_chair_armsdown \"Strings\\schedules\\MadDog.HashtagBearFam.Sigurd:SigurdAuntSondra1.000\"/1210 EastScarp_Village 74 31 2 Sig_chair_armsdown/1500 EastScarp_Village 74 31 2 Sig_chair_armsdown \"Strings\\schedules\\MadDog.HashtagBearFam.Sigurd:SigurdAuntSondra2.000\"/1600 EastScarp_Village 74 31 2 Sig_chair_armsdown/1800 MadDog.BearFam.Custom_BearLodge 8 30 2/1810 MadDog.BearFam.Custom_BearLodge 8 29 2 Sig_beersit/2200 MadDog.BearFam.Custom_BearLodge 30 25 0/2210 MadDog.BearFam.Custom_BearLodge 30 25 0 Sig_dishes/2400 MadDog.BearFam.Custom_BearLodge 20 7 2 maddog.hashtagbearfam.sigurd_sleep", //Starts at the Lodge, Sondra day //done

        "Tue": "0 Town 81 94 2/600 Town 81 94 2/610 Town 81 94 2 Sig_sodasitbridge/900 ArchaeologyHouse 26 17 1/910 26 17 1 Sig_poetry \"Strings\\schedules\\MadDog.HashtagBearFam.Sigurd:SigurdLibrary.000\"/1020 ArchaeologyHouse 43 13 1/1030 ArchaeologyHouse 43 13 1 Sig_poetry/1300 Town 109 81 3/1310 Town 109 81 3 Sig_smoke/1900 MadDog.BearFam.Custom_BearLodge 30 25 0/1910 MadDog.BearFam.Custom_BearLodge 30 25 0 Sig_dishes/2400 MadDog.BearFam.Custom_BearLodge 20 7 2 maddog.hashtagbearfam.sigurd_sleep", //starts in town, museum day //done

        "Wed": "0 Mountain 23 15 3/600 Mountain 23 15 3/610 Mountain 23 15 3 Sig_smoke/830 ScienceHouse 8 22 2/840 ScienceHouse 8 22 2 Sig_sweep/1400 ScienceHouse 3 18 2 Sig_sweep/1600 Mountain 23 16 3 Sig_smoke/1800 MadDog.BearFam.Custom_BearLodge 30 25 0/1810 MadDog.BearFam.Custom_BearLodge 30 25 0 Sig_dishes/2400 MadDog.BearFam.Custom_BearLodge 20 7 2 maddog.hashtagbearfam.sigurd_sleep", //starts on mountain, carpenter day //done

        "Thu": "0 Beach 29 37 2/600 Beach 29 37 2/610 Beach 29 37 2 Sig_armsdownsitdock/800 Beach 29 37 2 Sig_sodasitdock/1100 Beach 26 31 3/1110 Beach 26 31 3 Sig_smoke/1230 FishShop 9 5 2/1240 FishShop 9 5 2 Sig_sweep/1500 FishShop 9 5 2 Sig_newspaper/1700 Beach 26 31 3 Sig_smoke/1800 Beach 26 31 3/1900 MadDog.BearFam.Custom_BearLodge 30 25 0/1910 MadDog.BearFam.Custom_BearLodge 30 25 0 Sig_dishes/2400 MadDog.BearFam.Custom_BearLodge 20 7 2 maddog.hashtagbearfam.sigurd_sleep", //starts on Beach, Beach day //done

        "Fri": "0 Town 79 87 3/600 Town 79 87 3/610 Town 79 87 3 Sig_smoke/900 Saloon {{SigSaloonFix}}/910 Saloon {{SigSaloonFix}} Sig_soda_chair/1100 Town 38 69 3/1110 Town 38 69 3 Sig_smoke/1230 Saloon {{SigSaloonFix}}/1240 Saloon {{SigSaloonFix}} Sig_soda_chair/1600 Town 38 69 3/1610 Town 38 69 3 Sig_smoke/1800 Town 38 69 3/1900 MadDog.BearFam.Custom_BearLodge 30 25 0/1910 MadDog.BearFam.Custom_BearLodge 30 25 0 Sig_dishes/2400 MadDog.BearFam.Custom_BearLodge 20 7 2 maddog.hashtagbearfam.sigurd_sleep", //starts in town, Saloon day //done

        "Sat": "0 MadDog.BearFam.Custom_BearLodge 22 7 2/600 MadDog.BearFam.Custom_BearLodge 22 7 2/610 MadDog.BearFam.Custom_BearLodge 26 8 1/620 MadDog.BearFam.Custom_BearLodge 26 8 1 Sig_poetry/700 MadDog.BearFam.Custom_BearLodge 20 28 0/800 MadDog.BearFam.Custom_BearLodge 30 25 0 Sig_dishes/{{SigInLoresCove}}/1800 EastScarp_Village 39 105 2/1810 EastScarp_Village 39 104 2 Sig_staring/2410 EastScarp_Village 88 76 3/100 MadDog.BearFam.Custom_BearLodge 20 7 2 maddog.hashtagbearfam.sigurd_sleep", //starts in the Lodge

        "spring_19": "0 MadDog.BearFam.Custom_BearLodge 22 7 2/600 MadDog.BearFam.Custom_BearLodge 22 7 2/610 MadDog.BearFam.Custom_BearLodge 26 8 1/630 MadDog.BearFam.Custom_BearLodge 26 8 1 Sig_poetry/700 MadDog.BearFam.Custom_BearLodge 20 28 0/800 MadDog.BearFam.Custom_BearLodge 30 25 0 Sig_dishes/930 EastScarp_Village 39 16 2 Sig_sodasit/1300 EastScarp_Village 64 89 3 Sig_smoke/1600 EastScarp_VillageInn 25 12 2/1610 EastScarp_VillageInn 25 12 2 Sig_beerstandsip/2400 MadDog.BearFam.Custom_BearLodge 20 7 2 maddog.hashtagbearfam.sigurd_sleep",

        "fall_19": "GOTO spring_19"
      },
      "When": {
        "HasFlag |contains=BearFamExtraMembers": false,
        "HasConversationTopic |contains=SigtheHero": false,
        "HasFlag |contains=SigHeadache": false
      }
    },

    {
      "LogName": "Sig Schedule - Siblings arrived - Rainy Days, Fridays, and Saturdays, Sig will do the dishes, other days he sweeps the kitchen.",
      "Action": "EditData",
      "Target": "Characters/schedules/MadDog.HashtagBearFam.Sigurd",
      "Entries": {
        //0 (up), 1 (right), 2 (down), and 3 (left)

        "rain": "0 MadDog.BearFam.Custom_BearLodge 22 7 2/600 MadDog.BearFam.Custom_BearLodge 22 7 2/610 MadDog.BearFam.Custom_BearLodge 26 8 1/630 MadDog.BearFam.Custom_BearLodge 26 8 1 Sig_poetry/700 MadDog.BearFam.Custom_BearLodge 20 28 0/900 EastScarp_Village 39 16 2 Sig_sodasit/1000 EastScarp_Village 60 21 2 Sig_headtilt/1040 EastScarp_Village 60 21 2/1140 EastScarp_Village 60 21 2 Sig_headtilt/1200 EastScarp_VillageInn 44 17 0/1500 EastScarp_Village 49 10 3 Sig_smoke/1830 MadDog.BearFam.Custom_BearLodge 14 27 2 Sig_newspaper/2230 MadDog.BearFam.Custom_BearLodge 30 25 0/2240 MadDog.BearFam.Custom_BearLodge 30 25 0 Sig_dishes/130 MadDog.BearFam.Custom_BearLodge 20 7 2 maddog.hashtagbearfam.sigurd_sleep",

        "GreenRain": "0 MadDog.BearFam.Custom_BearLodge 22 7 2/600 MadDog.BearFam.Custom_BearLodge 22 7 2/610 MadDog.BearFam.Custom_BearLodge 26 8 1/630 MadDog.BearFam.Custom_BearLodge 26 8 1 Sig_poetry/800 MadDog.BearFam.Custom_BearLodge 30 25 0/810 MadDog.BearFam.Custom_BearLodge 30 25 0 Sig_dishes/1100 MadDog.BearFam.Custom_BearLodge 4 32 1/1200 MadDog.BearFam.Custom_BearLodge 4 32 1 \"Strings\\schedules\\MadDog.HashtagBearFam.Sigurd:SigurdGreenRain.000\"/1400 MadDog.BearFam.Custom_BearLodge 4 32 1/130 MadDog.BearFam.Custom_BearLodge 20 7 2 maddog.hashtagbearfam.sigurd_sleep",

        "DesertFestival_2": "0 MadDog.BearFam.Custom_BearLodge 22 7 2/600 MadDog.BearFam.Custom_BearLodge 22 7 2/610 MadDog.BearFam.Custom_BearLodge 26 8 1/620 Desert 42 56 2 Sig_armsdownsit \"Strings\\schedules\\MadDog.HashtagBearFam.Sigurd:SigurdDesertFestival.000\"/2200 bed",
        //spring
        "spring": "0 MadDog.BearFam.Custom_BearLodge 22 7 2/600 MadDog.BearFam.Custom_BearLodge 22 7 2/610 MadDog.BearFam.Custom_BearLodge_Cliff 15 7 2/620 MadDog.BearFam.Custom_BearLodge_Cliff 15 7 2 Sig_bee/700 MadDog.BearFam.Custom_BearLodge_Cliff 18 6 2/710 MadDog.BearFam.Custom_BearLodge_Cliff 18 6 2 Sig_bee/1000 MadDog.BearFam.Custom_BearLodge_Cliff 21 12 1/1010 MadDog.BearFam.Custom_BearLodge_Cliff 21 12 1 Sig_poetry/1230 MadDog.BearFam.Custom_BearLodge 14 27 2/1240 MadDog.BearFam.Custom_BearLodge 14 27 2 Sig_newspaper/1500 EastScarp_Village 49 131 2/1510 EastScarp_Village 49 131 2 Sig_beersitdock/2330 MadDog.BearFam.Custom_BearLodge 10 28 2/2340 MadDog.BearFam.Custom_BearLodge 10 28 2 Sig_sweep/130 MadDog.BearFam.Custom_BearLodge 20 7 2 maddog.hashtagbearfam.sigurd_sleep",

        "Mon": "0 MadDog.BearFam.Custom_BearLodge 22 7 2/600 MadDog.BearFam.Custom_BearLodge 22 7 2/610 MadDog.BearFam.Custom_BearLodge 26 8 1/630 MadDog.BearFam.Custom_BearLodge 26 8 1 Sig_poetry/700 MadDog.BearFam.Custom_BearLodge 20 28 0/900 EastScarp_Village 39 16 2 Sig_armsdownsit/1100 EastScarp_Village 74 31 2/1110 EastScarp_Village 74 31 2 Sig_chair_armsdown \"Strings\\schedules\\MadDog.HashtagBearFam.Sigurd:SigurdAuntSondra1.000\"/1210 EastScarp_Village 74 31 2 Sig_chair_armsdown/1500 EastScarp_Village 74 31 2 Sig_chair_armsdown \"Strings\\schedules\\MadDog.HashtagBearFam.Sigurd:SigurdAuntSondra2.000\"/1600 EastScarp_Village 74 31 2 Sig_chair_armsdown/1830 MadDog.BearFam.Custom_BearLodge 6 28 2/1840 MadDog.BearFam.Custom_BearLodge 6 28 2 Sig_beer_chair/2200 MadDog.BearFam.Custom_BearLodge 10 28 2/2210 MadDog.BearFam.Custom_BearLodge 10 28 2 Sig_sweep/130 MadDog.BearFam.Custom_BearLodge 20 7 2 maddog.hashtagbearfam.sigurd_sleep",

        "Tue": "0 Town 81 94 2/600 Town 81 94 2/610 Town 81 94 2 Sig_sodasitbridge/900 ArchaeologyHouse 26 17 1/910 26 17 1 Sig_poetry \"Strings\\schedules\\MadDog.HashtagBearFam.Sigurd:SigurdLibrary.000\"/1020 ArchaeologyHouse 43 13 1/1030 ArchaeologyHouse 43 13 1 Sig_poetry/{{SigurdScheduleSVE1}}/1900 MadDog.BearFam.Custom_BearLodge 10 28 2/1910 MadDog.BearFam.Custom_BearLodge 10 28 2 Sig_sweep/130 MadDog.BearFam.Custom_BearLodge 20 7 2 maddog.hashtagbearfam.sigurd_sleep",

        "Wed": "0 Mountain 23 15 3/600 Mountain 23 15 3/610 Mountain 23 15 3 Sig_smoke/830 ScienceHouse 8 22 2/840 ScienceHouse 8 22 2 Sig_sweep/1400 ScienceHouse 3 18 2 Sig_sweep/1600 Mountain 23 16 3 Sig_smoke/1800 MadDog.BearFam.Custom_BearLodge 10 28 2/1810 MadDog.BearFam.Custom_BearLodge 10 28 2 Sig_sweep/130 MadDog.BearFam.Custom_BearLodge 20 7 2 maddog.hashtagbearfam.sigurd_sleep",

        "Thu": "0 Beach 29 37 2/600 Beach 29 37 2/610 Beach 29 37 2 Sig_armsdownsitdock/800 Beach 29 37 2 Sig_sodasitdock/1100 Beach 26 31 3/1110 Beach 26 31 3 Sig_smoke/1230 FishShop 9 5 2/1240 FishShop 9 5 2 Sig_sweep/1900 MadDog.BearFam.Custom_BearLodge 10 28 2/1910 MadDog.BearFam.Custom_BearLodge 10 28 2 Sig_sweep/130 MadDog.BearFam.Custom_BearLodge 20 7 2 maddog.hashtagbearfam.sigurd_sleep",

        "Fri": "0 Town 79 87 3/600 Town 79 87 3/610 Town 79 87 3 Sig_smoke/900 Saloon {{SigSaloonFix}}/910 Saloon {{SigSaloonFix}} Sig_soda_chair/1100 Town 38 69 3/1110 Town 38 69 3 Sig_smoke/1230 Saloon {{SigSaloonFix}}/1240 Saloon {{SigSaloonFix}} Sig_soda_chair/1600 Town 38 69 3/1610 Town 38 69 3 Sig_smoke/1800 Town 38 69 3/1900 MadDog.BearFam.Custom_BearLodge 10 28 2/1910 MadDog.BearFam.Custom_BearLodge 10 28 2 Sig_sweep/130 MadDog.BearFam.Custom_BearLodge 20 7 2 maddog.hashtagbearfam.sigurd_sleep",

        "Sat": "0 MadDog.BearFam.Custom_BearLodge 22 7 2/600 MadDog.BearFam.Custom_BearLodge 22 7 2/610 MadDog.BearFam.Custom_BearLodge 26 8 1/620 MadDog.BearFam.Custom_BearLodge 26 8 1 Sig_poetry/700 MadDog.BearFam.Custom_BearLodge 20 28 0/800 MadDog.BearFam.Custom_BearLodge 30 25 0 Sig_dishes/{{SigInLoresCove}}/1800 EastScarp_Village 39 105 2/1810 EastScarp_Village 39 104 2 Sig_staring/2410 EastScarp_Village 88 76 3/100 MadDog.BearFam.Custom_BearLodge 20 7 2 maddog.hashtagbearfam.sigurd_sleep",


        //winter //changes due to differing animations for winter no actual map/time changes
        "winter": "0 MadDog.BearFam.Custom_BearLodge 22 7 2/600 MadDog.BearFam.Custom_BearLodge 22 7 2/610 MadDog.BearFam.Custom_BearLodge_Cliff 15 7 2/620 MadDog.BearFam.Custom_BearLodge_Cliff 15 7 2 Sig_bee/700 MadDog.BearFam.Custom_BearLodge_Cliff 18 6 2/710 MadDog.BearFam.Custom_BearLodge_Cliff 18 6 2 Sig_bee/1000 MadDog.BearFam.Custom_BearLodge_Cliff 21 12 1/1010 MadDog.BearFam.Custom_BearLodge_Cliff 21 12 1 Sig_poetry/1230 MadDog.BearFam.Custom_BearLodge 14 27 2/1240 MadDog.BearFam.Custom_BearLodge 14 27 2 Sig_newspaper/1500 EastScarp_Village 49 131 2/1510 EastScarp_Village 49 131 2 Sig_winterbeerdock/2330 MadDog.BearFam.Custom_BearLodge 10 28 2/2340 MadDog.BearFam.Custom_BearLodge 10 28 2 Sig_sweep/130 MadDog.BearFam.Custom_BearLodge 20 7 2 maddog.hashtagbearfam.sigurd_sleep",

        "winter_Mon": "0 MadDog.BearFam.Custom_BearLodge 22 7 2/600 MadDog.BearFam.Custom_BearLodge 22 7 2/610 MadDog.BearFam.Custom_BearLodge 26 8 1/630 MadDog.BearFam.Custom_BearLodge 26 8 1 Sig_poetry/700 MadDog.BearFam.Custom_BearLodge 20 28 0/900 EastScarp_Village 39 16 2 Sig_armsdownwinter/1100 EastScarp_Village 74 31 2/1110 EastScarp_Village 74 31 2 Sig_chair_armsdown \"Strings\\schedules\\MadDog.HashtagBearFam.Sigurd:SigurdAuntSondra1.000\"/1210 EastScarp_Village 74 31 2 Sig_chair_armsdown/1500 EastScarp_Village 74 31 2 Sig_chair_armsdown \"Strings\\schedules\\MadDog.HashtagBearFam.Sigurd:SigurdAuntSondra2.000\"/1600 EastScarp_Village 74 31 2 Sig_chair_armsdown/1830 MadDog.BearFam.Custom_BearLodge 8 30 2/1840 MadDog.BearFam.Custom_BearLodge 8 29 2 Sig_winterbeer/2200 MadDog.BearFam.Custom_BearLodge 10 28 2/2210 MadDog.BearFam.Custom_BearLodge 10 28 2 Sig_sweep/130 MadDog.BearFam.Custom_BearLodge 20 7 2 maddog.hashtagbearfam.sigurd_sleep",

        "winter_Tue": "0 Town 81 94 2/600 Town 81 94 2/610 Town 81 94 2 Sig_armsdownwinterbridge/900 ArchaeologyHouse 26 17 1/910 26 17 1 Sig_poetry \"Strings\\schedules\\MadDog.HashtagBearFam.Sigurd:SigurdLibrary.000\"/1020 ArchaeologyHouse 43 13 1/1030 ArchaeologyHouse 43 13 1 Sig_poetry/{{SigurdScheduleSVE1}}/1900 MadDog.BearFam.Custom_BearLodge 10 28 2/1910 MadDog.BearFam.Custom_BearLodge 10 28 2 Sig_sweep/130 MadDog.BearFam.Custom_BearLodge 20 7 2 maddog.hashtagbearfam.sigurd_sleep",


        "winter_Wed": "GOTO Wed",

        "winter_Thu": "0 Beach 29 37 2/600 Beach 29 37 2/610 Beach 29 37 2 Sig_armsdownwinterdock/800 Beach 29 37 2 Sig_wintersodadock/1100 Beach 26 31 3/1110 Beach 26 31 3 Sig_smoke/1230 FishShop 9 5 2/1240 FishShop 9 5 2 Sig_sweep/1900 MadDog.BearFam.Custom_BearLodge 10 28 2/1910 MadDog.BearFam.Custom_BearLodge 10 28 2 Sig_sweep/130 MadDog.BearFam.Custom_BearLodge 20 7 2 maddog.hashtagbearfam.sigurd_sleep",

        "winter_Fri": "GOTO Fri",

        "winter_Sat": "0 MadDog.BearFam.Custom_BearLodge 22 7 2/600 MadDog.BearFam.Custom_BearLodge 22 7 2/610 MadDog.BearFam.Custom_BearLodge 26 8 1/630 MadDog.BearFam.Custom_BearLodge 26 8 1 Sig_poetry/700 MadDog.BearFam.Custom_BearLodge 20 28 0/800 MadDog.BearFam.Custom_BearLodge 20 28 0 Sig_dishes/{{SigInLoresCoveWinter}}/1800 EastScarp_VillageInn 44 17 0/1810 EastScarp_VillageInn 44 17 2 Sig_newspaper/2400 MadDog.BearFam.Custom_BearLodge 20 7 2 maddog.hashtagbearfam.sigurd_sleep",

        "spring_19": "0 MadDog.BearFam.Custom_BearLodge 22 7 2/600 MadDog.BearFam.Custom_BearLodge 22 7 2/610 MadDog.BearFam.Custom_BearLodge 26 8 1/630 MadDog.BearFam.Custom_BearLodge 26 8 1 Sig_poetry/700 MadDog.BearFam.Custom_BearLodge 20 28 0/800 MadDog.BearFam.Custom_BearLodge 30 25 0 Sig_dishes/930 EastScarp_Village 39 16 2 Sig_sodasit/1300 EastScarp_Village 64 89 3 Sig_smoke/1600 EastScarp_VillageInn 25 11 2/1610 EastScarp_VillageInn 25 11 2 Sig_beerstandsip/2400 MadDog.BearFam.Custom_BearLodge 20 7 2 maddog.hashtagbearfam.sigurd_sleep",

        "fall_19": "GOTO spring_19",

        "fall_27": "0 MadDog.BearFam.Custom_BearLodge 22 7 2/600 MadDog.BearFam.Custom_BearLodge 22 7 2/610 MadDog.BearFam.Custom_BearLodge 20 28 0/800 MadDog.BearFam.Custom_BearLodge 30 25 0 Sig_dishes/930 EastScarp_Village 39 16 2 Sig_armsdownsit/1200 EastScarp_VillageInn 30 27 2 \"Strings\\schedules\\MadDog.HashtagBearFam.Sigurd:SigurdSpiritsEveInnA.000\"/1400 EastScarp_VillageInn 30 27 2/1600 EastScarp_VillageInn 30 27 2 \"Strings\\schedules\\MadDog.HashtagBearFam.Sigurd:SigurdSpiritsEveInnB.000\"/1800 EastScarp_VillageInn 30 27 2/2000 MadDog.BearFam.Custom_BearLodge 31 28 12",


        "winter_16": "0 MadDog.BearFam.Custom_BearLodge 22 7 2/600 MadDog.BearFam.Custom_BearLodge 22 7 2/610 MadDog.BearFam.Custom_BearLodge 20 28 0/800 MadDog.BearFam.Custom_BearLodge 30 25 0 Sig_dishes/1000 EastScarp_Village 39 16 2 Sig_armsdownwinter/1400 Beach 40 20 2/1430 Beach 40 20 2 Sig_hearing/1600 Beach 40 20 2 Sig_impatient/2300 MadDog.BearFam.Custom_BearLodge 20 7 2 maddog.hashtagbearfam.sigurd_sleep",
        "marriage_Tue": "630 Town 81 94 2 Sig_sodasitbridge/900 ArchaeologyHouse 26 17 1/910 26 17 1 Sig_poetry \"Strings\\schedules\\MadDog.HashtagBearFam.Sigurd:SigurdLibrary.000\"/1020 ArchaeologyHouse 43 13 1/1030 ArchaeologyHouse 43 13 1 Sig_poetry/1300 Town 109 81 3/1310 Town 109 81 3 Sig_smoke/1700 bed",
        "marriage_Wed": "630 ScienceHouse 8 22 2/840 ScienceHouse 8 22 2 Sig_sweep/1400 ScienceHouse 3 18 2 Sig_sweep/1700 bed",
        "marriage_Thu": "630 Beach 29 37 2 Sig_armsdownsitdock/800 Beach 29 37 2 Sig_sodasitdock/1100 Beach 26 31 3/1110 Beach 26 31 3 Sig_smoke/1230 FishShop 9 5 2/1240 FishShop 9 5 2 Sig_sweep/1500 FishShop 9 5 2 Sig_newspaper/1700 bed",
        "marriage_DesertFestival_2": "800 Desert 42 56 2 Sig_armsdownsit \"Strings\\schedules\\MadDog.HashtagBearFam.Sigurd:MarriedSigurdDesertFestival.000\"/2440 bed"

      },
      "When": {
        "HasFlag |contains=BearFamExtraMembers": true,
        "HasConversationTopic |contains=SigtheHero": false,
        "HasFlag |contains=SigHeadache": false
      }
    },

    //spending time with Teren
    {
      "LogName": "Sig Schedule with Teren on Wednesday the 3rd and Monday the 23rd",
      "Action": "EditData",
      "Target": "Characters/schedules/MadDog.HashtagBearFam.Sigurd",
      "Entries": {
        "GreenRain": "0 MadDog.BearFam.Custom_BearLodge 22 7 2/600 MadDog.BearFam.Custom_BearLodge 22 7 2/610 MadDog.BearFam.Custom_BearLodge 26 8 1/630 MadDog.BearFam.Custom_BearLodge 26 8 1 Sig_poetry/800 MadDog.BearFam.Custom_BearLodge 30 25 0/810 MadDog.BearFam.Custom_BearLodge 30 25 0 Sig_dishes/1100 MadDog.BearFam.Custom_BearLodge 4 32 1/1200 MadDog.BearFam.Custom_BearLodge 4 32 1 \"Strings\\schedules\\MadDog.HashtagBearFam.Sigurd:SigurdGreenRain.000\"/1400 MadDog.BearFam.Custom_BearLodge 4 32 1/100 MadDog.BearFam.Custom_BearLodge 20 7 2 maddog.hashtagbearfam.sigurd_sleep",

        "spring_3": "0 Beach 29 37 2/600 Beach 29 37 2/610 Beach 29 37 2 Sig_armsdownsitdock/1100 Saloon 29 19 2/1110 Saloon 29 19 2 Sig_beerstand/1300 Saloon 29 19 2 Sig_beerstand/1310 Saloon 29 19 2 Sig_beerstandsip \"Strings\\schedules\\MadDog.HashtagBearFam.Sigurd:SigurdTerenA.000\"/1410 Saloon 29 19 2 Sig_beerstandsip/1710 Saloon 29 19 2 Sig_beerstand \"Strings\\schedules\\MadDog.HashtagBearFam.Sigurd:SigurdTerenStoryA.000\"/1720 Saloon 29 19 2 Sig_beerstand \"Strings\\schedules\\MadDog.HashtagBearFam.Sigurd:SigurdTerenStoryB.000\"/1730 Saloon 29 19 2 Sig_beerstand \"Strings\\schedules\\MadDog.HashtagBearFam.Sigurd:SigurdTerenStoryC.000\"/1740 Saloon 29 19 2 Sig_beerstand \"Strings\\schedules\\MadDog.HashtagBearFam.Sigurd:SigurdTerenStoryD.000\"/1810 Saloon 29 19 2 Sig_beerstandsip/2010 Saloon 29 19 2 Sig_beerstand \"Strings\\schedules\\MadDog.HashtagBearFam.Sigurd:SigurdTerenB.000\"/2100 Saloon 29 19 2 Sig_beerstandsip/2200 MadDog.BearFam.Custom_BearLodge 20 7 2 maddog.hashtagbearfam.sigurd_sleep",

        "spring_23": "GOTO spring_3",

        "summer_3": "GOTO spring_3",

        "summer_23": "GOTO spring_3",

        "fall_3": "GOTO spring_3",

        "fall_23": "GOTO spring_3",

        "winter_3": "0 Beach 29 37 2/600 Beach 29 37 2/610 Beach 29 37 2 Sig_armsdownwinterdock/1100 Saloon 29 19 2/1110 Saloon 29 19 2 Sig_beerstand/1300 Saloon 29 19 2 Sig_beerstand/1310 Saloon 29 19 2 Sig_beerstandsip \"Strings\\schedules\\MadDog.HashtagBearFam.Sigurd:SigurdTerenA.000\"/1410 Saloon 29 19 2 Sig_beerstandsip/1710 Saloon 29 19 2 Sig_beerstand \"Strings\\schedules\\MadDog.HashtagBearFam.Sigurd:SigurdTerenStoryA.000\"/1720 Saloon 29 19 2 Sig_beerstand \"Strings\\schedules\\MadDog.HashtagBearFam.Sigurd:SigurdTerenStoryB.000\"/1730 Saloon 29 19 2 Sig_beerstand \"Strings\\schedules\\MadDog.HashtagBearFam.Sigurd:SigurdTerenStoryC.000\"/1740 Saloon 29 19 2 Sig_beerstand \"Strings\\schedules\\MadDog.HashtagBearFam.Sigurd:SigurdTerenStoryD.000\"/1810 Saloon 29 19 2 Sig_beerstandsip/2010 Saloon 29 19 2 Sig_beerstand \"Strings\\schedules\\MadDog.HashtagBearFam.Sigurd:SigurdTerenB.000\"/2100 Saloon 29 19 2 Sig_beerstandsip/2200 MadDog.BearFam.Custom_BearLodge 20 7 2 maddog.hashtagbearfam.sigurd_sleep",

        "winter_23": "GOTO spring_3"
      },
      "When": {
        "HasConversationTopic |contains=SigtheHero": false,
        "HasSeenEvent |contains=MadDog.BearFam.16199000": true,
        "HasFlag |contains=SigHeadache": false,
        "Relationship:MadDog.HashtagBearFam.Teren": "Unmet, Friendly, Dating, Engaged, Divorced"
      }
    },

    //fire sat
    {
      "LogName": "Sig Schedule - E&D",
      "Action": "EditData",
      "Target": "Characters/schedules/MadDog.HashtagBearFam.Sigurd",
      "Entries": {
        "Sat": "0 MadDog.BearFam.Custom_BearLodge 22 7 2/600 MadDog.BearFam.Custom_BearLodge 22 7 2/610 MadDog.BearFam.Custom_BearLodge 26 8 1/620 MadDog.BearFam.Custom_BearLodge 26 8 1 Sig_poetry/700 MadDog.BearFam.Custom_BearLodge 20 28 0/800 MadDog.BearFam.Custom_BearLodge 30 25 0 Sig_dishes/{{SigInLoresCove}}/1800 EastScarp_Village 39 105 2/1810 EastScarp_Village 39 104 2 Sig_staring/2410 EastScarp_Village 88 76 3/100 MadDog.BearFam.Custom_BearLodge 20 7 2 maddog.hashtagbearfam.sigurd_sleep",

        "winter_Sat": "0 MadDog.BearFam.Custom_BearLodge 22 7 2/600 MadDog.BearFam.Custom_BearLodge 22 7 2/610 MadDog.BearFam.Custom_BearLodge 26 8 1/630 MadDog.BearFam.Custom_BearLodge 26 8 1 Sig_poetry/700 MadDog.BearFam.Custom_BearLodge 20 28 0/800 MadDog.BearFam.Custom_BearLodge 30 25 0 Sig_dishes/{{SigInLoresCoveWinter}}/1800 EastScarp_Village 39 105 2/1810 EastScarp_Village 39 104 2 Sig_winterstaring/2410 EastScarp_Village 88 76 3/100 MadDog.BearFam.Custom_BearLodge 20 7 2 maddog.hashtagbearfam.sigurd_sleep",

        "winter_13": "0 MadDog.BearFam.Custom_BearLodge 22 7 2/600 MadDog.BearFam.Custom_BearLodge 22 7 2/610 MadDog.BearFam.Custom_BearLodge 26 8 1/630 MadDog.BearFam.Custom_BearLodge 26 8 1 Sig_poetry/700 MadDog.BearFam.Custom_BearLodge 20 28 0/800 MadDog.BearFam.Custom_BearLodge 20 28 0 Sig_dishes/{{SigInLoresCoveWinter}}/1800 EastScarp_VillageInn 44 17 0/1810 EastScarp_VillageInn 44 17 2 Sig_newspaper/2400 MadDog.BearFam.Custom_BearLodge 20 7 2 maddog.hashtagbearfam.sigurd_sleep"
      },
      "When": {
        "HasConversationTopic |contains=SigtheHero": false,
        "HasFlag |contains=SigHeadache": false,
        "HasMod |contains=TenebrousNova.EliDylan.CP": true,
        "Weather": "Sun, Wind, Snow"
      }
    },
    //DTZ
    {
      "LogName": "Sigurd Schedule with Teren, Gunnar on Monday the 22nd",
      "Action": "EditData",
      "Target": "Characters/schedules/MadDog.HashtagBearFam.Sigurd",
      "Entries": {
        "spring_22": "0 Custom_DTZ_CrossEast 63 29 3/600 Custom_DTZ_CrossEast 63 29 3/610 Custom_DTZ_CrossEast 63 29 3/900 Custom_DTZ_CrossEast 63 29 3/1200 Custom_DTZ_NightClubMain 22 36 3/1400 Custom_DTZ_NightClubMain 15 25 2 Sig_beerstandsip/1600 Custom_DTZ_NightClubMain 15 25 2 Sig_beerstand \"Strings\\schedules\\MadDog.HashtagBearFam.Sigurd:SigurdDTZA.000\"/1800 Custom_DTZ_NightClubMain 15 25 2 Sig_beerstandsip/2000 Custom_DTZ_NightClubMain 15 25 2 Sig_beerstand \"Strings\\schedules\\MadDog.HashtagBearFam.Sigurd:SigurdDTZB.000\"/2200 Custom_DTZ_NightClubMain 15 25 2 Sig_beerstandsip/2400 MadDog.BearFam.Custom_BearLodge 20 7 2 maddog.hashtagbearfam.sigurd_sleep",
        "summer_22": "GOTO spring_22",
        "fall_22": "GOTO spring_22",
        "winter_22": "GOTO spring_22"
      },
      "When": {
        "HasMod |contains=DTZ.DowntownZuzuCP": true,
        "HasSeenEvent |contains=MadDog.BearFam.16199000": true,
        "HasConversationTopic |contains=SigtheHero": false,
        "HasFlag |contains=SigHeadache": false
      }
    },
    
    //Sig recovering at hospital after event
    {
      "LogName": "Sig Recovery",
      "Action": "EditData",
      "Target": "Characters/schedules/MadDog.HashtagBearFam.Sigurd",
      "Entries": {
        "spring": "0 Hospital 18 4 2/1200 Hospital 20 6 2/1800 Hospital 18 4 2",
        "rain": "GOTO spring",
        "GreenRain": "GOTO spring",
        "DesertFestival_2": "GOTO spring",
        "Mon": "GOTO spring",
        "Tue": "GOTO spring",
        "Wed": "GOTO spring",
        "Thu": "GOTO spring",
        "Fri": "GOTO spring",
        "Sat": "GOTO spring",
        "spring_19": "GOTO spring",
        "fall_19": "GOTO spring",
        "fall_27": "GOTO spring",
        "winter_15": "GOTO spring",
        "winter_16": "GOTO spring",
        "winter_17": "GOTO spring"
      },
      "When": {
        "HasConversationTopic |contains=SigtheHero": true,
        "HasSeenEvent |contains=MadDog.BearFam.16191005": true,
        "HasFlag |contains=SigHeadache": true
      }
    },

    //aquarium day  sometimes with Gudrun
    {
      "LogName": "Sig Schedule Aquarium",
      "Action": "EditData",
      "Target": "Characters/schedules/MadDog.HashtagBearFam.Sigurd",
      "Entries": {
        "spring_17": "0 Gervig91.StardewAquariumCP_FishMuseum 44 21 0/610 Gervig91.StardewAquariumCP_FishMuseum 44 21 0/1800 MadDog.BearFam.Custom_BearLodge 4 32 1/2400 MadDog.BearFam.Custom_BearLodge 35 7 2 maddog.hashtagbearfam.sigurd_sleep",

        "summer_17": "GOTO spring_17",

        "fall_17": "GOTO spring_17",

        "winter_17": "GOTO spring_17"

      },
      "When": {
        "HasConversationTopic |contains=SigtheHero": false,
        "HasMod |contains=Gervig91.StardewAquariumCP": true,
        "HasFlag |contains=SigHeadache": false
      }
    }
  ]
 }