{
  "Changes": [
    {
      "LogName": "Sondra Schedule",
      "Action": "EditData",
      "Target": "Characters/schedules/MadDog.HashtagBearFam.Sondra",
      "Entries": {
        //0 (up), 1 (right), 2 (down), and 3 (left)
        "rain": "0 MadDog.BearFam.Custom_BearLodge 7 7 2/600 MadDog.BearFam.Custom_BearLodge 7 7 2/610 MadDog.BearFam.Custom_BearLodge 8 8 2/700 MadDog.BearFam.Custom_BearLodge 29 33 3/710 MadDog.BearFam.Custom_BearLodge 29 33 3 Sondra_phone/1000 EastScarp_VillageInn 33 30 2/1010 EastScarp_VillageInn 33 30 2 Sondra_withchaircoffee/1630 MadDog.BearFam.Custom_BearLodge 3 27 2/1640 MadDog.BearFam.Custom_BearLodge 3 27 2 Sondra_dance/2300 MadDog.BearFam.Custom_BearLodge 7 7 2 maddog.hashtagbearfam.sondra_sleep",

        "GreenRain": "0 MadDog.BearFam.Custom_BearLodge 7 7 2/600 MadDog.BearFam.Custom_BearLodge 7 7 2/610 MadDog.BearFam.Custom_BearLodge 8 8 2/630 MadDog.BearFam.Custom_BearLodge 5 31 2/640 MadDog.BearFam.Custom_BearLodge 5 30 2 Sondra_sadcoffee/1200 MadDog.BearFam.Custom_BearLodge 5 30 2 Sondra_sadcoffee \"Strings\\schedules\\MadDog.HashtagBearFam.Sondra:SondraGreenRain.000\"/1300 MadDog.BearFam.Custom_BearLodge 5 30 2 Sondra_sadcoffee/2200 MadDog.BearFam.Custom_BearLodge 7 7 2 maddog.hashtagbearfam.sondra_sleep",
        "DesertFestival_3": "0 MadDog.BearFam.Custom_BearLodge 7 7 2/600 MadDog.BearFam.Custom_BearLodge 7 7 2/610 MadDog.BearFam.Custom_BearLodge 8 8 2/620 Desert 17 52 1 \"Strings\\schedules\\MadDog.HashtagBearFam.Sondra:SondraDesertFestival.000\"/2100 bed",
        //spring
        "spring": "0 MadDog.BearFam.Custom_BearLodge 7 7 2/600 MadDog.BearFam.Custom_BearLodge 7 7 2/610 MadDog.BearFam.Custom_BearLodge 8 8 2/700 MadDog.BearFam.Custom_BearLodge 15 8 0/800 MadDog.BearFam.Custom_BearLodge 5 26 2/830 MadDog.BearFam.Custom_BearLodge 5 26 2 Sondra_happycoffee/{{SondraScheduleSVE1}}/1800 MadDog.BearFam.Custom_BearLodge 42 26 0/2200 MadDog.BearFam.Custom_BearLodge 29 33 3 Sondra_phone/2300 MadDog.BearFam.Custom_BearLodge 7 7 2 maddog.hashtagbearfam.sondra_sleep", //es

        "Mon": "0 MadDog.BearFam.Custom_BearLodge 7 7 2/600 MadDog.BearFam.Custom_BearLodge 7 7 2/610 MadDog.BearFam.Custom_BearLodge 8 8 2/700 MadDog.BearFam.Custom_BearLodge 29 33 3/710 MadDog.BearFam.Custom_BearLodge 29 33 3 Sondra_phone/1100 EastScarp_Village 73 31 2/1110 EastScarp_Village 73 31 2 Sondra_withchairhappy \"Strings\\schedules\\MadDog.HashtagBearFam.Sondra:SondraNephewSigurd1.000\"/1210 EastScarp_Village 73 31 2 Sondra_withchairhappy/1500 EastScarp_Village 73 31 2 Sondra_withchairhappy \"Strings\\schedules\\MadDog.HashtagBearFam.Sondra:SondraNephewSigurd2.000\"/1600 EastScarp_Village 73 31 2 Sondra_withchairhappy/1810 MadDog.BearFam.Custom_BearLodge 5 29 2/1830 MadDog.BearFam.Custom_BearLodge 5 29 2 Sondra_withchaircoffee/2330 MadDog.BearFam.Custom_BearLodge 7 7 2 maddog.hashtagbearfam.sondra_sleep", //Sig day // es

        "Tue": "0 Town 108 94 2/600 Town 108 94 2/610 Town 108 94 2/630 Town 20 62 2/830 SeedShop 9 17 3/910 SeedShop 9 17 3 \"Strings\\schedules\\MadDog.HashtagBearFam.Sondra:SondraShoppingTrip.000\"/1200 SeedShop 23 14 2/1500 EastScarp_Village 47 11 2/1510 EastScarp_Village 47 11 2 Sondra_withchairhappy/2000 MadDog.BearFam.Custom_BearLodge 8 29 2 Sondra_readchair/2330 MadDog.BearFam.Custom_BearLodge 7 7 2 maddog.hashtagbearfam.sondra_sleep",

        "Wed": "0 Town 108 94 2/600 Town 108 94 2/610 Town 108 94 2/630 ManorHouse 5 6 2/810 ManorHouse 5 6 2 Sondra_teach/900 ManorHouse 5 6 2 Sondra_teach \"Strings\\schedules\\MadDog.HashtagBearFam.Sondra:SondraLedgerAudit.000\"/1000 ManorHouse 5 6 2 Sondra_teach/1330 Saloon 4 19 2 Sondra_withchaircoffee/1700 EastScarp_Village 47 11 2/1710 EastScarp_Village 47 11 2 Sondra_withchairhappy/2000 MadDog.BearFam.Custom_BearLodge 8 29 2 Sondra_readchair/2330 MadDog.BearFam.Custom_BearLodge 7 7 2 maddog.hashtagbearfam.sondra_sleep",

        "Thu": "0 Town 108 94 2/600 Town 108 94 2/610 Town 108 94 2/630 Saloon 4 19 2 Sondra_withchaircoffee/{{SondraPOASBSchedule}}/1600 Town 24 31 2 Sondra_phone/1700 Town 24 31 2/1900 MadDog.BearFam.Custom_BearLodge 8 29 2 Sondra_readchair/2330 MadDog.BearFam.Custom_BearLodge 7 7 2 maddog.hashtagbearfam.sondra_sleep",

        "Fri": "0 MadDog.BearFam.Custom_BearFamLoadingZone 3 6 2/1600 EastScarp_VillageInn 33 30 2/1610 EastScarp_VillageInn 33 30 2 Sondra_readchair/2300 MadDog.BearFam.Custom_BearLodge 7 7 2 maddog.hashtagbearfam.sondra_sleep",

        "Sat": "0 Town 108 94 2/600 Town 108 94 2/610 Town 108 94 2/630 JoshHouse 6 18 3/1040 Town 24 31 2/1050 Town 24 31 2 Sondra_phone/1130 Town 24 31 2 Sondra_phone \"Strings\\schedules\\MadDog.HashtagBearFam.Sondra:SondraTownPhoneCall.000\"/1230 Town 24 31 2/1600 EastScarp_VillageInn 33 30 2/1610 EastScarp_VillageInn 33 30 2 Sondra_withchaircoffee/2000 MadDog.BearFam.Custom_BearLodge 8 29 2 Sondra_readchair/2330 MadDog.BearFam.Custom_BearLodge 7 7 2 maddog.hashtagbearfam.sondra_sleep",

        //and also
        "spring_19": "0 MadDog.BearFam.Custom_BearLodge 7 7 2/600 MadDog.BearFam.Custom_BearLodge 7 7 2/610 MadDog.BearFam.Custom_BearLodge 8 8 2/630 MadDog.BearFam.Custom_BearLodge 5 31 2/640 MadDog.BearFam.Custom_BearLodge 5 30 2 Sondra_happycoffee/1200 MadDog.BearFam.Custom_BearLodge 5 30 2 Sondra_happycoffee/1600 EastScarp_VillageInn 31 11 2/1610 EastScarp_VillageInn 31 11 2 Sondra_readchair/2300 MadDog.BearFam.Custom_BearLodge 7 7 2 maddog.hashtagbearfam.sondra_sleep",

        "fall_19": "GOTO spring_19",

        "fall_27": "0 MadDog.BearFam.Custom_BearLodge 7 7 2/600 MadDog.BearFam.Custom_BearLodge 7 7 2/610 MadDog.BearFam.Custom_BearLodge 8 8 2/700 MadDog.BearFam.Custom_BearLodge 29 33 3/710 MadDog.BearFam.Custom_BearLodge 29 33 3 Sondra_phone/900 MadDog.BearFam.Custom_BearLodge 8 29 2 Sondra_withchaircoffee/1200 EastScarp_VillageInn 23 35 0 \"Strings\\schedules\\MadDog.HashtagBearFam.Sondra:SondraSpiritsEveInnA.000\"/1400 EastScarp_VillageInn 23 35 0/1600 EastScarp_VillageInn 23 35 0 \"Strings\\schedules\\MadDog.HashtagBearFam.Sondra:SondraSpiritsEveInnB.000\"/1800 EastScarp_VillageInn 23 35 0/2000 MadDog.BearFam.Custom_BearLodge 8 8 2/2330 MadDog.BearFam.Custom_BearLodge 7 7 2 maddog.hashtagbearfam.sondra_sleep",

        "winter_16": "0 MadDog.BearFam.Custom_BearLodge 7 7 2/600 MadDog.BearFam.Custom_BearLodge 7 7 2/610 MadDog.BearFam.Custom_BearLodge 8 8 2/700 EastScarp_VillageInn 33 30 2/710 EastScarp_VillageInn 33 30 2 Sondra_withchaircoffee/1400 Beach 22 17 2/2200 MadDog.BearFam.Custom_BearLodge 7 7 2 maddog.hashtagbearfam.sondra_sleep"
      }
    },
    //DTZ
    {
      "LogName": "Sondra and Gudrun Girls' Day with DTZ on Monday the 22nd",
      "Action": "EditData",
      "Target": "Characters/schedules/MadDog.HashtagBearFam.Sondra",
      "Entries": {
        "spring_22": "0 Custom_DTZ_ZuzuCityCrossroads1 25 34 2/600 Custom_DTZ_ZuzuCityCrossroads1 25 34 2/610 Custom_DTZ_ZuzuCityCrossroads1 25 34 2/900 Custom_DTZ_CrossEast 35 24 3/1000 Custom_DTZ_CrossEast 35 24 3 \"Strings\\schedules\\MadDog.HashtagBearFam.Sondra:SondraDTZA.000\"/1200 Custom_DTZ_Barber 5 12 1 \"Strings\\schedules\\MadDog.HashtagBearFam.Sondra:SondraDTZBarber.000\"/1400 Custom_DTZ_Bakery 6 16 3/1700 Custom_DTZ_Bakery 6 16 3 \"Strings\\schedules\\MadDog.HashtagBearFam.Sondra:SondraDTZB.000\"/2000 Custom_DTZ_Bakery 6 16 3/2400 MadDog.BearFam.Custom_BearLodge 47 26 2 maddog.hashtagbearfam.sondra_sleep",
        "summer_22": "GOTO spring_22",
        "fall_22": "GOTO spring_22",
        "winter_22": "GOTO spring_22"
      },
      "When": {
        "HasMod |contains=DTZ.DowntownZuzuCP": true,
        "HasFlag": "BearFamExtraMembers"
      }
    }
  ]
 }