{
  "Changes": [
    {
      "LogName": "Teren Schedule",
      "Action": "EditData",
      "Target": "Characters/schedules/MadDog.HashtagBearFam.Teren",
      "Entries": {

        //0 (up), 1 (right), 2 (down), and 3 (left)
        "rain": "0 MadDog.BearFam.Custom_BearLodge 45 26 2/600 MadDog.BearFam.Custom_BearLodge 45 26 2/900 EastScarp_VillageInn 30 13 2/910 EastScarp_VillageInn 30 13 2 Teren_seated_drink/1000 EastScarp_VillageInn 30 13 2 Teren_seated_drink \"Strings\\schedules\\MadDog.HashtagBearFam.Teren:TerenEastScarpInn.000\"/1010 EastScarp_VillageInn 30 13 2 Teren_seated_drink/1300 EastScarp_Village 28 61 2/1310 EastScarp_Village 28 61 2 Teren_sit_kicky/1400 EastScarp_Village 28 61 2 Teren_sit_kicky \"Strings\\schedules\\MadDog.HashtagBearFam.Teren:TerenPondPonder.000\"/1500 EastScarp_Village 28 61 2 Teren_sit_kicky/1700 MadDog.BearFam.Custom_BearLodge 8 27 2/1710 MadDog.BearFam.Custom_BearLodge 8 27 2 Teren_beersip/130 MadDog.BearFam.Custom_BearLodge 47 26 2 maddog.hashtagbearfam.teren_sleep",

        "GreenRain": "0 MadDog.BearFam.Custom_BearLodge 45 26 2/600 MadDog.BearFam.Custom_BearLodge 45 26 2/610 MadDog.BearFam.Custom_BearLodge 39 27 3/630 MadDog.BearFam.Custom_BearLodge 6 31 2/1300 MadDog.BearFam.Custom_BearLodge 6 31 2 \"Strings\\schedules\\MadDog.HashtagBearFam.Teren:TerenGreenRain.000\"/1430 MadDog.BearFam.Custom_BearLodge 6 31 2/130 MadDog.BearFam.Custom_BearLodge 47 26 2 maddog.hashtagbearfam.teren_sleep",

        "DesertFestival_2": "0 MadDog.BearFam.Custom_BearLodge 45 26 2/600 MadDog.BearFam.Custom_BearLodge 45 26 2/610 MadDog.BearFam.Custom_BearLodge 39 27 3/620 Desert 41 56 2 Teren_sit_kicky \"Strings\\schedules\\MadDog.HashtagBearFam.Teren:TerenDesertFestival.000\"/2200 bed",
        //spring
        "spring": "0 MadDog.BearFam.Custom_BearLodge 45 26 2/600 MadDog.BearFam.Custom_BearLodge 45 26 2/610 MadDog.BearFam.Custom_BearLodge 39 27 3/630 MadDog.BearFam.Custom_BearLodge 45 30 2 Teren_kneel/1000 EastScarp_Village 43 11 1 Teren_yogastretch/1100 EastScarp_Village 43 11 1 Teren_yogastretch \"Strings\\schedules\\MadDog.HashtagBearFam.Teren:TerenOutdoorExercise.000\"/1200 EastScarp_Village 43 11 1 Teren_yogastretch/1300 EastScarp_VillageInn 23 30 2 Teren_seated_drink/1430 EastScarp_VillageInn 23 30 2 Teren_seated_armsdown/1800 EastScarp_Village 88 8 2 Teren_sit_kicky/2400 MadDog.BearFam.Custom_BearLodge 47 26 2 maddog.hashtagbearfam.teren_sleep", //stay in es

        "Mon": "0 Town 110 93 2/600 Town 110 93 2/610 Town 24 54 2/620 Town 24 54 2 Teren_headphones/900 Hospital 2 17 0/910 Hospital 2 17 0 \"Strings\\schedules\\MadDog.HashtagBearFam.Teren:TerenHospital.000\"/1010 Hospital 2 17 0/1330 Saloon 3 17 2/1340 Saloon 3 17 2 Teren_beersip/2000 EastScarp_Village 60 22 2/2010 EastScarp_Village 60 22 2 Teren_sit_headphones/2400 MadDog.BearFam.Custom_BearLodge 47 26 2 maddog.hashtagbearfam.teren_sleep", //go to town

        "Tue": "0 Railroad 30 44 2/600 Railroad 30 44 2/630 Railroad 31 40 1 Teren_yogastretch \"Strings\\schedules\\MadDog.HashtagBearFam.Teren:TerenOutdoorExercise.000\"/800 Railroad 31 40 2 Teren_headphones/1000 Seedshop 14 20 EastScarp_Village 41 10 0/1530 MadDog.BearFam.Custom_BearLodge 8 27 2/1540 MadDog.BearFam.Custom_BearLodge 8 27 2 Teren_beersip/2000 EastScarp_Village 60 22 2/2010 EastScarp_Village 60 22 2 Teren_sit_headphones/2400 MadDog.BearFam.Custom_BearLodge 47 26 2 maddog.hashtagbearfam.teren_sleep", //go to town

        "Wed": "0 MadDog.BearFam.Custom_BearLodge 45 26 2/600 MadDog.BearFam.Custom_BearLodge 45 26 2/610 MadDog.BearFam.Custom_BearLodge 39 27 3/630 MadDog.BearFam.Custom_BearLodge 28 26 2/640 MadDog.BearFam.Custom_BearLodge 28 26 2 Teren_mixingbowl/1030 EastScarp_Village 40 16 2 Teren_sit_kicky/1330 EastScarp_Village 57 42 1 Teren_text/1700 EastScarp_VillageInn 37 34 3/1710 EastScarp_InnBath 8 8 1/1720 EastScarp_InnBath 8 8 1 Teren_yogastretch/2200 MadDog.BearFam.Custom_BearLodge 47 26 2 maddog.hashtagbearfam.teren_sleep", //stay in es

        "Thu": "0 Town 110 93 2/600 Town 110 93 2/610 Town 54 76 3/700 Town 42 72 2/710 Town 42 72 Teren_headphones/{{TerenPOASBSchedule}}/1500 Saloon 3 17 2/1510 Saloon 3 17 2 Teren_beersip/2200 MadDog.BearFam.Custom_BearLodge 47 26 2 maddog.hashtagbearfam.teren_sleep", //go to town

        "Fri": "0 Town 110 93 2/600 Town 110 93 2/610 Town 69 15 1 Teren_text/900 Town 69 15 2 Teren_headphones/1000 Saloon {{TerenSaloonFix}}/1600 Town 37 68 2/1900 MadDog.BearFam.Custom_BearLodge 8 27 2/1910 MadDog.BearFam.Custom_BearLodge 8 27 2 Teren_beersip/130 MadDog.BearFam.Custom_BearLodge 47 26 2 maddog.hashtagbearfam.teren_sleep", //go to town

        "Sat": "0 MadDog.BearFam.Custom_BearLodge 45 26 2/600 MadDog.BearFam.Custom_BearLodge 45 26 2/610 MadDog.BearFam.Custom_BearLodge 39 27 3/900 MadDog.BearFam.Custom_BearLodge 28 26 2/910 MadDog.BearFam.Custom_BearLodge 28 26 2 Teren_mixingbowl/1200 EastScarp_Village 47 130 2/1210 EastScarp_Village 47 130 2 Teren_sit_armsdown_kickydock/1700 EastScarp_VillageInn 37 34 3/1710 EastScarp_InnBath 8 8 1/1720 EastScarp_InnBath 8 8 1 Teren_yogastretch/2400 MadDog.BearFam.Custom_BearLodge 47 26 2 maddog.hashtagbearfam.teren_sleep", //stay in es

        "winter": "0 MadDog.BearFam.Custom_BearLodge 45 26 2/600 MadDog.BearFam.Custom_BearLodge 45 26 2/610 MadDog.BearFam.Custom_BearLodge 39 27 3/630 MadDog.BearFam.Custom_BearLodge 45 30 2 Teren_kneel/900 EastScarp_Village 49 131 2 Teren_sit_headphonesdock/1100 EastScarp_Village 49 131 2 Teren_sit_headphonesdock \"Strings\\schedules\\MadDog.HashtagBearFam.Teren:TerenDockWatching.000\"/1200 EastScarp_Village 49 131 2 Teren_sit_headphonesdock/1300 EastScarp_VillageInn 23 30 2 Teren_seated_drink/1430 EastScarp_VillageInn 23 30 2 Teren_seated_armsdown/1800 EastScarp_Village 88 8 2 Teren_sit_kicky/2400 MadDog.BearFam.Custom_BearLodge 47 26 2 maddog.hashtagbearfam.teren_sleep", //stay in es


        //and also
        "spring_19": "0 MadDog.BearFam.Custom_BearLodge 45 26 2/600 MadDog.BearFam.Custom_BearLodge 45 26 2/610 MadDog.BearFam.Custom_BearLodge 39 27 3/630 MadDog.BearFam.Custom_BearLodge 6 31 2/1000 EastScarp_Village 40 16 2 Teren_sit_armsdown_kicky/1600 EastScarp_VillageInn 27 11 2/1610 EastScarp_VillageInn 27 11 2 Teren_beersip/2400 MadDog.BearFam.Custom_BearLodge 47 26 2 maddog.hashtagbearfam.teren_sleep",

        "fall_19": "GOTO spring_19",

        "fall_27": "0 MadDog.BearFam.Custom_BearLodge 45 26 2/600 MadDog.BearFam.Custom_BearLodge 45 26 2/610 MadDog.BearFam.Custom_BearLodge 39 27 3/800 EastScarp_Village 43 11 1 Teren_yogastretch/900 EastScarp_Village 43 11 1 Teren_yogastretch \"Strings\\schedules\\MadDog.HashtagBearFam.Teren:TerenOutdoorExercise.000\"/1000 EastScarp_Village 43 11 1 Teren_yogastretch/1030 EastScarp_Village 40 16 2 Teren_sit_kicky/1200 EastScarp_VillageInn 36 29 2 \"Strings\\schedules\\MadDog.HashtagBearFam.Teren:TerenSpiritsEveInnA.000\"/1400 EastScarp_VillageInn 36 29 2/1600 EastScarp_VillageInn 36 29 2 \"Strings\\schedules\\MadDog.HashtagBearFam.Teren:TerenSpiritsEveInnB.000\"/1800 EastScarp_VillageInn 36 29 2/2000 MadDog.BearFam.Custom_BearLodge 39 27 3",

        "winter_16": "0 MadDog.BearFam.Custom_BearLodge 45 26 2/600 MadDog.BearFam.Custom_BearLodge 45 26 2/630 MadDogBearFam.Custom_BearLodge 28 26 2 Teren_mixingbowl/900 EastScarp_Village 40 16 2 Teren_sit_kicky/1200 Town 110 93 2 Teren_heaphones/1400 Beach 22 17 2/2200 MadDog.BearFam.Custom_BearLodge 47 26 2 maddog.hashtagbearfam.teren_sleep"
      },
      "When": {
        "HasSeenEvent |contains=MadDog.BearFam.16199000": true
      }
    },

    //fire sat
    {
      "LogName": "Teren Sat - E&D",
      "Action": "EditData",
      "Target": "Characters/schedules/MadDog.HashtagBearFam.Teren",
      "Entries": {
        "Sat": "0 MadDog.BearFam.Custom_BearLodge 45 26 2/600 MadDog.BearFam.Custom_BearLodge 45 26 2/610 MadDog.BearFam.Custom_BearLodge 39 27 3/900 MadDog.BearFam.Custom_BearLodge 28 26 2/910 MadDog.BearFam.Custom_BearLodge 28 26 2 Teren_mixingbowl/1030 EastScarp_Village 47 131 2/1040 EastScarp_Village 47 131 2 Teren_sit_armsdown_kickydockB/1300 EastScarp_Village 36 105 2 Teren_kneel/2400 MadDog.BearFam.Custom_BearLodge 47 26 2 maddog.hashtagbearfam.teren_sleep", //1310 EastScarp_Village 36 104 2 Teren_sit
        "winter_13": "0 MadDog.BearFam.Custom_BearLodge 45 26 2/600 MadDog.BearFam.Custom_BearLodge 45 26 2/610 MadDog.BearFam.Custom_BearLodge 39 27 3/630 MadDog.BearFam.Custom_BearLodge 45 30 2 Teren_kneel/900 EastScarp_Village 49 130 2 Teren_sit_headphonesdock/1100 EastScarp_Village 49 130 2 Teren_sit_headphonesdock \"Strings\\schedules\\MadDog.HashtagBearFam.Teren:TerenDockWatching.000\"/1200 EastScarp_Village 49 130 2 Teren_sit_headphonesdock/1300 EastScarp_VillageInn 23 30 2 Teren_seated_drink/1430 EastScarp_VillageInn 23 30 2 Teren_seated_armsdown/1800 EastScarp_Village 88 8 2 Teren_sit_kicky/2400 MadDog.BearFam.Custom_BearLodge 47 26 2 maddog.hashtagbearfam.teren_sleep" //stay in es
      },
      "When": {
        "HasMod |contains=TenebrousNova.EliDylan.CP": true,
        "HasSeenEvent |contains=MadDog.BearFam.16199000": true,
        "Weather": "Sun, Wind, Snow",
        "HasSeenEvent |contains=MadDog.BearFam.16199008": false
      }
    },
    //DTZ

    {
      "LogName": "Teren Schedule with Sigurd, Gunnar on Monday the 22nd",
      "Action": "EditData",
      "Target": "Characters/schedules/MadDog.HashtagBearFam.Teren",
      "Entries": {
        "spring_22": "0 Custom_DTZ_CrossEast 61 29 1/600 Custom_DTZ_CrossEast 61 29 1/610 Custom_DTZ_CrossEast 61 29 1/900 Custom_DTZ_CrossEast 61 29 1/1200 Custom_DTZ_NightClubMain 4 25 1/1400 Custom_DTZ_NightClubMain 16 25 2 Teren_beersip/1600 Custom_DTZ_NightClubMain 16 25 2 Teren_beer \"Strings\\schedules\\MadDog.HashtagBearFam.Teren:TerenDTZA.000\"/1800 Custom_DTZ_NightClubMain 16 25 2 Teren_beersip/2000 Custom_DTZ_NightClubMain 16 25 2 Teren_beer \"Strings\\schedules\\MadDog.HashtagBearFam.Teren:TerenDTZB.000\"/2200 Custom_DTZ_NightClubMain 16 25 2 Teren_beersip/2400 MadDog.BearFam.Custom_BearLodge 47 26 2 maddog.hashtagbearfam.teren_sleep",
        "summer_22": "GOTO spring_22",
        "fall_22": "GOTO spring_22",
        "winter_22": "GOTO spring_22"
      },
      "When": {
        "HasMod |contains=DTZ.DowntownZuzuCP": true,
        "HasSeenEvent |contains=MadDog.BearFam.16199000": true,
        "HasConversationTopic |contains=SigtheHero": false
      }
    },


    //Friendship Sig schedule
    {
      "LogName": "Teren Schedule with Sigurd on Wednesday the 3rd and Monday the 23rd",
      "Action": "EditData",
      "Target": "Characters/schedules/MadDog.HashtagBearFam.Teren",
      "Entries": {
        "GreenRain": "0 MadDog.BearFam.Custom_BearLodge 45 26 2/600 MadDog.BearFam.Custom_BearLodge 45 26 2/610 MadDog.BearFam.Custom_BearLodge 39 27 3/630 MadDog.BearFam.Custom_BearLodge 6 31 2/1300 MadDog.BearFam.Custom_BearLodge 6 31 2 \"Strings\\schedules\\MadDog.HashtagBearFam.Teren:TerenGreenRain.000\"/1430 MadDog.BearFam.Custom_BearLodge 6 31 2/2400 MadDog.BearFam.Custom_BearLodge 47 26 2 maddog.hashtagbearfam.teren_sleep",

        "spring_3": "0 Beach 31 37 2/600 Beach 31 37 2/610 Beach 31 37 2 Teren_sit_armsdown_kickydock/1100 Saloon 30 19 2/1110 Saloon 30 19 2 Teren_beersip/1300 Saloon 30 19 2 Teren_beer/1310 Saloon 30 19 2 Teren_beersip \"Strings\\schedules\\MadDog.HashtagBearFam.Teren:TerenSigurdA.000\"/1410 Saloon 30 19 2 Teren_beersip/1710 Saloon 30 19 2 Teren_beer \"Strings\\schedules\\MadDog.HashtagBearFam.Teren:TerenSigurdStoryA.000\"/1720 Saloon 30 19 2 Teren_beer \"Strings\\schedules\\MadDog.HashtagBearFam.Teren:TerenSigurdStoryB.000\"/1730 Saloon 30 19 2 Teren_beer \"Strings\\schedules\\MadDog.HashtagBearFam.Teren:TerenSigurdStoryC.000\"/1740 Saloon 30 19 2 Teren_beer \"Strings\\schedules\\MadDog.HashtagBearFam.Teren:TerenSigurdStoryD.000\"/1810 Saloon 30 19 2 Teren_beersip/2010 Saloon 30 19 2 Teren_beer \"Strings\\schedules\\MadDog.HashtagBearFam.Teren:TerenSigurdB.000\"/2100 Saloon 30 19 2 Teren_beer/2200 MadDog.BearFam.Custom_BearLodge 47 26 2 maddog.hashtagbearfam.teren_sleep",

        "spring_23": "GOTO spring_3",

        "summer_3": "GOTO spring_3",

        "summer_23": "GOTO spring_3",

        "fall_3": "GOTO spring_3",

        "fall_23": "GOTO spring_3",

        "winter_3": "GOTO spring_3",

        "winter_23": "GOTO spring_3"
      },
      "When": {
        "HasSeenEvent |contains=MadDog.BearFam.16199000": true,
        "HasConversationTopic |contains=SigtheHero": false,
        "Relationship:MadDog.HashtagBearFam.Sigurd": "Unmet, Friendly, Dating, Engaged, Divorced"
      }
    },
    //bakery~
    {
      "LogName": "Teren Schedule - Bakery Edition",
      "Action": "EditData",
      "Target": "Characters/schedules/MadDog.HashtagBearFam.Teren",
      "Entries": {

        //0 (up), 1 (right), 2 (down), and 3 (left)
        "rain": "0 MadDog.BearFam.Custom_BearLodge 45 26 2/600 MadDog.BearFam.Custom_BearLodge 45 26 2/700 MadDog.HashtagBearFam_CharityShop 10 7 2/1000 MadDog.HashtagBearFam_CharityShop 10 7 2 Teren_mixingbowl/1300 MadDog.HashtagBearFam_CharityShop 10 5 0/1320 MadDog.HashtagBearFam_CharityShop 10 5 0 \"Strings\\schedules\\MadDog.HashtagBearFam.Teren:TerenCaritasLunch.000\"/1420 MadDog.HashtagBearFam_CharityShop 10 7 2/1610 EastScarp_Village 28 61 2 Teren_sit_kicky \"Strings\\schedules\\MadDog.HashtagBearFam.Teren:TerenPondPonder.000\"/1700 EastScarp_Village 28 61 2 Teren_sit_kicky/1900 MadDog.BearFam.Custom_BearLodge 8 27 2 Teren_beersip/130 MadDog.BearFam.Custom_BearLodge 47 26 2 maddog.hashtagbearfam.teren_sleep",

        "GreenRain": "0 MadDog.BearFam.Custom_BearLodge 45 26 2/600 MadDog.BearFam.Custom_BearLodge 45 26 2/610 MadDog.BearFam.Custom_BearLodge 39 27 3/630 MadDog.BearFam.Custom_BearLodge 6 31 2/1300 MadDog.BearFam.Custom_BearLodge 6 31 2 \"Strings\\schedules\\MadDog.HashtagBearFam.Teren:TerenGreenRain.000\"/1430 MadDog.BearFam.Custom_BearLodge 6 31 2/130 MadDog.BearFam.Custom_BearLodge 47 26 2 maddog.hashtagbearfam.teren_sleep",

        "DesertFestival_2": "0 MadDog.BearFam.Custom_BearLodge 45 26 2/600 MadDog.BearFam.Custom_BearLodge 45 26 2/610 MadDog.BearFam.Custom_BearLodge 39 27 3/620 Desert 41 56 2 Teren_sit_kicky \"Strings\\schedules\\MadDog.HashtagBearFam.Teren:TerenDesertFestival.000\"/2200 bed",
        //spring
        "spring": "0 MadDog.BearFam.Custom_BearLodge 45 26 2/600 MadDog.BearFam.Custom_BearLodge 45 26 2/700 MadDog.HashtagBearFam_CharityShop 10 7 2/800 MadDog.HashtagBearFam_CharityShop 10 7 2 Teren_laptop/1000 MadDog.HashtagBearFam_CharityShop 10 7 2 Teren_mixingbowl/1200 MadDog.HashtagBearFam_CharityShop 10 5 0/1220 MadDog.HashtagBearFam_CharityShop 10 5 0 \"Strings\\schedules\\MadDog.HashtagBearFam.Teren:TerenCaritasLunch.000\"/1300 MadDog.HashtagBearFam_CharityShop 10 7 2 Teren_laptop/1500 MadDog.HashtagBearFam_CharityShop 10 7 2 Teren_text/1610 EastScarp_Village 49 130 2 Teren_sit_headphonesdock \"Strings\\schedules\\MadDog.HashtagBearFam.Teren:TerenDockWatching.000\"/2000 EastScarp_Village 49 130 2 Teren_sit_headphonesdock/2200 MadDog.BearFam.Custom_BearLodge 8 27 2 Teren_beersip/130 MadDog.BearFam.Custom_BearLodge 47 26 2 maddog.hashtagbearfam.teren_sleep",

        "Mon": "GOTO spring",

        "Tue": "GOTO spring",

        "Wed": "GOTO spring",

        "Thu": "GOTO spring",

        "Fri": "0 Town 110 93 2/600 Town 110 93 2/610 Town 110 93 2 Teren_headphones/800 MadDog.HashtagBearFam_CharityShop 9 5 2 Teren_seated_drink/1200 MadDog.HashtagBearFam_CharityShop 10 7 2 Teren_mixingbowl/1300 MadDog.HashtagBearFam_CharityShop 10 7 2 \"Strings\\schedules\\MadDog.HashtagBearFam.Teren:TerenCaritasCharity.000\"/1400 MadDog.HashtagBearFam_CharityShop 12 6 2 Teren_laptop/1900 MadDog.HashtagBearFam_CharityShop 10 7 2 Teren_sit_armsdown_kicky/2300 MadDog.HashtagBearFam_CharityShop 14 5 0",

        "Sat": "GOTO Fri",

        "marriage_Wed": "700 MadDog.HashtagBearFam_CharityShop 10 7 2/800 MadDog.HashtagBearFam_CharityShop 10 7 2 Teren_laptop/1000 MadDog.HashtagBearFam_CharityShop 10 7 2 Teren_mixingbowl/1200 MadDog.HashtagBearFam_CharityShop 10 5 0/1220 MadDog.HashtagBearFam_CharityShop 10 5 0 \"Strings\\schedules\\MadDog.HashtagBearFam.Teren:TerenCaritasLunch.000\"/1300 MadDog.HashtagBearFam_CharityShop 10 7 2 Teren_laptop/1500 bed",
        "marriage_Fri": "700 MadDog.HashtagBearFam_CharityShop 10 7 2/800 MadDog.HashtagBearFam_CharityShop 10 7 2 Teren_laptop/1000 MadDog.HashtagBearFam_CharityShop 10 7 2 Teren_mixingbowl/1200 MadDog.HashtagBearFam_CharityShop 10 5 0/1220 MadDog.HashtagBearFam_CharityShop 10 5 0 \"Strings\\schedules\\MadDog.HashtagBearFam.Teren:TerenCaritasLunch.000\"/1300 MadDog.HashtagBearFam_CharityShop 10 7 2 Teren_laptop/1500 bed",
        "marriage_DesertFestival_2": "800 Desert 43 56 2 Desert 41 56 2 Teren_sit_kicky \"Strings\\schedules\\MadDog.HashtagBearFam.Gunnar:MarriedTerenDesertFestival.000\"/2440 bed",

        //and also
        "spring_19": "0 MadDog.BearFam.Custom_BearLodge 45 26 2/600 MadDog.BearFam.Custom_BearLodge 45 26 2/610 MadDog.BearFam.Custom_BearLodge 39 27 3/630 MadDog.BearFam.Custom_BearLodge 6 31 2/1000 EastScarp_Village 40 16 2 Teren_sit_armsdown_kicky/1600 EastScarp_VillageInn 27 11 2/1610 EastScarp_VillageInn 27 11 2 Teren_beersip/2400 MadDog.BearFam.Custom_BearLodge 47 26 2 maddog.hashtagbearfam.teren_sleep",

        "fall_19": "GOTO spring_19",

        "fall_27": "0 MadDog.BearFam.Custom_BearLodge 45 26 2/600 MadDog.BearFam.Custom_BearLodge 45 26 2/610 MadDog.BearFam.Custom_BearLodge 39 27 3/800 EastScarp_Village 43 11 1 Teren_yogastretch/900 EastScarp_Village 43 11 1 Teren_yogastretch \"Strings\\schedules\\MadDog.HashtagBearFam.Teren:TerenOutdoorExercise.000\"/1000 EastScarp_Village 43 11 1 Teren_yogastretch/1030 EastScarp_Village 40 16 2 Teren_sit_kicky/1200 EastScarp_VillageInn 36 29 2 \"Strings\\schedules\\MadDog.HashtagBearFam.Teren:TerenSpiritsEveInnA.000\"/1400 EastScarp_VillageInn 36 29 2/1600 EastScarp_VillageInn 36 29 2 \"Strings\\schedules\\MadDog.HashtagBearFam.Teren:TerenSpiritsEveInnB.000\"/1800 EastScarp_VillageInn 36 29 2/2000 MadDog.BearFam.Custom_BearLodge 39 27 3",


        "winter_16": "0 MadDog.BearFam.Custom_BearLodge 45 26 2/600 MadDog.BearFam.Custom_BearLodge 45 26 2/630 MadDogBearFam.Custom_BearLodge 28 26 2 Teren_mixingbowl/900 EastScarp_Village 40 16 2 Teren_sit_kicky/1200 Town 110 93 2 Teren_heaphones/1400 Beach 22 17 2/2200 MadDog.BearFam.Custom_BearLodge 47 26 2 maddog.hashtagbearfam.teren_sleep"
      },
      "When": {
        "HasSeenEvent |contains=MadDog.BearFam.16199010": true //event where he opens a bakery MadDog.BearFam.16199008
      }
    }
  ]
 }