{
    "Name": "JupiterIdle",
    "Type": "Walking",
    "EnableSpawnAtDayStart": true,
    "EnableFarmerCollision": true,
    "EnableShadow": true,
    "Shadow": {
        "OffsetX": 0,
        "OffsetY": -16,
        "Scale": 1,
        "Alpha": 255
    },
    "TravelSpeed": 1,
    "SpawnOffsetX": 0,
    "SpawnOffsetY": 0,
    "MaxIdleDistance": -1,
    "MaxDistanceBeforeTeleport": -1,
    "InspectionDialogue": "Jupiter's friendly face lulls you into a false sense of security.",
    "Portrait": {
        "PortraitDisplayName": "Jupiter",
        "FrameSizeWidth": 64,
        "FrameSizeHeight": 64,
        "FrameIndex": 0
    },
    "IdleBehavior": "Wander",
    "FrameSizeWidth": 32,
    "FrameSizeHeight": 32,
    "UpAnimation": {
        "StartingFrame": 8,
        "NumberOfFrames": 4,
        "Duration": 100,
        "IdleAnimation": {
            "StartingFrame": 8,
            "NumberOfFrames": 1,
            "Duration": 500
        }
    },
    "DownAnimation": {
        "StartingFrame": 0,
        "NumberOfFrames": 4,
        "Duration": 100,
        "IdleAnimation": {
            "StartingFrame": 0,
            "NumberOfFrames": 1,
            "Duration": 500
        }
    },
    "LeftAnimation": {
        "StartingFrame": 12,
        "NumberOfFrames": 4,
        "Duration": 100,
        "IdleAnimation": {
            "StartingFrame": 12,
            "NumberOfFrames": 1,
            "Duration": 500
        }
    },
    "RightAnimation": {
        "StartingFrame": 4,
        "NumberOfFrames": 4,
        "Duration": 100,
        "IdleAnimation": {
            "StartingFrame": 4,
            "NumberOfFrames": 1,
            "Duration": 500
        }
    },
    "Sounds": [
        {
            "SoundName": "dog_bark",
            "WhenToPlay": "Idle",
            "TimeBetweenSound": 5000,
            "ChanceOfPlaying": 0.3
        }
    ]
}