{
  "Changes": [
    {
      "LogName": "Mateo 0 Heart Event pt 1 (3.0)",
      "Action": "EditData",
      "Target": "Data/Events/Mine",
      "Entries": {
        "SnS.Ch1.Mateo.0/e 100162/t 600 2400/F": "Upper_Ambient/-100 -100/farmer 18 13 0 Mateo 1000 1000 0/addTemporaryActor MateoFinale 32 32 1000 1000 0 true Character/addTemporaryActor SlimeyBoiJr 16 16 1000 1000 0 false Character/addTemporaryActor SlimeyBoiJr2 16 16 1000 1000 0 false Character/addTemporaryActor SlimeyBoiJr3 16 16 1000 1000 0 false Character/addConversationTopic MateoRescue {{VariableTimegate}}/addTemporaryActor SlimeyBoiJr4 16 16 1000 1000 0 false/addTemporaryActor SlimeyBoiJr5 16 16 1000 1000 0 false/globalFadeToClear/viewport 23 9/skippable/speed farmer 4/pause 200/emote farmer 40/move farmer 0 -5 0/pause 250/faceDirection farmer 3/pause 250/faceDirection farmer 0/pause 250/faceDirection farmer 2/pause 250/move farmer 5 0 0/faceDirection farmer 2/pause 200/playSound stairsdown/fade/viewport -1000 -1000/changeLocation EastScarp_IntroMine/warp farmer 10 4/viewport 10 6/globalFadeToClear/pause 250/emote farmer 40/pause 250/emote farmer 16/pause 50/jump farmer 8 true/showFrame farmer 94/startJittering/warp SlimeyBoiJr 8 -2/showFrame SlimeyBoiJr 5/positionOffset SlimeyBoiJr 0 10/positionOffset SlimeyBoiJr 0 10/positionOffset SlimeyBoiJr 0 10/positionOffset SlimeyBoiJr 0 10/positionOffset SlimeyBoiJr 0 10/positionOffset SlimeyBoiJr 0 10/positionOffset SlimeyBoiJr 0 10/positionOffset SlimeyBoiJr 0 10/positionOffset SlimeyBoiJr 0 10/positionOffset SlimeyBoiJr 0 10/positionOffset SlimeyBoiJr 0 10/positionOffset SlimeyBoiJr 0 10/positionOffset SlimeyBoiJr 0 10/positionOffset SlimeyBoiJr 0 10/positionOffset SlimeyBoiJr 0 10/positionOffset SlimeyBoiJr 0 10/positionOffset SlimeyBoiJr 0 10/positionOffset SlimeyBoiJr 0 10/positionOffset SlimeyBoiJr 0 10/positionOffset SlimeyBoiJr 0 10/positionOffset SlimeyBoiJr 0 10/positionOffset SlimeyBoiJr 0 10/positionOffset SlimeyBoiJr 0 10/positionOffset SlimeyBoiJr 0 10/positionOffset SlimeyBoiJr 0 10/positionOffset SlimeyBoiJr 0 10/positionOffset SlimeyBoiJr 0 10/positionOffset SlimeyBoiJr 0 10/positionOffset SlimeyBoiJr 0 10/positionOffset SlimeyBoiJr 0 10/positionOffset SlimeyBoiJr 0 10/positionOffset SlimeyBoiJr 0 10/positionOffset SlimeyBoiJr 0 10/positionOffset SlimeyBoiJr 0 10/positionOffset SlimeyBoiJr 0 10/positionOffset SlimeyBoiJr 0 10/positionOffset SlimeyBoiJr 0 10/positionOffset SlimeyBoiJr 0 10/positionOffset SlimeyBoiJr 0 10/positionOffset SlimeyBoiJr 0 10/positionOffset SlimeyBoiJr 0 10/positionOffset SlimeyBoiJr 0 10/positionOffset SlimeyBoiJr 0 10/positionOffset SlimeyBoiJr 0 10/positionOffset SlimeyBoiJr 0 10/positionOffset SlimeyBoiJr 0 10/positionOffset SlimeyBoiJr 0 10/positionOffset SlimeyBoiJr 0 10/playSound slimedead/warp SlimeyBoiJr 8 5/animate SlimeyBoiJr false false 100 18 17 16/pause 300/stopAnimation SlimeyBoiJr/animate SlimeyBoiJr false true 100 4 5 6 7/warp SlimeyBoiJr2 9 0/showFrame SlimeyBoiJr2 5/positionOffset SlimeyBoiJr2 0 10/positionOffset SlimeyBoiJr2 0 10/positionOffset SlimeyBoiJr2 0 10/positionOffset SlimeyBoiJr2 0 10/positionOffset SlimeyBoiJr2 0 10/positionOffset SlimeyBoiJr2 0 10/positionOffset SlimeyBoiJr2 0 10/positionOffset SlimeyBoiJr2 0 10/positionOffset SlimeyBoiJr2 0 10/positionOffset SlimeyBoiJr2 0 10/positionOffset SlimeyBoiJr2 0 10/positionOffset SlimeyBoiJr2 0 10/positionOffset SlimeyBoiJr2 0 10/positionOffset SlimeyBoiJr2 0 10/positionOffset SlimeyBoiJr2 0 10/positionOffset SlimeyBoiJr2 0 10/positionOffset SlimeyBoiJr2 0 10/positionOffset SlimeyBoiJr2 0 10/positionOffset SlimeyBoiJr2 0 10/positionOffset SlimeyBoiJr2 0 10/positionOffset SlimeyBoiJr2 0 10/positionOffset SlimeyBoiJr2 0 10/positionOffset SlimeyBoiJr2 0 10/positionOffset SlimeyBoiJr2 0 10/positionOffset SlimeyBoiJr2 0 10/positionOffset SlimeyBoiJr2 0 10/positionOffset SlimeyBoiJr2 0 10/positionOffset SlimeyBoiJr2 0 10/positionOffset SlimeyBoiJr2 0 10/positionOffset SlimeyBoiJr2 0 10/positionOffset SlimeyBoiJr2 0 10/positionOffset SlimeyBoiJr2 0 10/positionOffset SlimeyBoiJr2 0 10/positionOffset SlimeyBoiJr2 0 10/positionOffset SlimeyBoiJr2 0 10/positionOffset SlimeyBoiJr2 0 10/positionOffset SlimeyBoiJr2 0 10/positionOffset SlimeyBoiJr2 0 10/positionOffset SlimeyBoiJr2 0 10/positionOffset SlimeyBoiJr2 0 10/positionOffset SlimeyBoiJr2 0 10/positionOffset SlimeyBoiJr2 0 10/positionOffset SlimeyBoiJr2 0 10/positionOffset SlimeyBoiJr2 0 10/positionOffset SlimeyBoiJr2 0 10/positionOffset SlimeyBoiJr2 0 10/positionOffset SlimeyBoiJr2 0 10/positionOffset SlimeyBoiJr2 0 9/playSound slimedead/warp SlimeyBoiJr2 9 7/animate SlimeyBoiJr2 false false 100 18 17 16/pause 300/stopAnimation SlimeyBoiJr2/animate SlimeyBoiJr2 false true 100 4 5 6 7/warp SlimeyBoiJr3 11 -1/showFrame SlimeyBoiJr3 5/positionOffset SlimeyBoiJr3 0 10/positionOffset SlimeyBoiJr3 0 10/positionOffset SlimeyBoiJr3 0 10/positionOffset SlimeyBoiJr3 0 10/positionOffset SlimeyBoiJr3 0 10/positionOffset SlimeyBoiJr3 0 10/positionOffset SlimeyBoiJr3 0 10/positionOffset SlimeyBoiJr3 0 10/positionOffset SlimeyBoiJr3 0 10/positionOffset SlimeyBoiJr3 0 10/positionOffset SlimeyBoiJr3 0 10/positionOffset SlimeyBoiJr3 0 10/positionOffset SlimeyBoiJr3 0 10/positionOffset SlimeyBoiJr3 0 10/positionOffset SlimeyBoiJr3 0 10/positionOffset SlimeyBoiJr3 0 10/positionOffset SlimeyBoiJr3 0 10/positionOffset SlimeyBoiJr3 0 10/positionOffset SlimeyBoiJr3 0 10/positionOffset SlimeyBoiJr3 0 10/positionOffset SlimeyBoiJr3 0 10/positionOffset SlimeyBoiJr3 0 10/positionOffset SlimeyBoiJr3 0 10/positionOffset SlimeyBoiJr3 0 10/positionOffset SlimeyBoiJr3 0 10/positionOffset SlimeyBoiJr3 0 10/positionOffset SlimeyBoiJr3 0 10/positionOffset SlimeyBoiJr3 0 10/positionOffset SlimeyBoiJr3 0 10/positionOffset SlimeyBoiJr3 0 10/positionOffset SlimeyBoiJr3 0 10/positionOffset SlimeyBoiJr3 0 10/positionOffset SlimeyBoiJr3 0 10/positionOffset SlimeyBoiJr3 0 10/positionOffset SlimeyBoiJr3 0 10/positionOffset SlimeyBoiJr3 0 10/positionOffset SlimeyBoiJr3 0 10/positionOffset SlimeyBoiJr3 0 10/positionOffset SlimeyBoiJr3 0 10/positionOffset SlimeyBoiJr3 0 10/positionOffset SlimeyBoiJr3 0 10/positionOffset SlimeyBoiJr3 0 10/positionOffset SlimeyBoiJr3 0 10/positionOffset SlimeyBoiJr3 0 10/positionOffset SlimeyBoiJr3 0 10/positionOffset SlimeyBoiJr3 0 10/positionOffset SlimeyBoiJr3 0 10/positionOffset SlimeyBoiJr3 0 10/playSound slimedead/warp SlimeyBoiJr3 11 6/animate SlimeyBoiJr3 false false 100 18 17 16/pause 300/stopAnimation SlimeyBoiJr3/animate SlimeyBoiJr3 false true 100 4 5 6 7/warp SlimeyBoiJr4 12 -2/showFrame SlimeyBoiJr4 5/positionOffset SlimeyBoiJr4 0 10/positionOffset SlimeyBoiJr4 0 10/positionOffset SlimeyBoiJr4 0 10/positionOffset SlimeyBoiJr4 0 10/positionOffset SlimeyBoiJr4 0 10/positionOffset SlimeyBoiJr4 0 10/positionOffset SlimeyBoiJr4 0 10/positionOffset SlimeyBoiJr4 0 10/positionOffset SlimeyBoiJr4 0 10/positionOffset SlimeyBoiJr4 0 10/positionOffset SlimeyBoiJr4 0 10/positionOffset SlimeyBoiJr4 0 10/positionOffset SlimeyBoiJr4 0 10/positionOffset SlimeyBoiJr4 0 10/positionOffset SlimeyBoiJr4 0 10/positionOffset SlimeyBoiJr4 0 10/positionOffset SlimeyBoiJr4 0 10/positionOffset SlimeyBoiJr4 0 10/positionOffset SlimeyBoiJr4 0 10/positionOffset SlimeyBoiJr4 0 10/positionOffset SlimeyBoiJr4 0 10/positionOffset SlimeyBoiJr4 0 10/positionOffset SlimeyBoiJr4 0 10/positionOffset SlimeyBoiJr4 0 10/positionOffset SlimeyBoiJr4 0 10/positionOffset SlimeyBoiJr4 0 10/positionOffset SlimeyBoiJr4 0 10/positionOffset SlimeyBoiJr4 0 10/positionOffset SlimeyBoiJr4 0 10/positionOffset SlimeyBoiJr4 0 10/positionOffset SlimeyBoiJr4 0 10/positionOffset SlimeyBoiJr4 0 10/positionOffset SlimeyBoiJr4 0 10/positionOffset SlimeyBoiJr4 0 10/positionOffset SlimeyBoiJr4 0 10/positionOffset SlimeyBoiJr4 0 10/positionOffset SlimeyBoiJr4 0 10/positionOffset SlimeyBoiJr4 0 10/positionOffset SlimeyBoiJr4 0 10/positionOffset SlimeyBoiJr4 0 10/positionOffset SlimeyBoiJr4 0 10/positionOffset SlimeyBoiJr4 0 10/positionOffset SlimeyBoiJr4 0 10/positionOffset SlimeyBoiJr4 0 10/positionOffset SlimeyBoiJr4 0 10/positionOffset SlimeyBoiJr4 0 10/positionOffset SlimeyBoiJr4 0 10/positionOffset SlimeyBoiJr4 0 10/playSound slimedead/warp SlimeyBoiJr4 12 5/animate SlimeyBoiJr4 false false 100 18 17 16/pause 300/stopAnimation SlimeyBoiJr4/animate SlimeyBoiJr4 false true 100 4 5 6 7/warp SlimeyBoiJr5 7 -1/showFrame SlimeyBoiJr5 5/positionOffset SlimeyBoiJr5 0 10/positionOffset SlimeyBoiJr5 0 10/positionOffset SlimeyBoiJr5 0 10/positionOffset SlimeyBoiJr5 0 10/positionOffset SlimeyBoiJr5 0 10/positionOffset SlimeyBoiJr5 0 10/positionOffset SlimeyBoiJr5 0 10/positionOffset SlimeyBoiJr5 0 10/positionOffset SlimeyBoiJr5 0 10/positionOffset SlimeyBoiJr5 0 10/positionOffset SlimeyBoiJr5 0 10/positionOffset SlimeyBoiJr5 0 10/positionOffset SlimeyBoiJr5 0 10/positionOffset SlimeyBoiJr5 0 10/positionOffset SlimeyBoiJr5 0 10/positionOffset SlimeyBoiJr5 0 10/positionOffset SlimeyBoiJr5 0 10/positionOffset SlimeyBoiJr5 0 10/positionOffset SlimeyBoiJr5 0 10/positionOffset SlimeyBoiJr5 0 10/positionOffset SlimeyBoiJr5 0 10/positionOffset SlimeyBoiJr5 0 10/positionOffset SlimeyBoiJr5 0 10/positionOffset SlimeyBoiJr5 0 10/positionOffset SlimeyBoiJr5 0 10/positionOffset SlimeyBoiJr5 0 10/positionOffset SlimeyBoiJr5 0 10/positionOffset SlimeyBoiJr5 0 10/positionOffset SlimeyBoiJr5 0 10/positionOffset SlimeyBoiJr5 0 10/positionOffset SlimeyBoiJr5 0 10/positionOffset SlimeyBoiJr5 0 10/positionOffset SlimeyBoiJr5 0 10/positionOffset SlimeyBoiJr5 0 10/positionOffset SlimeyBoiJr5 0 10/positionOffset SlimeyBoiJr5 0 10/positionOffset SlimeyBoiJr5 0 10/positionOffset SlimeyBoiJr5 0 10/positionOffset SlimeyBoiJr5 0 10/positionOffset SlimeyBoiJr5 0 10/positionOffset SlimeyBoiJr5 0 10/positionOffset SlimeyBoiJr5 0 10/positionOffset SlimeyBoiJr5 0 10/positionOffset SlimeyBoiJr5 0 10/positionOffset SlimeyBoiJr5 0 10/positionOffset SlimeyBoiJr5 0 10/positionOffset SlimeyBoiJr5 0 10/positionOffset SlimeyBoiJr5 0 10/playSound slimedead/warp SlimeyBoiJr5 7 6/animate SlimeyBoiJr5 false false 100 18 17 16/pause 300/stopAnimation SlimeyBoiJr5/animate SlimeyBoiJr5 false true 100 4 5 6 7/pause 1000/playSound stairsdown/pause 400/showFrame MateoFinale 3/warp MateoFinale 11 9/emote MateoFinale 16/pause 200/stopAnimation SlimeyBoiJr4/showFrame SlimeyBoiJr4 0 true/emote SlimeyBoiJr4 16/textAboveHead MateoFinale \"{{i18n:Events.S&S.Ch1.0H2.Mateo.1}}\"/animate MateoFinale false false 100 16 17 18 19 20 21 22 21 22 21 22 21 22 21 22/fade/viewport -100 -100/playSound objectiveComplete/pause 200/playSound swordswipe/pause 150/playSound swordswipe/pause 150/playSound swordswipe/pause 150/playSound swordswipe/pause 150/playSound swordswipe/pause 150/playSound swordswipe/pause 200/playSound objectiveComplete/pause 500/faceDirection Mateo 0/warp Mateo 10 6/stopJittering/warp SlimeyBoiJr 1000 1000/warp SlimeyBoiJr2 1000 1000/warp SlimeyBoiJr3 1000 1000/warp SlimeyBoiJr4 1000 1000/warp SlimeyBoiJr5 1000 1000/showFrame farmer 0/warp MateoFinale 1000 1000/pause 500/globalFadeToClear/viewport 10 10/playMusic SnS.MateoTheme/speak Mateo \"Hail and well met! Haven't seen you around. My name's Val! Val Mateo Luis. It's short for...\"/quickQuestion #Valerie? #Valiant? #Valentine?(break)speak Mateo \"Wouldn't you like to know.$13#$b#Regardless, Val, Mateo or even Luis is fine.$12#$b#And you are?$1\"(break)speak Mateo \"Wouldn't you like to know. I'm flattered by your guess, though.$13#$b#Regardless, Val, Mateo or even Luis is fine.$12#$b#And you are?$1\"(break)speak Mateo \"Wouldn't you like to know. I'm charmed by your guess, though.$13#$b#Regardless, Val, Mateo or even Luis is fine.$12#$b#And you are?$1\"\\friendship Mateo 25/pause 200/emote farmer 32/pause 300/emote Mateo 56/pause 200/speak Mateo \"You're new to town too, huh? Good to know.$32#$b#And pay no mind to the extra appendages - my smile's just a bit sharper than most other townsfolk.$32\"/emote Mateo 40/pause 200/speak Mateo \"{{i18n:Events.S&S.Ch1.0H2.Mateo.4}}\"/showFrame farmer 57/addObject 10 2 349 3/playSound pickUpItem/pause 1500/removeTemporarySprites/faceDirection farmer 2/speak Mateo \"{{i18n:Events.S&S.Ch1.0H2.Mateo.5}}\"/pause 100/emote farmer 56/pause 100/move farmer -1 0 3/faceDirection farmer 2/move Mateo 0 -2 0/pause 50/faceDirection Mateo 3/speak Mateo \"{{i18n:Events.S&S.Ch1.0H2.Mateo.6}}\"/pause 200/faceDirection farmer 1/emote farmer 8/speak Mateo \"{{i18n:Events.S&S.Ch1.0H2.Mateo.7}}\"/pause 200/emote farmer 40/pause 200/speak Mateo \"{{i18n:Events.S&S.Ch1.0H2.Mateo.8}}\"/quickQuestion #Oh, that was groundbreaking~ (FLIRTY) #Are quips part of being an adventurer? (PLATONIC) #(Just groan.)(break)speak Mateo \"You think so? Well, plenty more where that came from, @.$31\"\\emote farmer 20 true\\emote Mateo 56\\friendship Mateo 25(break)speak Mateo \"Indeed, you'd best up your one-liner game if you plan to climb the ranks.$36\"\\emote farmer 32 true\\emote Mateo 56\\friendship Mateo 25(break)emote farmer 12 true\\emote Mateo 32/pause 400/fade/viewport -1000 -1000/pause 500/message \"({{Mateo Name}}'s display name can be changed in the config!)\"/end position 23 8"
      },
			"When": { "HasMod|contains=7thAxis.LitD.CP": false }	//speak Mateo \"{{i18n:Events.S&S.Ch1.0H2.Mateo.2}}
    },
    {
      "LogName": "Mateo 0 Heart Event pt 1 (3.0)",
      "Action": "EditData",
      "Target": "Data/Events/Mine",
      "Entries": {
        "SnS.Ch1.Mateo.0/e 100162/t 600 2400/F": "Upper_Ambient/-100 -100/farmer 18 13 0 Mateo 1000 1000 0 SenS 1000 1000 0/changePortrait SenS Default/changeSprite SenS Default/addTemporaryActor MateoFinale 32 32 1000 1000 0 true Character/addTemporaryActor SlimeyBoiJr 16 16 1000 1000 0 false Character/addTemporaryActor SlimeyBoiJr2 16 16 1000 1000 0 false Character/addTemporaryActor SlimeyBoiJr3 16 16 1000 1000 0 false Character/addConversationTopic MateoRescue {{VariableTimegate}}/addConversationTopic DitR_CT_SenMet {{VariableTimegate}}/addTemporaryActor SlimeyBoiJr4 16 16 1000 1000 0 false/addTemporaryActor SlimeyBoiJr5 16 16 1000 1000 0 false/globalFadeToClear/viewport 23 9/skippable/speed farmer 4/pause 200/emote farmer 40/move farmer 0 -5 0/pause 250/faceDirection farmer 3/pause 250/faceDirection farmer 0/pause 250/faceDirection farmer 2/pause 250/move farmer 5 0 0/faceDirection farmer 2/pause 200/playSound stairsdown/fade/viewport -1000 -1000/changeLocation EastScarp_IntroMine/warp farmer 10 4/viewport 10 6/globalFadeToClear/pause 250/emote farmer 40/pause 250/emote farmer 16/pause 50/jump farmer 8 true/showFrame farmer 94/startJittering/warp SlimeyBoiJr 8 -2/showFrame SlimeyBoiJr 5/positionOffset SlimeyBoiJr 0 10/positionOffset SlimeyBoiJr 0 10/positionOffset SlimeyBoiJr 0 10/positionOffset SlimeyBoiJr 0 10/positionOffset SlimeyBoiJr 0 10/positionOffset SlimeyBoiJr 0 10/positionOffset SlimeyBoiJr 0 10/positionOffset SlimeyBoiJr 0 10/positionOffset SlimeyBoiJr 0 10/positionOffset SlimeyBoiJr 0 10/positionOffset SlimeyBoiJr 0 10/positionOffset SlimeyBoiJr 0 10/positionOffset SlimeyBoiJr 0 10/positionOffset SlimeyBoiJr 0 10/positionOffset SlimeyBoiJr 0 10/positionOffset SlimeyBoiJr 0 10/positionOffset SlimeyBoiJr 0 10/positionOffset SlimeyBoiJr 0 10/positionOffset SlimeyBoiJr 0 10/positionOffset SlimeyBoiJr 0 10/positionOffset SlimeyBoiJr 0 10/positionOffset SlimeyBoiJr 0 10/positionOffset SlimeyBoiJr 0 10/positionOffset SlimeyBoiJr 0 10/positionOffset SlimeyBoiJr 0 10/positionOffset SlimeyBoiJr 0 10/positionOffset SlimeyBoiJr 0 10/positionOffset SlimeyBoiJr 0 10/positionOffset SlimeyBoiJr 0 10/positionOffset SlimeyBoiJr 0 10/positionOffset SlimeyBoiJr 0 10/positionOffset SlimeyBoiJr 0 10/positionOffset SlimeyBoiJr 0 10/positionOffset SlimeyBoiJr 0 10/positionOffset SlimeyBoiJr 0 10/positionOffset SlimeyBoiJr 0 10/positionOffset SlimeyBoiJr 0 10/positionOffset SlimeyBoiJr 0 10/positionOffset SlimeyBoiJr 0 10/positionOffset SlimeyBoiJr 0 10/positionOffset SlimeyBoiJr 0 10/positionOffset SlimeyBoiJr 0 10/positionOffset SlimeyBoiJr 0 10/positionOffset SlimeyBoiJr 0 10/positionOffset SlimeyBoiJr 0 10/positionOffset SlimeyBoiJr 0 10/positionOffset SlimeyBoiJr 0 10/positionOffset SlimeyBoiJr 0 10/playSound slimedead/warp SlimeyBoiJr 8 5/animate SlimeyBoiJr false false 100 18 17 16/pause 300/stopAnimation SlimeyBoiJr/animate SlimeyBoiJr false true 100 4 5 6 7/warp SlimeyBoiJr2 9 0/showFrame SlimeyBoiJr2 5/positionOffset SlimeyBoiJr2 0 10/positionOffset SlimeyBoiJr2 0 10/positionOffset SlimeyBoiJr2 0 10/positionOffset SlimeyBoiJr2 0 10/positionOffset SlimeyBoiJr2 0 10/positionOffset SlimeyBoiJr2 0 10/positionOffset SlimeyBoiJr2 0 10/positionOffset SlimeyBoiJr2 0 10/positionOffset SlimeyBoiJr2 0 10/positionOffset SlimeyBoiJr2 0 10/positionOffset SlimeyBoiJr2 0 10/positionOffset SlimeyBoiJr2 0 10/positionOffset SlimeyBoiJr2 0 10/positionOffset SlimeyBoiJr2 0 10/positionOffset SlimeyBoiJr2 0 10/positionOffset SlimeyBoiJr2 0 10/positionOffset SlimeyBoiJr2 0 10/positionOffset SlimeyBoiJr2 0 10/positionOffset SlimeyBoiJr2 0 10/positionOffset SlimeyBoiJr2 0 10/positionOffset SlimeyBoiJr2 0 10/positionOffset SlimeyBoiJr2 0 10/positionOffset SlimeyBoiJr2 0 10/positionOffset SlimeyBoiJr2 0 10/positionOffset SlimeyBoiJr2 0 10/positionOffset SlimeyBoiJr2 0 10/positionOffset SlimeyBoiJr2 0 10/positionOffset SlimeyBoiJr2 0 10/positionOffset SlimeyBoiJr2 0 10/positionOffset SlimeyBoiJr2 0 10/positionOffset SlimeyBoiJr2 0 10/positionOffset SlimeyBoiJr2 0 10/positionOffset SlimeyBoiJr2 0 10/positionOffset SlimeyBoiJr2 0 10/positionOffset SlimeyBoiJr2 0 10/positionOffset SlimeyBoiJr2 0 10/positionOffset SlimeyBoiJr2 0 10/positionOffset SlimeyBoiJr2 0 10/positionOffset SlimeyBoiJr2 0 10/positionOffset SlimeyBoiJr2 0 10/positionOffset SlimeyBoiJr2 0 10/positionOffset SlimeyBoiJr2 0 10/positionOffset SlimeyBoiJr2 0 10/positionOffset SlimeyBoiJr2 0 10/positionOffset SlimeyBoiJr2 0 10/positionOffset SlimeyBoiJr2 0 10/positionOffset SlimeyBoiJr2 0 10/positionOffset SlimeyBoiJr2 0 9/playSound slimedead/warp SlimeyBoiJr2 9 7/animate SlimeyBoiJr2 false false 100 18 17 16/pause 300/stopAnimation SlimeyBoiJr2/animate SlimeyBoiJr2 false true 100 4 5 6 7/warp SlimeyBoiJr3 11 -1/showFrame SlimeyBoiJr3 5/positionOffset SlimeyBoiJr3 0 10/positionOffset SlimeyBoiJr3 0 10/positionOffset SlimeyBoiJr3 0 10/positionOffset SlimeyBoiJr3 0 10/positionOffset SlimeyBoiJr3 0 10/positionOffset SlimeyBoiJr3 0 10/positionOffset SlimeyBoiJr3 0 10/positionOffset SlimeyBoiJr3 0 10/positionOffset SlimeyBoiJr3 0 10/positionOffset SlimeyBoiJr3 0 10/positionOffset SlimeyBoiJr3 0 10/positionOffset SlimeyBoiJr3 0 10/positionOffset SlimeyBoiJr3 0 10/positionOffset SlimeyBoiJr3 0 10/positionOffset SlimeyBoiJr3 0 10/positionOffset SlimeyBoiJr3 0 10/positionOffset SlimeyBoiJr3 0 10/positionOffset SlimeyBoiJr3 0 10/positionOffset SlimeyBoiJr3 0 10/positionOffset SlimeyBoiJr3 0 10/positionOffset SlimeyBoiJr3 0 10/positionOffset SlimeyBoiJr3 0 10/positionOffset SlimeyBoiJr3 0 10/positionOffset SlimeyBoiJr3 0 10/positionOffset SlimeyBoiJr3 0 10/positionOffset SlimeyBoiJr3 0 10/positionOffset SlimeyBoiJr3 0 10/positionOffset SlimeyBoiJr3 0 10/positionOffset SlimeyBoiJr3 0 10/positionOffset SlimeyBoiJr3 0 10/positionOffset SlimeyBoiJr3 0 10/positionOffset SlimeyBoiJr3 0 10/positionOffset SlimeyBoiJr3 0 10/positionOffset SlimeyBoiJr3 0 10/positionOffset SlimeyBoiJr3 0 10/positionOffset SlimeyBoiJr3 0 10/positionOffset SlimeyBoiJr3 0 10/positionOffset SlimeyBoiJr3 0 10/positionOffset SlimeyBoiJr3 0 10/positionOffset SlimeyBoiJr3 0 10/positionOffset SlimeyBoiJr3 0 10/positionOffset SlimeyBoiJr3 0 10/positionOffset SlimeyBoiJr3 0 10/positionOffset SlimeyBoiJr3 0 10/positionOffset SlimeyBoiJr3 0 10/positionOffset SlimeyBoiJr3 0 10/positionOffset SlimeyBoiJr3 0 10/positionOffset SlimeyBoiJr3 0 10/playSound slimedead/warp SlimeyBoiJr3 11 6/animate SlimeyBoiJr3 false false 100 18 17 16/pause 300/stopAnimation SlimeyBoiJr3/animate SlimeyBoiJr3 false true 100 4 5 6 7/warp SlimeyBoiJr4 12 -2/showFrame SlimeyBoiJr4 5/positionOffset SlimeyBoiJr4 0 10/positionOffset SlimeyBoiJr4 0 10/positionOffset SlimeyBoiJr4 0 10/positionOffset SlimeyBoiJr4 0 10/positionOffset SlimeyBoiJr4 0 10/positionOffset SlimeyBoiJr4 0 10/positionOffset SlimeyBoiJr4 0 10/positionOffset SlimeyBoiJr4 0 10/positionOffset SlimeyBoiJr4 0 10/positionOffset SlimeyBoiJr4 0 10/positionOffset SlimeyBoiJr4 0 10/positionOffset SlimeyBoiJr4 0 10/positionOffset SlimeyBoiJr4 0 10/positionOffset SlimeyBoiJr4 0 10/positionOffset SlimeyBoiJr4 0 10/positionOffset SlimeyBoiJr4 0 10/positionOffset SlimeyBoiJr4 0 10/positionOffset SlimeyBoiJr4 0 10/positionOffset SlimeyBoiJr4 0 10/positionOffset SlimeyBoiJr4 0 10/positionOffset SlimeyBoiJr4 0 10/positionOffset SlimeyBoiJr4 0 10/positionOffset SlimeyBoiJr4 0 10/positionOffset SlimeyBoiJr4 0 10/positionOffset SlimeyBoiJr4 0 10/positionOffset SlimeyBoiJr4 0 10/positionOffset SlimeyBoiJr4 0 10/positionOffset SlimeyBoiJr4 0 10/positionOffset SlimeyBoiJr4 0 10/positionOffset SlimeyBoiJr4 0 10/positionOffset SlimeyBoiJr4 0 10/positionOffset SlimeyBoiJr4 0 10/positionOffset SlimeyBoiJr4 0 10/positionOffset SlimeyBoiJr4 0 10/positionOffset SlimeyBoiJr4 0 10/positionOffset SlimeyBoiJr4 0 10/positionOffset SlimeyBoiJr4 0 10/positionOffset SlimeyBoiJr4 0 10/positionOffset SlimeyBoiJr4 0 10/positionOffset SlimeyBoiJr4 0 10/positionOffset SlimeyBoiJr4 0 10/positionOffset SlimeyBoiJr4 0 10/positionOffset SlimeyBoiJr4 0 10/positionOffset SlimeyBoiJr4 0 10/positionOffset SlimeyBoiJr4 0 10/positionOffset SlimeyBoiJr4 0 10/positionOffset SlimeyBoiJr4 0 10/positionOffset SlimeyBoiJr4 0 10/playSound slimedead/warp SlimeyBoiJr4 12 5/animate SlimeyBoiJr4 false false 100 18 17 16/pause 300/stopAnimation SlimeyBoiJr4/animate SlimeyBoiJr4 false true 100 4 5 6 7/warp SlimeyBoiJr5 7 -1/showFrame SlimeyBoiJr5 5/positionOffset SlimeyBoiJr5 0 10/positionOffset SlimeyBoiJr5 0 10/positionOffset SlimeyBoiJr5 0 10/positionOffset SlimeyBoiJr5 0 10/positionOffset SlimeyBoiJr5 0 10/positionOffset SlimeyBoiJr5 0 10/positionOffset SlimeyBoiJr5 0 10/positionOffset SlimeyBoiJr5 0 10/positionOffset SlimeyBoiJr5 0 10/positionOffset SlimeyBoiJr5 0 10/positionOffset SlimeyBoiJr5 0 10/positionOffset SlimeyBoiJr5 0 10/positionOffset SlimeyBoiJr5 0 10/positionOffset SlimeyBoiJr5 0 10/positionOffset SlimeyBoiJr5 0 10/positionOffset SlimeyBoiJr5 0 10/positionOffset SlimeyBoiJr5 0 10/positionOffset SlimeyBoiJr5 0 10/positionOffset SlimeyBoiJr5 0 10/positionOffset SlimeyBoiJr5 0 10/positionOffset SlimeyBoiJr5 0 10/positionOffset SlimeyBoiJr5 0 10/positionOffset SlimeyBoiJr5 0 10/positionOffset SlimeyBoiJr5 0 10/positionOffset SlimeyBoiJr5 0 10/positionOffset SlimeyBoiJr5 0 10/positionOffset SlimeyBoiJr5 0 10/positionOffset SlimeyBoiJr5 0 10/positionOffset SlimeyBoiJr5 0 10/positionOffset SlimeyBoiJr5 0 10/positionOffset SlimeyBoiJr5 0 10/positionOffset SlimeyBoiJr5 0 10/positionOffset SlimeyBoiJr5 0 10/positionOffset SlimeyBoiJr5 0 10/positionOffset SlimeyBoiJr5 0 10/positionOffset SlimeyBoiJr5 0 10/positionOffset SlimeyBoiJr5 0 10/positionOffset SlimeyBoiJr5 0 10/positionOffset SlimeyBoiJr5 0 10/positionOffset SlimeyBoiJr5 0 10/positionOffset SlimeyBoiJr5 0 10/positionOffset SlimeyBoiJr5 0 10/positionOffset SlimeyBoiJr5 0 10/positionOffset SlimeyBoiJr5 0 10/positionOffset SlimeyBoiJr5 0 10/positionOffset SlimeyBoiJr5 0 10/positionOffset SlimeyBoiJr5 0 10/positionOffset SlimeyBoiJr5 0 10/playSound slimedead/warp SlimeyBoiJr5 7 6/animate SlimeyBoiJr5 false false 100 18 17 16/pause 300/stopAnimation SlimeyBoiJr5/animate SlimeyBoiJr5 false true 100 4 5 6 7/pause 1000/playSound stairsdown/pause 400/showFrame MateoFinale 3/warp MateoFinale 11 9/emote MateoFinale 16/pause 200/stopAnimation SlimeyBoiJr4/showFrame SlimeyBoiJr4 0 true/emote SlimeyBoiJr4 16/textAboveHead MateoFinale \"{{i18n:Events.S&S.Ch1.0H2.Mateo.1}}\"/animate MateoFinale false false 100 16 16 17 17 18 18 19 19 20 20 21 22 21 22 21 22 21 22 21 22/fade/viewport -100 -100/playSound objectiveComplete/pause 200/playSound swordswipe/pause 150/playSound swordswipe/pause 150/playSound swordswipe/pause 150/playSound swordswipe/pause 150/playSound swordswipe/pause 150/playSound swordswipe/pause 200/playSound objectiveComplete/pause 500/faceDirection Mateo 0/warp Mateo 10 6/stopJittering/warp SlimeyBoiJr 1000 1000/warp SlimeyBoiJr2 1000 1000/warp SlimeyBoiJr3 1000 1000/warp SlimeyBoiJr4 1000 1000/warp SlimeyBoiJr5 1000 1000/showFrame farmer 0/warp MateoFinale 1000 1000/pause 500/globalFadeToClear/viewport 10 10/playMusic SnS.MateoTheme/speak Mateo \"Hail and well met! Haven't seen you around. My name's Val! Val Mateo Luis. It's short for...\"/quickQuestion #Valerie? #Valiant? #Valentine?(break)speak Mateo \"Wouldn't you like to know.$13#$b#Regardless, Val, Mateo or even Luis is fine.$12#$b#And you are?$1\"(break)speak Mateo \"Wouldn't you like to know. I'm flattered by your guess, though.$13#$b#Regardless, Val, Mateo or even Luis is fine.$12#$b#And you are?$1\"(break)speak Mateo \"Wouldn't you like to know. I'm charmed by your guess, though.$13#$b#Regardless, Val, Mateo or even Luis is fine.$12#$b#And you are?$1\"\\friendship Mateo 25//pause 200/emote farmer 32/pause 300/emote Mateo 56/pause 200/speak Mateo \"You're new to town too, huh? Good to know.$32#$b#And pay no mind to the extra appendages - my smile's just a bit sharper than most other townsfolk.$32\"/emote Mateo 40/pause 200/speak Mateo \"{{i18n:Events.S&S.Ch1.0H2.Mateo.4}}\"/showFrame farmer 57/addObject 10 2 349 3/playSound pickUpItem/pause 1500/removeTemporarySprites/faceDirection farmer 2/speak Mateo \"{{i18n:Events.S&S.Ch1.0H2.Mateo.5}}\"/pause 100/emote farmer 56/pause 100/move farmer -1 0 3/faceDirection farmer 2/move Mateo 0 -2 0/pause 50/faceDirection Mateo 3/speak Mateo \"{{i18n:Events.S&S.Ch1.0H2.Mateo.6}}\"/pause 200/faceDirection farmer 1/emote farmer 8/speak Mateo \"{{i18n:Events.S&S.Ch1.0H2.Mateo.7}}\"/pause 200/emote farmer 40/pause 200/speak Mateo \"{{i18n:Events.S&S.Ch1.0H2.Mateo.8}}\"/quickQuestion #Oh, that was groundbreaking~ (FLIRTY) #Are quips part of being an adventurer? (PLATONIC) #(Just groan.)(break)speak Mateo \"You think so? Well, plenty more where that came from, @.$31\"\\emote farmer 20 true\\emote Mateo 56\\friendship Mateo 25(break)speak Mateo \"Indeed, you'd best up your one-liner game if you plan to climb the ranks.$36\"\\emote farmer 32 true\\emote Mateo 56\\friendship Mateo 25(break)emote farmer 12 true\\emote Mateo 32/pause 400/fade/viewport -1000 -1000/stopMusic/changeLocation Mine/faceDirection farmer 0/globalFadeToClear/playMusic Upper_Ambient/viewport 23 9/warp farmer 23 10/speed farmer 4/pause 1000/move farmer -5 0 2/move farmer 0 1 2/ pause 500/ playSound stairsdown/ warp SenS 23 8/ pause 500/ faceDirection farmer 0/ move SenS 0 -1 3/ move SenS -3 0 1/ pause 100/ speak SenS \"{{i18n:Events.SenS.Event0.1}}\"/ move SenS -2 0 2/ pause 100/ playSound shadowpeep/ jump SenS 8/ pause 500/ speed SenS 6/ move SenS 0 -1 2/ shake SenS 500/ speak SenS \"{{i18n:Events.SenS.Event0.2}}\"/ speed SenS 6/ move SenS 5 0 2/ speed SenS 6/ move SenS 0 2 2/ pause 100/ emote farmer 16 true/ move farmer 0 -3 1/ question fork0 \"{{i18n:Events.SenS.Event0.3}}\"/ fork SenFriendlyApproach/ move farmer 3 0 1/ pause 100/ faceDirection SenS 3/ pause 100/ playSound shadowpeep/ jump SenS 8/ pause 100/ shake SenS 500/ pause 300/ speed SenS 4/ move SenS 0 1 2/ pause 100/ playSound stairsdown/ warp SenS -100 -100/ pause 500/ fade/ viewport -1000 -1000/ message \"Seems like {{Mateo Name}} nearly crossed paths with that monster.#I should keep my eye out for them...\"/message \"({{Mateo Name}}'s display name can be changed in the config!)\"/end",
        "SenFriendlyApproach": " resetVariable/ faceDirection SenS 3/ pause 100/ playSound shadowpeep/ jump SenS 8/ pause 200/ shake SenS 800/ pause 500/ speak SenS \"{{i18n:Events.SenS.Event0.SenFriendlyApproach.1}}\"/ move SenS -1 0 3/ shake SenS 800/ pause 500/ speak SenS \"{{i18n:Events.SenS.Event0.SenFriendlyApproach.2}}\"/ switchEvent SenChoice2",
        "SenChoice2": " resetVariable/ emote farmer 40/ pause 500/ question fork0 \"{{i18n:Events.SenS.Event0.SenChoice2.1}}\"/ fork SenWhoAreYou/ move farmer 2 0 1/ pause 200/ playSound shadowpeep/ jump SenS 8/ move SenS 1 0 3/ speak SenS \"{{i18n:Events.SenS.Event0.SenChoice2.2}}\"/ speed SenS 6/ move SenS 0 1 2/ pause 100/ playSound stairsdown/ warp SenS -100 -100/ pause 800/ fade/ viewport -1000 -1000/ message \"Seems like {{Mateo Name}} nearly crossed paths with that monster.#I should keep my eye out for them...\"/message \"({{Mateo Name}}'s display name can be changed in the config!)\"/end",
        "SenWhoAreYou": " resetVariable/ pause 100/ playMusic junimoKart_mushroomMusic/ pause 400/ speak SenS \"{{i18n:Events.SenS.Event0.SenWhoAreYou.1}}\"/ pause 100/ move SenS -1 0 3/ speak SenS \"{{i18n:Events.SenS.Event0.SenWhoAreYou.2}}\"/ pause 100/ move SenS 1 0 1/ speak SenS \"{{i18n:Events.SenS.Event0.SenWhoAreYou.3}}\"/ pause 100/ faceDirection SenS 3/ speak SenS \"{{i18n:Events.SenS.Event0.SenWhoAreYou.4}}\"/ speak SenS \"{{i18n:Events.SenS.Event0.SenWhoAreYou.5}}\"/ pause 100/ emote farmer 40/ quickQuestion {{i18n:Events.SenS.Event0.SenWhoAreYou.6}}(break)speak SenS \"{{i18n:Events.SenS.Event0.SenWhoAreYou.7}}\"(break)speak SenS \"{{i18n:Events.SenS.Event0.SenWhoAreYou.8}}\"(break)speak SenS \"{{i18n:Events.SenS.Event0.SenWhoAreYou.9}}\"/ move SenS -2 0 3/ speak SenS \"{{i18n:Events.SenS.Event0.SenWhoAreYou.10}}\"/ move SenS 0 3 2/ faceDirection farmer 2 true/ move SenS -2 0 0/ pause 100/ speak SenS \"{{i18n:Events.SenS.Event0.SenWhoAreYou.11}}\"/ emote SenS 56 true/ move SenS 0 4 2/ warp SenS -100 -100/ fade/ viewport -1000 -1000/ message \"Seems like Sen and {{Mateo Name}} very nearly crossed paths.#I should keep my eye out for them...\"/message \"({{Mateo Name}}'s display name can be changed in the config!)\"/end"
      },
			"When": { "HasMod": "7thAxis.LitD.CP" }	
    },
    {
      "LogName": "Mateo 0 Heart Event pt 2 (3.0)",
      "Action": "EditData",
      "Target": "Data/Events/ArchaeologyHouse",
      "Entries": {

        "SnS.Ch1.Mateo.1/e SnS.Ch1.Mateo.0/t 800 1800/F": "libraryTheme/-100 -100/farmer -999 -999 0 Penny 17 9 2 Jas 19 10 3 Vincent 16 11 1 Eloise 18 12 0 MadDog.HashtagBearFam.Gunnar? 9 5 0 Nova.Dylan? 10 10 3 Nora 16 10 1 RodneyOBrien? 20 5 2/showFrame RodneyOBrien? 25/showFrame Nora? 18/addTemporaryActor MateoMarlon 16 32 5 10 0 true Character/addTemporaryActor MateoGunther 16 32 5 8 2 true Character/changeName MateoMarlon {{i18n:Strings.Names.Marlon}}/changeName MateoGunther {{i18n:Strings.Names.Gunther}}/addConversationTopic MateoCaution {{VariableTimegate}}/showFrame Vincent 24/showFrame Jas 22/showFrame Penny 18/globalFadeToClear/skippable/viewport 5 10/speak MateoGunther \"{{i18n:Events.S&S.Ch1.0H1.Gunther.1}}\"/pause 200/emote MateoMarlon 12/pause 200/speak MateoMarlon \"{{i18n:Events.S&S.Ch1.0H1.Marlon.2}}\"/playSound doorCreak/emote MateoGunther 16 true/emote MateoMarlon 16 true/playSound doorOpen/advancedMove MadDog.HashtagBearFam.Gunnar? false -1 0 2 10/emote MadDog.HashtagBearFam.Gunnar? 8 true/faceDirection MateoMarlon 2/warp farmer 3 14 /faceDirection farmer 0/pause 200/emote farmer 8/move farmer 0 -2 0/move farmer 2 0 0/textAboveHead MateoMarlon \"{{i18n:Events.S&S.Ch1.0H1.Marlon.3}}\"/emote MadDog.HashtagBearFam.Gunnar? 40/pause 1000/speak MateoGunther \"{{i18n:Events.S&S.Ch1.0H1.Gunther.4}}\"/pause 200/emote MateoMarlon 40/pause 200/speak MateoMarlon \"{{i18n:Events.S&S.Ch1.0H1.Marlon.5}}\"/shake MadDog.HashtagBearFam.Gunnar? 500 true/emote MadDog.HashtagBearFam.Gunnar? 28/advancedMove MadDog.HashtagBearFam.Gunnar? false 1 0 4 10/pause 200/emote farmer 32/pause 200/fade/viewport -1000 -1000/speak MateoGunther \"{{i18n:Events.S&S.Ch1.0H1.Gunther.6}}\"/end position 3 14"

      }
    },
    {
      "LogName": "Mateo 2 Heart Event (3.0)",
      "Action": "EditData",
      "Target": "Data/Events/Town",
      "Entries": {

        "SnS.Ch1.Mateo.2/e SnS.Ch1.Mateo.1/f Mateo 500/t 1700 2500/w sunny/F": "spaceMusic/-100 -100/farmer 90 94 1 Mateo 102 92 0 SenS? 114 94 3/globalFadeToClear/ignoreCollisions SenS?/skippable/speed farmer 3/speed Mateo 3/addConversationTopic MateoLibrary {{VariableTimegate}}/addTemporaryActor MateoGunther 16 32 -999 -999 0 true Character/changeName MateoGunther {{i18n:Strings.Names.Gunther}}/viewport 97 92/move farmer 11 0 2/move farmer 0 -2 0/faceDirection farmer 1 true/faceDirection Mateo 3 false/speak Mateo \"{{i18n:Events.S&S.Ch1.2H.Mateo.1}}\"/emote farmer 32/advancedMove SenS? false -6 0 3 10/faceDirection Mateo 0 true/speak Mateo \"{{i18n:Events.S&S.Ch1.2H.Mateo.2}}\"/pause 200/shake Mateo 500 true/emote Mateo 28 true/jump SenS? 5 true/emote SenS? 16 true/playSound shadowpeep/advancedMove SenS? false 10 0 1 10/speak Mateo \"{{i18n:Events.S&S.Ch1.2H.Mateo.3}}\"/faceDirection Mateo 3/pause 500/quickQuestion {{i18n:Events.S&S.Ch1.2H.Mateo.Question.1}}#{{i18n:Events.S&S.Ch1.2H.Mateo.Q1.Answer.1}} #{{i18n:Events.S&S.Ch1.2H.Mateo.Q1.Answer.2}}#{{i18n:Events.S&S.Ch1.2H.Mateo.Q1.Answer.3}}(break)friendship Mateo 25\\speak Mateo \"{{i18n:Events.S&S.Ch1.2H.Mateo.Q1.Response.1}}\"(break)speak Mateo \"{{i18n:Events.S&S.Ch1.2H.Mateo.Q1.Response.2}}\"(break)friendship Mateo 25\\speak Mateo \"{{i18n:Events.S&S.Ch1.2H.Mateo.Q1.Response.3}}\"/pause 200/emote Mateo 40/speak Mateo \"{{i18n:Events.S&S.Ch1.2H.Mateo.5}}\"/emote farmer 56/advancedMove Mateo false 0 3 -50 0 3 10/pause 500/advancedMove farmer false 0 2 -50 0 3 10/pause 3000/textAboveHead Mateo \"{{i18n:Events.S&S.Ch1.2H.Mateo.6}}\"/pause 1000/playSound doorClose/faceDirection MateoGunther 2/warp MateoGunther 101 90/emote MateoGunther 40/pause 250/speak MateoGunther \"{{i18n:Events.S&S.Ch1.2H.Gunther.7}}\"/fade/viewport -1000 -1000/speak Mateo \"{{i18n:Events.S&S.Ch1.2H.Mateo.8}}\"/stopAdvancedMoves/end position 0 54"
      }
    },  
    {
      "LogName": "Mateo 4 Heart Event Remastered",
      "Action": "EditData",
      "Target": "Data/Events/Beach",
      "Entries": {
    
        "SnS.Ch1.Mateo.3/e SnS.Ch1.Mateo.2/f Mateo 1000/t 1800 2400/w sunny/A MateoLibrary/F": "ocean/-100 -100/farmer 25 12 2 Mateo 19 25 2/ignoreCollisions farmer/globalFadeToClear/skippable/addConversationTopic MateoAdmission {{VariableTimegate}}/positionOffset Mateo 0 -14/animate Mateo false true 500 17 18 19 18 17 18 19 18/viewport 19 24 clamp true/speed farmer 3/advancedMove farmer false 0 11 -5 0 0 1 2 10/pause 1000/stopAnimation Mateo/showFrame Mateo 20/textAboveHead Mateo \"{{i18n:Events.S&S.Ch1.4H.Mateo.1}}\"/pause 1000/textAboveHead Mateo \"{{i18n:Events.S&S.Ch1.4H.Mateo.2}}\"/pause 4000/jump farmer/move farmer 0 1 2/animate farmer false true 70 70/emote farmer 32/pause 200/animate Mateo false true 500 21 22 23 22 21 22 23 22/speak Mateo \"{{i18n:Events.S&S.Ch1.4H.Mateo.3}}\"/pause 100/emote farmer 8/pause 200/stopAnimation Mateo/showFrame Mateo 16/emote Mateo 28/showFrame Mateo 20/pause 200/speak Mateo \"{{i18n:Events.S&S.Ch1.4H.Mateo.4}}\"/pause 100/emote farmer 16/pause 200/animate Mateo false true 500 21 22 23 22 21 22 23 22/stopMusic/playMusic night_market/pause 1000/speak Mateo \"{{i18n:Events.S&S.Ch1.4H.Mateo.5}}\"/pause 100/emote Mateo 40/pause 200/speak Mateo \"{{i18n:Events.S&S.Ch1.4H.Mateo.6}}\"/pause 200/stopAnimation Mateo/showFrame Mateo 20/speak Mateo \"{{i18n:Events.S&S.Ch1.4H.Mateo.7}}\"/pause 100/emote farmer 16/pause 200/speak Mateo \"{{i18n:Events.S&S.Ch1.4H.Mateo.8}}\"/pause 100/shake Mateo 500/animate Mateo false true 500 17 18 19 18 17 18 19 18/pause 100/emote Mateo 12/quickQuestion #{{i18n:Events.S&S.Ch1.4H.Mateo.Q1.Answer.1}} #{{i18n:Events.S&S.Ch1.4H.Mateo.Q1.Answer.2}}(break)friendship Mateo 15\\speak Mateo \"{{i18n:Events.S&S.Ch1.4H.Mateo.Q1.Response.1}}\"(break)friendship Mateo 15\\speak Mateo \"{{i18n:Events.S&S.Ch1.4H.Mateo.Q1.Response.2}}\"(break)friendship Mateo 25\\speak Mateo \"{{i18n:Events.S&S.Ch1.4H.Mateo.Q1.Response.3}}\"/pause 300/speak Mateo \"{{i18n:Events.S&S.Ch1.4H.Mateo.10}}\"/pause 300/stopAnimation Mateo/showFrame Mateo 20/quickQuestion #{{i18n:Events.S&S.Ch1.4H.Mateo.Q2.Answer.1}}#{{i18n:Events.S&S.Ch1.4H.Mateo.Q2.Answer.2}}(break)friendship Mateo 15\\speak Mateo \"{{i18n:Events.S&S.Ch1.4H.Mateo.Q2.Response.1}}\"(break)friendship Mateo 15\\speak Mateo \"{{i18n:Events.S&S.Ch1.4H.Mateo.Q2.Response.2}}\"(break)friendship Mateo 25\\speak Mateo \"{{i18n:Events.S&S.Ch1.4H.Mateo.Q2.Response.3}}\"/animate Mateo false true 500 21 22 23 22 21 22 23 22/pause 200/speak Mateo \"{{i18n:Events.S&S.Ch1.4H.Mateo.12}}\"/quickQuestion #Just a friend? (FLIRTY) #You're welcome, Mateo. Any time! (PLATONIC) (break)friendship Mateo 15\\speak Mateo \"Just a friend. I have a lot to work on before that's something I can consider.$28#$b#But, I'd be lying if I said you weren't on my mind a terrible lot - so go ahead and take that thought home with you.$30\"\\emote farmer 20(break)friendship Mateo 15\\speak Mateo \"Thank you, @. I don't know what I'd do without you guiding me along. Head back to the Fern Islands, probably...$1\"\\emote farmer 32/pause 500/fade/viewport -1000 -1000/speak Mateo \"I'll do better. Not just for you, but for myself, too. Time to start making an effort.$32\"/message \"{{i18n:Events.S&S.Ch1.4H.Message.1}}\"/playSound discoverMineral/end"

      }

    }, 

    {
      "LogName": "Mateo 5 Heart Event pt 1 (3.0)",
      "Action": "EditData",
      "Target": "Data/Events/Mine",
      "Entries": {

        "SnS.Ch1.Mateo.4/e SnS.Ch1.Mateo.3/f Mateo 1250/t 1800 2400/A MateoAdmission/F": "Cavern/-100 -100/farmer 999 999 0 Mateo 999 999 0 SenS? 999 999 3/globalFadeToClear/skippable/speed farmer 3/addConversationTopic MateoConfrontation {{VariableTimegate}}/viewport 18 7/pause 300/warp farmer 18 13/faceDirection farmer 0/playSound thudStep/advancedMove farmer false 0 -5 -1 0 0 -4 4 10/pause 3500/playSound stairsdown/pause 300/warp Mateo 23 8/faceDirection Mateo 0/pause 500/faceDirection Mateo 3 true/faceDirection farmer 1 true/emote Mateo 16 true/emote farmer 16 true/speak Mateo \"{{i18n:Events.S&S.Ch1.5H1.Mateo.1}}\"/advancedMove farmer false 0 4 1 0 1 10/move Mateo -3 0 3/speak Mateo \"{{i18n:Events.S&S.Ch1.5H1.Mateo.2}}\"/faceDirection farmer 2/showFrame farmer 57/addObject 18 6 243 3/playSound pickUpItem/pause 1500/removeTemporarySprites/faceDirection farmer 1/emote farmer 32/pause 500/playSound crystal/emote Mateo 16 true/emote farmer 8/fade/viewport -1000 -1000/addTemporaryActor MateoMarlon 16 32 18 5 2 true Character/addTemporaryActor MateoGunther 16 32 16 5 2 true Character/playSound thudStep/warp farmer 17 10/faceDirection farmer 0/warp Mateo 17 7/faceDirection Mateo 0/fade/changeName MateoMarlon {{i18n:Strings.Names.Marlon}}/changeName MateoGunther {{i18n:Strings.Names.Gunther}}/faceDirection farmer 0/viewport 18 7/pause 500/shake Mateo 1000/pause 200/emote farmer 16 true/emote Mateo 12/pause 250/speak MateoMarlon \"{{i18n:Events.S&S.Ch1.5H1.Marlon.3}}\"/emote MateoGunther 40 true/emote Mateo 28 true/pause 250/speak MateoMarlon \"{{i18n:Events.S&S.Ch1.5H1.Marlon.4}}\"/speak Mateo \"{{i18n:Events.S&S.Ch1.5H1.Mateo.5}}\"/speak MateoGunther \"{{i18n:Events.S&S.Ch1.5H1.Gunther.6}}\"/speak MateoMarlon \"{{i18n:Events.S&S.Ch1.5H1.Marlon.7}}\"/speak Mateo \"I was getting my PhD in obscuring my feelings with humor.$8#$b#Now, if you'll excuse me-$11\"/pause 5/positionOffset Mateo 0 4/pause 5/positionOffset Mateo 0 4/pause 5/positionOffset Mateo 0 4/pause 5/showFrame Mateo 14/positionOffset Mateo 0 4/pause 5/positionOffset Mateo 0 4/pause 5/positionOffset Mateo 0 4/pause 5/positionOffset Mateo 0 4/pause 5/positionOffset Mateo 0 4/pause 5/positionOffset Mateo 0 4/pause 5/positionOffset Mateo 0 4/pause 5/positionOffset Mateo 0 4/pause 5/showFrame Mateo 15/positionOffset Mateo 0 4/pause 5/positionOffset Mateo 0 4/pause 5/positionOffset Mateo 0 4/pause 5/positionOffset Mateo 0 4/pause 5/showFrame Mateo 13/pause 5/warp Mateo 17 8/animate Mateo false false 8 52 52 52 52 52 53 53 53 53 53 54 54 54 54 54 55 55 55 55 55 56 56 56 56 56 57 57 57 57 57 58 58 58 58 58 59 59 59 59 59/pause 500/showFrame Mateo 59/animate Mateo false true 59 59 60 60 61 61 60 60 59 59/emote farmer 16 true/jump farmer 5/advancedMove farmer false -1 0 0 -2 1 10/warp SenS? 22 9/shake SenS 500 true/jump SenS 5 true/emote SenS 16/waitForAllStationary/quickQuestion #You SAID you were going to make an effort! For both of us!(break)shake Mateo 2000/faceDirection SenS 1/warp SenS? 999 999/textAboveHead Mateo \"...You're right.\"/animate Mateo false false 59 58 58 58 58 58 57 57 57 57 57 56 56 56 56 56 55 55 55 55 55 54 54 54 54 54 53 53 53 53 53 52 52 52 52 52 8/pause 500/stopAnimation Mateo/faceDirection Mateo 0/pause 2000/speak MateoGunther \"{{i18n:Events.S&S.Ch1.5H1.Gunther.9}}\"/speak Mateo \"Alright, alright. It's in Sociocultural Anthropology, and I got a certification in Metallurgical Engineering.$9#$b#...The roguish tricks are for fun.$13\"/faceDirection farmer 0/speak MateoGunther \"{{i18n:Events.S&S.Ch1.5H1.Gunther.11}}\"/speak Mateo \"{{i18n:Events.S&S.Ch1.5H1.Mateo.12}}\"/speak MateoMarlon \"{{i18n:Events.S&S.Ch1.5H1.Marlon.13}}\"/speak Mateo \"{{i18n:Events.S&S.Ch1.5H1.Mateo.14}}\"/speak MateoGunther \"{{i18n:Events.S&S.Ch1.5H1.Gunther.15}}\"/speak Mateo \"{{i18n:Events.S&S.Ch1.5H1.Mateo.16}}\"/speak MateoMarlon \"{{i18n:Events.S&S.Ch1.5H1.Marlon.17}}\"/playmusic echos/pause 100/shake Mateo 1000 true/emote Mateo 12/pause 200/speak Mateo \"{{i18n:Events.S&S.Ch1.5H1.Mateo.18}}\"/faceDirection MateoGunther 1/emote MateoGunther 40/faceDirection MateoGunther 2/speak Mateo \"{{i18n:Events.S&S.Ch1.5H1.Mateo.19}}\"/emote MateoMarlon 56/speak MateoMarlon \"{{i18n:Events.S&S.Ch1.5H1.Marlon.20}}\"/speak MateoGunther \"{{i18n:Events.S&S.Ch1.5H1.Gunther.21}}\"/pause 100/shake Mateo 1000 true/emote Mateo 28/pause 300/faceDirection farmer 1 true/faceDirection Mateo 3 true/pause 250/quickQuestion #{{i18n:Events.S&S.Ch1.5H1.Mateo.Q1.Answer.1}} #This is the chance you needed, so seize it!(break)friendship Mateo 25\\speak Mateo \"{{i18n:Events.S&S.Ch1.5H1.Mateo.Q1.Response.1}}\"(break)friendship Mateo 25\\speak Mateo \"{{i18n:Events.S&S.Ch1.5H1.Mateo.Q1.Response.2}}\"/faceDirection Mateo 0 true/faceDirection farmer 0/pause 100/speak MateoGunther \"{{i18n:Events.S&S.Ch1.5H1.Gunther.23}}\"/speak MateoMarlon \"How about we relocate to the Saloon... First round's on me, aye? $1\"/speak Mateo \"{{i18n:Events.S&S.Ch1.5H1.Mateo.25}}\"/advancedMove MateoMarlon false 0 5 0 4 2 10/advancedMove MateoGunther false 2 0 0 5 0 4 2 10/pause 250/faceDirection Mateo 1 true/faceDirection farmer 1/pause 250/emote Mateo 32 true/faceDirection Mateo 2 true/faceDirection farmer 2/pause 3000/warp MateoMarlon 999 999/playSound thudStep/pause 700/warp MateoGunther 999 999/playSound thudStep/faceDirection Mateo 3 true/faceDirection farmer 1 true/emote farmer 56 true/emote Mateo 56 true/pause 2000/textAboveHead Mateo \"I'll see you there!\"/advancedMove Mateo false 1 0 0 5 2 10/pause 100/fade/viewport -1000 -1000/speak Mateo \"Thanks for your intervention, @. It really made a difference here today...$12\"/end position 18 13"
        
      }

    },

    {
      "LogName": "Mateo 5 Heart Event pt 2 (3.0)",
      "Action": "EditData",
      "Target": "Data/Events/Saloon",
      "Entries": {

        "SnS.Ch1.Mateo.5/e SnS.Ch1.Mateo.4/f Mateo 1250/t 1200 2400/F": "Saloon1/-100 -100/farmer 4 18 0 Mateo 9 4 3 Gus 13 18 2 Emily 17 17 0 Willy 17 22 2 Clint 19 23 3 Pierre 11 20 0 Shane 21 17 2 Pam 7 18 1 Leah 2 20 1 Elliott 4 19 2 Harvey 18 20 0 Marnie 8 22 3 Lewis 9 22 1 Sebastian 38 19 2 Abigail 40 19 2 Sam 39 22 0 SenS? 29 6 0 MadDog.HashtagBearFam.Gunnar? 27 19 1 Nora? 28 19 3 RodneyOBrien? 5 20 3/addTemporaryActor MateoMarlon 16 32 5 5 1 true Character/addTemporaryActor MateoGunther 16 32 5 4 1 true Character/changeName MateoMarlon {{i18n:Strings.Names.Marlon}}/changeName MateoGunther {{i18n:Strings.Names.Gunther}}/animate Shane false true 200 20 20 20 20 20 20 20 20 20 20 21 22 23 24 24 24 24 23 22 21 20 20 20 20/animate Elliott false true 200 16 16 16 16 16 16 16 16 16 16 16 16 16 16 16 16 16 16 17 18 18 18 19 19 18 18 19 19 18 17 16 16 16 16 16 16 16 16 16 16 16 16/animate Gus false true 200 18 18 19 19 20 20 19 19/animate Lewis false true 200 19 19 19 19 19 19 19 19 19 19 19 19 19 19 19 19 19 19 19 19 19 19 19 19 19 19 22 23 23 23 23 23 22 22 22 23 23 23 23 23 23 23 23 23 23 23/animate Marnie false true 200 20 20 20 20 20 20 20 20 20 20 20 20 20 20 20 20 20 20 20 20 20 20 20 20 20 20 20 20 20 20 21 22 23 23 23 23 23 23 23 23 22 21/doAction 11 9/doAction 4 16/removeTile 9 5 Buildings/removeTile 5 5 Buildings/removeTile 9 4 Buildings/removeTile 5 4 Buildings/removeTile 9 21 Buildings/addTemporaryActor FakeDandelion 16 32 17 11 1 true Character/addTemporaryActor FakeRoslin 16 32 18 11 3 true Character/changeName FakeDandelion {{i18n:Strings.Names.???}}/changeName FakeRoslin {{i18n:Strings.Names.???}}/globalFadeToClear/skippable/speed farmer 3/addConversationTopic MateoWyatt {{VariableTimegate}}/viewport 9 4 clamp true/pause 250/textAboveHead Gus \"Full house tonight...\"/advancedMove farmer false 0 -7 7 0 1 10/pause 3500/waitForAllStationary/faceDirection FakeDandelion 3 true/emote farmer 8 true/emote FakeDandelion 16/speak FakeDandelion \"Hail and well-met! Please do let us know if we're being too loud-$6\"/speak FakeRoslin \"Or just mind your own business...$5\"/emote farmer 40 true/faceDirection FakeDandelion 1/textAboveHead FakeDandelion \"Hey now, be nice...\"/pause 250/advancedMove farmer false 0 -5 -2 0 0 -1 4 10/waitForAllStationary/emote Mateo 16 true/faceDirection Mateo 2 true/pause 900/speak Mateo \"{{i18n:Events.S&S.Ch1.5H2.Mateo.1}}\"/faceDirection Mateo 3 true/faceDirection farmer 3/pause 250/speak MateoGunther \"{{i18n:Events.S&S.Ch1.5H2.Gunther.1}}\"/pause 250/speak Mateo \"{{i18n:Events.S&S.Ch1.5H2.Mateo.2}}\"/pause 250/speak MateoMarlon \"{{i18n:Events.S&S.Ch1.5H2.Marlon.1}}\"/pause 250/textAboveHead FakeDandelion \"{{i18n:Events.S&S.Ch1.5H2.Dandelion.1}}\"/speak Mateo \"{{i18n:Events.S&S.Ch1.5H2.Mateo.3}}\"/pause 500/emote Mateo 40 true/emote farmer 40 true/emote MateoGunther 40 true/emote MateoMarlon 40 true/textAboveHead FakeRoslin \"{{i18n:Events.S&S.Ch1.5H2.Roslin.1}}\"/pause 1500/textAboveHead Mateo \"{{i18n:Events.S&S.Ch1.5H2.Mateo.4}}\"/pause 1000/textAboveHead MateoMarlon \"{{i18n:Events.S&S.Ch1.5H2.Marlon.2}}\"/pause 2500/textAboveHead MateoGunther \"{{i18n:Events.S&S.Ch1.5H2.Gunther.2}}\"/pause 500/stopMusic/speak MateoMarlon \"{{i18n:Events.S&S.Ch1.5H2.Marlon.3}}\"/pause 250/playMusic sadpiano/speak Mateo \"{{i18n:Events.S&S.Ch1.5H2.Mateo.5}}\"/pause 250/speak MateoGunther \"{{i18n:Events.S&S.Ch1.5H2.Gunther.3}}\"/pause 250/speak Mateo \"{{i18n:Events.S&S.Ch1.5H2.Mateo.6}}\"/pause 250/speak MateoMarlon \"{{i18n:Events.S&S.Ch1.5H2.Marlon.4}}\"/pause 500/textAboveHead Mateo \"{{i18n:Events.S&S.Ch1.5H2.Mateo.7}}\"/pause 2000/textAboveHead MateoMarlon \"{{i18n:Events.S&S.Ch1.5H2.Marlon.5}}\"/pause 2000/speak Mateo \"{{i18n:Events.S&S.Ch1.5H2.Mateo.8}}\"/pause 250/textAboveHead MateoGunther \"{{i18n:Events.S&S.Ch1.5H2.Gunther.4}}\"/pause 1000/emote Mateo 8/pause 500/speak FakeDandelion \"Someone's going to get hurt.$2\"/speak FakeRoslin \"This is a lost cause.$5\"/speak FakeDandelion \"You don't mean that, you're just frustrated.$6\"/speak FakeRoslin \"You're right...$8\"/emote FakeRoslin 40 true/emote FakeDandelion 40 true/pause 250/speak MateoGunther \"{{i18n:Events.S&S.Ch1.5H2.Gunther.5}}\"/pause 250/speak Mateo \"{{i18n:Events.S&S.Ch1.5H2.Mateo.9}}\"/pause 250/showFrame MateoMarlon 16/textAboveHead MateoMarlon \"{{i18n:Events.S&S.Ch1.5H2.Marlon.6}}\"/pause 2000/showFrame MateoMarlon 4/faceDirection MateoMarlon 1/speak Mateo \"{{i18n:Events.S&S.Ch1.5H2.Mateo.10}}\"/faceDirection MateoMarlon 0 true/faceDirection MateoGunther 2 true/emote MateoGunther 40 true/emote MateoMarlon 40 true/pause 1000/faceDirection MateoMarlon 1 true/faceDirection MateoGunther 1 true/pause 250/speak MateoMarlon \"{{i18n:Events.S&S.Ch1.5H2.Marlon.7}}\"/pause 250/speak MateoGunther \"{{i18n:Events.S&S.Ch1.5H2.Gunther.6}}\"/pause 250/faceDirection Mateo 2 true/faceDirection farmer 0/pause 250/faceDirection FakeRoslin 0 true/faceDirection FakeDandelion 0 true/message \"Animation: Roslin Casting\"/stopMusic/quickQuestion {{i18n:Events.S&S.Ch1.5H2.Q1.Answers}}(break)friendship Mateo 25\\speak Mateo \"{{i18n:Events.S&S.Ch1.5H2.Q1.Response.1}}\"(break)friendship Mateo 25\\speak Mateo \"{{i18n:Events.S&S.Ch1.5H2.Q1.Response.2}}\"/faceDirection Mateo 3 true/faceDirection farmer 3/playMusic SnS.MateoTheme/addTemporaryActor RoslinPortalDeepDark 48 48 17 10 2 true Character/animate RoslinPortalDeepDark false true 75 0 1 2 3 4 5 6 7 8 9 10 11 12 13 14 15 16 17 18 19 20 21 22 23 24 25 26 27 28 29 30 31 32 33 34 35 36 37 38 39 40 41 42 43 44 45 46 47 48 49 50 51 52 53 54 55 56 57 58 59 60/playSound flameSpell/pause 250/speak MateoMarlon \"Lookit' you, kid!  This calls for a celebration, a show of goodwill. C'mere.\"/emote Mateo 40/advancedMove farmer false 1 0 0 1 3 10/pause 250/advancedMove Mateo false 0 2 -1 0 3 10/advancedMove MateoMarlon false 0 1 1 0 1 10/faceDirection MateoGunther 2 true/waitForAllStationary/speak MateoMarlon \"Do you swear under oath...#$b#to protect humanity from monsters and to do everything in your power to uphold the traditions, values, and ideology of the Adventurer's Guild?\"/warp FakeRoslin 999 999/advancedMove FakeDandelion false 1 0 4 10/waitForAllStationary/pause 250/warp FakeDandelion 999 999/pause 250/jump Mateo 5 true/emote Mateo 16 true/pause 1000/textAboveHead Mateo \"I do!\"/pause 500/speak MateoMarlon \"Then on behalf of Stardew Valley, I officially reinstate you as the 13th Adventurer's Guild member!$1#$b#You've been doing the job this whole time, kid. We're just trying to legitimize your efforts.$3\"/speak MateoGunther \"{{i18n:Events.S&S.Ch1.5H3.Gunther.3}}\"/speak MateoMarlon \"{{i18n:Events.S&S.Ch1.5H3.Marlon.7}}\"/speak Mateo \"We do! That being said... It's not a proper celebration without a few pales - this next one's on me.$76\"/fade/viewport -1000 -1000/message \"Mateo's rank in the Guild has been restored! Wonder what those other adventurers were up to, though...\"/end"
      }

    }, 

    {
      "LogName": "Mateo 6 Heart Event (7h Event Remastered)",
      "Action": "EditData",
      "Target": "Data/Events/Town",
      "Entries": {

        "SnS.Ch1.Mateo.7/e SnS.Ch1.Mateo.6/f Mateo 1500/t 1000 1800/w sunny/F": "playful/-100 -100/farmer 55 103 0 Mateo 54 104 0 Lewis 59 86 0 Sam 48 87 2 Sebastian 47 88 1 Abigail 49 88 3 MadDog.HashtagBearFam.Sigurd? 44 77 2 MadDog.HashtagBearFam.Gunnar? 43 77 2 Nova.Eli? 69 72 2 Nova.Dylan? 70 72 2 Juliet? 41 91 3 Rosa 39 91 1 RodneyOBrien? 33 81 1/removeTile 56 85 Buildings/removeTile 56 84 Front/addTemporaryActor SenS_SenTrashcanSnS 16 32 56 85 2 false Character/showFrame MadDog.HashtagBearFam.Sigurd? 31/showFrame MadDog.HashtagBearFam.Gunnar? 41/positionOffset MadDog.HashtagBearFam.Gunnar? 0 10/positionOffset MadDog.HashtagBearFam.Sigurd? 0 10/skippable/globalFadeToClear/viewport 59 87/advancedMove farmer false 0 -16 1 10/advancedMove Mateo false 0 -16 1 10/pause 2000/textAboveHead Mateo \"{{i18n:Events.S&S.Ch1.6H1.Mateo.1}}\"/pause 2000/textAboveHead Mateo \"{{i18n:Events.S&S.Ch1.6H1.Mateo.2}}\"/pause 2500/emote farmer 16 true/emote Mateo 16 false/faceDirection Mateo 1 true/faceDirection farmer 1 true/pause 300/shake Lewis 500/emote Lewis 12/pause 200/speak Lewis \"{{i18n:Events.S&S.Ch1.6H1.Lewis.1}}\"/pause 200/emote Mateo 32/speak Mateo \"{{i18n:Events.S&S.Ch1.6H1.Mateo.3}}\"/advancedMove Mateo false 4 0 0 -2 4 10/pause 2500/emote Mateo 40/pause 200/textAboveHead Lewis \"{{i18n:Events.S&S.Ch1.6H1.Lewis.2}}\"/pause 2400/textAboveHead Mateo \"{{i18n:Events.S&S.Ch1.6H1.Mateo.4}}\"/pause 400/shake Mateo 250/pause 2000/advancedMove RodneyOBrien false 20 0 0 -15 4 10/textAboveHead Mateo \"{{i18n:Events.S&S.Ch1.6H1.Mateo.5}}\"/pause 2500/shake Mateo 250/emote Mateo 40/pause 200/emote Mateo 16/pause 200/playSound openBox/speak Mateo \"{{i18n:Events.S&S.Ch1.6H1.Mateo.6}}\"/faceDirection Mateo 1 true/faceDirection Lewis 3 false/speak Lewis \"{{i18n:Events.S&S.Ch1.6H1.Lewis.3}}\"/shake Mateo 300/pause 200/emote Mateo 28/pause 100/advancedMove Nova.Dylan? false 0 22 20 0 1 10/advancedMove Nova.Eli? false 0 23 20 0 1 10/speak Mateo \"{{i18n:Events.S&S.Ch1.6H1.Mateo.7}}\"/speak Lewis \"{{i18n:Events.S&S.Ch1.6H1.Lewis.4}}\"/speak Mateo \"Yes. But I do make locks, so it's not very hard to pick them...$13\"/speak Lewis \"I'd forgotten you had an inclination for that sort of thing.$2\"/speak Mateo \"Maybe you'll remember the next time you forget your keys.$15\"/faceDirection farmer 2/animate farmer false true 200 102 103/animate SenS_SenTrashcanSnS false false 100 0 1 2 2 2 2 2 2 2 2 2 2 2 2 2 2 2 2 2 2 2 2 2 1 0/emote Lewis 12/pause 2000/fade/viewport -100 -100/end"
      }

    },

    {
      "LogName": "Mateo 6 Heart Event pt 2 (7h pt 2 Remastered)",
      "Action": "EditData",
      "Target": "Data/Events/Forest",
      "Entries": {
    
        "SnS.Ch1.Mateo.8/e SnS.Ch1.Mateo.7/f Mateo 1500/t 1800 2400/gameStateQuery WEATHER here Rain Snow Storm/F": "SunRoom/-100 -100/farmer 33 17 2 Mateo 34 25 2/addLantern 735 35 25 1/skippable/globalFadeToClear/viewport 34 25/animate Mateo true true 350 29 30 31 32 33 32 31 30 29 29 29 29 29 29 29 29 29 29 29 29 29 29 29 29 29 29 29 29 29 29/pause 100/emote farmer 16/pause 100/move farmer 0 8 2 true/pause 2000/speak Mateo \"{{i18n:Events.S&S.Ch1.6H2.Mateo.1}}\"/pause 200/speak Mateo \"{{i18n:Events.S&S.Ch1.6H2.Mateo.2}}\"/pause 1000/speak Mateo \"{{i18n:Events.S&S.Ch1.6H2.Mateo.3}}\"/pause 1500/showFrame Mateo 29/speak Mateo \"{{i18n:Events.S&S.Ch1.6H2.Mateo.4}}\"/speak Mateo \"{{i18n:Events.S&S.Ch1.6H2.Mateo.5}}\"/stopAnimation Mateo/faceDirection farmer 1 true/faceDirection Mateo 3 true/quickQuestion #For what it's worth, I think about you a lot, too. (FLIRTY) #You've seemed so much happier lately. (PLATONIC)(break)speak Mateo \"Is that so?$66#$b#Tell me more.$69\"\\viewport move 0 1 8000\\faceDirection farmer 2\\showFrame farmer 24 true\\emote farmer 20 true\\emote Mateo 56(break)speak Mateo \"I have been, @. Well and truly.$70\"\\viewport move 0 1 8000\\emote farmer 56 true\\emote Mateo 32/pause 4000/fade/viewport -1000 -1000/end"

      },
      "When": { "HasMod|contains=7thAxis.LitD.CP": false }	
    },

    {
      "LogName": "Mateo 6 Heart Event pt 2 (7h pt 2 Remastered)",
      "Action": "EditData",
      "Target": "Data/Events/Forest",
      "Entries": {
    
        "SnS.Ch1.Mateo.8/e SnS.Ch1.Mateo.7/f Mateo 1500/t 1800 2400/gameStateQuery WEATHER here Rain Snow Storm/F": "SunRoom/-100 -100/farmer 33 17 2 Mateo 34 25 2 SenS 30 15 1/addLantern 735 35 25 1/ignoreCollisions SenS/skippable/globalFadeToClear/viewport 34 23/animate Mateo true true 350 29 30 31 32 33 32 31 30 29 29 29 29 29 29 29 29 29 29 29 29 29 29 29 29 29 29 29 29 29 29/pause 100/emote farmer 16/pause 100/move farmer 0 8 2 true/pause 2000/speak Mateo \"{{i18n:Events.S&S.Ch1.6H2.Mateo.1}}\"/pause 200/speak Mateo \"{{i18n:Events.S&S.Ch1.6H2.Mateo.2}}\"/pause 1000/speak Mateo \"{{i18n:Events.S&S.Ch1.6H2.Mateo.3}}\"/pause 1500/showFrame Mateo 29/speak Mateo \"{{i18n:Events.S&S.Ch1.6H2.Mateo.4}}\"/speak Mateo \"{{i18n:Events.S&S.Ch1.6H2.Mateo.5}}\"/stopAnimation Mateo/faceDirection farmer 1 true/faceDirection Mateo 3 true/quickQuestion #For what it's worth, I think about you a lot, too. (FLIRTY) #You've seemed so much happier lately. (PLATONIC)(break)speak Mateo \"Oh, is that so?$66#$b#Well, I couldn't think of a better atmosphere if you'd like to tell me mo-$69\"(break)speak Mateo \"I have been, @. Well and truly, like you wouldn't believe-$70\"/stopMusic/pause 250/playSound leafrustle/faceDirection Mateo 0 true/emote Mateo 8 true/faceDirection farmer 0/speed SenS 4/advancedMove SenS false 4 0 1 10/pause 1000/warp SenS 999 999/addTemporaryActor SenS_FallenSen 32 32 34 16 2 true Character/ignoreCollisions SenS_FallenSen/shake SenS_FallenSen 2000/playSound SnS.RecordScratch/pause 500/emote SenS_FallenSen 40/pause 250/showFrame SenS_FallenSen 1/speak SenS \"...!$u#$b#I-I can explain!!$9\"/advancedMove farmer false 0 -8 4 10/advancedMove Mateo false 0 -8 4 10/speak Mateo \"Well, go ahead and start.$79\"/shake SenS_FallenSen 2000 true/jump SenS_FallenSen 5/pause 250/warp SenS_FallenSen 999 999/warp SenS 34 15/faceDirection SenS 2/positionOffset SenS 0 -4/pause 5/positionOffset SenS 0 -4/pause 5/shake SenS 6000 true/positionOffset SenS 0 -4/pause 5/positionOffset SenS 0 -4/pause 5/ showFrame SenS 1/positionOffset SenS 0 -4/pause 5/positionOffset SenS 0 -4/pause 5/positionOffset SenS 0 -4/pause 5/positionOffset SenS 0 -4/pause 5/ showFrame SenS 0/positionOffset SenS 0 -4/pause 5/positionOffset SenS 0 -4/pause 5/positionOffset SenS 0 -4/pause 5/positionOffset SenS 0 -4/pause 5/ showFrame SenS 3/positionOffset SenS 0 -4/pause 5/positionOffset SenS 0 -4/pause 5/positionOffset SenS 0 -4/pause 5/positionOffset SenS 0 -4/pause 5/ showFrame SenS 0/pause 5/warp SenS 34 14/speak SenS \"I-I-I-!!$9\"/pause 250/emote Mateo 28/pause 250/quickQuestion #Don't worry, this is a friend!(break)faceDirection Mateo 0 true\\faceDirection farmer 0\\speak Mateo \"I promise, I'm not going to hurt you. You don't have to be afraid.$77\"/pause 250/emote SenS 40/pause 250/playMusic junimoKart_mushroomMusic/speak SenS \"...Well, I've seen you hanging around with @ on my outings, and I trust @...$s\"/pause 250/speed SenS 2/advancedMove SenS false 0 1 2 10/pause 300/speak SenS \"H-hello! My name is Sentrez, Sen for short!$h#$b#I come from the depth of the Valley's mines. I hope my monstrous appearance doesn't come as too much of a shock.$8\"/pause 250/emote Mateo 56/pause 250/speak Mateo \"{{MateoSenMonsterResponse}}\"/pause 250/speak SenS \"Oh, certainly not! I'm not one to attack unless it's in self defense...\"/pause 250/emote Mateo 40/pause 250/speak Mateo \"So what brings you out into the rain, buddy?$77\"/pause 250/emote SenS 60/pause 250/speak SenS \"E-Er, oh right. To explain... I was bringing @ a gift!$h#$b#However, I saw they were with another, and I'm not one to mingle with strangers.$s#$b#So! I dove myself into hiding to plot my grand escape!$h#$b#Um... you see how well that went.$8\"/speak Mateo \"Well, if you're interested in learning to step into shadows, do let me know... I've got more than a few tricks up my sleeve.$79\"/jump SenS 5 true/emote SenS 16/speak SenS \"Hm... what do you...?$6#$b#O-oh! You mean that stunt you pulled back in the mines!$u#$b#Er- Um- Not that I was intentionally watching! I walked in on it after visiting home...$8#$b#A-anyways! Really? You'd- You'd be willing to teach me such things? We hardly met but a moment ago!$7\"/speak Mateo \"I'd be happy to. Knowledge isn't meant to be hoarded, it's meant to be shared.$79#$b#Besides, it seems like we could both do with a few more friends here in the Valley.$81\"/speak SenS \"Well I'll have you know, I absorb knowledge like a sponge and you won't meet a friendlier fellow!$h#$b#Oh- Right! I guess I should give you this before I forget, @.$h\"/advancedMove SenS false -1 0 2 10/waitForAllStationary/faceDirection farmer 2/showFrame farmer 57/playSound pickUpItem/addTemporaryActor PressedCrocus 16 16 33 15 2 false/hideShadow PressedCrocus true/pause 2000/warp PressedCrocus 999 999/showFrame farmer 0/pause 250/faceDirection farmer 0/message \"You've obtained Sen's Pressed Crocus! You can wear it in a ring slot.\"/pause 250/speak SenS \"A particularly beautiful specimen of crocus, isn't it?$h#$b#I pressed it myself. It was just too beautiful to let wilt away.$l\"/pause 250/emote farmer 56/pause 250/speak Mateo \"Now, I don't know about how Shadow Folk react to rain, but @ and I are soaked to the bone... how about we find somewhere dry for your first lesson?$51\"/speak SenS \"Oh, I know just the place! My cave is nice and dry with plenty of space.$7\"/fade/viewport -1000 -1000/pause 250/speak SenS \"I'll just need to tidy up a little, I don't often have guests...$8\"/message \"You spent the evening with Mateo and Sen, sharpening your skills. Sen's catching on fast!\"/quickQuestion {{i18n:Events.S&S.EndDay.Question}}#{{i18n:Events.S&S.EndDay.Yes}}#{{i18n:Events.S&S.EndDay.No2}}(break)end newDay(break)end"

      },
      "When": { "HasMod|contains=7thAxis.LitD.CP": true }	
    },

    {
      "LogName": "Mateo 8 Heart Event pt 1 (8h pt 4 Remastered)",
      "Action": "EditData",
      "Target": "Data/Events/EastScarp_Village",
      "Entries": {
    
        "SnS.Ch1.Mateo.11/e SnS.Ch1.Mateo.10/f Mateo 2000/t 0800 1800/w sunny/A MateoRecovery/F": "ocean/-100 -100/farmer 87 86 2 Mateo 94 96 0 MadDog.HashtagBearFam.Sigurd? 42 82 2 MadDog.HashtagBearFam.Gunnar? 43 82 2 Nova.Dylan? 47 95 3 Nova.Eli? 55 84 2 Rosa 60 77 1 Juliet? 61 77 3 Jacob 59 94 0 Eloise 60 94 0 Eyvinder 38 77 0/removeTile 48 68 Buildings/removeTile 48 67 Front/addTemporaryActor SenS_SenTrashcanSnS 16 32 48 68 2 false Character/addTemporaryActor FakeDandelion 16 32 84 101 3 true Character/changeName FakeDandelion {{i18n:Strings.Names.???}}/addTemporaryActor FakeRoslin 16 32 83 101 1 true Character/changeName FakeRoslin {{i18n:Strings.Names.???}}/addTemporaryActor MateoMarlon 16 32 93 96 0 true Character/showFrame Nova.Eli? 126/animate Nova.Dylan? true true 100 38 38 38 38 38 38 38 38 38 38 38 38 38 38 37 37 37 36 37 36 37 36 37 36 37 36 37 36 37 36 37 36 38 38 38 38 38 38 38 38 37 36 37 36 37 36 37 36 37 36 38 38 38/showFrame MadDog.HashtagBearFam.Sigurd? 31/showFrame MadDog.HashtagBearFam.Gunnar? 41/changeName MateoMarlon {{i18n:Strings.Names.Marlon}}/addConversationTopic CGuildConstruction {{VariableTimegate}}/addSpecialOrder Mateo.SpecialOrders.BuildGuild/skippable/viewport 94 96 clamp true/globalFadeToClear/advancedMove farmer false 0 8 1 0 1 10/emote farmer 8/speak MateoMarlon \"{{i18n:Events.S&S.Ch1.8H1.Marlon.1}}\"/emote Mateo 12/speak Mateo \"{{i18n:Events.S&S.Ch1.8H1.Mateo.1}}\"/emote MateoMarlon 12/speak MateoMarlon \"Fair enough point, although if you're planning to stick around I'd suggest something less likely to get swept up in the tide.$3\"/emote FakeRoslin 12 true/emote FakeDandelion 40/speak Mateo \"That's the plan! I can make swords and armor, what's a little dip into carpentry?$13\"/emote MateoMarlon 16 true/emote Mateo 16 true/pause 100/faceDirection Mateo 3 true/faceDirection MateoMarlon 3 true/pause 250/emote farmer 32/advancedMove MateoMarlon false -6 0 0 -1 1 10/advancedMove Mateo false -6 0 4 10/pause 200/faceDirection farmer 2/speak Mateo \"{{i18n:Events.S&S.Ch1.8H1.Mateo.2}}\"/speak MateoMarlon \"Very good, actually. Your experienced hands will serve us well.\"/pause 250/emote farmer 8/speak Mateo \"I'm looking to build myself a house, and I could use some help gathering materials.$1\"/speak MateoMarlon \"We were also discussing the construction of a quest board over here, since there's quite a bit of strangeness in that cavern across the way.$5\"/emote farmer 16/pause 250/speak Mateo \"Yeah, between the 'Deep Dark' and the Rock Crab infestation, East Scarp is in sore need of some adventurers!$14\"/quickQuestion #Count me in!(break)friendship Mateo 25/message \"A Special Order has been added to your journal.\"/pause 250/emote farmer 32/speak MateoMarlon \"{{i18n:Events.S&S.Ch1.8H1.Marlon.5}}\"/pause 250/advancedMove MateoMarlon false 0 -4 2 10/faceDirection farmer 0/pause 3000/emote MateoMarlon 40/faceDirection MateoMarlon 0/advancedMove MateoMarlon false 0 -30 4 0/pause 2500/faceDirection farmer 2/pause 250/textAboveHead Mateo \"C'mere for a second.\"/advancedMove Mateo false 3 0 0 14 2 10/advancedMove farmer false 0 3 2 0 0 13 2 10/viewport move 0 1 8000/pause 1000/faceDirection FakeDandelion 1 true/emote FakeDandelion 8 true/emote FakeRoslin 8/pause 500/speak Mateo \"There's something I've been holding close to the chest. Don't worry, it's not another admission of a crime - just a hypothesis based on some reading I did.$34\"/advancedMove FakeDandelion false 2 0 1 10/advancedMove FakeRoslin false 2 0 0 1 1 0 1 10/emote farmer 8/playMusic SnS.DeepDarkIntrigue/speak Mateo \"I have reason to believe there's an ore unique to the Scarp - it's called Stygium, and it's supposedly infused with Void Essence.$34\"/viewport move -1 -1 24250/faceDirection farmer 1 true/emote farmer 8/speak Mateo \"It hasn't been dug up since the mines here collapsed.$37\"/pause 1000/speak FakeRoslin \"Is that so...$9\"/speak FakeDandelion \"Shh! Listen...$5\"/pause 1000/speak Mateo \"With good reason - it's dangerous, it can corrupt anyone or anything that's over exposed.$11\"/pause 500/emote Eyvinder 40/pause 500/speak Mateo \"Admittedly, it was something I was hoping to find and study when I came back here... Supposedly there's a means to purify the stuff, but it's lost to time.$2\"/pause 500/advancedMove Eyvinder false -2 0 0 8 -25 0 3 10/addObject 38 76 458 3/playSound pickUpItem/speak Mateo \"There was a part of me that hoped a discovery would help clear my name, but that's handled now.$12\"/pause 1000/speak Mateo \"Still, I'm thinking of delving soon. See what I can find now that I'll have a proper hub to research from.$13\"/pause 1000/animate SenS_SenTrashcanSnS false false 100 0 1 2 2 2 2 2 2 2 2 2 2 2 2 2 2 2 2 2 2 2 2 2 1 0/pause 1000/fade/viewport -1000 -1000/message \"Didn't those adventurers confronting Lewis mention something dangerous underneath East Scarp?...\"/stopAdvancedMoves/end"

      }

    },

    {
      "LogName": "Mateo 8 Heart Event pt 2 (8h pt 5 + 6 combined/remastered)",
      "Action": "EditData",
      "Target": "Data/Events/EastScarp_Village",
      "Entries": {
    
        "SnS.Ch1.Mateo.12/e SnS.Ch1.Mateo.11/f Mateo 2000/t 0800 1800/w sunny/n Mateo_SpecialOrders_BuildGuildMail/F": "continue/-100 -100/farmer 24 91 0  Mateo 26 82 3/addTemporaryActor MateoMarlon 16 32 25 84 0 true Character/changeName MateoMarlon {{i18n:Strings.Names.Marlon}}/addConversationTopic CGuildComplete 0/skippable/removeTile 26 82 Buildings/removeTile 27 82 Buildings/removeTile 26 81 Front/removeTile 27 81 Front/positionOffset Mateo 0 10/globalFadeToClear/viewport 34 83/emote farmer 16/advancedMove farmer false 0 -7 4 10/animate Mateo false true 100 64 64 65 65 66 66 67 67/pause 200/playSound crafting/pause 1200/playSound crafting/pause 1200/playSound crafting/pause 1200/playSound crafting/pause 500/stopAnimation Mateo/faceDirection Mateo 2/emote farmer 8/pause 250/speak Mateo \"How's it looking?$14\"/speak MateoMarlon \"Like it was made by a blacksmith moonlighting as a carpenter.$3\"/emote Mateo 12/speak MateoMarlon \"I'm teasing, you did fantastic.$1\"/speak Mateo \"You're darn right I did!$15#$b#I'll be sure to keep things posted. There's plenty to clear, between the mountains up north, the Skull Cave in the desert, the Volcano on Ginger Island...$12#$b#And of course, the abandoned mine right in our own backyard.$13\"/speak MateoMarlon \"You'd best be wary down there, Mateo.$5\"/pause 200/emote Mateo 40/pause 200/speak Mateo \"Don't worry, Marlon. I'll remain vigilant. But thank you for worrying about me.$1\"/faceDirection MateoMarlon 3 true/faceDirection farmer 1 true/emote MateoMarlon 40 true/emote farmer 40 true/pause 1000/faceDirection farmer 0 true/faceDirection MateoMarlon 0/speak MateoMarlon \"Well, there's quite a bit more to see, so let's get going.$1\"/emote Mateo 32/pause 500/fade/viewport -1000 -1000/warp Mateo 10 13/faceDirection Mateo 2/warp MateoMarlon 11 14/faceDirection MateoMarlon 3/stopMusic/changeLocation EastScarp_CoastalGuild/addTemporaryActor MateoGunther 16 32 9 14 2 true Character/changeName MateoGunther {{i18n:Strings.Names.Gunther}}/addTemporaryActor DinoEgg 16 16 1 17 2 false Character/positionOffset DinoEgg 0 10/positionOffset DinoEgg -2 0/warp farmer 10 19/faceDirection farmer 0/playSound doorClose/globalFadeToClear/viewport 12 12/emote farmer 16/move farmer 0 -4 0/emote Mateo 32/speak Mateo \"What do you think?$32\"/emote farmer 20 true/jump farmer 5/pause 500/emote MateoGunther 40 true/faceDirection MateoMarlon 2/speak MateoGunther \"{{i18n:Events.S&S.Ch1.8H2.Gunther.1}}\"/emote farmer 8/pause 250/speak MateoGunther \"{{i18n:Events.S&S.Ch1.8H2.Gunther.2}}\"/pause 250/faceDirection MateoMarlon 3 true/faceDirection MateoGunther 1 false/playMusic SnS.MateoTheme/speak MateoMarlon \"The warmest congratulations... to East Scarp's Guildmaster.\"/pause 250/emote Mateo 28/pause 250/speak Mateo \"An empty building does not a guild make, Marlon. And besides, I hate titles.$34#$b#But, I suppose it's just you and Gil up in the mountains...$35\"/speak MateoGunther \"Think of it like fostering a plant, Mateo. You need to nurture it, give it a chance to grow.$1\"/speak Mateo \"I'm an Artificer, not a Druid, but I see your point.$76\"/speak MateoMarlon \"Oh, come now, that's just being pedantic.$5\"/speak Mateo \"Better than being pun-dantic.$35\"/quickQuestion #Laugh. #Groan.(break)friendship Mateo 25\\speak Mateo \"Thank you for having taste, @.\"(break)emote MateoMarlon 12 true\\emote MateoGunther 12 true\\emote farmer 12 true\\speak MateoMarlon \"You're insufferable.$1\"/emote Mateo 20/pause 250/speak Mateo \"Anyway, I've got one last thing to show you - c'mon, @!\"/advancedMove Mateo false 8 0 0 1 2 0 4 10/advancedMove farmer false 0 -2 8 0 0 1 2 0 4 10/faceDirection MateoMarlon 1 true/emote MateoGunther 40 true/emote MateoMarlon 40/pause 5000/faceDirection MateoMarlon 3/playSound doorOpen/warp Mateo 1000 1000/pause 1000/warp farmer 1000 1000/playSound doorOpen/pause 250/fade/viewport -1000 -1000/changeLocation EastScarp_Underforge/warp MateoGunther -100 -100/warp MateoMarlon -100 -100/warp DinoEgg -100 -100/warp farmer 6 7/positionOffset farmer 0 10/faceDirection farmer 1/warp Mateo 8 7/faceDirection Mateo 3/fade/viewport 13 8 clamp true/pause 1000/speak Mateo \"Welcome to the Underforge, @! A place for leatherworking, smithing - you name it! The perfect spot to gear up for adventures.$32\"/faceDirection farmer 0/message \"{{i18n:Events.S&S.Ch1.18.Message.1}}\"/pause 250/emote Mateo 8/faceDirection farmer 0/pause 25/startJittering/showFrame farmer 94/sns_rogueunlock 6 7/shake Mateo 1000/emote Mateo 16 true/jump Mateo 5 true/pause 7000/showFrame farmer 0/message \"{{i18n:Events.S&S.Ch1.18.Message.2}}\"/stopJittering/pause 250/message \"{{i18n:Events.S&S.Ch1.18.Message.3}}\"/pause 250/faceDirection farmer 1/pause 250/speak Mateo \"Feel free to come and visit whenever you please, @.$1\"/quickQuestion #It's pretty warm down here... (FLIRTY) #Do you make all your own gear? (PLATONIC)(break)speak Mateo \"Sure is. I could really see myself breaking a sweat.$30\"\\fade\\viewport -1000 -1000\\speak Mateo \"I'm excited for what the future holds for us, @.$28\"(break)speak Mateo \"Sure do! And I'd be happy to teach you everything I know!$76\"\\fade\\viewport -1000 -1000\\speak Mateo \"I'm excited for what the future holds for us, @.$78\"/addMailReceived SnS_AdventureBar/quickQuestion {{i18n:Events.S&S.EndDay.Question}}#{{i18n:Events.S&S.EndDay.Yes}}#{{i18n:Events.S&S.EndDay.No}}(break)end newDay(break)end"

      }

    },

    {
      "LogName": "Emeritus: Hatching",
      "Action": "EditData",                                           
      "Target": "Data/Events/EastScarp_CoastalGuild", //sunny weather? 
      "Entries": {
    
        "SnS.Ch1.Emeritus/e SnS.Ch1.Mateo.12/f Mateo 2000/t 0800 2200/A CGuildComplete/F": "junimoStarSong/-100 -100/farmer 10 19 0 Mateo 5 16 3/skippable/addTemporaryActor MateoEmeritus_Baby_Hatching 48 32 2 18 2 false Character/addTemporaryActor MateoEmeritus_Baby 16 16 -999 -999 1 false Character/positionOffset MateoEmeritus_Baby_Hatching 0 -60/animate MateoEmeritus_Baby_Hatching false true 100 0 1 2 3 4 5 6 7 0 0 0 0 0/animate Mateo true true 35 35 35/shake Mateo 5000/globalFadeToClear/viewport 12 23/pause 500/emote farmer 16 true/jump farmer 7/pause 500/speed farmer 5/advancedMove farmer false 0 -2 -5 0 3 10/waitForAllStationary/stopAnimation MateoEmeritus_Baby_Hatching 0/pause 1500/animate MateoEmeritus_Baby_Hatching false true 100 8 9 10 11 12 13 14 15 16/pause 900/stopAnimation MateoEmeritus_Baby_Hatching 16/pause 1000/textAboveHead Mateo \"It hatched!\"/stopAnimation Mateo/faceDirection farmer 0 true/faceDirection Mateo 2 true/faceDirection farmer 3 true/faceDirection Mateo 3/pause 250/animate MateoEmeritus_Baby_Hatching false true 100 16 17 18 19 20 21 22 23 24 25/pause 1100/stopAnimation MateoEmeritus_Baby_Hatching 25/pause 1500/animate MateoEmeritus_Baby_Hatching false true 75 26 27 28 29 30 31 32 33 34 35 36 37 38/pause 975/stopAnimation MateoEmeritus_Baby_Hatching 38/hideShadow MateoEmeritus_Baby true/showFrame MateoEmeritus_Baby 33/warp MateoEmeritus_Baby 4 17/positionOffset MateoEmeritus_Baby -2 -8/showFrame MateoEmeritus_Baby 4/showFrame MateoEmeritus_Baby_Hatching 39/changeName MateoEmeritus_Baby Emeritus/speak MateoEmeritus_Baby \"Hurrr!\"/emote MateoEmeritus_Baby 20/speed MateoEmeritus_Baby 2/speed Mateo 4/pause 5/positionOffset Mateo 4 0/pause 5/positionOffset Mateo 4 0/pause 5/positionOffset Mateo 4 0/pause 5/positionOffset Mateo 4 0/pause 5/advancedMove MateoEmeritus_Baby false 7 0 4 10/showFrame Mateo 13/positionOffset Mateo 4 0/pause 5/faceDirection farmer 1 true/emote Mateo 16 true/positionOffset Mateo 4 0/pause 5/positionOffset Mateo 4 0/pause 5/positionOffset Mateo 4 0/pause 5/showFrame Mateo 12/positionOffset Mateo 4 0/pause 5/positionOffset Mateo 4 0/pause 5/positionOffset Mateo 4 0/pause 5/positionOffset Mateo 4 0/pause 5/showFrame Mateo 15/positionOffset Mateo 4 0/pause 5/positionOffset Mateo 4 0/pause 5/positionOffset Mateo 4 0/pause 5/positionOffset Mateo 4 0/pause 5/showFrame Mateo 12/positionOffset Mateo 4 0/pause 5/positionOffset Mateo 4 0/pause 5/positionOffset Mateo 4 0/pause 5/positionOffset Mateo 4 0/pause 5/showFrame Mateo 13/positionOffset Mateo 4 0/pause 5/positionOffset Mateo 4 0/pause 5/positionOffset Mateo 4 0/pause 5/positionOffset Mateo 4 0/pause 5/showFrame Mateo 12/positionOffset Mateo 4 0/pause 5/positionOffset Mateo 4 0/pause 5/positionOffset Mateo 4 0/pause 5/positionOffset Mateo 4 0/pause 5/showFrame Mateo 15/positionOffset Mateo 4 0/pause 5/positionOffset Mateo 4 0/pause 5/positionOffset Mateo 4 0/pause 5/positionOffset Mateo 4 0/pause 5/showFrame Mateo 12/positionOffset Mateo 4 0/pause 5/positionOffset Mateo 4 0/pause 5/positionOffset Mateo 4 0/pause 5/positionOffset Mateo 4 0/pause 5/showFrame Mateo 13/positionOffset Mateo 4 0/pause 5/positionOffset Mateo 4 0/pause 5/positionOffset Mateo 4 0/pause 5/positionOffset Mateo 4 0/pause 5/showFrame Mateo 12/positionOffset Mateo 4 0/pause 5/positionOffset Mateo 4 0/pause 5/positionOffset Mateo 4 0/pause 5/positionOffset Mateo 4 0/pause 5/showFrame Mateo 15/positionOffset Mateo 4 0/pause 5/positionOffset Mateo 4 0/pause 5/positionOffset Mateo 4 0/pause 5/positionOffset Mateo 4 0/pause 5/showFrame Mateo 12/positionOffset Mateo 4 0/pause 5/positionOffset Mateo 4 0/pause 5/positionOffset Mateo 4 0/pause 5/speed farmer 2/advancedMove farmer false 5 0 0 -2 1 10/positionOffset Mateo 4 0/pause 5/showFrame Mateo 13/positionOffset Mateo 4 0/pause 5/positionOffset Mateo 4 0/pause 5/positionOffset Mateo 4 0/pause 5/positionOffset Mateo 4 0/pause 5/showFrame Mateo 12/positionOffset Mateo 4 0/pause 5/positionOffset Mateo 4 0/pause 5/positionOffset Mateo 4 0/pause 5/positionOffset Mateo 4 0/pause 5/showFrame Mateo 15/positionOffset Mateo 4 0/pause 5/positionOffset Mateo 4 0/pause 5/positionOffset Mateo 4 0/pause 5/positionOffset Mateo 4 0/pause 5/showFrame Mateo 12/positionOffset Mateo 4 0/pause 5/positionOffset Mateo 4 0/pause 5/positionOffset Mateo 4 0/pause 5/positionOffset Mateo 4 0/pause 5/showFrame Mateo 13/positionOffset Mateo 4 0/pause 5/positionOffset Mateo 4 0/pause 5/positionOffset Mateo 4 0/pause 5/positionOffset Mateo 4 0/pause 5/showFrame Mateo 12/positionOffset Mateo 4 0/pause 5/positionOffset Mateo 4 0/pause 5/positionOffset Mateo 4 0/pause 5/positionOffset Mateo 4 0/pause 5/showFrame Mateo 15/positionOffset Mateo 4 0/pause 5/positionOffset Mateo 4 0/pause 5/positionOffset Mateo 4 0/pause 5/positionOffset Mateo 4 0/pause 5/showFrame Mateo 12/positionOffset Mateo 4 0/pause 5/positionOffset Mateo 4 0/pause 5/positionOffset Mateo 4 0/pause 5/positionOffset Mateo 4 0/pause 5/showFrame Mateo 13/positionOffset Mateo 4 0/pause 5/positionOffset Mateo 4 0/pause 5/positionOffset Mateo 4 0/pause 5/positionOffset Mateo 4 0/pause 5/showFrame Mateo 12/positionOffset Mateo 4 0/pause 5/positionOffset Mateo 4 0/pause 5/positionOffset Mateo 4 0/pause 5/positionOffset Mateo 4 0/pause 5/showFrame Mateo 15/positionOffset Mateo 4 0/pause 5/positionOffset Mateo 4 0/pause 5/positionOffset Mateo 4 0/pause 5/positionOffset Mateo 4 0/pause 5/showFrame Mateo 12/warp Mateo 11 16/faceDirection Mateo 2/positionOffset Mateo 0 -4/pause 5/positionOffset Mateo 0 -4/pause 5/positionOffset Mateo 0 -4/pause 5/positionOffset Mateo 0 -4/pause 5/ showFrame Mateo 1/positionOffset Mateo 0 -4/pause 5/positionOffset Mateo 0 -4/pause 5/positionOffset Mateo 0 -4/pause 5/positionOffset Mateo 0 -4/pause 5/ showFrame Mateo 0/positionOffset Mateo 0 -4/pause 5/positionOffset Mateo 0 -4/pause 5/positionOffset Mateo 0 -4/pause 5/positionOffset Mateo 0 -4/pause 5/ showFrame Mateo 3/positionOffset Mateo 0 -4/pause 5/positionOffset Mateo 0 -4/pause 5/positionOffset Mateo 0 -4/pause 5/positionOffset Mateo 0 -4/pause 5/ showFrame Mateo 0/pause 5/warp Mateo 11 15/pause 250/advancedMove MateoEmeritus_Baby false 0 -1 4 10/waitForAllStationary/shake MateoEmeritus_Baby 2000/pause 500/jump MateoEmeritus_Baby 7/pause 250/warp MateoEmeritus_Baby 1000 1000/animate Mateo false true 46 46 46 46 46 46 46 46 46 46 47 47 47 47 47 47 47 47 47 47/pause 2000/speak Mateo \"I think I'll name you... Emeritus.$80\"/quickQuestion #Like the guy in that band you love? #'Professor'? So he'll be smart?(break)speak Mateo \"When you say it like that, it makes it sound really dorky. But yeah, why wouldn't I?$76\"(break)speak Mateo \"Haha, yup! Maybe he'll go off to Dinosaur College some day. Get his degree in Being Cute.$76\"/pause 250/emote Mateo 20/pause 250/speak Mateo \"Wanna go outside, little buddy?\"/speak MateoEmeritus_Baby \"Hurrr!$1\"/pause 1000/fade/viewport -1000 -1000/stopMusic/changeLocation EastScarp_Village/faceDirection MateoEmeritus_Baby 2/warp farmer 91 96/positionOffset farmer 0 12/warp Mateo 90 96/faceDirection farmer 2/warp MateoEmeritus_Baby 1000 1000/warp MateoEmeritus_Baby_Hatching 1000 1000/addTemporaryActor MateoEmeritus_Baby_Pumpkin 32 32 90 98 1 false Character/positionOffset MateoEmeritus_Baby_Pumpkin 0 -12/showFrame MateoEmeritus_Baby_Pumpkin 25/globalFadeToClear/viewport 94 94 clamp true/playMusic {{season}}_day_ambient/pause 1000/shake Mateo 1000/pause 500/stopAnimation Mateo/showFrame Mateo 0/warp MateoEmeritus_Baby 90 97/speak MateoEmeritus_Baby \"Hurrr!$3\"/advancedMove MateoEmeritus_Baby false 0 1 1 10/pause 2000/animate MateoEmeritus_Baby_Pumpkin false true 100 0 1 2 3 4 5 6/warp MateoEmeritus_Baby 1000 1000/pause 700/stopAnimation MateoEmeritus_Baby_Pumpkin 6/pause 250/animate MateoEmeritus_Baby_Pumpkin false true 100 7 8 9 10 11 12 13/pause 700/stopAnimation MateoEmeritus_Baby_Pumpkin 13/pause 250/animate MateoEmeritus_Baby_Pumpkin false true 100 13 14 15 16 17 18 19 20 21 22 23 24/speak Mateo \"You're gonna have the best life, Emeritus. I promise.$80\"/pause 250/speak MateoEmeritus_Baby \"Hurrr!$4\"/pause 1000/fade/viewport -1000 -1000/end"

      },
    },

    {
      "LogName": "Mateo 8 Heart Event pt 1 (8h pt 4 Remastered)", //happens at night 
      "Action": "EditData",
      "Target": "Data/Events/EastScarp_Village",
      "Entries": {
    
        "SnS.Ch1.Mateo.Injury/e SnS.Ch1.Mateo.8/f Mateo 1750/G PLAYER_HAS_MET Current Krobus/t 0900 1700/A MateoAcceptance/d Fri/F": "SnS.DeepDarkDark/-100 -100/farmer 1000 1000 2 Mateo 1000 1000 2 Harvey 1000 1000 2 SenS? 1000 1000 2/skippable/changeLocation EastScarp_DeepDarkLv3/addTemporaryActor MateoActions 48 48 24 23 2 false Character/positionOffset MateoActions -10 0/addTemporaryActor StygiumGolem_Purple 16 24 24 26 0 false Character/addTemporaryActor StygiumGolem_Blue 16 24 22 23 1 false Character/addTemporaryActor StygiumHead 16 16 23 24 1 false Character/addTemporaryActor StygiumHead2 16 16 29 27 3 false Character/addTemporaryActor StygiumMiner 16 32 28 23 3 false Character/addTemporaryActor StygiumMiner2 16 32 21 25 1 false Character/addTemporaryActor StygiumRex 32 32 27 26 0 false Character/addTemporaryActor StygiumRex3 32 32 22 27 0 false Character/addTemporaryActor StygiumRex2 32 32 29 22 3 false Character/addTemporaryActor StygiumSkull 16 16 29 24 3 false Character/addTemporaryActor StygiumSkull2 16 16 23 21 1 false Character/addTemporaryActor StygiumMiner_Mage 16 32 25 25 0 false Character/addTemporaryActor StygiumSkeleton_Rare 16 32 26 27 0 false Character/playSound crystal/globalFadeToClear/viewport 23 23/shake MateoActions 5000/showFrame MateoActions 17/speak Mateo \"Son of a... it's never ending down here!$6\"/shake StygiumGolem_Purple 2500 true/shake StygiumGolem_Blue 2500 true/shake StygiumGolem_Purple 2500 true/shake StygiumHead 2500 true/shake StygiumHead2 2500 true/shake StygiumMiner 2500 true/shake StygiumMiner2 2500 true/shake StygiumRex 2500 true/shake StygiumRex2 2500 true/shake StygiumRex3 2500 true/shake StygiumSkull 2500 true/shake StygiumSkull2 2500 true/shake StygiumMiner_Mage 2500 true/shake StygiumSkeleton_Rare 2500 true/pause 250/animate MateoActions false true 75 0 1 2 3 4 5 6 7 8 9/pause 750/stopAnimation MateoActions 9/pause 250/speak Mateo \"Come on then! En garde!$5\"/shake StygiumGolem_Purple 2500 true/shake StygiumGolem_Blue 2500 true/shake StygiumGolem_Purple 2500 true/shake StygiumHead 2500 true/shake StygiumHead2 2500 true/shake StygiumMiner 2500 true/shake StygiumMiner2 2500 true/shake StygiumRex 2500 true/shake StygiumRex2 2500 true/shake StygiumRex3 2500 true/shake StygiumSkull 2500 true/shake StygiumSkull2 2500 true/shake StygiumMiner_Mage 2500 true/shake StygiumSkeleton_Rare 2500 true/pause 1000/fade/viewport -1000 -1000/playSound swordswipe/pause 150/playSound swordswipe/pause 150/playSound swordswipe/pause 150/playSound swordswipe/pause 150/playSound swordswipe/playSound swordswipe/pause 150/playSound swordswipe/pause 150/playSound swordswipe/pause 150/playSound swordswipe/pause 150/playSound swordswipe/speak Mateo \"Ugh!$38\"/globalFadeToClear/viewport 23 23/shake MateoActions 5000/animate MateoActions false true 75 10 11 12 13 14 15 16/pause 525/stopAnimation MateoActions 16/speak Mateo \"This is too much to handle...$46#$b#It would seem the verdict is vengeance!$47\"/pause 250/advancedMove StygiumMiner_Mage false 0 -1 4 10/shake StygiumGolem_Purple 2500 true/shake StygiumGolem_Blue 2500 true/shake StygiumGolem_Purple 2500 true/shake StygiumHead 2500 true/shake StygiumHead2 2500 true/shake StygiumMiner 2500 true/shake StygiumMiner2 2500 true/shake StygiumRex 2500 true/shake StygiumRex2 2500 true/shake StygiumRex3 2500 true/shake StygiumSkull 2500 true/shake StygiumSkull2 2500 true/shake StygiumMiner_Mage 2500 true/shake StygiumSkeleton_Rare 2500 true/pause 250/animate MateoActions false true 75 20 21 22 23 24 25 26 27 28 29 30 31 32 33/pause 1050/stopAnimation MateoActions 33/positionOffset MateoActions 0 -35/animate MateoActions false true 75 34 35 36 37 38 39 40 41 42 43 44/pause 825/stopAnimation MateoActions 33/fade/viewport -1000 -1000/stopMusic/playMusic SnS.DuskspireLaugh/pause 4000/stopMusic/changeLocation EastScarp_Village/warp Mateo 44 89 true/warp MateoActions 1000 1000 true/addTemporaryActor FakeDandelion 16 32 66 76 1 true Character/addTemporaryActor FakeSolomon 43 45 66 76 3 true Character/positionOffset FakeSolomon 0 -10/addTemporaryActor FakeRoslin 16 32 1000 1000 2 true Character/changeName FakeDandelion {{i18n:Strings.Names.???}}/changeName FakeRoslin {{i18n:Strings.Names.???}}/changeName FakeSolomon {{i18n:Strings.Names.???}}/warp farmer 44 77/showFrame Mateo 51/shake Mateo 20000/advancedMove farmer false 6 0 2 10/pause 100/playMusic {{Season}}_night_ambient/globalFadeToClear/viewport 44 88/warp SenS? 44 86/emote SenS? 16/textAboveHead SenS? \"{{Mateo Name}}!\"/shake SenS? 30000/advancedMove SenS? false 0 2 2 10/waitForAllStationary/pause 250/emote farmer 16 true/jump farmer 5 true/faceDirection FakeDandelion 2 true/emote FakeDandelion 8 true/faceDirection FakeSolomon 2/speed farmer 6/advancedMove farmer false 0 12 -5 0 2 10/waitForAllStationary/startJittering/showFrame farmer 94/pause 250/speak SenS? \"Oh my Yoba! Are you okay!?$u\"/speak Mateo \"Hop..ital..$38\"/pause 500/shake FakeDandelion 1000/emote FakeDandelion 40/fade/viewport -1000 -1000/stopJittering/warp StygiumGolem_Purple 1000 1000 true/warp StygiumGolem_Blue 1000 1000 true/warp StygiumHead 1000 1000 true/warp StygiumHead2 1000 1000 true/warp StygiumMiner 1000 1000 true/warp StygiumMiner2 1000 1000 true/warp StygiumRex 1000 1000 true/warp StygiumRex2 1000 1000 true/warp StygiumRex3 1000 1000 true/warp StygiumSkull 1000 1000 true/warp StygiumSkull2 1000 1000 true/warp StygiumMiner_Mage 1000 1000 true/warp StygiumSkeleton_Rare 1000 1000 true/{{SenCloakChange}}/warp SenS? 20 7/shake SenS? 30000/changeLocation Hospital/speak FakeRoslin \"See! I knew it was only a matter of time.$5\"/speak FakeDandelion \"Oh, dear.$16\"/pause 1000/warp Mateo 20 12/warp Harvey 20 11/warp farmer 21 12/faceDirection farmer 3/showFrame Mateo 48/playMusic desolate/globalFadeToClear/viewport 21 11/shake Mateo 500/showFrame Mateo 46/speak Mateo \"@, your timing is incredible.$44\"/showFrame Mateo 46/shake Mateo 500/speak Harvey \"Careful, now. You've taken quite a beating.$s\"/showFrame Mateo 47/shake Mateo 500/speak Mateo \"{{i18n:Events.S&S.Ch1.7H1.Mateo.2}}\"/shake Harvey 250/emote Harvey 12/speak Harvey \"Oh, {{Mateo Name}}...\"/showFrame Mateo 48/shake Mateo 500/speak Mateo \"There were just so many of them... I was surrounded.$42\"/emote Harvey 40/shake Mateo 500/showFrame Mateo 47/speak Mateo \"I should have been able to handle that, but I had to run away-$40\"/shake Mateo 1000/textAboveHead Mateo \"{{FilteredLanguage1}}\"/pause 1000/showFrame Mateo 49/playSound thudStep/shake Mateo 1000/showFrame Mateo 50/pause 200/speak Mateo \"I always have to run away...$41\"/shake Mateo 1000/speak Mateo \"I'm sorry...$42\"/showFrame Mateo 50/speak Mateo \"Thank you for getting me here, @. Saving my ass, yet again...$43\"/shake Mateo 1000/showFrame Mateo 51/emote farmer 60/pause 1000/fade/viewport -1000 -1000/stopMusic/changeLocation Town/warp farmer 36 57/faceDirection farmer 2/warp SenS? 37 57/warp FakeDandelion 35 59/faceDirection FakeDandelion 0/warp FakeSolomon 35 59/faceDirection FakeSolomon 0/positionOffset FakeSolomon 25 0/pause 250/playSound doorOpen/playMusic {{Season}}_night_ambient/globalFadeToClear/viewport 36 58/pause 1000/changePortrait SenS? Default/changeSprite SenS? Default{{SenCloakChange}}/jump SenS? 5 true/emote SenS? 16 true/emote farmer 8/speak SenS? \"Uh, uh, I have some business to attend to-!!$u\"/speed SenS? 7/advancedMove SenS? false 0 1 12 0 0 6 3 0 4 10/speak FakeDandelion \"Hail and well-met, adventurer. I do hope your roguish friend isn't too poorly.$6\"/emote farmer 40/waitForAllStationary/warp SenS? 1000 1000/removeTile 52 63 Buildings/removeTile 52 62 Front/addTemporaryActor SenS_SenTrashcanSnS 16 32 52 63 2 false Character/speak FakeSolomon \"That's great, considering their face looked trashed.$1\"/speak FakeRoslin \"Sol, please. At least fake some empathy.$8\"/pause 250/emote farmer 12/pause 250/speak FakeDandelion \"I suppose it's high time we introduce ourselves. I am Dandelion - this is Roslin, and her shadowy patron's name is Solomon.\"/changeName FakeDandelion Dandelion/changeName FakeRoslin Roslin/changeName FakeSolomon Solomon/speak FakeRoslin \"I wish it were under better circumstances, but we've been investigating the collapsed mines for a while now with the concern something like this would happen.$5\"/speak FakeSolomon \"I suppose it's better that it was your sturdy Troll friend rather than someone mediocre.$1\"/pause 250/emote FakeDandelion 12/pause 250/speak FakeDandelion \"I do hope you'll forgive him.$16#$b#Time and rest is likely all that {{Mateo Name}} needs. In the meantime, we'll keep you abreast of our investigation in the case we discover anything new.$14\"/speak FakeRoslin \"Ideally, you'd never see any of us ever again. But we're determined to assist despite the troubles your town leadership has given us.$17\"/speak FakeSolomon \"Oh, the trouble of being a good guy and whatever.$10#$b#What if we just heel turned and made a career of mischief instead?$11\"/speak FakeRoslin \"No.$16\"/animate SenS_SenTrashcanSnS false false 100 0 1 2 2 2 2 2 2 2 2 2 2 2 2 2 2 2 2 2 2 2 2 2 1 0/faceDirection FakeDandelion 1/speak FakeDandelion \"Who are you kidding, Sol, you cry when there are animal shelter commercials on the television.$15\"/pause 250/emote farmer 40/pause 250/fade/viewport -1000 -1000/speak FakeSolomon \"Excuse me! I do NO SUCH THING!$5\"/pause 250/speak SenS? \"Wait, is that Solomon?$6#$b#THE Solomon? The guy who made a sorcrer's pact with a surface dewller!?!$u\"/message \"{{Mateo Name}} will be resting at home for a while...\"/pause 250/quickQuestion {{i18n:Events.S&S.EndDay.Question}}#{{i18n:Events.S&S.EndDay.Yes}}#{{i18n:Events.S&S.EndDay.No}}(break)end newDay(break)end"

      }
    },


  ]
}
/* 

patch reload DN.SnS Data/Events/EventsData_Mateo.json 

quickQuestion #That girl sounds overwhelmed. #That voice is familiar.(break)speak Mateo \"Let's check in on things, just in case.$32\"(break)speak Hector \"Right? Reminds me of something I was watching with Eloise...$7\"

(0 = up, 1 = right, 2 = down, 3 = left)

waitForAllStationary - waits until all advMoves are complete for next action 

stopAdvancedMoves - will prevent clipping issues at the end of an event when characters advMove off screen

advancedMove true/false (loop) parameters

parameters:
x y x y x y = move without pause

x y z t x y z t = move with pauses

x y x y z t x y = move with mix of mentioned above

x = how many tiles move in x axis (+ = right, - = left)
y = how many tiles move in y axis (+ = down, - = up)
z = direction face upon reaching destination (1=right, 2=down, 3=left, 4=up)
t = duration in milliseconds how long to stay in that spot (must be >= 10000ms)

4- empty can
8- question mark
12- angry
16- exclamation
20- heart
24- sleep
28- sad
32- happy
36- x
40- pause
52- video game
56- music note
60- blush 

*/