{
    "Changes": [
        {
            "Action": "EditData",
            "Target": "Data/ConcessionTastes",
            "Entries": {
                "Cirrus": {
                    "Name": "Cirrus",
                    "LovedTags": [
                        "Fries",
                        "Star Cookie",
                        "Stardrop Sorbet",
                    ],
                    "LikedTags": [
                        "Fatty",
                        "Salty",
                    ],
                    "DislikedTags": [
                        "Sour",
                        "Gourmet"
                    
                    ]
                }
            }
        },
        {
            "Action": "EditData",
            "Target": "Data/MoviesReactions",
            "Entries": {
                "Cirrus": {
                    "NPCName": "Cirrus",
                    "Reactions": [
                        {
                            "Tag": "spring_movie_0",
                            "Response": "dislike",
                            "Whitelist": [],
                            "SpecialResponses": {
                                "BeforeMovie": {
                                    "ResponsePoint": null,
                                    "Script": null,
                                    "Text": "{{i18n:Movies.Cirrus.BraveLittleSapling.1}}",
                                },
                                "DuringMovie": {
                                    "ResponsePoint": null,
                                    "Script": null,
                                    "Text": "{{i18n:Movies.Cirrus.BraveLittleSapling.2}}",
                                },
                                "AfterMovie": {
                                    "ResponsePoint": null,
                                    "Script": null,
                                    "Text": "{{i18n:Movies.Cirrus.BraveLittleSapling.3}}",
                                }
                            },
                            "ID": "reaction_0"

                        },
                        {
                            "Tag": "spring_movie_1",
                            "Response": "like",
                            "Whitelist": [],
                            "SpecialResponses": {
                                "BeforeMovie": {
                                    "ResponsePoint": null,
                                    "Script": null,
                                    "Text": "{{i18n:Movies.Cirrus.NaturalWonders.1}}",
                                },
                                "DuringMovie": {
                                    "ResponsePoint": null,
                                    "Script": null,
                                    "Text": "{{i18n:Movies.Cirrus.NaturalWonders.2}}",
                                },
                                "AfterMovie": {
                                    "ResponsePoint": null,
                                    "Script": null,
                                    "Text":"{{i18n:Movies.Cirrus.NaturalWonders.3}}",
                                }
                            },
                            "ID": "reaction_1"
                        },
                        {
                            "Tag": "summer_movie_0",
                            "Response": "love",
                            "Whitelist": [],
                            "SpecialResponses": {
                                "BeforeMovie": {
                                    "ResponsePoint": null,
                                    "Script": null,
                                    "Text":"{{i18n:Movies.Cirrus.PrairieKing.1}}",
                                },
                                "DuringMovie": {
                                    "ResponsePoint": null,
                                    "Script": null,
                                    "Text":"{{i18n:Movies.Cirrus.PrairieKing.2}}",
                                },
                                "AfterMovie": {
                                    "ResponsePoint": null,
                                    "Script": null,
                                    "Text":"{{i18n:Movies.Cirrus.PrairieKing.3}}",
                                } 
                            },
                            "ID": "reaction_2"
                        },
                        {
                            "Tag": "summer_movie_1",
                            "Response": "dislike",
                            "Whitelist": [],
                            "SpecialResponses": {
                                "BeforeMovie": {
                                    "ResponsePoint": null,
                                    "Script": null,
                                    "Text":"{{i18n:Movies.Cirrus.Wumbus.1}}",
                                },
                                "DuringMovie": {
                                    "ResponsePoint": null,
                                    "Script": null,
                                    "Text":"{{i18n:Movies.Cirrus.Wumbus.2}}",
                                },
                                "AfterMovie": {
                                    "ResponsePoint": null,
                                    "Script": null,
                                    "Text":"{{i18n:Movies.Cirrus.Wumbus.3}}", 
                                }

                            },
                            "ID": "reaction_3"
                        },
                        {
                            "Tag": "fall_movie_0",
                            "Response": "like",
                            "Whitelist": [],
                            "SpecialResponses": {
                                "BeforeMovie": {
                                    "ResponsePoint": null,
                                    "Script": null,
                                    "Text":"{{i18n:Movies.Cirrus.Mysterium.1}}",
                                },
                                "DuringMovie": {
                                    "ResponsePoint": null,
                                    "Script": null,
                                    "Text":"{{i18n:Movies.Cirrus.Mysterium.2}}",
                                },
                                "AfterMovie": {
                                    "ResponsePoint": null,
                                    "Script": null,
                                    "Text":"{{i18n:Movies.Cirrus.Mysterium.3}}",
                                }
                            },
                            "ID": "reaction_4"
                        },
                        {
                            "Tag": "fall_movie_1",
                            "Response": "like", 
                            "Whitelist": [],
                            "SpecialResponses": {
                                "BeforeMovie": {
                                    "ResponsePoint": null,
                                    "Script": null,
                                    "Text":"{{i18n:Movies.Cirrus.ItHowlsInTheRain.1}}",
                                },
                                "DuringMovie": {
                                    "ResponsePoint": null,
                                    "Script": null, 
                                    "Text":"{{i18n:Movies.Cirrus.ItHowlsInTheRain.2}}",
                                },
                                "AfterMovie": {
                                    "ResponsePoint": null,
                                    "Script": null,
                                    "Text":"{{i18n:Movies.Cirrus.ItHowlsInTheRain.3}}",
                                }
                            },
                            "ID": "reaction_5"
                        },
                        {
                            "Tag": "winter_movie_0",
                            "Response": "like",
                            "Whitelist": [],
                            "SpecialResponses": {
                                "BeforeMovie": {
                                    "ResponsePoint": null,
                                    "Script": null,
                                    "Text":"{{i18n:Movies.Cirrus.MiracleAtColdstarRanch.1}}",
                            },
                            "DuringMovie": {
                                "ResponsePoint": null,
                                "Script": null,
                                "Text":"{{i18n:Movies.Cirrus.MiracleAtColdstarRanch.2}}",
                            },
                            "AfterMovie": {
                                "ResponsePoint": null,
                                "Script": null,
                                "Text":"{{i18n:Movies.Cirrus.MiracleAtColdstarRanch.3}}",
                            }
                        },
                        "ID": "reaction_6"
                    },
                    {
                        "Tag": "winter_movie_1",
                        "Response": "like",
                        "Whitelist": [],
                        "SpecialResponses": {
                            "BeforeMovie": {
                                "ResponsePoint": null,
                                "Script": null,
                                "Text":"{{i18n:Movies.Cirrus.ZuzuCityExpress.1}}",
                            },
                            "DuringMovie": {
                                "ResponsePoint": null,
                                "Script": null,
                                "Text":"{{i18n:Movies.Cirrus.ZuzuCityExpress.2}}",
                            },
                            "AfterMovie": {
                                "ResponsePoint": null,
                                "Script": null,
                                "Text":"{{i18n:Movies.Cirrus.ZuzuCityExpress.3}}",
                            }
                        },
                        "ID": "reaction_7"
                    }

                    ]
                }
            }
        }
    ]
}
    