{
    "winter_17.000":"Have you checked out the mermaid show, @? It was great! Gave me chills in more ways than one!$1",
    "winter_17.100":"Hey @! I think I drank too much of that free coffee... I'm never gonna sleep tonight!$1#$b#Just what you need on a cold night like this, right?",
    "winter_17.200": "Brrr, I think I'll just shelter here. Wanna grab a coffee and join me? We could huddle for warmth.$4",
    "spring_17.000": "Heh, not even Morris can make me work on my birthday.$1",
    "spring_17.100": "Hey there! I'm getting myself a birthday treat. Wanna join me?$1",
    "JojaClosedA":"What a dump. Hey, do you think Morris is still living in there? I can hear something scratching.",
    "JojaClosedB":"Join us thrive. Hah, well that was a lie, wasn't it?$2",
    "JojaClosedC":"Hey, wanna explore an abandoned building? There's probably some pizza left in the backroom."
}