{
	"Changes": [

		/////////////////////////////////////////////////////////////////////////////////////////////////////////////////////////////////

		//Gunnar

		//Egg Festival
		{
			"Action": "EditData",
			"Target": "Data/Festivals/spring13",
			"TextOperations": [
				{
					"Operation": "Append",
					"Target": [ "Entries", "Set-Up_additionalCharacters" ],
					"Value": "MadDog.HashtagBearFam.Gunnar 53 76 3",
					"Delimiter": "/"
				},
				{
					"Operation": "Append",
					"Target": [ "Entries", "MainEvent_additionalCharacters" ],
					"Value": "MadDog.HashtagBearFam.Gunnar 53 76 3",
					"Delimiter": "/"
				}
			],
			"When": {
				"HasFlag": "BearFamExtraMembers",
				"HasConversationTopic |contains=GunnarMissing": false
			}
		},
		{
			"Action": "EditData",
			"Target": "Data/Festivals/spring13",
			"TextOperations": [
				{
					"Operation": "Append",
					"Target": [ "Entries", "Set-Up_additionalCharacters_y2" ],
					"Value": "MadDog.HashtagBearFam.Gunnar 53 76 3",
					"Delimiter": "/"
				},
				{
					"Operation": "Append",
					"Target": [ "Entries", "MainEvent_additionalCharacters_y2" ],
					"Value": "MadDog.HashtagBearFam.Gunnar 53 76 3",
					"Delimiter": "/"
				}
			],
			"When": {
				"HasFlag": "BearFamExtraMembers",
				"HasConversationTopic |contains=GunnarMissing": false
			}
		},

		// Flower Dance
		{

			"Action": "EditData",
			"Target": "Data/Festivals/spring24",
			"TextOperations": [
				{
					"Operation": "Append",
					"Target": [ "Entries", "Set-Up_additionalCharacters" ],
					"Value": "MadDog.HashtagBearFam.Gunnar 58 46 2",
					"Delimiter": "/"
				},
				{
					"Operation": "Append",
					"Target": [ "Entries", "MainEvent_additionalCharacters" ],
					"Value": "MadDog.HashtagBearFam.Gunnar 58 46 2",
					"Delimiter": "/"
				}
			],
			"When": {
				"HasFlag": "BearFamExtraMembers",
				"HasConversationTopic |contains=GunnarMissing": false
			}
		},
		{

			"Action": "EditData",
			"Target": "Data/Festivals/spring24",
			"TextOperations": [
				{
					"Operation": "Append",
					"Target": [ "Entries", "Set-Up_additionalCharacters_y2" ],
					"Value": "MadDog.HashtagBearFam.Gunnar 58 46 2",
					"Delimiter": "/"
				},
				{
					"Operation": "Append",
					"Target": [ "Entries", "MainEvent_additionalCharacters_y2" ],
					"Value": "MadDog.HashtagBearFam.Gunnar 58 46 2",
					"Delimiter": "/"
				}
			],
			"When": {
				"HasFlag": "BearFamExtraMembers",
				"HasConversationTopic |contains=GunnarMissing": false
			}
		},


		// Luau
		{
			"Action": "EditData",
			"Target": "Data/Festivals/summer11",
			"TextOperations": [
				{
					"Operation": "Append",
					"Target": [ "Entries", "Set-Up_additionalCharacters" ],
					"Value": "MadDog.HashtagBearFam.Gunnar 52 11 2",
					"Delimiter": "/"
				},
				{
					"Operation": "Append",
					"Target": [ "Entries", "MainEvent_additionalCharacters" ],
					"Value": "MadDog.HashtagBearFam.Gunnar 52 11 3",
					"Delimiter": "/"
				}
			],
			"When": {
				"HasFlag": "BearFamExtraMembers",
				"HasConversationTopic |contains=GunnarMissing": false
			}
		},

		{
			"Action": "EditData",
			"Target": "Data/Festivals/summer11",
			"TextOperations": [
				{
					"Operation": "Append",
					"Target": [ "Entries", "Set-Up_additionalCharacters_y2" ],
					"Value": "MadDog.HashtagBearFam.Gunnar 52 11 2",
					"Delimiter": "/"
				},
				{
					"Operation": "Append",
					"Target": [ "Entries", "MainEvent_additionalCharacters_y2" ],
					"Value": "MadDog.HashtagBearFam.Gunnar 52 11 3",
					"Delimiter": "/"
				}
			],
			"When": {
				"HasFlag": "BearFamExtraMembers",
				"HasConversationTopic |contains=GunnarMissing": false
			}
		},
		// Dance of the Moonlight Jellies
		{
			"Action": "EditData",
			"Target": "Data/Festivals/summer28",
			"TextOperations": [
				{ // I have not added a MainEvent to this one, since the waterfront area is V crowded already and very little of the map is visible.
					"Operation": "Append",
					"Target": [ "Entries", "Set-Up_additionalCharacters" ],
					"Value": "MadDog.HashtagBearFam.Gunnar 66 5 2",
					"Delimiter": "/"
				}
			],
			"When": {
				"HasFlag": "BearFamExtraMembers",
				"HasConversationTopic |contains=GunnarMissing": false
			}
		},
		{
			"Action": "EditData",
			"Target": "Data/Festivals/summer28",
			"TextOperations": [
				{ // I have not added a MainEvent to this one, since the waterfront area is V crowded already and very little of the map is visible.
					"Operation": "Append",
					"Target": [ "Entries", "Set-Up_additionalCharacters_y2" ],
					"Value": "MadDog.HashtagBearFam.Gunnar 66 5 2",
					"Delimiter": "/"
				}
			],
			"When": {
				"HasFlag": "BearFamExtraMembers",
				"HasConversationTopic |contains=GunnarMissing": false
			}
		},

		// Stardew Fair
		{
			"Action": "EditData",
			"Target": "Data/Festivals/fall16",
			"TextOperations": [
				{
					"Operation": "Append",
					"Target": [
						"Entries",
						"Set-Up_additionalCharacters"
					],
					"Value": "MadDog.HashtagBearFam.Gunnar 59 52 2",
					"Delimiter": "/"
				}
			],
			"When": {
				"HasMod |contains=FlashShifter.StardewValleyExpandedCP": false,
				"HasFlag": "BearFamExtraMembers",
				"HasConversationTopic |contains=GunnarMissing": false
			}
		},
		{
			"Action": "EditData",
			"Target": "Data/Festivals/fall16",
			"TextOperations": [
				{
					"Operation": "Append",
					"Target": [
						"Entries",
						"Set-Up_additionalCharacters_y2"
					],
					"Value": "MadDog.HashtagBearFam.Gunnar 59 52 2",
					"Delimiter": "/"
				}
			],
			"When": {
				"HasMod |contains=FlashShifter.StardewValleyExpandedCP": false,
				"HasFlag": "BearFamExtraMembers",
				"HasConversationTopic |contains=GunnarMissing": false
			}
		},
		{
			"Action": "EditData",
			"Target": "Data/Festivals/fall16",
			"TextOperations": [
				{
					"Operation": "Append",
					"Target": [
						"Entries",
						"Set-Up_additionalCharacters"
					],
					"Value": "MadDog.HashtagBearFam.Gunnar 23 31 2",
					"Delimiter": "/"
				}
			],
			"When": {
				"HasMod |contains=FlashShifter.StardewValleyExpandedCP": true,
				"HasFlag": "BearFamExtraMembers",
				"HasConversationTopic |contains=GunnarMissing": false
			}
		},
		{
			"Action": "EditData",
			"Target": "Data/Festivals/fall16",
			"TextOperations": [
				{
					"Operation": "Append",
					"Target": [
						"Entries",
						"Set-Up_additionalCharacters_y2"
					],
					"Value": "MadDog.HashtagBearFam.Gunnar 23 31 2",
					"Delimiter": "/"
				}
			],
			"When": {
				"HasMod |contains=FlashShifter.StardewValleyExpandedCP": true,
				"HasFlag": "BearFamExtraMembers",
				"HasConversationTopic |contains=GunnarMissing": false
			}
		},
		// Spirit's Eve
		{
			"Action": "EditData",
			"Target": "Data/Festivals/fall27",
			"TextOperations": [
				{
					"Operation": "Append",
					"Target": [ "Entries", "Set-Up_additionalCharacters" ],
					"Value": "MadDog.HashtagBearFam.Gunnar 3 53 2",
					"Delimiter": "/"
				}
			],
			"When": {
				"HasFlag": "BearFamExtraMembers",
				"HasConversationTopic |contains=GunnarMissing": false
			}
		},
		{
			"Action": "EditData",
			"Target": "Data/Festivals/fall27",
			"TextOperations": [
				{
					"Operation": "Append",
					"Target": [ "Entries", "Set-Up_additionalCharacters_y2" ],
					"Value": "MadDog.HashtagBearFam.Gunnar 3 53 2",
					"Delimiter": "/"
				}
			],
			"When": {
				"HasFlag": "BearFamExtraMembers",
				"HasConversationTopic |contains=GunnarMissing": false
			}
		},
		{
			"Action": "EditData",
			"Target": "Data/Festivals/fall27",
			"TextOperations": [
				{
					"Operation": "Append",
					"Target": [ "Entries", "Set-Up_additionalCharacters" ],
					"Value": "MadDog.HashtagBearFam.Gunnar 3 53 2",
					"Delimiter": "/"
				}
			],
			"When": {
				"HasFlag": "BearFamExtraMembers",
				"HasConversationTopic |contains=GunnarMissing": false,
				"HasMod |contains=FlashShifter.StardewValleyExpandedCP": true,
				"Year": "1, 5, 9, 13, 17, 21, 25, 29, 33, 37, 41, 45, 49, 53, 56, 59, 63, 67, 71, 75, 79, 83, 87, 91, 95, 99"
			}
		},

		// Ice Festival
		{
			"Action": "EditData",
			"Target": "Data/Festivals/winter8",
			"When": {
				"HasConversationTopic |contains=GunnarMissing": false,
				"HasFlag": "BearFamExtraMembers"
			},
			"TextOperations": [
				{
					"Operation": "Append",
					"Target": [ "Entries", "Set-Up_additionalCharacters" ],
					"Value": "MadDog.HashtagBearFam.Gunnar 90 23 2",
					"Delimiter": "/"
				},
				{ // Note the spelling of "Main-Event" here differs from the others
					"Operation": "Append",
					"Target": [ "Entries", "Main-Event_additionalCharacters" ],
					"Value": "MadDog.HashtagBearFam.Gunnar 90 23 2",
					"Delimiter": "/"
				}
			]
		},
		{
			"Action": "EditData",
			"Target": "Data/Festivals/winter8",
			"When": {
				"Query: {{Year}} % 2 = 0": true,
				"HasConversationTopic |contains=GunnarMissing": false,
				"HasFlag": "BearFamExtraMembers"
			},
			"TextOperations": [
				{
					"Operation": "Append",
					"Target": [ "Entries", "Set-Up_additionalCharacters_y2" ],
					"Value": "MadDog.HashtagBearFam.Gunnar 99 33 2",
					"Delimiter": "/"
				},
				{ // Note the spelling of "Main-Event" here differs from the others
					"Operation": "Append",
					"Target": [ "Entries", "Main-Event_additionalCharacters_y2" ],
					"Value": "MadDog.HashtagBearFam.Gunnar 99 33 2",
					"Delimiter": "/"
				}
			]
		},

		// Winter Star
		{
			"Action": "EditData",
			"Target": "Data/Festivals/winter25",
			"TextOperations": [
				{
					"Operation": "Append",
					"Target": [ "Entries", "Set-Up_additionalCharacters" ],
					"Value": "MadDog.HashtagBearFam.Gunnar 52 72 2",
					"Delimiter": "/"
				}
			],
			"When": {
				//"HasConversationTopic |contains=GunnarMissing": false,
				"HasFlag": "BearFamExtraMembers"
			}
		},
		{
			"Action": "EditData",
			"Target": "Data/Festivals/winter25",
			"TextOperations": [
				{
					"Operation": "Append",
					"Target": [ "Entries", "Set-Up_additionalCharacters_y2" ],
					"Value": "MadDog.HashtagBearFam.Gunnar 52 72 2",
					"Delimiter": "/"
				}
			],
			"When": {
				//"HasConversationTopic |contains=GunnarMissing": false,
				"HasFlag": "BearFamExtraMembers"
			}
		},

		//bonus festivals
		{
			"LogName": "Love Festival",
			"Action": "EditData",
			"Target": "Data/Festivals/Winter6",
			"When": {
				"HasMod": "AvalonMFX.LoveFestival",
				"HasConversationTopic |contains=GunnarMissing": false,
				"HasFlag": "BearFamExtraMembers"
			},
			"TextOperations": [
				{
					"Operation": "Append",
					"Target": [
						"Entries",
						"Set-Up_additionalCharacters"
					],
					"Value": "MadDog.HashtagBearFam.Gunnar 19 95 2",
					"Delimiter": "/"
				}
			]
		},
		/*
		//RSV Ember of Resolutions
		{
			"Action": "EditData",
			"Target": "Data/Festivals/winter28",
			"When": {
				"HasMod": "Rafseazz.RSVCP",
				"HasFlag": "BearFamExtraMembers",
		"HasConversationTopic |contains=GunnarMissing": false
			},
			"TextOperations": [
				//SetUp
				{
					"Operation": "Append",
					"Target": [ "Entries", "Set-Up_additionalCharacters" ],
					"Value": "MadDog.HashtagBearFam.Gunnar 24 41 1",
					"Delimiter": "/"
				},
				//MainEvent
				{
					"Operation": "Append",
					"Target": [ "Entries", "MainEvent_additionalCharacters" ],
					"Value": "MadDog.HashtagBearFam.Gunnar 28 43 1",
					"Delimiter": "/"
				}
			]
		},

		//RSV Gathering Festival
		{
			"Action": "EditData",
			"Target": "Data/Festivals/fall20",
			"When": {
				"HasMod": "Rafseazz.RSVCP",
				"HasFlag": "BearFamExtraMembers",
		"HasConversationTopic |contains=GunnarMissing": false
			},
			"TextOperations": [
				//SetUp
				{
					"Operation": "Append",
					"Target": [ "Entries", "Set-Up_additionalCharacters" ],
					"Value": "MadDog.HashtagBearFam.Gunnar 124 53 3",
					"Delimiter": "/"
				},
				//MainEvent
				{
					"Operation": "Append",
					"Target": [ "Entries", "MainEvent_additionalCharacters" ],
					"Value": "MadDog.HashtagBearFam.Gunnar 124 53 3",
					"Delimiter": "/"
				}
			]
		},*/

		//fireworks festival
		{
			"LogName": "Fireworks Festival",
			"Action": "EditData",
			"Target": "Data/Festivals/summer20",
			"When": {
				"HasMod |contains=violetlizabet.FireworksFestival": true,
				"HasConversationTopic |contains=GunnarMissing": false,
				"HasFlag": "BearFamExtraMembers"
			},
			"TextOperations": [
				{
					"Operation": "Append",
					"Target": [ "Entries", "Set-Up_additionalCharacters" ],
					"Value": "MadDog.HashtagBearFam.Gunnar 44 11 2",
					"Delimiter": "/"
				}
			]
		}
	]
}
