{
	"Changes": [

		/////////////////////////////////////////////////////////////////////////////////////////////////////////////////////////////////

		//Sig

		// Egg Festival
		{
			"Action": "EditData",
			"Target": "Data/Festivals/spring13",
			"When": {
				"HasFlag |contains=SigHeadache": false
			},
			"TextOperations": [
				{
					"Operation": "Append",
					"Target": [ "Entries", "Set-Up_additionalCharacters" ],
					"Value": "MadDog.HashtagBearFam.Sigurd 52 76 2",
					"Delimiter": "/"
				},
				{
					"Operation": "Append",
					"Target": [ "Entries", "MainEvent_additionalCharacters" ],
					"Value": "MadDog.HashtagBearFam.Sigurd 52 76 3",
					"Delimiter": "/"
				}
			]
		},
		{
			"Action": "EditData",
			"Target": "Data/Festivals/spring13",
			"When": {
				"HasFlag |contains=SigHeadache": false
			},
			"TextOperations": [
				{
					"Operation": "Append",
					"Target": [ "Entries", "Set-Up_additionalCharacters_y2" ],
					"Value": "MadDog.HashtagBearFam.Sigurd 52 76 2",
					"Delimiter": "/"
				},
				{
					"Operation": "Append",
					"Target": [ "Entries", "MainEvent_additionalCharacters_y2" ],
					"Value": "MadDog.HashtagBearFam.Sigurd 52 76 3",
					"Delimiter": "/"
				}
			]
		},

		// Flower Dance
		{

			"Action": "EditData",
			"Target": "Data/Festivals/spring24",
			"TextOperations": [
				{
					"Operation": "Append",
					"Target": [ "Entries", "Set-Up_additionalCharacters" ],
					"Value": "MadDog.HashtagBearFam.Sigurd 57 46 2",
					"Delimiter": "/"
				},
				{
					"Operation": "Append",
					"Target": [ "Entries", "MainEvent_additionalCharacters" ],
					"Value": "MadDog.HashtagBearFam.Sigurd 57 46 2",
					"Delimiter": "/"
				}
			],
			"When": {
				"HasFlag |contains=SigHeadache": false
			}
		},
		{

			"Action": "EditData",
			"Target": "Data/Festivals/spring24",
			"TextOperations": [
				{
					"Operation": "Append",
					"Target": [ "Entries", "Set-Up_additionalCharacters_y2" ],
					"Value": "MadDog.HashtagBearFam.Sigurd 57 46 2",
					"Delimiter": "/"
				},
				{
					"Operation": "Append",
					"Target": [ "Entries", "MainEvent_additionalCharacters_y2" ],
					"Value": "MadDog.HashtagBearFam.Sigurd 57 46 2",
					"Delimiter": "/"
				}
			],
			"When": {
				"HasFlag |contains=SigHeadache": false
			}
		},



		/* //Luau - No Sigurd! 
		{
		"Action": "EditData",
			"Target": "Data/Festivals/summer11",
			"TextOperations": [
				{
					"Operation": "Append",
					"Target": [ "Entries", "Set-Up_additionalCharacters" ],
					"Value": "MadDog.HashtagBearFam.Sigurd 44 22 2",
					"Delimiter": "/"
				},
			{
					"Operation": "Append",
					"Target": [ "Entries", "MainEvent_additionalCharacters" ],
					"Value": "MadDog.HashtagBearFam.Sigurd 27 7 1",
					"Delimiter": "/"
				}
			]
		},*/

		// Dance of the Moonlight Jellies
		{
			"Action": "EditData",
			"Target": "Data/Festivals/summer28",
			"TextOperations": [
				{ // I have not added a MainEvent to this one, since the waterfront area is V crowded already and very little of the map is visible.
					"Operation": "Append",
					"Target": [ "Entries", "Set-Up_additionalCharacters" ],
					"Value": "MadDog.HashtagBearFam.Sigurd 65 5 2",
					"Delimiter": "/"
				}
			],
			"When": { "HasFlag |contains=SigHeadache": false }
		},
		{
			"Action": "EditData",
			"Target": "Data/Festivals/summer28",
			"TextOperations": [
				{ // I have not added a MainEvent to this one, since the waterfront area is V crowded already and very little of the map is visible.
					"Operation": "Append",
					"Target": [ "Entries", "Set-Up_additionalCharacters_y2" ],
					"Value": "MadDog.HashtagBearFam.Sigurd 65 5 2",
					"Delimiter": "/"
				}
			],
			"When": { "HasFlag |contains=SigHeadache": false }
		},

		// Stardew Fair
		{
			"Action": "EditData",
			"Target": "Data/Festivals/fall16",
			"TextOperations": [
				{
					"Operation": "Append",
					"Target": [
						"Entries",
						"Set-Up_additionalCharacters"
					],
					"Value": "MadDog.HashtagBearFam.Sigurd 58 52 2",
					"Delimiter": "/"
				}
			],
			"When": {
				"HasMod |contains=FlashShifter.StardewValleyExpandedCP": false,
				"HasFlag |contains=SigHeadache": false

			}
		},
		{
			"Action": "EditData",
			"Target": "Data/Festivals/fall16",
			"TextOperations": [
				{
					"Operation": "Append",
					"Target": [
						"Entries",
						"Set-Up_additionalCharacters_y2"
					],
					"Value": "MadDog.HashtagBearFam.Sigurd 58 52 2",
					"Delimiter": "/"
				}
			],
			"When": {
				"HasMod |contains=FlashShifter.StardewValleyExpandedCP": false,
				"HasFlag |contains=SigHeadache": false

			}
		},
		{
			"Action": "EditData",
			"Target": "Data/Festivals/fall16",
			"TextOperations": [
				{
					"Operation": "Append",
					"Target": [
						"Entries",
						"Set-Up_additionalCharacters"
					],
					"Value": "MadDog.HashtagBearFam.Sigurd 21 31 2",
					"Delimiter": "/"
				}
			],
			"When": {
				"HasMod |contains=FlashShifter.StardewValleyExpandedCP": true,
				"HasFlag |contains=SigHeadache": false
			}
		},
		{
			"Action": "EditData",
			"Target": "Data/Festivals/fall16",
			"TextOperations": [
				{
					"Operation": "Append",
					"Target": [
						"Entries",
						"Set-Up_additionalCharacters_y2"
					],
					"Value": "MadDog.HashtagBearFam.Sigurd 21 31 2",
					"Delimiter": "/"
				}
			],
			"When": {
				"HasMod |contains=FlashShifter.StardewValleyExpandedCP": true,
				"HasFlag |contains=SigHeadache": false
			}
		},

		// Spirit's Eve
		{
			"Action": "EditData",
			"Target": "Data/Festivals/fall27",
			"TextOperations": [
				{
					"Operation": "Append",
					"Target": [ "Entries", "Set-Up_additionalCharacters" ],
					"Value": "MadDog.HashtagBearFam.Sigurd 2 53 2", //2 53 2 //19 41 2
					"Delimiter": "/"
				}
			],
			"When": {
				"HasFlag |contains=SigHeadache": false

			}
		},
		{
			"Action": "EditData",
			"Target": "Data/Festivals/fall27",
			"TextOperations": [
				{
					"Operation": "Append",
					"Target": [ "Entries", "Set-Up_additionalCharacters_y2" ],
					"Value": "MadDog.HashtagBearFam.Sigurd 2 53 2", //2 53 2 //19 41 2
					"Delimiter": "/"
				}
			],
			"When": {
				"HasFlag |contains=SigHeadache": false

			}
		},

		{
			"Action": "EditData",
			"Target": "Data/Festivals/fall27",
			"TextOperations": [
				{
					"Operation": "Append",
					"Target": [ "Entries", "Set-Up_additionalCharacters" ],
					"Value": "MadDog.HashtagBearFam.Sigurd 2 53 2", //2 53 2 //19 41 2
					"Delimiter": "/"
				}
			],
			"When": {
				"HasFlag |contains=SigHeadache": false,
				"HasMod |contains=FlashShifter.StardewValleyExpandedCP": true,
				"Year": "1, 5, 9, 13, 17, 21, 25, 29, 33, 37, 41, 45, 49, 53, 56, 59, 63, 67, 71, 75, 79, 83, 87, 91, 95, 99"
			}
		},

		// Ice Festival
		{
			"Action": "EditData",
			"Target": "Data/Festivals/winter8",
			"When": { "HasFlag |contains=SigHeadache": false },
			"TextOperations": [
				{
					"Operation": "Append",
					"Target": [ "Entries", "Set-Up_additionalCharacters" ],
					"Value": "MadDog.HashtagBearFam.Sigurd 89 24 1",
					"Delimiter": "/"
				},
				{ // Note the spelling of "Main-Event" here differs from the others
					"Operation": "Append",
					"Target": [ "Entries", "Main-Event_additionalCharacters" ],
					"Value": "MadDog.HashtagBearFam.Sigurd 89 24 1",
					"Delimiter": "/"
				}
			]
		},
		{
			"Action": "EditData",
			"Target": "Data/Festivals/winter8",
			"When": {
				"Query: {{Year}} % 2 = 0": true,
				"HasFlag |contains=SigHeadache": false
			},
			"TextOperations": [
				{
					"Operation": "Append",
					"Target": [ "Entries", "Set-Up_additionalCharacters_y2" ],
					"Value": "MadDog.HashtagBearFam.Sigurd 98 34 1",
					"Delimiter": "/"
				},
				{ // Note the spelling of "Main-Event" here differs from the others
					"Operation": "Append",
					"Target": [ "Entries", "Main-Event_additionalCharacters_y2" ],
					"Value": "MadDog.HashtagBearFam.Sigurd 98 34 1",
					"Delimiter": "/"
				}
			]
		},


		// Winter Star
		{
			"Action": "EditData",
			"Target": "Data/Festivals/winter25",
			"When": { "HasFlag |contains=SigHeadache": false },
			"TextOperations": [
				{
					"Operation": "Append",
					"Target": [ "Entries", "Set-Up_additionalCharacters" ],
					"Value": "MadDog.HashtagBearFam.Sigurd 51 72 2",
					"Delimiter": "/"
				}
			]
		},
		{
			"Action": "EditData",
			"Target": "Data/Festivals/winter25",
			"When": { "HasFlag |contains=SigHeadache": false },
			"TextOperations": [
				{
					"Operation": "Append",
					"Target": [ "Entries", "Set-Up_additionalCharacters_y2" ],
					"Value": "MadDog.HashtagBearFam.Sigurd 51 72 2",
					"Delimiter": "/"
				}
			]
		},
		//bonus festivals
		{
			"LogName": "Love Festival",
			"Action": "EditData",
			"Target": "Data/Festivals/Winter6",
			"When": {
				"HasMod": "AvalonMFX.LoveFestival",
				"HasFlag |contains=SigHeadache": false
			},
			"TextOperations": [
				{
					"Operation": "Append",
					"Target": [
						"Entries",
						"Set-Up_additionalCharacters"
					],
					"Value": "MadDog.HashtagBearFam.Sigurd 16 96 2",
					"Delimiter": "/"
				},
				{
					"Operation": "Append",
					"Target": [ "Fields", "set-up", 5 ],
					"Value": "/positionOffset MadDog.HashtagBearFam.Sigurd 0 -15/animate MadDog.HashtagBearFam.Sigurd false true 100 59 59 59"
				}
			]
		},
		{
			"LogName": "Fashion Festival",
			"Action": "EditData",
			"Target": "Data/Festivals/Spring19",
			"TextOperations": [
				{
					"Operation": "Append",
					"Target": [
						"Entries",
						"Set-Up_additionalCharacters"
					],
					"Value": "MadDog.HashtagBearFam.Sigurd 79 9 2",
					"Delimiter": "/"
				},
				{
					"Operation": "Append",
					"Target": [
						"Entries",
						"MainEvent_additionalCharacters"
					],
					"Value": "MadDog.HashtagBearFam.Sigurd 24 23 1",
					"Delimiter": "/"
				}
			],
			"When": {
				"HasMod": "UNA.FF.CP",
				"HasFlag |contains=BearFamExtraMembers": true
			}
		}
		/*,

		//RSV Ember of Resolution
		{
			"Action": "EditData",
			"Target": "Data/Festivals/winter28",
			"When": { "HasMod": "Rafseazz.RSVCP" },
			"TextOperations": [
				//SetUp
				{
					"Operation": "Append",
					"Target": [ "Entries", "Set-Up_additionalCharacters" ],
					"Value": "MadDog.HashtagBearFam.Sigurd 24 42 1",
					"Delimiter": "/"
				},
				//MainEvent
				{
					"Operation": "Append",
					"Target": [ "Entries", "MainEvent_additionalCharacters" ],
					"Value": "MadDog.HashtagBearFam.Sigurd 28 42 1",
					"Delimiter": "/"
				}

			]
		},

		//RSV Gathering Festival
		{
			"Action": "EditData",
			"Target": "Data/Festivals/fall20",
			"When": { "HasMod": "Rafseazz.RSVCP" },
			"TextOperations": [
				//SetUp
				{
					"Operation": "Append",
					"Target": [ "Entries", "Set-Up_additionalCharacters" ],
					"Value": "MadDog.HashtagBearFam.Sigurd 102 34 2",
					"Delimiter": "/"
				},
				//MainEvent
				{
					"Operation": "Append",
					"Target": [ "Entries", "MainEvent_additionalCharacters" ],
					"Value": "MadDog.HashtagBearFam.Sigurd 102 34 2",
					"Delimiter": "/"
				}

			]
		}*/
	]
}
