{
	"Changes": [
 //---------------------------- DEFAULTS ------------------------------------------//
		  {
			"LogName": "Sen default schedules",
			"Action": "EditData",
			"Target": "Characters/schedules/SenS",
			"Entries": {
				"spring": "
					0 EastScarp_DeepDark 25 17/
					700 21 22 sens_read/
					900 28 19 0/
					1100 23 20 sens_crochet/
					1300 18 17 3/
					1500 21 21 sens_wigglesit/
					1700 EastScarp_Village 46 20 3/
					1800 38 14/
					1900 37 10 1/
					2000 64 6 0/
					2100 54 40 sens_wigglesit/
					2300 47 40 sens_wigglesit
				",

				"rain": "
					0 EastScarp_DeepDark 26 19/
					610 26 19 sens_read/
					700 EastScarp_Village 49 21/
					900 46 20 3/
					1000 50 19 2/
					1100 38 5 3/
					1200 52 13 0/
					1300 54 13 0/
					1400 71 17 1/
					1500 71 16 3/
					1600 54 13 0/
					1700 52 13 0/
					1900 55 84 sens_wigglesit/
					2100 43 114/
					2300 14 90",

				"rain2": "
					0 Town 110 78/
					610 97 81 0/
					700 109 91 3/
					800 55 85 1/
					1000 47 71 0/
					1100 52 64 0/
					1200 19 90 0/
					1300 13 87 0/
					1400 43 77 sens_wigglesit/
					1700 70 91 sens_wigglesit/
					1900 27 23/
					2100 20 62 3/
					2300 35 79",

				"prefestivals": "
					0 EastScarp_DeepDark 28 19/
					700 28 22/
					800 26 17 sens_map/
					900 23 20 sens_crochet/
					1200 28 19 0/
					1230 29 22/1300 19 24 3/
					1330 28 19 0/
					1400 28 19 sens_read/
					1500 28 19 0/
					1600 21 22 sens_crochet/
					1700 28 19 0/
					1800 21 22 sens_crochet/
					2000 25 17 0/
					2300 21 22 sens_crochet",

				"winter_13": "
					0 EastScarp_DeepDark 26 18/
					610 26 18 2",

				"spring_12": "GOTO prefestivals", //Day before Egg Festival
				"spring_23": "GOTO prefestivals", //Day before Flower Dance
				"summer_10": "GOTO prefestivals", //Day before Luau 
				"summer_27": "GOTO prefestivals", //Day before Moonlight Jellies
				"fall_15": "GOTO prefestivals", //Day before Fair
				"fall_26": "GOTO prefestivals", //Day before Spirits Eve
				"winter_7": "GOTO prefestivals", //Day before Ice Festival
				"winter_24": "GOTO prefestivals", //Day before Winter Star

				"NightMarket_1": " 
					0 EastScarp_DeepDark 26 19/
					610 EastScarp_Village 40 114/
					900 Town 77 84 3/
					1400 Town 71 101/
					1500 Beach 19 4/
					1700 {{Random:13 39++14 24++42 35 0|inputSeparator=++}}/
					2330 Town 37 96",
				"NightMarket_2": "GOTO NightMarket_1",
				"NightMarket_3": "GOTO NightMarket_1",

				"SquidFest_1": " 
					0 EastScarp_DeepDark 26 19/
					610 EastScarp_Village 40 114/
					900 Town 77 84 3/
					1400 Town 71 101/
					1600 Beach 20 21/
					2330 Town 37 96", 

				"TroutDerby_1": " 
 					0 Forest 112 36/
					1400 Town 77 84 3/
					1700 Beach 21 21/",
				"TroutDerby_2": "GOTO TroutDerby_1",
				"TroutDerby_3": "GOTO TroutDerby_1",

				"DesertFestival_1": " 
				   0 Desert 19 59/
				   1600 Beach 21 21/
				   2330 Town 37 96",
				"DesertFestival_2": "GOTO DesertFestival_1",
				"DesertFestival_3": "GOTO DesertFestival_1",
				
				
				"sapphicsaph_pitv.PrideFestival_2": "
					0 sapphicsaph_pitv.CommunityCenterPride 64 16/
					610 96 39 2/
					1800 Town 26 21 sens_wigglesit
				"
			},
		},
		{
			"LogName": "Marriage Schedule Vanilla",
			"Action": "EditData",
			"Target": "Characters/schedules/SenS",
			"Entries": {
				"marriage_{{WeekDay}}": "
					1200 Forest 116 90/
					1500 104 73/
					1700 33 96/
					1900 bed/",
			},
			"When": { "MarriageScheduleRandomizer": 1 }
		},
		{
			"LogName": "Marriage Schedule SVE",
			"Action": "EditData",
			"Target": "Characters/schedules/SenS",
			"Entries": {
				"marriage_{{WeekDay}}":"
					1200 Forest 116 90/
					1500 112 81/
					1700 80 30/
					1900 bed
				",
			},
			"When": { 
				"MarriageScheduleRandomizer": 1,
				"IsSVEInstalled": true
			}
		},
		{
			"LogName": "Sen Rain2 Schedule SVE",
			"Action": "EditData",
			"Target": "Characters/schedules/SenS",
			"Entries": {
				"rain2": "
					0 EastScarp_DeepDark 26 19/
					610 26 19 sens_read/
					700 EastScarp_Village 49 21/
					900 46 20 3/
					1000 50 19 2/
					1100 38 5 3/
					1200 52 13 0/
					1300 54 13 0/
					1400 71 17 1/
					1500 71 16 3/
					1600 54 13 0/
					1700 52 13 0/
					1900 55 84 sens_wigglesit/
					2100 43 114/
					2300 14 90",
			},
			"When": { "IsSVEInstalled": true }
		},
 //---------------------------- MODDED FESTIVALS ------------------------------------------//
		{
			"LogName": "Sen Schedule Ridgeside",
			"Action": "EditData",
			"Target": "Characters/schedules/SenS",
			"Entries": {
				"fall_19": "GOTO prefestivals", //Day before Gathering
				"winter_27": "GOTO prefestivals" //Day before Ember
			},
			"When": { "HasMod: |contains=Rafseazz.RSVCP": true }
		},
		{
			"LogName": "Sen Schedule Surfing Festival",
			"Action": "EditData",
			"Target": "Characters/schedules/SenS",
			"Entries": { "summer_4": "GOTO prefestivals" },
			"When": { "HasMod: |contains=spacechase0.SurfingFestival": true }
		},
		{
			"LogName": "Sen Schedule Fashion Festival",
			"Action": "EditData",
			"Target": "Characters/schedules/SenS",
			"Entries": { "spring_18": "GOTO prefestivals" },
			"When": {
				"HasMod: |contains=UNA.FF.CP": true,
				"HasSeenEvent: anyPlayer |contains= 1740402, 1740403, 1740404": true,
				"HasReadLetter: anyPlayer |contains=FashionShowLetter": true
			}
		},
		{
			"LogName": "Sen Schedule Love Festival",
			"Action": "EditData",
			"Target": "Characters/schedules/SenS",
			"Entries": { "winter_12": "GOTO prefestivals" },
			"When": { "HasMod: |contains=AvalonMFX.LoveFestival": true }
		},
		{
			"LogName": "Sen Schedule Marketpalooza",
			"Action": "EditData",
			"Target": "Characters/schedules/SenS",
			"Entries": { "fall_2": "GOTO prefestivals" },
			"When": { "HasMod: |contains=Fellowclown.PC": true,  "HasFlag|contains=Fellowclown.PC_Marketpalooza.Mail": true }
		},
		{
			"LogName": "Sen Schedule Fireworks Festival",
			"Action": "EditData",
			"Target": "Characters/schedules/SenS",
			"Entries": { "summer_19": "GOTO prefestivals" },
			"When": { "HasMod: |contains=violetlizabet.FireworksFestival": true }
		}
	]
}