{
  "Changes": [
    {
      "LogName": "Map Strings",
      "Action": "EditData",
      "Target": "strings/StringsFromMaps",
      "Entries": {
        "RodneyCoffee": "{{i18n:RodneyCoffee}}",
        "StellarGallivant": "{{i18n:StellarGallivant}}",
        "RodComputer": "{{i18n:RodComputer}}",
        "RodDesk": "{{i18n:RodDesk}}",
        "Coffee1": "{{i18n:Coffee1}}",
        "Coffee2": "{{i18n:Coffee2}}",
        "RodClothes1": "{{i18n:RodClothes1}}",
        "RodClothes2": "{{i18n:RodClothes2}}",
        "RodPictures": "{{i18n:RodPictures}}",
        "RodBoat": "{{i18n:RodBoat}}",
        "RodBook1": "{{i18n:RodBook1}}",
        "RodBook2": "{{i18n:RodBook2}}",
        "RodBook3": "{{i18n:RodBook3}}",
        "RodBook4": "{{i18n:RodBook4}}",
        "RodRadio": "{{i18n:RodRadio}}",
        "RodSport": "{{i18n:RodSport}}",
        "RodSport2": "{{i18n:RodSport2}}",
        "RodCupboard1": "{{i18n:RodCupboard1}}",
        "RodCupboard2": "{{i18n:RodCupboard2}}",
        "RodFridge": "{{i18n:RodFridge}}",
        "RodDeskTrash": "{{i18n:RodDeskTrash}}",
        "RodGarbageCan": "{{i18n:RodGarbageCan}}",
        "RodFloorBook": "{{i18n:RodFloorBook}}",
        "RodFlowers": "{{i18n:RodFlowers}}",
        "RodTarot": "{{i18n:RodTarot}}",
        "RodMailBox": "{{i18n:RodMailBox}}",
        "RodLaptop": "{{i18n:RodLaptop}}",
        "RodBoard": "{{i18n:RodBoard}}",
        "RodTub": "{{i18n:RodTub}}",
        "RodWindow": "{{i18n:RodWindow}}",
        "RodLaundry": "{{i18n:RodLaundry}}",
        "RodAwards": "{{i18n:RodAwards}}",
        "RodTree": "{{i18n:RodTree}}",
        "RodBox1": "{{i18n:RodBox1}}",
      }
    },
  ]
}