{
    "Changes": [
      {
        "LogName": "CJB Cheats Warps",
        "Action": "EditData",
        "Target": "Mods/CJBok.CheatsMenu/Warps",
        "When": {
          "HasMod": "CJBok.CheatsMenu",
          "HasSeenEvent": "MadDog.BearFam.16193011"
        },
        "Entries": {
          "MadDog.HashtagBearFam_Custom_BearFamNoKrakenMap": {
            "Id": "MadDog.HashtagBearFam_Custom_BearFamNoKrakenMap",
            "SectionId": "LemurKat.EastScarpe.CP_EastScarp",
            "DisplayName": "{{i18n: MadDog.BearFam.Warps_KrakenCave}}",
            "Location": "MadDog.BearFam.Custom_BearLodge_Cliff",
            "Tile": "1, 9"
          }
        }
      },
      {
        "LogName": "CJB Cheats Warps",
        "Action": "EditData",
        "Target": "Mods/CJBok.CheatsMenu/Warps",
        "When": {
          "HasMod": "CJBok.CheatsMenu",
          "HasSeenEvent": "MadDog.BearFam.16199010"
        },
        "Entries": {
          "MadDog.HashtagBearFam_Custom_BearFamCaritas": {
            "Id": "MadDog.HashtagBearFam_Custom_BearFamCaritas",
            "SectionId": "LemurKat.EastScarpe.CP_EastScarp",
            "DisplayName": "{{i18n: MadDog.BearFam.Warps_Caritas}}",
            "Location": "EastScarp_Village",
            "Tile": "48, 21"
          }
        }
      }
    ]
}
