{
  "Changes": [
    //compat changes
   /* {
      "LogName": "For Solstice Winter Star - Sigurd",
      "Action": "EditData",
      "When": {
        "HasMod": "Airyn.CPSolsticeWinterStar"
      },
      "Target": "Data/Characters",
      "Priority": "Late",
      "TargetField": [
        "MadDog.HashtagBearFam.Sigurd",
        "WinterStarGifts"
      ],
      "Entries": {
        "SolsticeWinterStarSubstitute_VegMedley": {
          "Id": "SolsticeWinterStarSubstitute_VegMedley",
          "ItemId": "(O)200"
        },
        "SolsticeWinterStarSubstitute_MadDog.HashtagBearFam_FerskenPeachCobbler": {
          "Id": "SolsticeWinterStarSubstitute_MadDog.HashtagBearFam_FerskenPeachCobbler",
          "ItemId": "(O)MadDog.HashtagBearFam_FerskenPeachCobbler"
        },
        "SolsticeWinterStarSubstitute_MadDog.HashtagBearFam_SigurdPerfectRamen": {
          "Id": "SolsticeWinterStarSubstitute_MadDog.HashtagBearFam_SigurdPerfectRamen",
          "ItemId": "(O)MadDog.HashtagBearFam_SigurdPerfectRamen"
        }
      }
    },
    {
      "LogName": "For Solstice Winter Star - Sondra",
      "Action": "EditData",
      "When": {
        "HasMod": "Airyn.CPSolsticeWinterStar"
      },
      "Target": "Data/Characters",
      "Priority": "Late",
      "TargetField": [
        "MadDog.HashtagBearFam.Sondra",
        "WinterStarGifts"
      ],
      "Entries": {
        "SolsticeWinterStarSubstitute_MadDog.HashtagBearFam_SondraPerfectRamen": {
          "Id": "SolsticeWinterStarSubstitute_MadDog.HashtagBearFam_SondraPerfectRamen",
          "ItemId": "(O)MadDog.HashtagBearFam_SondraPerfectRamen"
        },
        "SolsticeWinterStarSubstitute_ChocolateCake": {
          "Id": "SolsticeWinterStarSubstitute_ChocolateCake",
          "ItemId": "(O)220"
        },
        "SolsticeWinterStarSubstitute_MadDog.HashtagBearFam_BrazierSecretAlfredo": {
          "Id": "SolsticeWinterStarSubstitute_MadDog.HashtagBearFam_BrazierSecretAlfredo",
          "ItemId": "(O)MadDog.HashtagBearFam_BrazierSecretAlfredo"
        }
      }
    },
    {
      "LogName": "For Solstice Winter Star - Gunnar",
      "Action": "EditData",
      "Priority": "Late",
      "When": {
        "HasMod": "Airyn.CPSolsticeWinterStar"
      },
      "Target": "Data/Characters",
      "TargetField": [
        "MadDog.HashtagBearFam.Gunnar",
        "WinterStarGifts"
      ],
      "Entries": {
        "SolsticeWinterStarSubstitute_MadDog.HashtagBearFam_TriangleGrilledCheese": {
          "Id": "SolsticeWinterStarSubstitute_MadDog.HashtagBearFam_TriangleGrilledCheese",
          "ItemId": "(O)MadDog.HashtagBearFam_TriangleGrilledCheese"
        },
        "SolsticeWinterStarSubstitute_MadDog.HashtagBearFam_GunnarPerfectRamen": {
          "Id": "SolsticeWinterStarSubstitute_MadDog.HashtagBearFam_GunnarPerfectRamen",
          "ItemId": "(O)MadDog.HashtagBearFam_GunnarPerfectRamen"
        },
        "SolsticeWinterStarSubstitute_MadDog.HashtagBearFam_HoneyCakes": {
          "Id": "SolsticeWinterStarSubstitute_MadDog.HashtagBearFam_HoneyCakes",
          "ItemId": "(O)MadDog.HashtagBearFam_HoneyCakes"
        }
      }
    },
    {
      "LogName": "For Solstice Winter Star - Gudrun",
      "Action": "EditData",
      "Priority": "Late",
      "When": {
        "HasMod": "Airyn.CPSolsticeWinterStar"
      },
      "Target": "Data/Characters",
      "TargetField": [
        "MadDog.HashtagBearFam.Gudrun",
        "WinterStarGifts"
      ],
      "Entries": {
        "SolsticeWinterStarSubstitute_MadDog.HashtagBearFam_GudrunPerfectRamen": {
          "Id": "SolsticeWinterStarSubstitute_MadDog.HashtagBearFam_GudrunPerfectRamen",
          "ItemId": "(O)MadDog.HashtagBearFam_GudrunPerfectRamen"
        },
        "SolsticeWinterStarSubstitute_MadDog.HashtagBearFam_BrambleBerryPie": {
          "Id": "SolsticeWinterStarSubstitute_MadDog.HashtagBearFam_BrambleBerryPie",
          "ItemId": "(O)MadDog.HashtagBearFam_BrambleBerryPie"
        },
        "SolsticeWinterStarSubstitute_Pizza": {
          "Id": "SolsticeWinterStarSubstitute_Pizza",
          "ItemId": "(O)206"
        }
      }
    },
    {
      "LogName": "For Solstice Winter Star - Teren",
      "Action": "EditData",
      "Priority": "Late",
      "When": {
        "HasMod": "Airyn.CPSolsticeWinterStar"
      },
      "Target": "Data/Characters",
      "TargetField": [
        "MadDog.HashtagBearFam.Teren",
        "WinterStarGifts"
      ],
      "Entries": {
        "SolsticeWinterStarSubstitute_MadDog.HashtagBearFam_TerenBakes_HeartHealthCookies": {
          "Id": "SolsticeWinterStarSubstitute_MadDog.HashtagBearFam_TerenBakes_HeartHealthCookies",
          "ItemId": "(O)MadDog.HashtagBearFam_TerenBakes_HeartHealthCookies"
        },
        "SolsticeWinterStarSubstitute_MadDog.HashtagBearFam_JojaFloat": {
          "Id": "SolsticeWinterStarSubstitute_MadDog.HashtagBearFam_JojaFloat",
          "ItemId": "(O)MadDog.HashtagBearFam_JojaFloat"
        },
        "SolsticeWinterStarSubstitute_MadDog.HashtagBearFam_TTBrownies": {
          "Id": "SolsticeWinterStarSubstitute_MadDog.HashtagBearFam_TTBrownies",
          "ItemId": "(O)MadDog.HashtagBearFam_TTBrownies"
        }
      }
    },
  */

    {
      "LogName": "For Solstice Winter Star - Sigurd - Dialogue",
      "Action": "EditData",
      "Target": "Characters/Dialogue/MadDog.HashtagBearFam.Sigurd",
      "Priority": "Late",
      "When": {
        "HasMod": "Airyn.CPSolsticeWinterStar"
      },
      "Entries": {
        "WinterStar_GiveGift_Before_Spouse": "{{i18n:Sigurd.CPSolsticeWinterStar.BeforeSpouse{{SigurdSpousePetName}}}}",
        "WinterStar_GiveGift_Before": "{{i18n:Sigurd.CPSolsticeWinterStar.Before}}",
        "WinterStar_GiveGift_After_Spouse": "{{i18n:Sigurd.CPSolsticeWinterStar.AfterSpouse{{SigurdSpousePetName}}}}",
        "WinterStar_GiveGift_After": "{{i18n:Sigurd.CPSolsticeWinterStar.After}}",
        "WinterStar_ReceiveGift": "{{i18n:Sigurd.CPSolsticeWinterStar.ReceiveGift}}",
        "WinterStar_ReceiveGift_category_cooking": "{{i18n:Sigurd.CPSolsticeWinterStar.category_cooking{{PlayerJobTitle}}}}",
        "WinterStar_ReceiveGift_category_fruits": "{{i18n:Sigurd.CPSolsticeWinterStar.category_fruits{{BearFamProfanityChanges}}}}"
      }
    },
    {
      "LogName": "For Solstice Winter Star - Sondra - Dialogue",
      "Action": "EditData",
      "Target": "Characters/Dialogue/MadDog.HashtagBearFam.Sondra",
      "Priority": "Late",
      "When": {
        "HasMod": "Airyn.CPSolsticeWinterStar"
      },
      "Entries": {
        "WinterStar_GiveGift_Before": "{{i18n:Sondra.CPSolsticeWinterStar.Before}}",
        "WinterStar_GiveGift_After": "{{i18n:Sondra.CPSolsticeWinterStar.After}}",
        "WinterStar_ReceiveGift": "{{i18n:Sondra.CPSolsticeWinterStar.ReceiveGift}}",
        "WinterStar_ReceiveGift_category_cooking": "{{i18n:Sondra.CPSolsticeWinterStar.category_cooking}}",
        "WinterStar_ReceiveGift_category_fruits": "{{i18n:Sondra.CPSolsticeWinterStar.category_fruits}}"
      }
    },
    {
      "LogName": "For Solstice Winter Star - Gunnar - Dialogue",
      "Action": "EditData",
      "Target": "Characters/Dialogue/MadDog.HashtagBearFam.Gunnar",
      "Priority": "Late",
      "When": {
        "HasMod": "Airyn.CPSolsticeWinterStar"
      },
      "Entries": {
        "WinterStar_GiveGift_Before_Spouse": "{{i18n:Gunnar.CPSolsticeWinterStar.BeforeSpouse{{GunnarSpousePetName}}}}",
        "WinterStar_GiveGift_Before": "{{i18n:Gunnar.CPSolsticeWinterStar.Before}}",
        "WinterStar_GiveGift_After_Spouse": "{{i18n:Gunnar.CPSolsticeWinterStar.AfterSpouse{{GunnarSpousePetName}}}}",
        "WinterStar_GiveGift_After": "{{i18n:Gunnar.CPSolsticeWinterStar.After}}",
        "WinterStar_ReceiveGift": "{{i18n:Gunnar.CPSolsticeWinterStar.ReceiveGift}}",
        "WinterStar_ReceiveGift_category_cooking": "{{i18n:Gunnar.CPSolsticeWinterStar.category_cooking}}",
        "WinterStar_ReceiveGift_category_fruits": "{{i18n:Gunnar.CPSolsticeWinterStar.category_fruits}}"
      }
    },
    {
      "LogName": "For Solstice Winter Star - Gudrun - Dialogue",
      "Action": "EditData",
      "Target": "Characters/Dialogue/MadDog.HashtagBearFam.Gudrun",
      "Priority": "Late",
      "When": {
        "HasMod": "Airyn.CPSolsticeWinterStar"
      },
      "Entries": {
        "WinterStar_GiveGift_Before": "{{i18n:Gudrun.CPSolsticeWinterStar.Before}}",
        "WinterStar_GiveGift_After": "{{i18n:Gudrun.CPSolsticeWinterStar.After}}",
        "WinterStar_ReceiveGift": "{{i18n:Gudrun.CPSolsticeWinterStar.ReceiveGift}}",
        "WinterStar_ReceiveGift_category_cooking": "{{i18n:Gudrun.CPSolsticeWinterStar.category_cooking{{PlayerJobTitle}}}}",
        "WinterStar_ReceiveGift_category_fruits": "{{i18n:Gudrun.CPSolsticeWinterStar.category_fruits}}",
        "WinterStar_ReceiveGift_category_fish": "{{i18n:Gudrun.CPSolsticeWinterStar.category_fish}}"
      }
    },
    {
      "LogName": "For Solstice Winter Star - Teren - Dialogue",
      "Action": "EditData",
      "Target": "Characters/Dialogue/MadDog.HashtagBearFam.Teren",
      "Priority": "Late",
      "When": {
        "HasMod": "Airyn.CPSolsticeWinterStar"
      },
      "Entries": {
        "WinterStar_GiveGift_Before_Spouse": "{{i18n:Teren.CPSolsticeWinterStar.BeforeSpouse{{TerenSpousePetName}}}}",
        "WinterStar_GiveGift_Before": "{{i18n:Teren.CPSolsticeWinterStar.Before}}",
        "WinterStar_GiveGift_After_Spouse": "{{i18n:Teren.CPSolsticeWinterStar.AfterSpouse{{TerenSpousePetName}}}}",
        "WinterStar_GiveGift_After": "{{i18n:Teren.CPSolsticeWinterStar.After}}",
        "WinterStar_ReceiveGift": "{{i18n:Teren.CPSolsticeWinterStar.ReceiveGift}}",
        "WinterStar_ReceiveGift_category_cooking": "{{i18n:Teren.CPSolsticeWinterStar.category_cooking}}",
        "WinterStar_ReceiveGift_category_fruits": "{{i18n:Teren.CPSolsticeWinterStar.category_fruits}}",
        "WinterStar_ReceiveGift_(O)91": "{{i18n:Teren.CPSolsticeWinterStar.banana}}"
      }
    }
  ]
}
