{
	"spring": "750 EastScarp_VillageInn 43 10 0 square_5_1_0/0930 EastScarp_VillageInn 45 31 2/1800 EastScarp_Village 46 130 2/2200 EastScarp_VillageInn 66 8 1",
	"winter_17":"750 EastScarp_VillageInn 43 10 0 square_5_1_0/0930 EastScarp_VillageInn 45 31 2/1500 Beach 30 36 2 \"Strings\\schedules\\Rosa:winter_17.000\"/2400 EastScarp_VillageInn 66 8 1",
	"Sat": "750 EastScarp_VillageInn 43 10 0 square_5_1_0/0930 EastScarp_Village 21 100 2/1700 EastScarp_VillageInn 23 13 1/2400 EastScarp_VillageInn 66 8 1",
	//"Sat":"750 EastScarp_VillageInn 43 10 0 square_5_1_0/1100 EastScarp_Village 23 109 2/1400 EastScarp_Village 57 41 2/1700 Saloon 36 20 1/2000 EastScarpeInn 45 10 0/2200 EastScarp_VillageInn 66 8 1",
	"summer": "750 EastScarp_VillageInn 43 10 0 square_5_1_0/0930 EastScarp_VillageInn 45 31 2/1800 EastScarp_Village 46 130 2/2200 EastScarp_VillageInn 66 8 1",
	"fall": "750 EastScarp_VillageInn 43 10 0 square_5_1_0/0930 EastScarp_VillageInn 45 31 2/1800 EastScarp_Village 46 130 2/2200 EastScarp_VillageInn 66 8 1",
	"winter": "750 EastScarp_VillageInn 43 10 0 square_5_1_0/0930 EastScarp_VillageInn 45 31 2/1800 EastScarp_Village 46 130 2/2130 EastScarp_VillageInn 66 8 1",
	"rain": "750 EastScarp_VillageInn 43 10 0 square_5_1_0/0930 EastScarp_VillageInn 45 31 2/1800 EastScarp_VillageInn 28 26 2 rosa_read/2000 EastScarp_VillageInn 45 10 0/2200 EastScarp_VillageInn 66 8 1",
	"winter_Mon": "750 EastScarp_VillageInn 43 10 0 square_5_1_0/0930 EastScarp_VillageInn 45 31 2/1800 EastScarp_VillageInn 29 13 3/2000 EastScarp_VillageInn 45 10 0/2200 EastScarp_VillageInn 66 8 1",
	"winter_Tue": "750 EastScarp_VillageInn 43 10 0 square_5_1_0/0930 EastScarp_VillageInn 45 31 2/1800 EastScarp_VillageInn 30 27 3/2000 EastScarp_VillageInn 45 10 0/2200 EastScarp_VillageInn 66 8 1",
	"Thu":"750 EastScarp_VillageInn 43 10 0 square_5_1_0/930 JojaMart 21 15 3/1230 JojaMart 13 6 0/1310 JojaMart 13 6 0/1400 JojaMart 8 5 2/1430 JojaMart 11 25 3/1530 EastScarp_VillageInn 43 10 0/2200 EastScarp_VillageInn 66 8 1",
	"JojaMart_Replacement": "SeedShop 13 25 1",
	"EastScarpe_SpiritsEve": "0 EastScarp_Village 44 66 0/700 EastScarp_VillageInn 43 10 0 square_5_1_0/1200 EastScarp_VillageInn 45 31 2/2200 EastScarp_InnRoomRosa 5 5 1",
	"GreenRain":"610 EastScarp_VillageInn 45 31 2"
           
}