{
  "Changes": [
    //  _                     _   _             
    // | |                   | | (_)            
    // | |     ___   ___ __ _| |_ _  ___  _ __  
    // | |    / _ \ / __/ _` | __| |/ _ \| '_ \ 
    // | |___| (_) | (_| (_| | |_| | (_) | | | |
    // |______\___/ \___\__,_|\__|_|\___/|_| |_|
    //EGG FESTIVAL
    {
      "LogName": "Egg Festival position vanilla Y1",
      "Action": "EditData",
      "Target": "Data/Festivals/spring13",
      "TextOperations": [
        {
          "Operation": "Append",
          "Target": [
            "Entries",
            "Set-Up_additionalCharacters"
          ],
          "Value": "RodneyOBrien 47 57 down",
          "Delimiter": "/"
        },
        {
          "Operation": "Append",
          "Target": [
            "Entries",
            "MainEvent_additionalCharacters"
          ],
          "Value": "RodneyOBrien 38 72 left",
          "Delimiter": "/"
        },
      ],
      "When": {
        "HasMod |contains=FlashShifter.StardewValleyExpandedCP": "false",
      }
    },
    {
      "LogName": "Egg Festival position vanilla Y2",
      "Action": "EditData",
      "Target": "Data/Festivals/spring13",
      "TextOperations": [
        {
          "Operation": "Append",
          "Target": [
            "Entries",
            "Set-Up_additionalCharacters_y2"
          ],
          "Value": "RodneyOBrien 47 57 down",
          "Delimiter": "/"
        },
        {
          "Operation": "Append",
          "Target": [
            "Entries",
            "MainEvent_additionalCharacters_y2"
          ],
          "Value": "RodneyOBrien 38 72 left",
          "Delimiter": "/"
        },
      ],
      "When": {
        "HasMod |contains=FlashShifter.StardewValleyExpandedCP": "false",
      }
    },
    {
      "LogName": "Egg Festival position SVE Y1",
      "Action": "EditData",
      "Target": "Data/Festivals/spring13",
      "TextOperations": [
        {
          "Operation": "Append",
          "Target": [
            "Entries",
            "Set-Up_additionalCharacters"
          ],
          "Value": "RodneyOBrien 48 56 down",
          "Delimiter": "/"
        },
        {
          "Operation": "Append",
          "Target": [
            "Entries",
            "MainEvent_additionalCharacters"
          ],
          "Value": "RodneyOBrien 38 72 left",
          "Delimiter": "/"
        },
      ],
      "When": {
        "HasMod": "FlashShifter.StardewValleyExpandedCP"
      }
    },
{
      "LogName": "Egg Festival position SVE Y2",
      "Action": "EditData",
      "Target": "Data/Festivals/spring13",
      "TextOperations": [
        {
          "Operation": "Append",
          "Target": [
            "Entries",
            "Set-Up_additionalCharacters_y2"
          ],
          "Value": "RodneyOBrien 48 56 down",
          "Delimiter": "/"
        },
        {
          "Operation": "Append",
          "Target": [
            "Entries",
            "MainEvent_additionalCharacters_y2"
          ],
          "Value": "RodneyOBrien 38 72 left",
          "Delimiter": "/"
        },
      ],
      "When": {
        "HasMod": "FlashShifter.StardewValleyExpandedCP"
      }
    },
    //FLOWER DANCE
    {
      "LogName": "Flower Dance position vanilla Y1",
      "Action": "EditData",
      "Target": "Data/Festivals/spring24",
      "TextOperations": [
        {
          "Operation": "Append",
          "Target": [
            "Entries",
            "Set-Up_additionalCharacters"
          ], //Setup
          "Value": "RodneyOBrien 52 46 down",
          "Delimiter": "/"
        },
        {
          "Operation": "Append",
          "Target": [
            "Entries",
            "MainEvent_additionalCharacters"
          ], //Dance
          "Value": "RodneyOBrien 12 32 up",
          "Delimiter": "/"
        }
      ],
      "When": {
        "HasMod |contains=FlashShifter.StardewValleyExpandedCP": "false",
      }
    },
    {
      "LogName": "Flower Dance position SVE Y1",
      "Action": "EditData",
      "Target": "Data/Festivals/spring24",
      "TextOperations": [
        {
          "Operation": "Append",
          "Target": [
            "Entries",
            "Set-Up_additionalCharacters"
          ], //Setup
          "Value": "RodneyOBrien 52 46 down",
          "Delimiter": "/"
        },
        {
          "Operation": "Append",
          "Target": [
            "Entries",
            "MainEvent_additionalCharacters"
          ], //Dance
          "Value": "RodneyOBrien 12 32 up",
          "Delimiter": "/"
        }
      ],
      "When": {
        "HasMod": "FlashShifter.StardewValleyExpandedCP"
      }
    },
    {
      "LogName": "Flower Dance position vanilla Y2",
      "Action": "EditData",
      "Target": "Data/Festivals/spring24",
      "TextOperations": [
        {
          "Operation": "Append",
          "Target": [
            "Entries",
            "Set-Up_additionalCharacters_y2"
          ], //Setup
          "Value": "RodneyOBrien 52 46 down",
          "Delimiter": "/"
        },
        {
          "Operation": "Append",
          "Target": [
            "Entries",
            "MainEvent_additionalCharacters_y2"
          ], //Dance
          "Value": "RodneyOBrien 12 32 up",
          "Delimiter": "/"
        }
      ],
      "When": {
        "HasMod |contains=FlashShifter.StardewValleyExpandedCP": "false",
      }
    },
    {
      "LogName": "Flower Dance position SVE Y2",
      "Action": "EditData",
      "Target": "Data/Festivals/spring24",
      "TextOperations": [
        {
          "Operation": "Append",
          "Target": [
            "Entries",
            "Set-Up_additionalCharacters_y2"
          ], //Setup
          "Value": "RodneyOBrien 52 46 down",
          "Delimiter": "/"
        },
        {
          "Operation": "Append",
          "Target": [
            "Entries",
            "MainEvent_additionalCharacters_y2"
          ], //Dance
          "Value": "RodneyOBrien 12 32 up",
          "Delimiter": "/"
        }
      ],
      "When": {
        "HasMod": "FlashShifter.StardewValleyExpandedCP"
      }
    },
    //LUAU
    {
      "LogName": "Luau position vanilla Y1",
      "Action": "EditData",
      "Target": "Data/Festivals/summer11",
      "TextOperations": [
        {
          "Operation": "Append",
          "Target": [
            "Entries",
            "Set-Up_additionalCharacters"
          ],
          "Value": "RodneyOBrien 42 45 down",
          "Delimiter": "/"
        },
        {
          "Operation": "Append",
          "Target": [
            "Entries",
            "MainEvent_additionalCharacters"
          ],
          "Value": "RodneyOBrien 48 11 left",
          "Delimiter": "/"
        }
      ],
      "When": {
        "HasMod |contains=FlashShifter.StardewValleyExpandedCP": "false",
      }
    },
    {
      "LogName": "Luau position SVE Y1",
      "Action": "EditData",
      "Target": "Data/Festivals/summer11",
      "TextOperations": [
        {
          "Operation": "Append",
          "Target": [
            "Entries",
            "Set-Up_additionalCharacters"
          ],
          "Value": "RodneyOBrien 42 45 down",
          "Delimiter": "/"
        },
        {
          "Operation": "Append",
          "Target": [
            "Entries",
            "MainEvent_additionalCharacters"
          ],
          "Value": "RodneyOBrien 48 11 left",
          "Delimiter": "/"
        }
      ],
      "When": {
        "HasMod": "FlashShifter.StardewValleyExpandedCP"
      }
    },
    {
      "LogName": "Luau position vanilla Y2",
      "Action": "EditData",
      "Target": "Data/Festivals/summer11",
      "TextOperations": [
        {
          "Operation": "Append",
          "Target": [
            "Entries",
            "Set-Up_additionalCharacters_y2"
          ],
          "Value": "RodneyOBrien 42 45 down",
          "Delimiter": "/"
        },
        {
          "Operation": "Append",
          "Target": [
            "Entries",
            "MainEvent_additionalCharacters_y2"
          ],
          "Value": "RodneyOBrien 48 11 left",
          "Delimiter": "/"
        }
      ],
      "When": {
        "HasMod |contains=FlashShifter.StardewValleyExpandedCP": "false",
      }
    },
    {
      "LogName": "Luau position SVE Y2",
      "Action": "EditData",
      "Target": "Data/Festivals/summer11",
      "TextOperations": [
        {
          "Operation": "Append",
          "Target": [
            "Entries",
            "Set-Up_additionalCharacters_y2"
          ],
          "Value": "RodneyOBrien 42 45 down",
          "Delimiter": "/"
        },
        {
          "Operation": "Append",
          "Target": [
            "Entries",
            "MainEvent_additionalCharacters_y2"
          ],
          "Value": "RodneyOBrien 48 11 left",
          "Delimiter": "/"
        }
      ],
      "When": {
        "HasMod": "FlashShifter.StardewValleyExpandedCP"
      }
    },
    //JELLIES
    {
      "LogName": "Moonlight Jellies position vanilla Y1",
      "Action": "EditData",
      "Target": "Data/Festivals/summer28",
      "TextOperations": [
        {
          "Operation": "Append",
          "Target": [
            "Entries",
            "Set-Up_additionalCharacters"
          ],
          "Value": "RodneyOBrien 86 44 left",
          "Delimiter": "/"
        },
      ],
      "When": {
        "HasMod |contains=FlashShifter.StardewValleyExpandedCP": "false",
      }
    },
    {
      "LogName": "Moonlight Jellies position SVE Y1",
      "Action": "EditData",
      "Target": "Data/Festivals/summer28",
      "TextOperations": [
        {
          "Operation": "Append",
          "Target": [
            "Entries",
            "Set-Up_additionalCharacters"
          ],
          "Value": "RodneyOBrien 86 44 left",
          "Delimiter": "/"
        },
      ],
      "When": {
        "HasMod": "FlashShifter.StardewValleyExpandedCP"
      }
    },
    {
      "LogName": "Moonlight Jellies position vanilla Y2",
      "Action": "EditData",
      "Target": "Data/Festivals/summer28",
      "TextOperations": [
        {
          "Operation": "Append",
          "Target": [
            "Entries",
            "Set-Up_additionalCharacters_y2"
          ],
          "Value": "RodneyOBrien 86 44 left",
          "Delimiter": "/"
        },
      ],
      "When": {
        "HasMod |contains=FlashShifter.StardewValleyExpandedCP": "false",
      }
    },
    {
      "LogName": "Moonlight Jellies position SVE Y2",
      "Action": "EditData",
      "Target": "Data/Festivals/summer28",
      "TextOperations": [
        {
          "Operation": "Append",
          "Target": [
            "Entries",
            "Set-Up_additionalCharacters_y2"
          ],
          "Value": "RodneyOBrien 86 44 left",
          "Delimiter": "/"
        },
      ],
      "When": {
        "HasMod": "FlashShifter.StardewValleyExpandedCP"
      }
    },
    //FAIR
    {
      "LogName": "Fair position vanilla Y1",
      "Action": "EditData",
      "Target": "Data/Festivals/fall16",
      "TextOperations": [
        {
          "Operation": "Append",
          "Target": [
            "Entries",
            "Set-Up_additionalCharacters"
          ],
          "Value": "RodneyOBrien 43 90 right",
          "Delimiter": "/"
        }
      ],
      "When": {
        "HasMod |contains=FlashShifter.StardewValleyExpandedCP": "false",
      }
    },
    {
      "LogName": "Fair position SVE Y1",
      "Action": "EditData",
      "Target": "Data/Festivals/fall16",
      "TextOperations": [
        {
          "Operation": "Append",
          "Target": [
            "Entries",
            "Set-Up_additionalCharacters"
          ],
          "Value": "RodneyOBrien 44 89 right",
          "Delimiter": "/"
        }
      ],
      "When": {
        "HasMod": "FlashShifter.StardewValleyExpandedCP"
      }
    },
    {
      "LogName": "Fair position vanilla Y2",
      "Action": "EditData",
      "Target": "Data/Festivals/fall16",
      "TextOperations": [
        {
          "Operation": "Append",
          "Target": [
            "Entries",
            "Set-Up_additionalCharacters_y2"
          ],
          "Value": "RodneyOBrien 43 90 right",
          "Delimiter": "/"
        }
      ],
      "When": {
        "HasMod |contains=FlashShifter.StardewValleyExpandedCP": "false",
      }
    },
    {
      "LogName": "Fair position SVE Y2",
      "Action": "EditData",
      "Target": "Data/Festivals/fall16",
      "TextOperations": [
        {
          "Operation": "Append",
          "Target": [
            "Entries",
            "Set-Up_additionalCharacters_y2"
          ],
          "Value": "RodneyOBrien 44 89 right",
          "Delimiter": "/"
        }
      ],
      "When": {
        "HasMod": "FlashShifter.StardewValleyExpandedCP"
      }
    },
    //RSV GATHERING
    {
      "Action": "EditData",
      "Target": "Data/Festivals/fall20", //Ridgeside Gathering
      "When": {
        "HasMod": "Rafseazz.RSVCP"
      },
      "TextOperations": [
        {
          "Operation": "Append",
          "Target": [
            "Entries",
            "Set-Up_additionalCharacters"
          ],
          "Value": "RodneyOBrien 101 54 right",
          "Delimiter": "/"
        },
        {
          "Operation": "Append",
          "Target": [
            "Entries",
            "MainEvent_additionalCharacters"
          ],
          "Value": "RodneyOBrien 67 43 up",
          "Delimiter": "/"
        },
      ]
    },
    //SPIRIT'S EVE
    {
      "LogName": "Spirit's Eve position vanilla Y1",
      "Action": "EditData",
      "Target": "Data/Festivals/fall27",
      "TextOperations": [
        {
          "Operation": "Append",
          "Target": [
            "Entries",
            "Set-Up_additionalCharacters"
          ],
          "Value": "RodneyOBrien 19 50 down",
          "Delimiter": "/"
        }
      ],
      "When": {
        "HasMod |contains=FlashShifter.StardewValleyExpandedCP": "false",
      }
    },
    {
      "LogName": "Spirit's Eve position SVE Y1",
      "Action": "EditData",
      "Target": "Data/Festivals/fall27",
      "TextOperations": [
        {
          "Operation": "Append",
          "Target": [
            "Entries",
            "Set-Up_additionalCharacters"
          ],
          "Value": "RodneyOBrien 64 64 down", //Y1 35 80
          "Delimiter": "/"
        }
      ],
      "When": {
        "HasMod": "FlashShifter.StardewValleyExpandedCP"
      }
    },
    {
      "LogName": "Spirit's Eve position vanilla Y2",
      "Action": "EditData",
      "Target": "Data/Festivals/fall27",
      "TextOperations": [
        {
          "Operation": "Append",
          "Target": [
            "Entries",
            "Set-Up_additionalCharacters_y2"
          ],
          "Value": "RodneyOBrien 19 50 down",
          "Delimiter": "/"
        }
      ],
      "When": {
        "HasMod |contains=FlashShifter.StardewValleyExpandedCP": "false",
      }
    },
    {
      "LogName": "Spirit's Eve position SVE Y2",
      "Action": "EditData",
      "Target": "Data/Festivals/fall27",
      "TextOperations": [
        {
          "Operation": "Append",
          "Target": [
            "Entries",
            "Set-Up_additionalCharacters_y2"
          ],
          "Value": "RodneyOBrien 64 64 down", //Y1 35 80
          "Delimiter": "/"
        }
      ],
      "When": {
        "HasMod": "FlashShifter.StardewValleyExpandedCP"
      }
    },
    //ICE FESTIVAL
    {
      "LogName": "Ice Festival position vanilla Y1",
      "Action": "EditData",
      "Target": "Data/Festivals/winter8",
      "TextOperations": [
        {
          "Operation": "Append",
          "Target": [
            "Entries",
            "Set-Up_additionalCharacters"
          ],
          "Value": "RodneyOBrien 85 28 down",
          "Delimiter": "/"
        },
        {
          "Operation": "Append",
          "Target": [
            "Entries",
            "Main-Event_additionalCharacters"
          ],
          "Value": "RodneyOBrien 73 44 up",
          "Delimiter": "/"
        }
      ],
      "When": {
        "HasMod |contains=FlashShifter.StardewValleyExpandedCP": "false",
      }
    },
    {
      "LogName": "Ice Festival position SVE Y1",
      "Action": "EditData",
      "Target": "Data/Festivals/winter8",
      "TextOperations": [
        {
          "Operation": "Append",
          "Target": [
            "Entries",
            "Set-Up_additionalCharacters"
          ],
          "Value": "RodneyOBrien 67 11 down",
          "Delimiter": "/"
        },
        {
          "Operation": "Append",
          "Target": [
            "Entries",
            "Main-Event_additionalCharacters"
          ],
          "Value": "RodneyOBrien 68 24 down",
          "Delimiter": "/"
        }
      ],
      "When": {
        "HasMod": "FlashShifter.StardewValleyExpandedCP"
      }
    },
    {
      "LogName": "Ice Festival position vanilla Y2",
      "Action": "EditData",
      "Target": "Data/Festivals/winter8",
      "TextOperations": [
        {
          "Operation": "Append",
          "Target": [
            "Entries",
            "Set-Up_additionalCharacters_y2"
          ],
          "Value": "RodneyOBrien 85 28 down",
          "Delimiter": "/"
        },
        {
          "Operation": "Append",
          "Target": [
            "Entries",
            "Main-Event_additionalCharacters_y2"
          ],
          "Value": "RodneyOBrien 73 44 up",
          "Delimiter": "/"
        }
      ],
      "When": {
        "HasMod |contains=FlashShifter.StardewValleyExpandedCP": "false",
      }
    },
    {
      "LogName": "Ice Festival position SVE Y2",
      "Action": "EditData",
      "Target": "Data/Festivals/winter8",
      "TextOperations": [
        {
          "Operation": "Append",
          "Target": [
            "Entries",
            "Set-Up_additionalCharacters_y2"
          ],
          "Value": "RodneyOBrien 67 11 down",
          "Delimiter": "/"
        },
        {
          "Operation": "Append",
          "Target": [
            "Entries",
            "Main-Event_additionalCharacters_y2"
          ],
          "Value": "RodneyOBrien 68 24 down",
          "Delimiter": "/"
        }
      ],
      "When": {
        "HasMod": "FlashShifter.StardewValleyExpandedCP"
      }
    },
    //WINTER STAR
    {
      "LogName": "Winter Star position vanilla Y1",
      "Action": "EditData",
      "Target": "Data/Festivals/winter25",
      "TextOperations": [
        {
          "Operation": "Append",
          "Target": [
            "Entries",
            "Set-Up_additionalCharacters"
          ],
          "Value": "RodneyOBrien 23 74 right",
          "Delimiter": "/"
        }
      ],
      "When": {
        "HasMod |contains=FlashShifter.StardewValleyExpandedCP": "false",
      }
    },
    {
      "LogName": "Winter Star position vanilla Y2",
      "Action": "EditData",
      "Target": "Data/Festivals/winter25",
      "TextOperations": [
        {
          "Operation": "Append",
          "Target": [
            "Entries",
            "Set-Up_additionalCharacters_y2"
          ],
          "Value": "RodneyOBrien 29 86 down",
          "Delimiter": "/"
        }
      ],
      "When": {
        "HasMod |contains=FlashShifter.StardewValleyExpandedCP": "false",
      }
    },
    {
      "LogName": "Winter Star position SVE Y1",
      "Action": "EditData",
      "Target": "Data/Festivals/winter25",
      "TextOperations": [
        {
          "Operation": "Append",
          "Target": [
            "Entries",
            "Set-Up_additionalCharacters"
          ],
          "Value": "RodneyOBrien 20 49 down",
          "Delimiter": "/"
        }
      ],
      "When": {
        "HasMod": "FlashShifter.StardewValleyExpandedCP"
      }
    },
    {
      "LogName": "Winter Star position SVE Y2",
      "Action": "EditData",
      "Target": "Data/Festivals/winter25",
      "TextOperations": [
        {
          "Operation": "Append",
          "Target": [
            "Entries",
            "Set-Up_additionalCharacters_y2"
          ],
          "Value": "RodneyOBrien 20 49 down",
          "Delimiter": "/"
        }
      ],
      "When": {
        "HasMod": "FlashShifter.StardewValleyExpandedCP"
      }
    },
    //EMBER OF RESOLUTION RSV
    {
      "Action": "EditData",
      "Target": "Data/Festivals/winter28", //Ember of resolution
      "When": {
        "HasMod": "Rafseazz.RSVCP"
      },
      "TextOperations": [
        {
          "Operation": "Append",
          "Target": [
            "Entries",
            "Set-Up_additionalCharacters"
          ],
          "Value": "RodneyOBrien 41 29 right",
          "Delimiter": "/"
        },
        {
          "Operation": "Append",
          "Target": [
            "Entries",
            "MainEvent_additionalCharacters"
          ],
          "Value": "RodneyOBrien 50 44 left",
          "Delimiter": "/"
        },
      ]
    },
    //Fireworks Festival
    {
      "LogName": "Rodney Fireworks Festival",
      "Action": "EditData",
      "Target": "Data/Festivals/Summer20",
      "TextOperations": [
        {
          "Operation": "Append",
          "Target": [
            "Entries",
            "Set-Up_additionalCharacters"
          ],
          "Value": "RodneyOBrien 46 21 down",
          "Delimiter": "/"
        },
        {
          "Operation": "Append",
          "Target": [
            "Fields",
            "set-up",
            6
          ],
          "Value": "/animate RodneyOBrien false true 120 27 27 27",
        },
      ],
      "When": {
        "HasMod": "violetlizabet.FireworksFestival"
      }
    },
    //Surfing Festival
    {
      "LogName": "Rodney Surfing Festival",
      "Action": "EditData",
      "Target": "Data/Festivals/Summer5",
      "TextOperations": [
        {
          "Operation": "Append",
          "Target": [
            "Entries",
            "Set-Up_additionalCharacters"
          ],
          "Value": "RodneyOBrien 45 11 down",
          "Delimiter": "/"
        },
        {
          "Operation": "Append",
          "Target": [
            "Entries",
            "MainEvent_additionalCharacters"
          ],
          "Value": "RodneyOBrien 145 64 left",
          "Delimiter": "/"
        },
        {
          "Operation": "Append",
          "Target": [
            "Entries",
            "PostEvent_additionalCharacters"
          ],
          "Value": "RodneyOBrien 34 15 up",
          "Delimiter": "/"
        },
      ],
      "When": {
        "HasMod": "spacechase0.SurfingFestival"
      }
    },
    // Marketpalooza
    {
      "LogName": "Rodney Marketpalooza Fall",
      "Action": "EditData",
      "Target": "Data/Festivals/Fall3",
      "TextOperations": [
        {
          "Operation": "Append",
          "Target": [
            "Entries",
            "Set-Up_additionalCharacters"
          ],
          "Value": "RodneyOBrien 22 11 right",
          "Delimiter": "/"
        },
 /*       {
          "Operation": "Append",
          "Target": [
            "Entries",
            "MainEvent_additionalCharacters"
          ],
          "Value": "RodneyOBrien 46 18 2",
          "Delimiter": "/"
        }, */
      ],
      "When": {
        "HasMod": "Fellowclown.PC"
      }
    },
    {
      "LogName": "Rodney Marketpalooza Winter",
      "Action": "EditData",
      "Target": "Data/Festivals/Winter3",
      "TextOperations": [
        {
          "Operation": "Append",
          "Target": [
            "Entries",
            "Set-Up_additionalCharacters"
          ],
          "Value": "RodneyOBrien 22 11 right",
          "Delimiter": "/"
        },
 /*       {
          "Operation": "Append",
          "Target": [
            "Entries",
            "MainEvent_additionalCharacters"
          ],
          "Value": "RodneyOBrien 46 18 2",
          "Delimiter": "/"
        }, */
      ],
      "When": {
        "HasMod": "Fellowclown.PC"
      }
    },
    // Fashion Festival
    {
      "LogName": "Rodney Fashion Festival",
      "Action": "EditData",
      "Target": "Data/Festivals/Spring19",
      "TextOperations": [
        {
          "Operation": "Append",
          "Target": [
            "Entries",
            "Set-Up_additionalCharacters"
          ],
          "Value": "RodneyOBrien 41 19 down",
          "Delimiter": "/"
        },
        {
          "Operation": "Append",
          "Target": [
            "Entries",
            "MainEvent_additionalCharacters"
          ],
          "Value": "RodneyOBrien 42 26 left",
          "Delimiter": "/"
        },
      ],
      "When": {
        "HasMod": "UNA.FF.CP"
      }
    },
    // Love Festival
    {
      "LogName": "Rodney Love Festival",
      "Action": "EditData",
      "Target": "Data/Festivals/Winter6",
      "TextOperations": [
        {
          "Operation": "Append",
          "Target": [
            "Entries",
            "Set-Up_additionalCharacters"
          ],
          "Value": "RodneyOBrien 24 74 up",
          "Delimiter": "/"
        },
      ],
      "When": {
        "HasMod": "AvalonMFX.LoveFestival"
      }
    },
  ]
}