{
    "Changes": [
        // F E S T I V A L S
        { //Adds in Mateo's position temporarily, until the next big update.
            "Action": "Include",
            "FromFile": "assets/Festivals/Mateo_y2.json",
            "When": {
                "HasSeenEvent |contains=SnS.Ch1.Mateo.3": true,
                "HasConversationTopic |contains=MateoPain": false,
                "HasMod": "DN.SnS"
            }
        },
        {
            "Action": "EditData",
            "Target": "Data/Festivals/winter25",
            "When": {
                "HasConversationTopic |contains=MateoPain": false,
                "HasMod": "DN.SnS"
            },
            "TextOperations": [
                { // LOCATION: SET UP (VANILLA)
                    "Operation": "Append",
                    "Target": [
                        "Entries",
                        "Set-Up_additionalCharacters_y2"
                    ],
                    "Value": "Mateo 23 58 1",
                    "Delimiter": "/"
                },
            ]
        },
        //******* S P R I N G   F E S T I V A L S ***********
        //***************************************************
        // ***********  Egg Festival ********
        {
            "Action": "EditData",
            "Target": "Data/Festivals/spring13",
            "TextOperations": [
                {
                    "Operation": "Append",
                    "Target": [
                        "Entries",
                        "Set-Up_additionalCharacters_y2"
                    ],
                    "Value": "Beatrice 36 72 3/Eloise 8 64 1/Jacob 10 64 3/Rosa 33 61 3/ToriLK 19 54 0/Aideen 32 79 1",
                    "Delimiter": "/"
                },
                {
                    "Operation": "Append",
                    "Target": [
                        "Entries",
                        "MainEvent_additionalCharacters_y2"
                    ],
                    "Value": "Beatrice 36 72 3/Eloise 35 62 2/Jacob 36 62 2/Rosa 35 70 3",
                    "Delimiter": "/"
                },
            ]
        },
        {
            "Action": "EditData",
            "Target": "Data/Festivals/spring13",
            "When": {
                "HasSeenEvent |contains=57873000": true,
                "HasSeenEvent |contains=57873005": false
            },
            "TextOperations": [
                {
                    "Operation": "Append",
                    "Target": [
                        "Entries",
                        "Set-Up_additionalCharacters_y2"
                    ],
                    "Value": "JosephineK 32 65 3",
                    "Delimiter": "/"
                }
            ]
        },
        {
            "Action": "EditData",
            "Target": "Data/Festivals/spring13",
            "When": {
                "HasSeenEvent |contains=57873000": true
            },
            "TextOperations": [
                {
                    "Operation": "Append",
                    "Target": [
                        "Entries",
                        "Set-Up_additionalCharacters_y2"
                    ],
                    "Value": "OliverK 32 89 3",
                    "Delimiter": "/"
                }
            ]
        },
        {
            "Action": "EditData",
            "Target": "Data/Festivals/spring13",
            "Entries": {
                "VivienneLK": "{{i18n:festivals.vivienne.spring13}}"
            },
            "TextOperations": [
                {
                    "Operation": "Append",
                    "Target": [
                        "Entries",
                        "Set-Up_additionalCharacters_y2"
                    ],
                    "Value": "VivienneLK 8 63 2",
                    "Delimiter": "/"
                },
                {
                    "Operation": "Append",
                    "Target": [
                        "Entries",
                        "MainEvent_additionalCharacters_y2"
                    ],
                    "Value": "VivienneLK 36 61 2",
                    "Delimiter": "/"
                }
            ],
            "When": {
                "HasSeenEvent": "57875000"
            }
        },
        // ********  S V E  **********
        {
            "Action": "EditData",
            "Target": "Data/Festivals/spring13",
            "When": {
                "HasMod |contains=FlashShifter.StardewValleyExpandedCP": true
            },
            "TextOperations": [
                {
                    "Operation": "Append",
                    "Target": [
                        "Entries",
                        "Set-Up_additionalCharacters_y2"
                    ],
                    "Value": "Beatrice 36 72 3/Eloise 8 64 1/Jacob 10 64 3",
                    "Delimiter": "/"
                },
                {
                    "Operation": "Append",
                    "Target": [
                        "Entries",
                        "MainEvent_additionalCharacters_y2_y2"
                    ],
                    "Value": "Beatrice 36 72 3/Eloise 35 61 2/Jacob 33 60 2",
                    "Delimiter": "/"
                },
            ]
        },
        {
            "Action": "EditData",
            "Target": "Data/Festivals/spring24",
            "TextOperations": [
                {
                    "Operation": "Append",
                    "Target": [
                        "Entries",
                        "Set-Up_additionalCharacters_y2"
                    ],
                    "Value": "Aideen 5 31 3/Beatrice 4 22 1/Eloise 23 24 3/Jacob 3 30 1/Rosa 30 41 2/ToriLK 53 46 2",
                    "Delimiter": "/"
                },
                {
                    "Operation": "Append",
                    "Target": [
                        "Entries",
                        "MainEvent_additionalCharacters_y2"
                    ],
                    "Value": "Aideen 19 32 0/Eloise 17 32 0/Jacob 18 32 0/Rosa 23 32 3/ToriLK 21 21 2",
                    "Delimiter": "/"
                }
            ]
        },
        {
            "Action": "EditData",
            "Target": "Data/Festivals/spring24",
            "When": {
                "HasSeenEvent |contains=57873000": true,
                "HasSeenEvent |contains=57873005": false
            },
            "TextOperations": [
                {
                    "Operation": "Append",
                    "Target": [
                        "Entries",
                        "Set-Up_additionalCharacters_y2"
                    ],
                    "Value": "JosephineK 16 21 2",
                    "Delimiter": "/"
                }
            ]
        },
        {
            "Action": "EditData",
            "Target": "Data/Festivals/spring24",
            "When": {
                "HasSeenEvent |contains=57873000": true
            },
            "TextOperations": [
                {
                    "Operation": "Append",
                    "Target": [
                        "Entries",
                        "Set-Up_additionalCharacters_y2"
                    ],
                    "Value": "OliverK 49 19 1",
                    "Delimiter": "/"
                }
            ]
        },
        {
            "Action": "EditData",
            "Target": "Data/Festivals/spring24",
            "TextOperations": [
                {
                    "Operation": "Append",
                    "Target": [
                        "Entries",
                        "Set-Up_additionalCharacters_y2"
                    ],
                    "Value": "VivienneLK 4 25 2",
                    "Delimiter": "/"
                },
                {
                    "Operation": "Append",
                    "Target": [
                        "Entries",
                        "MainEvent_additionalCharacters_y2"
                    ],
                    "Value": "VivienneLK 4 25 1",
                    "Delimiter": "/"
                }
            ],
            "When": {
                "HasMod |contains=FlashShifter.StardewValleyExpandedCP": false,
                "HasSeenEvent": "57875000"
            }
        },
        {
            "Action": "EditData",
            "Target": "Data/Festivals/spring24",
            "When": {
                "HasFlag |contains=RivalHearts_AideenMateo": true,
                "HasMod": "DN.SnS"
            },
            "TextOperations": [
                {
                    "Operation": "Append",
                    "Target": [
                        "Entries",
                        "Set-Up_additionalCharacters_y2"
                    ],
                    "Value": "Aideen 53 37 1/Mateo 54 37 3",
                    "Delimiter": "/"
                }
            ]
        },
        //******* S U M M E R   F E S T I V A L S ***********
        //***************************************************
        // ***********  Luau ********
        {
            "Action": "EditData",
            "Target": "Data/Festivals/summer11",
            "TextOperations": [
                {
                    "Operation": "Append",
                    "Target": [
                        "Entries",
                        "Set-Up_additionalCharacters_y2"
                    ],
                    "Value": "Aideen 18 4 2/Beatrice 24 31 3/Eloise 19 10 3/Jacob 16 11 1/JosephineK 26 4 2/OliverK 44 45 2/Rosa 25 18 1/ToriLK 31 34 1",
                    "Delimiter": "/"
                },
                {
                    "Operation": "Append",
                    "Target": [
                        "Entries",
                        "MainEvent_additionalCharacters_y2"
                    ],
                    "Value": "Aideen 18 4 2/Beatrice 48 18 2/Eloise 18 8 1/Jacob 17 8 1/JosephineK 23 9 2/OliverK 22 9 2/Rosa 24 20 0",
                    "Delimiter": "/"
                }
            ]
        },
        {
            "Action": "EditData",
            "Target": "Data/Festivals/summer11",
            "When": {
                "HasSeenEvent": "57875000"
            },
            "TextOperations": [
                {
                    "Operation": "Append",
                    "Target": [
                        "Entries",
                        "Set-Up_additionalCharacters_y2"
                    ],
                    "Value": "VivienneLK 12 10 2",
                    "Delimiter": "/"
                },
                {
                    "Operation": "Append",
                    "Target": [
                        "Entries",
                        "MainEvent_additionalCharacters_y2"
                    ],
                    "Value": "VivienneLK 24 23 0",
                    "Delimiter": "/"
                }
            ]
        },
        {
            "Action": "EditData",
            "Target": "Data/Festivals/summer11",
            "TextOperations": [
                {
                    "Operation": "Append",
                    "Target": [
                        "Entries",
                        "Set-Up_additionalCharacters_y2"
                    ],
                    "Value": "KatarynaLK 32 19 0",
                    "Delimiter": "/"
                },
                {
                    "Operation": "Append",
                    "Target": [
                        "Entries",
                        "MainEvent_additionalCharacters_y2"
                    ],
                    "Value": "KatarynaLK 32 19 0",
                    "Delimiter": "/"
                }
            ],
            "When": {
                //"HasSeenEvent": "57876020",
                "HasSeenEvent |contains=57876033": false
            },
        },
        //Jellies
        {
            "Action": "EditData",
            "Target": "Data/Festivals/summer28",
            "TextOperations": [
                {
                    "Operation": "Append",
                    "Target": [
                        "Entries",
                        "Set-Up_additionalCharacters_y2"
                    ],
                    "Value": "Aideen 22 4 2/Eloise 82 25 down/Jacob 83 25 2/Rosa 11 10 3/ToriLK 84 24 2",
                    "Delimiter": "/"
                },
                {
                    "Operation": "Append",
                    "Target": [
                        "Fields",
                        "set-up_y2",
                        7
                    ],
                    "Value": "addLantern 735 98 43 3",
                    "Delimiter": "/"
                },
            ]
        },
        {
            "Action": "EditData",
            "Target": "Data/Festivals/summer28",
            "When": {
                "HasSeenEvent |contains=57873000": true,
                "HasSeenEvent |contains=57873005": false
            },
            "TextOperations": [
                {
                    "Operation": "Append",
                    "Target": [
                        "Entries",
                        "Set-Up_additionalCharacters_y2"
                    ],
                    "Value": "JosephineK 25 67 2",
                    "Delimiter": "/"
                }
            ]
        },
        {
            "Action": "EditData",
            "Target": "Data/Festivals/summer28",
            "When": {
                "HasSeenEvent |contains=57873000": true
            },
            "TextOperations": [
                {
                    "Operation": "Append",
                    "Target": [
                        "Entries",
                        "Set-Up_additionalCharacters_y2"
                    ],
                    "Value": "OliverK 95 39 1",
                    "Delimiter": "/"
                }
            ]
        },
        {
            "Action": "EditData",
            "Target": "Data/Festivals/summer28",
            "TextOperations": [
                {
                    "Operation": "Append",
                    "Target": [
                        "Entries",
                        "Set-Up_additionalCharacters_y2"
                    ],
                    "Value": "Leximonster 102 39 2",
                    "Delimiter": "/"
                },
                {
                    "Operation": "Append",
                    "Target": [
                        "Fields",
                        "set-up_y2",
                        8
                    ],
                    "Value": "swimming Leximonster",
                    "Delimiter": "/"
                }
            ]
        },
        //F A L L   F E S T I V A L S
        //Stardew Fair
        {
            "Action": "EditData",
            "Target": "Data/Festivals/fall16",
            "TextOperations": [
                {
                    "Operation": "Append",
                    "Target": [
                        "Entries",
                        "Set-Up_additionalCharacters_y2"
                    ],
                    "Value": "Beatrice 27 61 1/Eloise 19 35 1/Jacob 27 34 3/KatarynaLK 39 78 3/Rosa 28 97 3/ToriLK 43 94 2",
                    "Delimiter": "/"
                }
            ]
        },
        {
            "Action": "EditData",
            "Target": "Data/Festivals/fall16",
            "When": {
                "HasFlag |contains=RivalHearts_AideenMateo": false
            },
            "TextOperations": [
                {
                    "Operation": "Append",
                    "Target": [
                        "Entries",
                        "Set-Up_additionalCharacters_y2"
                    ],
                    "Value": "Aideen 45 88 1",
                    "Delimiter": "/"
                }
            ]
        },
        {
            "LogName": "Fair Dialogue",
            "Action": "EditData",
            "Target": "Data/Festivals/fall16",
            "When": {
                "Spouse |contains=Aideen": false,
                "Spouse |contains=Mateo": false,
                "HasFlag |contains=RivalHearts_AideenMateo": true
            },
            "TextOperations": [
                {
                    "Operation": "Append",
                    "Target": [
                        "Entries",
                        "Set-Up_additionalCharacters_y2"
                    ],
                    "Value": "Aideen 36 81 1",
                    "Delimiter": "/"
                }
            ]
        },
        {
            "Action": "EditData",
            "Target": "Data/Festivals/fall16",
            "When": {
                "HasSeenEvent |contains=57873005": false,
                "HasSeenEvent": "57873000"
                //"HasMod |contains=FlashShifter.StardewValleyExpandedCP": false
            },
            "TextOperations": [
                {
                    "Operation": "Append",
                    "Target": [
                        "Entries",
                        "Set-Up_additionalCharacters_y2"
                    ],
                    "Value": "JosephineK 26 53 2",
                    "Delimiter": "/"
                }
            ]
        },
        {
            "Action": "EditData",
            "Target": "Data/Festivals/fall16",
            "When": {
                "HasSeenEvent": "57873000"
            },
            "TextOperations": [
                {
                    "Operation": "Append",
                    "Target": [
                        "Entries",
                        "Set-Up_additionalCharacters_y2"
                    ],
                    "Value": "OliverK 58 70 1",
                    "Delimiter": "/"
                }
            ]
        },
        {
            "Action": "EditData",
            "Target": "Data/Festivals/fall16",
            "When": {
                "HasSeenEvent": "57875000"
            },
            "TextOperations": [
                {
                    "Operation": "Append",
                    "Target": [
                        "Entries",
                        "Set-Up_additionalCharacters_y2"
                    ],
                    "Value": "VivienneLK 19 34 1",
                    "Delimiter": "/"
                }
            ]
        },
        //Spirit's Eve
        {
            "Action": "EditData",
            "Target": "Data/Festivals/fall27",
            "TextOperations": [
                {
                    "Operation": "Append",
                    "Target": [
                        "Entries",
                        "Set-Up_additionalCharacters_y2"
                    ],
                    "Value": "Eloise 27 51 3/Jacob 26 51 1/Rosa 27 23 2/ToriLK 14 63 1",
                    "Delimiter": "/"
                }
            ]
        },
        {
            "Action": "EditData",
            "Target": "Data/Festivals/fall27",
            "When": {
                "HasSeenEvent": "57876020"
            },
            "TextOperations": [
                {
                    "Operation": "Append",
                    "Target": [
                        "Entries",
                        "Set-Up_additionalCharacters_y2"
                    ],
                    "Value": "KatarynaLK 34 60 0",
                    "Delimiter": "/"
                }
            ]
        },
        {
            "Action": "EditData",
            "Target": "Data/Festivals/fall27",
            "When": {
                "HasSeenEvent |contains=57873005": false,
                "HasSeenEvent": "57873000"
            },
            "TextOperations": [
                {
                    "Operation": "Append",
                    "Target": [
                        "Entries",
                        "Set-Up_additionalCharacters_y2"
                    ],
                    "Value": "JosephineK 28 71 3",
                    "Delimiter": "/"
                }
            ],
        },
        {
            "Action": "EditData",
            "Target": "Data/Festivals/fall27",
            "When": {
                "HasSeenEvent": "57873000"
            },
            "TextOperations": [
                {
                    "Operation": "Append",
                    "Target": [
                        "Entries",
                        "Set-Up_additionalCharacters_y2"
                    ],
                    "Value": "OliverK 35 35 3",
                    "Delimiter": "/"
                }
            ]
        },
        {
            "Action": "EditData",
            "Target": "Data/Festivals/fall27",
            "When": {
                "HasSeenEvent": "57875000"
            },
            "TextOperations": [
                {
                    "Operation": "Append",
                    "Target": [
                        "Entries",
                        "Set-Up_additionalCharacters_y2"
                    ],
                    "Value": "VivienneLK 44 58 2",
                    "Delimiter": "/"
                }
            ]
        },
        //Winter Festivals
        //Ice Festival
        {
            "Action": "EditData",
            "Target": "Data/Festivals/winter8",
            "TextOperations": [
                {
                    "Operation": "Append",
                    "Target": [
                        "Entries",
                        "Set-Up_additionalCharacters_y2"
                    ],
                    "Value": "Beatrice 63 31 1/Eloise 65 44 2/Jacob 66 45 3/Rosa 51 54 1/ToriLK 64 30 2",
                    "Delimiter": "/"
                },
                {
                    "Operation": "Append",
                    "Target": [
                        "Entries",
                        "Main-Event_additionalCharacters_y2"
                    ],
                    "Value": "Beatrice 59 33 1/Eloise 65 44 0/Jacob 66 44 0/ToriLK 64 31 1",
                    "Delimiter": "/"
                }
            ]
        },
        {
            "Action": "EditData",
            "Target": "Data/Festivals/winter8",
            "TextOperations": [
                {
                    "Operation": "Append",
                    "Target": [
                        "Entries",
                        "Set-Up_additionalCharacters_y2"
                    ],
                    "Value": "VivienneLK 91 28 2",
                    "Delimiter": "/"
                }
            ],
            "When": {
                "HasSeenEvent |contains=57875000": true
            }
        },
        {
            "Action": "EditData",
            "Target": "Data/Festivals/winter8",
            "When": {
                "HasSeenEvent |contains=57873000": true,
                "HasSeenEvent |contains=57873005": false
            },
            "TextOperations": [
                {
                    "Operation": "Append",
                    "Target": [
                        "Entries",
                        "Set-Up_additionalCharacters_y2"
                    ],
                    "Value": "JosephineK 97 39 2/OliverK 67 50 2",
                    "Delimiter": "/"
                }
            ]
        },
        {
            "Action": "EditData",
            "Target": "Data/Festivals/winter8",
            "TextOperations": [
                {
                    "Operation": "Append",
                    "Target": [
                        "Entries",
                        "Main-Event_additionalCharacters"
                    ],
                    "Value": "Jacob 69 12 2",
                    "Delimiter": "/"
                }
            ],
            "When": {
                "Spouse |contains=Aideen": false,
                "HasFlag |contains=RivalHearts_AideenMateo": false
            }
        },
        {
            "Action": "EditData",
            "Target": "Data/Festivals/winter8",
            "TextOperations": [
                {
                    "Operation": "Append",
                    "Target": [
                        "Entries",
                        "Main-Event_additionalCharacters"
                    ],
                    "Value": "Aideen 70 12 2",
                    "Delimiter": "/"
                }
            ],
            "When": {
                "Spouse |contains=Aideen": false,
                "HasFlag |contains=RivalHearts_AideenMateo": false
            }
        },
        {
            "Action": "EditData",
            "Target": "Data/Festivals/winter8",
            "TextOperations": [
                {
                    "Operation": "Append",
                    "Target": [
                        "Entries",
                        "Set-Up_additionalCharacters_y2"
                    ],
                    "Value": "Aideen 48 30 3",
                    "Delimiter": "/"
                },
                {
                    "Operation": "Append",
                    "Target": [
                        "Entries",
                        "Main-Event_additionalCharacters"
                    ],
                    "Value": "Mateo 41 10 1/Aideen 42 10 3",
                    "Delimiter": "/"
                }
            ],
            "When": {
                "Spouse |contains=Aideen": false,
                "HasFlag |contains=RivalHearts_AideenMateo": true
            }
        },
        {
            "Action": "EditData",
            "Target": "Data/Festivals/winter8",
            "TextOperations": [
                {
                    "Operation": "Append",
                    "Target": [
                        "Entries",
                        "Set-Up_additionalCharacters_y2"
                    ],
                    "Value": "Eloise 66 50 2/OliverK 67 50 2",
                    "Delimiter": "/"
                }
            ],
            "When": {
                "HasSeenEvent |contains=57873005": true
            }
        },
        //Winter Star
        {
            "Action": "EditData",
            "Target": "Data/Festivals/winter25",
            "TextOperations": [
                {
                    "Operation": "Append",
                    "Target": [
                        "Entries",
                        "Set-Up_additionalCharacters_y2"
                    ],
                    "Value": "Aideen 38 60 1/Beatrice 37 76 0/Eloise 36 79 3/Jacob 37 72 3/Rosa 22 63 1/ToriLK 24 68 2",
                    "Delimiter": "/"
                }
            ]
        },
        {
            "Action": "EditData",
            "Target": "Data/Festivals/winter25",
            "TextOperations": [
                {
                    "Operation": "Append",
                    "Target": [
                        "Entries",
                        "Set-Up_additionalCharacters_y2"
                    ],
                    "Value": "Aideen 24 58 3",
                    "Delimiter": "/"
                }
            ],
            "When": {
                "HasFlag |contains=RivalHearts_AideenMateo": true
            }
        },
        {
            "Action": "EditData",
            "Target": "Data/Festivals/winter25",
            "When": {
                "HasSeenEvent |contains=57873000": true,
            },
            "TextOperations": [
                {
                    "Operation": "Append",
                    "Target": [
                        "Entries",
                        "Set-Up_additionalCharacters_y2"
                    ],
                    "Value": "JosephineK 34 62 2/OliverK 36 73 0",
                    "Delimiter": "/"
                }
            ]
        },
        {
            "Action": "EditData",
            "Target": "Data/Festivals/winter25",
            "When": {
                "HasFlag": "KatarynaBecomesSocial",
                //"HasSeenEvent |contains=57876033": false
            },
            "TextOperations": [
                {
                    "Operation": "Append",
                    "Target": [
                        "Entries",
                        "Set-Up_additionalCharacters_y2"
                    ],
                    "Value": "KatarynaLK 37 59 0",
                    "Delimiter": "/"
                }
            ]
        },
        {
            "Action": "EditData",
            "Target": "Data/Festivals/winter25",
            "TextOperations": [
                {
                    "Operation": "Append",
                    "Target": [
                        "Entries",
                        "Set-Up_additionalCharacters_y2"
                    ],
                    "Value": "VivienneLK 22 71 1",
                    "Delimiter": "/"
                }
            ],
            "When": {
                "HasSeenEvent |contains=57875000": true
            }
        },
        {
            "Action": "EditData",
            "Target": "Data/Festivals/fall27, Data/Festivals/winter25, Data/Festivals/spring13",
            "When": {
                "HasSeenEvent": "57879903"
            },
            "TextOperations": [
                {
                    "Operation": "Append",
                    "Target": [
                        "Entries",
                        "Set-Up_additionalCharacters_y2"
                    ],
                    "Value": "LadySheba 57 53 2",
                    "Delimiter": "/"
                }
            ]
        },
    ]
}