{
    "Changes": [
        // F E S T I V A L S
        //Odd Year Festivals
        /*   "When": {
                "IsEvenYear": false
            },*/
        //******* S P R I N G   F E S T I V A L S ***********
        //***************************************************
        // ***********  Egg Festival ********
        {
            "Action": "EditData",
            "Target": "Data/Festivals/spring13",
            "TextOperations": [
                {
                    "Operation": "Append",
                    "Target": [
                        "Entries",
                        "Set-Up_additionalCharacters"
                    ],
                    "Value": "Beatrice 39 69 3/Eloise 8 64 1/Jacob 10 64 3",
                    "Delimiter": "/"
                },
                {
                    "Operation": "Append",
                    "Target": [
                        "Entries",
                        "MainEvent_additionalCharacters"
                    ],
                    "Value": "Beatrice 39 69 3/Eloise 35 60 2/Jacob 34 60 2",
                    "Delimiter": "/"
                },
            ]
        },
        {
            "Action": "EditData",
            "Target": "Data/Festivals/spring13",
            "When": {
                "HasSeenEvent |contains=57873000": true,
                "HasSeenEvent |contains=57873005": false
            },
            "TextOperations": [
                {
                    "Operation": "Append",
                    "Target": [
                        "Entries",
                        "Set-Up_additionalCharacters"
                    ],
                    "Value": "JosephineK 31 68 0",
                    "Delimiter": "/"
                }
            ]
        },
        {
            "Action": "EditData",
            "Target": "Data/Festivals/spring13",
            "When": {
                "HasSeenEvent |contains=57873000": true
            },
            "TextOperations": [
                {
                    "Operation": "Append",
                    "Target": [
                        "Entries",
                        "Set-Up_additionalCharacters"
                    ],
                    "Value": "OliverK 32 89 3",
                    "Delimiter": "/"
                }
            ]
        },
        {
            "Action": "EditData",
            "Target": "Data/Festivals/spring13",
            "TextOperations": [
                {
                    "Operation": "Append",
                    "Target": [
                        "Entries",
                        "Set-Up_additionalCharacters"
                    ],
                    "Value": "VivienneLK 9 63 2",
                    "Delimiter": "/"
                },
                {
                    "Operation": "Append",
                    "Target": [
                        "Entries",
                        "MainEvent_additionalCharacters"
                    ],
                    "Value": "VivienneLK 33 60 2",
                    "Delimiter": "/"
                }
            ],
            "When": {
                "HasSeenEvent": "57875000"
            }
        },
        // Flower Dance
        {
            "Action": "EditData",
            "Target": "Data/Festivals/spring24",
            "TextOperations": [
                {
                    "Operation": "Append",
                    "Target": [
                        "Entries",
                        "Set-Up_additionalCharacters"
                    ],
                    "Value": "Aideen 5 31 3/Beatrice 4 22 1/Eloise 14 30 3/Jacob 3 30 1/Rosa 30 41 2/ToriLK 25 41 3",
                    "Delimiter": "/"
                },
                {
                    "Operation": "Append",
                    "Target": [
                        "Entries",
                        "MainEvent_additionalCharacters"
                    ],
                    "Value": "Aideen 19 32 0/Eloise 17 32 0/Jacob 18 32 0/Rosa 23 32 3",
                    "Delimiter": "/"
                }
            ]
        },
        {
            "Action": "EditData",
            "Target": "Data/Festivals/spring24",
            "When": {
                "HasSeenEvent |contains=57873000": true,
                "HasSeenEvent |contains=57873005": false
            },
            "TextOperations": [
                {
                    "Operation": "Append",
                    "Target": [
                        "Entries",
                        "Set-Up_additionalCharacters"
                    ],
                    "Value": "JosephineK 7 21 2",
                    "Delimiter": "/"
                }
            ]
        },
        {
            "Action": "EditData",
            "Target": "Data/Festivals/spring24",
            "When": {
                "HasSeenEvent |contains=57873000": true
            },
            "TextOperations": [
                {
                    "Operation": "Append",
                    "Target": [
                        "Entries",
                        "Set-Up_additionalCharacters"
                    ],
                    "Value": "OliverK 49 19 1",
                    "Delimiter": "/"
                }
            ]
        },
        {
            "Action": "EditData",
            "Target": "Data/Festivals/spring24",
            "TextOperations": [
                {
                    "Operation": "Append",
                    "Target": [
                        "Entries",
                        "Set-Up_additionalCharacters"
                    ],
                    "Value": "VivienneLK 4 25 2",
                    "Delimiter": "/"
                },
                {
                    "Operation": "Append",
                    "Target": [
                        "Entries",
                        "MainEvent_additionalCharacters"
                    ],
                    "Value": "VivienneLK 4 25 1",
                    "Delimiter": "/"
                }
            ],
            "When": {
                "HasSeenEvent": "57875000"
            }
        },
        //******* S U M M E R   F E S T I V A L S ***********
        //***************************************************
        // ***********  Luau ********
        {
            "Action": "EditData",
            "Target": "Data/Festivals/summer11",
            "TextOperations": [
                {
                    "Operation": "Append",
                    "Target": [
                        "Entries",
                        "Set-Up_additionalCharacters"
                    ],
                    "Value": "Aideen 14 5 2/Beatrice 43 36 2/Eloise 13 14 1/Jacob 31 34 2/OliverK 44 35 1/JosephineK 31 4 2/Rosa 25 18 1",
                    "Delimiter": "/"
                },
                {
                    "Operation": "Append",
                    "Target": [
                        "Entries",
                        "MainEvent_additionalCharacters"
                    ],
                    "Value": "Aideen 14 5 3/Eloise 23 23 0/Jacob 31 34 3/JosephineK 31 11 2/OliverK 32 11 2",
                    "Delimiter": "/"
                }
            ]
        },
        {
            "Action": "EditData",
            "Target": "Data/Festivals/summer11",
            "When": {
                "HasSeenEvent": "57875000"
            },
            "TextOperations": [
                {
                    "Operation": "Append",
                    "Target": [
                        "Entries",
                        "Set-Up_additionalCharacters"
                    ],
                    "Value": "VivienneLK 14 14 3",
                    "Delimiter": "/"
                },
                {
                    "Operation": "Append",
                    "Target": [
                        "Entries",
                        "MainEvent_additionalCharacters"
                    ],
                    "Value": "VivienneLK 24 23 0",
                    "Delimiter": "/"
                }
            ]
        },
        {
            "Action": "EditData",
            "Target": "Data/Festivals/summer11",
            "TextOperations": [
                {
                    "Operation": "Append",
                    "Target": [
                        "Entries",
                        "Set-Up_additionalCharacters"
                    ],
                    "Value": "KatarynaLK 32 19 0",
                    "Delimiter": "/"
                },
                {
                    "Operation": "Append",
                    "Target": [
                        "Entries",
                        "MainEvent_additionalCharacters"
                    ],
                    "Value": "KatarynaLK 32 19 0",
                    "Delimiter": "/"
                }
            ],
            "When": {
                "HasSeenEvent": "57876020"
            }
        },
        //Jellies
        {
            "Action": "EditData",
            "Target": "Data/Festivals/summer28",
            "TextOperations": [
                {
                    "Operation": "Append",
                    "Target": [
                        "Entries",
                        "Set-Up_additionalCharacters"
                    ],
                    "Value": "Aideen 22 4 2/Eloise 5 7 down/Jacob 4 7 2/Rosa 10 10 3",
                    "Delimiter": "/"
                },
                {
                    "Operation": "Append",
                    "Target": [
                        "Fields",
                        "set-up",
                        7
                    ],
                    "Value": "addLantern 735 98 43 3",
                    "Delimiter": "/"
                }
            ]
        },
        {
            "Action": "EditData",
            "Target": "Data/Festivals/summer28",
            "When": {
                "HasSeenEvent |contains=57873000": true,
                "HasSeenEvent |contains=57873005": false
            },
            "TextOperations": [
                {
                    "Operation": "Append",
                    "Target": [
                        "Entries",
                        "Set-Up_additionalCharacters"
                    ],
                    "Value": "JosephineK 25 67 2",
                    "Delimiter": "/"
                }
            ]
        },
        {
            "Action": "EditData",
            "Target": "Data/Festivals/summer28",
            "When": {
                "HasSeenEvent |contains=57873000": true
            },
            "TextOperations": [
                {
                    "Operation": "Append",
                    "Target": [
                        "Entries",
                        "Set-Up_additionalCharacters"
                    ],
                    "Value": "OliverK 95 39 1",
                    "Delimiter": "/"
                }
            ]
        },
        {
            "Action": "EditData",
            "Target": "Data/Festivals/summer28",
            "TextOperations": [
                {
                    "Operation": "Append",
                    "Target": [
                        "Entries",
                        "Set-Up_additionalCharacters"
                    ],
                    "Value": "Leximonster 102 39 2",
                    "Delimiter": "/"
                },
                {
                    "Operation": "Append",
                    "Target": [
                        "Fields",
                        "set-up",
                        8
                    ],
                    "Value": "swimming Leximonster",
                    "Delimiter": "/"
                }
            ]
        },
        //F A L L   F E S T I V A L S
        //Stardew Fair
        {
            "Action": "EditData",
            "Target": "Data/Festivals/fall16",
            "TextOperations": [
                {
                    "Operation": "Append",
                    "Target": [
                        "Entries",
                        "Set-Up_additionalCharacters"
                    ],
                    "Value": "Beatrice 27 60 1/Eloise 63 65 2/Jacob 62 65 2/ToriLK 28 59 2",
                    "Delimiter": "/"
                }
            ]
        },
        {
            "Action": "EditData",
            "Target": "Data/Festivals/fall16",
            "When": {
                "HasSeenEvent": "57876020"
            },
            "TextOperations": [
                {
                    "Operation": "Append",
                    "Target": [
                        "Entries",
                        "Set-Up_additionalCharacters"
                    ],
                    "Value": "KatarynaLK 19 74 2",
                    "Delimiter": "/"
                }
            ]
        },
        {
            "Action": "EditData",
            "Target": "Data/Festivals/fall16",
            "When": {
                "HasFlag |contains=RivalHearts_AideenMateo": false
            },
            "TextOperations": [
                {
                    "Operation": "Append",
                    "Target": [
                        "Entries",
                        "Set-Up_additionalCharacters"
                    ],
                    "Value": "Aideen 45 88 1",
                    "Delimiter": "/"
                }
            ]
        },
        {
            "LogName": "Fair Dialogue",
            "Action": "EditData",
            "Target": "Data/Festivals/fall16",
            "When": {
                "Spouse |contains=Aideen": false,
                "Spouse |contains=Mateo": false,
                "HasFlag |contains=RivalHearts_AideenMateo": true
            },
            "TextOperations": [
                {
                    "Operation": "Append",
                    "Target": [
                        "Entries",
                        "Set-Up_additionalCharacters"
                    ],
                    "Value": "Aideen 36 81 1",
                    "Delimiter": "/"
                }
            ]
        },
        {
            "Action": "EditData",
            "Target": "Data/Festivals/fall16",
            "When": {
                "HasSeenEvent |contains=57873005": false,
                "HasSeenEvent": "57873000"
            },
            "TextOperations": [
                {
                    "Operation": "Append",
                    "Target": [
                        "Entries",
                        "Set-Up_additionalCharacters"
                    ],
                    "Value": "JosephineK 26 52 2",
                    "Delimiter": "/"
                }
            ]
        },
        {
            "Action": "EditData",
            "Target": "Data/Festivals/fall16",
            "When": {
                "HasSeenEvent": "57873000"
            },
            "TextOperations": [
                {
                    "Operation": "Append",
                    "Target": [
                        "Entries",
                        "Set-Up_additionalCharacters"
                    ],
                    "Value": "OliverK 54 75 3",
                    "Delimiter": "/"
                }
            ]
        },
        {
            "Action": "EditData",
            "Target": "Data/Festivals/fall16",
            "When": {
                "HasSeenEvent": "57875000"
            },
            "TextOperations": [
                {
                    "Operation": "Append",
                    "Target": [
                        "Entries",
                        "Set-Up_additionalCharacters"
                    ],
                    "Value": "VivienneLK 31 58 1",
                    "Delimiter": "/"
                }
            ]
        },
        //Spirit's Eve
        {
            "Action": "EditData",
            "Target": "Data/Festivals/fall27",
            "TextOperations": [
                {
                    "Operation": "Append",
                    "Target": [
                        "Entries",
                        "Set-Up_additionalCharacters"
                    ],
                    "Value": "Eloise 16 52 up/Jacob 16 51 down/Rosa 27 23 2",
                    "Delimiter": "/"
                }
            ]
        },
        {
            "Action": "EditData",
            "Target": "Data/Festivals/fall27",
            "When": {
                "HasSeenEvent": "57876020"
            },
            "TextOperations": [
                {
                    "Operation": "Append",
                    "Target": [
                        "Entries",
                        "Set-Up_additionalCharacters"
                    ],
                    "Value": "KatarynaLK 35 62 0",
                    "Delimiter": "/"
                }
            ]
        },
        {
            "Action": "EditData",
            "Target": "Data/Festivals/fall27",
            "When": {
                "HasSeenEvent |contains=57873005": false,
                "HasSeenEvent": "57873000"
            },
            "TextOperations": [
                {
                    "Operation": "Append",
                    "Target": [
                        "Entries",
                        "Set-Up_additionalCharacters"
                    ],
                    "Value": "JosephineK 28 72 3/OliverK 24 10 2",
                    "Delimiter": "/"
                }
            ],
        },
        {
            "LogName": "Add Oliver",
            "Action": "EditData",
            "Target": "Data/Festivals/fall27",
            "Entries": {
                "OliverK": "{{i18n:festivals.oliver.fall27.lexi}}",
                "Leximonster": "{{i18n:festivals.lexi.fall27}}"
            },
            "TextOperations": [
                {
                    "Operation": "Append",
                    "Target": [
                        "Entries",
                        "Set-Up_additionalCharacters"
                    ],
                    "Value": "Leximonster 25 10 3/OliverK 24 10 1",
                    "Delimiter": "/"
                }
            ],
            "When": {
                "HasSeenEvent": "57872012",
                "HasMod": "Poltergeister.SeasonalCuteSpritesES"
            }
        },
        {
            "Action": "EditData",
            "Target": "Data/Festivals/fall27",
            "When": {
                "HasSeenEvent": "57875000"
            },
            "TextOperations": [
                {
                    "Operation": "Append",
                    "Target": [
                        "Entries",
                        "Set-Up_additionalCharacters"
                    ],
                    "Value": "VivienneLK 36 69 3",
                    "Delimiter": "/"
                }
            ]
        },
        {
            "Action": "EditData",
            "Target": "Data/Festivals/fall27",
            "Entries": {
                "Aideen": "{{i18n:festivals.aideen.fall27.rvh}}"
            },
            "TextOperations": [
                {
                    "Operation": "Append",
                    "Target": [
                        "Entries",
                        "Set-Up_additionalCharacters"
                    ],
                    "Value": "Aideen 15 17 3",
                    "Delimiter": "/"
                }
            ],
            "When": {
                "Spouse |contains=Aideen, Mateo": false,
                "HasFlag |contains=RivalHearts_AideenMateo": true
            }
        },
        //Winter
        //Ice Festival
        {
            "Action": "EditData",
            "Target": "Data/Festivals/winter8",
            "TextOperations": [
                {
                    "Operation": "Append",
                    "Target": [
                        "Entries",
                        "Set-Up_additionalCharacters"
                    ],
                    "Value": "Beatrice 59 33 1/Eloise 59 46 1/Jacob 59 45 1/Rosa 33 25 2",
                    "Delimiter": "/"
                },
                {
                    "Operation": "Append",
                    "Target": [
                        "Entries",
                        "Main-Event_additionalCharacters"
                    ],
                    "Value": "Beatrice 59 33 1/Eloise 59 46 1/Jacob 59 45 1/Rosa 33 25 2",
                    "Delimiter": "/"
                }
            ]
        },
        {
            "Action": "EditData",
            "Target": "Data/Festivals/winter8",
            "TextOperations": [
                {
                    "Operation": "Append",
                    "Target": [
                        "Entries",
                        "Set-Up_additionalCharacters"
                    ],
                    "Value": "VivienneLK 76 24 2",
                    "Delimiter": "/"
                }
            ],
            "When": {
                "HasSeenEvent |contains=57875000": true
            }
        },
        {
            "Action": "EditData",
            "Target": "Data/Festivals/winter8",
            "When": {
                "HasSeenEvent |contains=57873000": true,
                "HasSeenEvent |contains=57873005": false
            },
            "TextOperations": [
                {
                    "Operation": "Append",
                    "Target": [
                        "Entries",
                        "Set-Up_additionalCharacters"
                    ],
                    "Value": "JosephineK 97 39 2/OliverK 67 50 2",
                    "Delimiter": "/"
                }
            ]
        },
        {
            "Action": "EditData",
            "Target": "Data/Festivals/winter8",
            "TextOperations": [
                {
                    "Operation": "Append",
                    "Target": [
                        "Entries",
                        "Main-Event_additionalCharacters"
                    ],
                    "Value": "Jacob 69 12 2",
                    "Delimiter": "/"
                }
            ],
            "When": {
                "Spouse |contains=Aideen": false,
                "HasFlag |contains=RivalHearts_AideenMateo": false
            }
        },
        {
            "Action": "EditData",
            "Target": "Data/Festivals/winter8",
            "TextOperations": [
                {
                    "Operation": "Append",
                    "Target": [
                        "Entries",
                        "Main-Event_additionalCharacters"
                    ],
                    "Value": "Aideen 70 12 2",
                    "Delimiter": "/"
                }
            ],
            "When": {
                "Spouse |contains=Aideen": false,
                "HasFlag |contains=RivalHearts_AideenMateo": false
            }
        },
        {
            "Action": "EditData",
            "Target": "Data/Festivals/winter8",
            "TextOperations": [
                {
                    "Operation": "Append",
                    "Target": [
                        "Entries",
                        "Set-Up_additionalCharacters"
                    ],
                    "Value": "Aideen 48 30 3",
                    "Delimiter": "/"
                },
                {
                    "Operation": "Append",
                    "Target": [
                        "Entries",
                        "Main-Event_additionalCharacters"
                    ],
                    "Value": "Mateo 41 10 1/Aideen 42 10 3",
                    "Delimiter": "/"
                }
            ],
            "When": {
                "Spouse |contains=Aideen": false,
                "HasFlag |contains=RivalHearts_AideenMateo": true
            }
        },
        {
            "Action": "EditData",
            "Target": "Data/Festivals/winter8",
            "TextOperations": [
                {
                    "Operation": "Append",
                    "Target": [
                        "Entries",
                        "Set-Up_additionalCharacters"
                    ],
                    "Value": "Eloise 66 50 2/OliverK 67 50 2",
                    "Delimiter": "/"
                }
            ],
            "When": {
                "HasSeenEvent |contains=57873005": true
            }
        },
        //Winter Star
        {
            "Action": "EditData",
            "Target": "Data/Festivals/winter25",
            "TextOperations": [
                {
                    "Operation": "Append",
                    "Target": [
                        "Entries",
                        "Set-Up_additionalCharacters"
                    ],
                    "Value": "Aideen 45 60 3/Beatrice 35 74 0/Eloise 27 51 3/Jacob 37 71 3/Rosa 20 62 0",
                    "Delimiter": "/"
                }
            ]
        },
        {
            "Action": "EditData",
            "Target": "Data/Festivals/winter25",
            "TextOperations": [
                {
                    "Operation": "Append",
                    "Target": [
                        "Entries",
                        "Set-Up_additionalCharacters"
                    ],
                    "Value": "Aideen 24 58 3",
                    "Delimiter": "/"
                }
            ],
            "When": {
                "HasFlag |contains=RivalHearts_AideenMateo": true
            }
        },
        {
            "Action": "EditData",
            "Target": "Data/Festivals/winter25",
            "When": {
                "HasSeenEvent |contains=57873000": true,
            },
            "TextOperations": [
                {
                    "Operation": "Append",
                    "Target": [
                        "Entries",
                        "Set-Up_additionalCharacters"
                    ],
                    "Value": "JosephineK 24 48 2/OliverK 36 72 0",
                    "Delimiter": "/"
                }
            ]
        },
        {
            "Action": "EditData",
            "Target": "Data/Festivals/winter25",
            "When": {
                "HasFlag": "KatarynaBecomesSocial",
                //"HasSeenEvent |contains=57876033": false
            },
            "TextOperations": [
                {
                    "Operation": "Append",
                    "Target": [
                        "Entries",
                        "Set-Up_additionalCharacters"
                    ],
                    "Value": "KatarynaLK 43 78 2/Gunther 44 78 2",
                    "Delimiter": "/"
                }
            ]
        },
        {
            "Action": "EditData",
            "Target": "Data/Festivals/winter25",
            "TextOperations": [
                {
                    "Operation": "Append",
                    "Target": [
                        "Entries",
                        "Set-Up_additionalCharacters"
                    ],
                    "Value": "VivienneLK 22 71 1",
                    "Delimiter": "/"
                }
            ],
            "When": {
                "HasSeenEvent |contains=57875000": true
            }
        },
        // Lady Sheba
        {
            "Action": "EditData",
            "Target": "Data/Festivals/fall27, Data/Festivals/winter25, Data/Festivals/spring13",
            "When": {
                "HasSeenEvent": "57879903"
            },
            "TextOperations": [
                {
                    "Operation": "Append",
                    "Target": [
                        "Entries",
                        "Set-Up_additionalCharacters"
                    ],
                    "Value": "LadySheba 57 53 2",
                    "Delimiter": "/"
                }
            ]
        },
        {
            "Action": "EditData",
            "Target": "Data/Festivals/fall16",
            "When": {
                "HasSeenEvent": "57879903"
            },
            "TextOperations": [
                {
                    "Operation": "Append",
                    "Target": [
                        "Entries",
                        "Set-Up_additionalCharacters"
                    ],
                    "Value": "LadySheba 30 37 2",
                    "Delimiter": "/"
                }
            ]
        },
    ]
}