    {
        "Changes": [
            /* {
                "Action": "EditData",
                "Target": "Data/Festivals/spring13",
                "When": {
                    "HasSeenEvent |contains=57873005": false
                },
                "TextOperations": [
                    {
                        "Operation": "Append",
                        "Target": [
                            "Entries",
                            "Set-Up_additionalCharacters"
                        ],
                        "Value": "JosephineK 31 68 0",
                        "Delimiter": "/"
                    }
                ]
            },
            {
                "LogName": "Egg Festival Dialogue",
                "Action": "EditData",
                "Target": "Data/Festivals/spring13",
                "Entries": {
                    "JosephineK": "{{i18n:festivals.josephine.spring13}}"
                }
            },
            {
                "Action": "EditData",
                "Target": "Data/Festivals/spring24",
                "When": {
                    "HasSeenEvent |contains=57873005": false
                },
                "TextOperations": [
                    {
                        "Operation": "Append",
                        "Target": [
                            "Entries",
                            "Set-Up_additionalCharacters"
                        ],
                        "Value": "JosephineK 7 21 2",
                        "Delimiter": "/"
                    }
                ]
            },
            {
                "LogName": "Flower Festival Dialogue",
                "Action": "EditData",
                "Target": "data/Festivals/spring24",
                "Entries": {
                    "JosephineK": "{{i18n:festivals.josephine.spring24}}"
                }
            },*/
            {
                "Action": "EditData",
                "Target": "Data/Festivals/summer28",
                "When": {
                    "HasSeenEvent |contains=57873005": false
                },
                "TextOperations": [
                    {
                        "Operation": "Append",
                        "Target": [
                            "Entries",
                            "Set-Up_additionalCharacters"
                        ],
                        "Value": "JosephineK 25 67 2",
                        "Delimiter": "/"
                    }
                ]
            },
            {
                "LogName": "Jellies Festival Dialogue",
                "Action": "EditData",
                "Target": "Data/Festivals/summer28",
                "Entries": {
                    "JosephineK": "{{i18n:festivals.josephine.summer28}}"
                }
            },
           
            {
                "Action": "EditData",
                "Target": "Data/Festivals/Spring19",
                "Entries": {
                    "JosephineK": "{{i18n:festivals.josephine.spring19}}"
                },
                "TextOperations": [
                    {
                        "Operation": "Append",
                        "Target": [
                            "Entries",
                            "Set-Up_additionalCharacters"
                        ],
                        "Value": "JosephineK 48 22 2",
                        "Delimiter": "/"
                    },
                    {
                        "Operation": "Append",
                        "Target": [
                            "Entries",
                            "MainEvent_additionalCharacters"
                        ],
                        "Value": "JosephineK 46 21 3",
                        "Delimiter": "/"
                    }
                ],
                "When": {
                    "HasMod": "UNA.FF.CP"
                }
            },
        ]
    }