{
	"Changes": [
		{
			"Action": "EditData",
			"Target": "Data/Festivals/fall27",
			"TextOperations": [
				{
					"Operation": "Append",
					"Target": [
						"Entries",
						"Set-Up_additionalCharacters"
					],
					"Value": "VivienneLK 36 69 3",
					"Delimiter": "/"
				}
			]
		},
		{
			"LogName": "Fair",
			"Action": "EditData",
			"Target": "data/festivals/fall27",
			"Entries": {
				"VivienneLK": "{{i18n:festivals.vivienne.fall27}}"
			}
		},
		{
			"Action": "EditData",
			"Target": "Data/Festivals/winter8",
			"TextOperations": [
				{
					"Operation": "Append",
					"Target": [
						"Entries",
						"Set-Up_additionalCharacters"
					],
					"Value": "VivienneLK 76 24 2",
					"Delimiter": "/"
				}
			],
			"When": {
				"HasMod |contains=FlashShifter.StardewValleyExpandedCP": false,
			}
		},
		{
			"LogName": "Ice Festival Dialogue",
			"Action": "EditData",
			"Target": "data/festivals/winter8",
			"Entries": {
				"VivienneLK": "{{i18n:festivals.vivienne.winter8}}"
			}
		},
		//Modded Festivals *************************************************
		// Fireworks Festival
		{
			"LogName": "Add Vivienne",
			"Action": "EditData",
			"Target": "Data/Festivals/Summer20",
			"TextOperations": [
				{
					"Operation": "Append",
					"Target": [
						"Entries",
						"Set-Up_additionalCharacters"
					],
					"Value": "VivienneLK 78 25 2",
					"Delimiter": "/"
				}
			],
			"When": {
				"HasMod": "violetlizabet.CP.FireworksFestival"
			}
		},
		{
			"LogName": "Add  dialogue",
			"Action": "EditData",
			"Target": "Data/Festivals/Summer20",
			"Entries": {
				"VivienneLK": "{{i18n:festivals.vivienne.summer20}}"
			},
			"When": {
				"HasMod": "violetlizabet.CP.FireworksFestival"
			}
		}, //Ridgeside Village
		{
			"Action": "EditData",
			"Target": "Data/Festivals/fall20",
			"Entries": {
				"VivienneLK": "{{i18n:festivals.vivienne.fall20}}"
			},
			"TextOperations": [
				{
					"Operation": "Append",
					"Target": [
						"Entries",
						"Set-Up_additionalCharacters"
					],
					"Value": "VivienneLK 73 43 1",
					"Delimiter": "/"
				}
			],
			"When": {
				"HasMod": "Rafseazz.RSVCP"
			}
		},
		// Ember of Resolutions
		{
			"Action": "EditData",
			"Target": "Data/Festivals/winter28",
			"Entries": {
				"VivienneLK": "{{i18n:festivals.vivienne.winter28}}"
			},
			"TextOperations": [
				{
					"Operation": "Append",
					"Target": [
						"Entries",
						"Set-Up_additionalCharacters"
					],
					"Value": "VivienneLK 62 45 2",
					"Delimiter": "/"
				},
				{
					"Operation": "Append",
					"Target": [
						"Entries",
						"MainEvent_additionalCharacters"
					],
					"Value": "VivienneLK 54 49 3",
					"Delimiter": "/"
				}
			],
			"When": {
				"HasMod": "Rafseazz.RSVCP"
			}
		},
		{
			"Action": "EditData",
			"Target": "Data/Festivals/Spring19",
			"Entries": {
				"VivienneLK": "{{i18n:festivals.vivienne.spring19}}"
			},
			"TextOperations": [
				{
					"Operation": "Append",
					"Target": [
						"Entries",
						"Set-Up_additionalCharacters"
					],
					"Value": "VivienneLK 20 17 0",
					"Delimiter": "/"
				},
				{
					"Operation": "Append",
					"Target": [
						"Entries",
						"MainEvent_additionalCharacters"
					],
					"Value": "VivienneLK 24 18 1",
					"Delimiter": "/"
				}
			],
			"When": {
				"HasMod": "UNA.FF.CP"
			}
		},
	]
}