{
  "Changes": [
    //////////////////////////////////////////
    //Sigurd
    //////////////////////////////////////////

    //default
    {
      "LogName": "Sig Portraits",
      "Action": "Load",
      "Target": "Portraits/MadDog.HashtagBearFam.Sigurd",
      "FromFile": "assets/Portraits/Sigurd/sigurd_{{SigurdHairColor}}.png"
    },
    {
      "LogName": "Sig Sprites",
      "Action": "Load",
      "Target": "Characters/MadDog.HashtagBearFam.Sigurd",
      "FromFile": "assets/Characters/Sigurd/sigurd_{{SigurdHairColor}}.png"
    },

    //beach/resort
    {
      "LogName": "Sigurd Island Portraits",
      "Action": "Load",
      "Target": "Portraits/MadDog.HashtagBearFam.Sigurd_Beach",
      "FromFile": "assets/Portraits/Sigurd/Sigurd_{{SigurdHairColor}}_Beach.png"
    },
    {
      "LogName": "Sigurd Island Sprites",
      "Action": "Load",
      "Target": "Characters/MadDog.HashtagBearFam.Sigurd_Beach",
      "FromFile": "assets/Characters/Sigurd/Sigurd_{{SigurdHairColor}}_Beach.png"
    },
    //spring
    {
      "LogName": "Sigurd Spring Portraits",
      "Action": "Load",
      "Target": "Portraits/MadDog.HashtagBearFam.Sigurd_Spring_1",
      "FromFile": "assets/Portraits/Sigurd/spring_{{SigurdHairColor}}_sigurd.png"
    },
    {
      "LogName": "Sigurd Spring Sprites",
      "Action": "Load",
      "Target": "Characters/MadDog.HashtagBearFam.Sigurd_Spring_1",
      "FromFile": "assets/Characters/Sigurd/spring_{{SigurdHairColor}}_sigurd.png"
    },
    {
      "LogName": "Sigurd Spring Portraits",
      "Action": "Load",
      "Target": "Portraits/MadDog.HashtagBearFam.Sigurd_Spring_2",
      "FromFile": "assets/Portraits/Sigurd/spring_{{SigurdHairColor}}_sigurd1.png"
    },
    {
      "LogName": "Sigurd Spring Sprites",
      "Action": "Load",
      "Target": "Characters/MadDog.HashtagBearFam.Sigurd_Spring_2",
      "FromFile": "assets/Characters/Sigurd/spring_{{SigurdHairColor}}_sigurd1.png"
    },
    //summer
    {
      "LogName": "Sigurd summer Portraits",
      "Action": "Load",
      "Target": "Portraits/MadDog.HashtagBearFam.Sigurd_Summer_1",
      "FromFile": "assets/Portraits/Sigurd/summer_{{SigurdHairColor}}_sigurd.png"
    },
    {
      "LogName": "Sigurd summer Sprites",
      "Action": "Load",
      "Target": "Characters/MadDog.HashtagBearFam.Sigurd_Summer_1",
      "FromFile": "assets/Characters/Sigurd/summer_{{SigurdHairColor}}_sigurd.png"
    },
    {
      "LogName": "Sigurd summer Portraits",
      "Action": "Load",
      "Target": "Portraits/MadDog.HashtagBearFam.Sigurd_Summer_2",
      "FromFile": "assets/Portraits/Sigurd/summer_{{SigurdHairColor}}_sigurd1.png"
    },
    {
      "LogName": "Sigurd summer Sprites",
      "Action": "Load",
      "Target": "Characters/MadDog.HashtagBearFam.Sigurd_Summer_2",
      "FromFile": "assets/Characters/Sigurd/summer_{{SigurdHairColor}}_sigurd1.png"
    },
    //fall
    {
      "LogName": "Sigurd Fall Portraits",
      "Action": "Load",
      "Target": "Portraits/MadDog.HashtagBearFam.Sigurd_Fall_1",
      "FromFile": "assets/Portraits/Sigurd/fall_{{SigurdHairColor}}_sigurd.png"
    },
    {
      "LogName": "Sigurd Fall Sprites",
      "Action": "Load",
      "Target": "Characters/MadDog.HashtagBearFam.Sigurd_Fall_1",
      "FromFile": "assets/Characters/Sigurd/fall_{{SigurdHairColor}}_sigurd.png"
    },
    {
      "LogName": "Sigurd Fall Portraits",
      "Action": "Load",
      "Target": "Portraits/MadDog.HashtagBearFam.Sigurd_Fall_2",
      "FromFile": "assets/Portraits/Sigurd/fall_{{SigurdHairColor}}_sigurd1.png"
    },
    {
      "LogName": "Sigurd Fall Sprites",
      "Action": "Load",
      "Target": "Characters/MadDog.HashtagBearFam.Sigurd_Fall_2",
      "FromFile": "assets/Characters/Sigurd/fall_{{SigurdHairColor}}_sigurd1.png"
    },
    //winter
    {
      "LogName": "Sigurd Winter Portraits",
      "Action": "Load",
      "Target": "Portraits/MadDog.HashtagBearFam.Sigurd_Winter_1",
      "FromFile": "assets/Portraits/Sigurd/winter_{{SigurdHairColor}}_sigurd.png"
    },
    {
      "LogName": "Sigurd Winter Sprites",
      "Action": "Load",
      "Target": "Characters/MadDog.HashtagBearFam.Sigurd_Winter_1",
      "FromFile": "assets/Characters/Sigurd/winter_{{SigurdHairColor}}_sigurd.png"
    },
    {
      "LogName": "Sigurd Winter Portraits",
      "Action": "Load",
      "Target": "Portraits/MadDog.HashtagBearFam.Sigurd_Winter_2",
      "FromFile": "assets/Portraits/Sigurd/winter_{{SigurdHairColor}}_sigurd1.png"
    },
    {
      "LogName": "Sigurd Winter Sprites",
      "Action": "Load",
      "Target": "Characters/MadDog.HashtagBearFam.Sigurd_Winter_2",
      "FromFile": "assets/Characters/Sigurd/winter_{{SigurdHairColor}}_sigurd1.png"
    },
    //festivals
    //eggfest
    {
      "LogName": "Sigurd eggfest Portraits",
      "Action": "Load",
      "Target": "Portraits/MadDog.HashtagBearFam.Sigurd_eggfest",
      "FromFile": "assets/Portraits/Sigurd/sigurd_{{SigurdHairColor}}_eggfest.png"
    },
    {
      "LogName": "Sigurd eggfest Sprites",
      "Action": "Load",
      "Target": "Characters/MadDog.HashtagBearFam.Sigurd_eggfest",
      "FromFile": "assets/Characters/Sigurd/sigurd_{{SigurdHairColor}}_eggfest.png"
    },
    //flowerdance
    {
      "LogName": "Sigurd flowerdance Portraits",
      "Action": "Load",
      "Target": "Portraits/MadDog.HashtagBearFam.Sigurd_flowerdance",
      "FromFile": "assets/Portraits/Sigurd/sigurd_{{SigurdHairColor}}_flowerdance.png"
    },
    {
      "LogName": "Sigurd flowerdance Sprites",
      "Action": "Load",
      "Target": "Characters/MadDog.HashtagBearFam.Sigurd_flowerdance",
      "FromFile": "assets/Characters/Sigurd/sigurd_{{SigurdHairColor}}_flowerdance.png"
    },
    //moonlightjellies//summer festivals
    {
      "LogName": "Sigurd moonlightjellies Portraits",
      "Action": "Load",
      "Target": "Portraits/MadDog.HashtagBearFam.Sigurd_moonlightjellies",
      "FromFile": "assets/Portraits/Sigurd/sigurd_{{SigurdHairColor}}_moonlightjellies.png"
    },
    {
      "LogName": "Sigurd moonlightjellies Sprites",
      "Action": "Load",
      "Target": "Characters/MadDog.HashtagBearFam.Sigurd_moonlightjellies",
      "FromFile": "assets/Characters/Sigurd/sigurd_{{SigurdHairColor}}_moonlightjellies.png"
    },
    //sdvfair
    {
      "LogName": "Sigurd sdvfair Portraits",
      "Action": "Load",
      "Target": "Portraits/MadDog.HashtagBearFam.Sigurd_sdvfair",
      "FromFile": "assets/Portraits/Sigurd/sigurd_{{SigurdHairColor}}_sdvfair.png"
    },
    {
      "LogName": "Sigurd sdvfair Sprites",
      "Action": "Load",
      "Target": "Characters/MadDog.HashtagBearFam.Sigurd_sdvfair",
      "FromFile": "assets/Characters/Sigurd/sigurd_{{SigurdHairColor}}_sdvfair.png"
    },
    //spiritseve1
    {
      "LogName": "Sigurd spiritseve Portraits",
      "Action": "Load",
      "Target": "Portraits/MadDog.HashtagBearFam.Sigurd_spiritseve1",
      "FromFile": "assets/Portraits/Sigurd/sigurd_{{SigurdHairColor}}_spiritseve.png"
    },
    {
      "LogName": "Sigurd spiritseve Sprites",
      "Action": "Load",
      "Target": "Characters/MadDog.HashtagBearFam.Sigurd_spiritseve1",
      "FromFile": "assets/Characters/Sigurd/sigurd_{{SigurdHairColor}}_spiritseve.png"
    },
    //spiritseve2
    {
      "LogName": "Sigurd spiritseve Portraits",
      "Action": "Load",
      "Target": "Portraits/MadDog.HashtagBearFam.Sigurd_spiritseve2",
      "FromFile": "assets/Portraits/Sigurd/sigurd_{{SigurdHairColor}}_spiritseve1.png"
    },
    {
      "LogName": "Sigurd spiritseve Sprites",
      "Action": "Load",
      "Target": "Characters/MadDog.HashtagBearFam.Sigurd_spiritseve2",
      "FromFile": "assets/Characters/Sigurd/sigurd_{{SigurdHairColor}}_spiritseve1.png"
    },
    //icefestival
    {
      "LogName": "Sigurd icefestival Portraits",
      "Action": "Load",
      "Target": "Portraits/MadDog.HashtagBearFam.Sigurd_icefestival",
      "FromFile": "assets/Portraits/Sigurd/sigurd_{{SigurdHairColor}}_icefestival.png"
    },
    {
      "LogName": "Sigurd icefestival Sprites",
      "Action": "Load",
      "Target": "Characters/MadDog.HashtagBearFam.Sigurd_icefestival",
      "FromFile": "assets/Characters/Sigurd/sigurd_{{SigurdHairColor}}_icefestival.png"
    },
    //winterfeast
    {
      "LogName": "Sigurd winterfeast Portraits",
      "Action": "Load",
      "Target": "Portraits/MadDog.HashtagBearFam.Sigurd_winterfeast",
      "FromFile": "assets/Portraits/Sigurd/sigurd_{{SigurdHairColor}}_winterfeast.png"
    },
    {
      "LogName": "Sigurd winterfeast Sprites",
      "Action": "Load",
      "Target": "Characters/MadDog.HashtagBearFam.Sigurd_winterfeast",
      "FromFile": "assets/Characters/Sigurd/sigurd_{{SigurdHairColor}}_winterfeast.png"
    },

    //////////////////////////////////////////
    //Sondra
    //////////////////////////////////////////

    //default
    {
      "LogName": "Sondra Portraits",
      "Action": "Load",
      "Target": "Portraits/MadDog.HashtagBearFam.Sondra",
      "FromFile": "assets/Portraits/Sondra/sondra.png"
    },
    {
      "LogName": "Sondra Sprites",
      "Action": "Load",
      "Target": "Characters/MadDog.HashtagBearFam.Sondra",
      "FromFile": "assets/Characters/Sondra/sondra.png"
    },

    //beach/resort
    {
      "LogName": "Sondra Island Portraits",
      "Action": "Load",
      "Target": "Portraits/MadDog.HashtagBearFam.Sondra_Beach",
      "FromFile": "assets/Portraits/Sondra/Sondra_Beach.png"
    },
    {
      "LogName": "Sondra Island Sprites",
      "Action": "Load",
      "Target": "Characters/MadDog.HashtagBearFam.Sondra_Beach",
      "FromFile": "assets/Characters/Sondra/Sondra_Beach.png"
    },
    //spring
    {
      "LogName": "Sondra Spring Portraits",
      "Action": "Load",
      "Target": "Portraits/MadDog.HashtagBearFam.Sondra_spring_1",
      "FromFile": "assets/Portraits/Sondra/spring_sondra.png"
    },
    {
      "LogName": "Sondra Spring Sprites",
      "Action": "Load",
      "Target": "Characters/MadDog.HashtagBearFam.Sondra_spring_1",
      "FromFile": "assets/Characters/Sondra/spring_sondra.png"
    },
    {
      "LogName": "Sondra Spring Portraits",
      "Action": "Load",
      "Target": "Portraits/MadDog.HashtagBearFam.Sondra_spring_2",
      "FromFile": "assets/Portraits/Sondra/spring_sondra1.png"
    },
    {
      "LogName": "Sondra Spring Sprites",
      "Action": "Load",
      "Target": "Characters/MadDog.HashtagBearFam.Sondra_spring_2",
      "FromFile": "assets/Characters/Sondra/spring_sondra1.png"
    },
    //summer
    {
      "LogName": "Sondra summer Portraits",
      "Action": "Load",
      "Target": "Portraits/MadDog.HashtagBearFam.Sondra_summer_1",
      "FromFile": "assets/Portraits/Sondra/summer_sondra.png"
    },
    {
      "LogName": "Sondra summer Sprites",
      "Action": "Load",
      "Target": "Characters/MadDog.HashtagBearFam.Sondra_summer_1",
      "FromFile": "assets/Characters/Sondra/summer_sondra.png"
    },
    {
      "LogName": "Sondra summer Portraits",
      "Action": "Load",
      "Target": "Portraits/MadDog.HashtagBearFam.Sondra_summer_2",
      "FromFile": "assets/Portraits/Sondra/summer_sondra1.png"
    },
    {
      "LogName": "Sondra summer Sprites",
      "Action": "Load",
      "Target": "Characters/MadDog.HashtagBearFam.Sondra_summer_2",
      "FromFile": "assets/Characters/Sondra/summer_sondra1.png"
    },
    //fall
    {
      "LogName": "Sondra Fall Portraits",
      "Action": "Load",
      "Target": "Portraits/MadDog.HashtagBearFam.Sondra_Fall_1",
      "FromFile": "assets/Portraits/Sondra/fall_sondra.png"
    },
    {
      "LogName": "Sondra Fall Sprites",
      "Action": "Load",
      "Target": "Characters/MadDog.HashtagBearFam.Sondra_Fall_1",
      "FromFile": "assets/Characters/Sondra/fall_sondra.png"
    },
    {
      "LogName": "Sondra Fall Portraits",
      "Action": "Load",
      "Target": "Portraits/MadDog.HashtagBearFam.Sondra_Fall_2",
      "FromFile": "assets/Portraits/Sondra/fall_sondra1.png"
    },
    {
      "LogName": "Sondra Fall Sprites",
      "Action": "Load",
      "Target": "Characters/MadDog.HashtagBearFam.Sondra_Fall_2",
      "FromFile": "assets/Characters/Sondra/fall_sondra1.png"
    },
    //winter
    {
      "LogName": "Sondra Winter Portraits",
      "Action": "Load",
      "Target": "Portraits/MadDog.HashtagBearFam.Sondra_Winter_1",
      "FromFile": "assets/Portraits/Sondra/winter_sondra.png"
    },
    {
      "LogName": "Sondra Winter Sprites",
      "Action": "Load",
      "Target": "Characters/MadDog.HashtagBearFam.Sondra_Winter_1",
      "FromFile": "assets/Characters/Sondra/winter_sondra.png"
    },
    {
      "LogName": "Sondra Winter Portraits",
      "Action": "Load",
      "Target": "Portraits/MadDog.HashtagBearFam.Sondra_Winter_2",
      "FromFile": "assets/Portraits/Sondra/winter_sondra1.png"
    },
    {
      "LogName": "Sondra Winter Sprites",
      "Action": "Load",
      "Target": "Characters/MadDog.HashtagBearFam.Sondra_Winter_2",
      "FromFile": "assets/Characters/Sondra/winter_sondra1.png"
    },
    //festivals
    //eggfest
    {
      "LogName": "Sondra eggfest Portraits",
      "Action": "Load",
      "Target": "Portraits/MadDog.HashtagBearFam.Sondra_eggfest",
      "FromFile": "assets/Portraits/Sondra/sondra_eggfest.png"
    },
    {
      "LogName": "Sondra eggfest Sprites",
      "Action": "Load",
      "Target": "Characters/MadDog.HashtagBearFam.Sondra_eggfest",
      "FromFile": "assets/Characters/Sondra/sondra_eggfest.png"
    },
    //flowerdance
    {
      "LogName": "Sondra flowerdance Portraits",
      "Action": "Load",
      "Target": "Portraits/MadDog.HashtagBearFam.Sondra_flowerdance",
      "FromFile": "assets/Portraits/Sondra/sondra_flowerdance.png"
    },
    {
      "LogName": "Sondra flowerdance Sprites",
      "Action": "Load",
      "Target": "Characters/MadDog.HashtagBearFam.Sondra_flowerdance",
      "FromFile": "assets/Characters/Sondra/sondra_flowerdance.png"
    },
    //luau
    {
      "LogName": "Sondra luau Portraits",
      "Action": "Load",
      "Target": "Portraits/MadDog.HashtagBearFam.Sondra_luau",
      "FromFile": "assets/Portraits/Sondra/sondra_luau.png"
    },
    {
      "LogName": "Sondra luau Sprites",
      "Action": "Load",
      "Target": "Characters/MadDog.HashtagBearFam.Sondra_luau",
      "FromFile": "assets/Characters/Sondra/sondra_luau.png"
    },
    //moonlightjellies
    {
      "LogName": "Sondra moonlightjellies Portraits",
      "Action": "Load",
      "Target": "Portraits/MadDog.HashtagBearFam.Sondra_moonlightjellies",
      "FromFile": "assets/Portraits/Sondra/sondra_moonlightjellies.png"
    },
    {
      "LogName": "Sondra moonlightjellies Sprites",
      "Action": "Load",
      "Target": "Characters/MadDog.HashtagBearFam.Sondra_moonlightjellies",
      "FromFile": "assets/Characters/Sondra/sondra_moonlightjellies.png"
    },
    //sdvfair
    {
      "LogName": "Sondra sdvfair Portraits",
      "Action": "Load",
      "Target": "Portraits/MadDog.HashtagBearFam.Sondra_sdvfair",
      "FromFile": "assets/Portraits/Sondra/sondra_sdvfair.png"
    },
    {
      "LogName": "Sondra sdvfair Sprites",
      "Action": "Load",
      "Target": "Characters/MadDog.HashtagBearFam.Sondra_sdvfair",
      "FromFile": "assets/Characters/Sondra/sondra_sdvfair.png"
    },
    //spiritseve1
    {
      "LogName": "Sondra spiritseve Portraits",
      "Action": "Load",
      "Target": "Portraits/MadDog.HashtagBearFam.Sondra_spiritseve1",
      "FromFile": "assets/Portraits/Sondra/sondra_spiritseve.png"
    },
    {
      "LogName": "Sondra spiritseve Sprites",
      "Action": "Load",
      "Target": "Characters/MadDog.HashtagBearFam.Sondra_spiritseve1",
      "FromFile": "assets/Characters/Sondra/sondra_spiritseve.png"
    },
    //spiritseve2
    {
      "LogName": "Sondra spiritseve Portraits",
      "Action": "Load",
      "Target": "Portraits/MadDog.HashtagBearFam.Sondra_spiritseve2",
      "FromFile": "assets/Portraits/Sondra/sondra_spiritseve1.png"
    },
    {
      "LogName": "Sondra spiritseve Sprites",
      "Action": "Load",
      "Target": "Characters/MadDog.HashtagBearFam.Sondra_spiritseve2",
      "FromFile": "assets/Characters/Sondra/sondra_spiritseve1.png"
    },

    //winterfeast
    {
      "LogName": "Sondra winterfeast Portraits",
      "Action": "Load",
      "Target": "Portraits/MadDog.HashtagBearFam.Sondra_winterfeast",
      "FromFile": "assets/Portraits/Sondra/sondra_winterfeast.png"
    },
    {
      "LogName": "Sondra winterfeast Sprites",
      "Action": "Load",
      "Target": "Characters/MadDog.HashtagBearFam.Sondra_winterfeast",
      "FromFile": "assets/Characters/Sondra/sondra_winterfeast.png"
    },

    //////////////////////////////////////////
    //Gunnar
    //////////////////////////////////////////

    //default
    {
      "LogName": "Gunnar Portraits",
      "Action": "Load",
      "Target": "Portraits/MadDog.HashtagBearFam.Gunnar",
      "FromFile": "assets/Portraits/Gunnar/gunnar_{{GunnarHasFreckles}}_noglasses.png"
    },
    {
      "LogName": "Gunnar Portraits",
      "Action": "Load",
      "Target": "Portraits/MadDog.HashtagBearFam.Gunnar_glasses",
      "FromFile": "assets/Portraits/Gunnar/gunnar_{{GunnarHasFreckles}}_glasses.png"
    },
    {
      "LogName": "Gunnar Sprites",
      "Action": "Load",
      "Target": "Characters/MadDog.HashtagBearFam.Gunnar",
      "FromFile": "assets/Characters/Gunnar/gunnar.png"
    },
    //beach/resort
    {
      "LogName": "Gunnar Island Portraits",
      "Action": "Load",
      "Target": "Portraits/MadDog.HashtagBearFam.Gunnar_Beach",
      "FromFile": "assets/Portraits/Gunnar/Gunnar_{{GunnarHasFreckles}}_Beach_{{Random: noglasses, glasses}}.png"
    },
    {
      "LogName": "Gunnar Island Sprites",
      "Action": "Load",
      "Target": "Characters/MadDog.HashtagBearFam.Gunnar_Beach",
      "FromFile": "assets/Characters/Gunnar/Gunnar_Beach.png"
    },
    //spring
    {
      "LogName": "Gunnar Spring Portraits",
      "Action": "Load",
      "Target": "Portraits/MadDog.HashtagBearFam.Gunnar_Spring_1",
      "FromFile": "assets/Portraits/Gunnar/spring_{{GunnarHasFreckles}}_gunnar_noglasses.png"
    },
    {
      "LogName": "Gunnar Spring Portraits",
      "Action": "Load",
      "Target": "Portraits/MadDog.HashtagBearFam.Gunnar_Spring_1_glasses",
      "FromFile": "assets/Portraits/Gunnar/spring_{{GunnarHasFreckles}}_gunnar_glasses.png"
    },
    {
      "LogName": "Gunnar Spring Sprites",
      "Action": "Load",
      "Target": "Characters/MadDog.HashtagBearFam.Gunnar_Spring_1",
      "FromFile": "assets/Characters/Gunnar/spring_gunnar.png"
    },
    {
      "LogName": "Gunnar Spring Portraits",
      "Action": "Load",
      "Target": "Portraits/MadDog.HashtagBearFam.Gunnar_Spring_2",
      "FromFile": "assets/Portraits/Gunnar/spring_{{GunnarHasFreckles}}_gunnar1_noglasses.png"
    },
    {
      "LogName": "Gunnar Spring Portraits",
      "Action": "Load",
      "Target": "Portraits/MadDog.HashtagBearFam.Gunnar_Spring_2_glasses",
      "FromFile": "assets/Portraits/Gunnar/spring_{{GunnarHasFreckles}}_gunnar1_glasses.png"
    },
    {
      "LogName": "Gunnar Spring Sprites",
      "Action": "Load",
      "Target": "Characters/MadDog.HashtagBearFam.Gunnar_Spring_2",
      "FromFile": "assets/Characters/Gunnar/spring_gunnar1.png"
    },
    //summer
    {
      "LogName": "Gunnar summer Portraits",
      "Action": "Load",
      "Target": "Portraits/MadDog.HashtagBearFam.Gunnar_Summer_1",
      "FromFile": "assets/Portraits/Gunnar/summer_{{GunnarHasFreckles}}_gunnar.png"
    },
    {
      "LogName": "Gunnar summer Sprites",
      "Action": "Load",
      "Target": "Characters/MadDog.HashtagBearFam.Gunnar_Summer_1",
      "FromFile": "assets/Characters/Gunnar/summer_gunnar.png"
    },
    {
      "LogName": "Gunnar summer Portraits",
      "Action": "Load",
      "Target": "Portraits/MadDog.HashtagBearFam.Gunnar_Summer_2",
      "FromFile": "assets/Portraits/Gunnar/summer_{{GunnarHasFreckles}}_gunnar1_noglasses.png"
    },
    {
      "LogName": "Gunnar summer Portraits",
      "Action": "Load",
      "Target": "Portraits/MadDog.HashtagBearFam.Gunnar_Summer_2_glasses",
      "FromFile": "assets/Portraits/Gunnar/summer_{{GunnarHasFreckles}}_gunnar1_glasses.png"
    },
    {
      "LogName": "Gunnar summer Sprites",
      "Action": "Load",
      "Target": "Characters/MadDog.HashtagBearFam.Gunnar_Summer_2",
      "FromFile": "assets/Characters/Gunnar/summer_gunnar1.png"
    },
    //fall
    {
      "LogName": "Gunnar Fall Portraits",
      "Action": "Load",
      "Target": "Portraits/MadDog.HashtagBearFam.Gunnar_Fall_1",
      "FromFile": "assets/Portraits/Gunnar/fall_{{GunnarHasFreckles}}_gunnar_noglasses.png"
    },
    {
      "LogName": "Gunnar Fall Portraits",
      "Action": "Load",
      "Target": "Portraits/MadDog.HashtagBearFam.Gunnar_Fall_1_glasses",
      "FromFile": "assets/Portraits/Gunnar/fall_{{GunnarHasFreckles}}_gunnar_glasses.png"
    },
    {
      "LogName": "Gunnar Fall Sprites",
      "Action": "Load",
      "Target": "Characters/MadDog.HashtagBearFam.Gunnar_Fall_1",
      "FromFile": "assets/Characters/Gunnar/fall_gunnar.png"
    },
    {
      "LogName": "Gunnar Fall Portraits",
      "Action": "Load",
      "Target": "Portraits/MadDog.HashtagBearFam.Gunnar_Fall_2",
      "FromFile": "assets/Portraits/Gunnar/fall_{{GunnarHasFreckles}}_gunnar1_noglasses.png"
    },
    {
      "LogName": "Gunnar Fall Portraits",
      "Action": "Load",
      "Target": "Portraits/MadDog.HashtagBearFam.Gunnar_Fall_2_glasses",
      "FromFile": "assets/Portraits/Gunnar/fall_{{GunnarHasFreckles}}_gunnar1_glasses.png"
    },
    {
      "LogName": "Gunnar Fall Sprites",
      "Action": "Load",
      "Target": "Characters/MadDog.HashtagBearFam.Gunnar_Fall_2",
      "FromFile": "assets/Characters/Gunnar/fall_gunnar1.png"
    },
    //winter
    {
      "LogName": "Gunnar Winter Portraits",
      "Action": "Load",
      "Target": "Portraits/MadDog.HashtagBearFam.Gunnar_Winter_1",
      "FromFile": "assets/Portraits/Gunnar/winter_{{GunnarHasFreckles}}_gunnar_noglasses.png"
    },
    {
      "LogName": "Gunnar Winter Portraits",
      "Action": "Load",
      "Target": "Portraits/MadDog.HashtagBearFam.Gunnar_Winter_1_glasses",
      "FromFile": "assets/Portraits/Gunnar/winter_{{GunnarHasFreckles}}_gunnar_glasses.png"
    },
    {
      "LogName": "Gunnar Winter Sprites",
      "Action": "Load",
      "Target": "Characters/MadDog.HashtagBearFam.Gunnar_Winter_1",
      "FromFile": "assets/Characters/Gunnar/winter_gunnar.png"
    },
    {
      "LogName": "Gunnar Winter Portraits",
      "Action": "Load",
      "Target": "Portraits/MadDog.HashtagBearFam.Gunnar_Winter_2",
      "FromFile": "assets/Portraits/Gunnar/winter_{{GunnarHasFreckles}}_gunnar1_noglasses.png"
    },
    {
      "LogName": "Gunnar Winter Portraits",
      "Action": "Load",
      "Target": "Portraits/MadDog.HashtagBearFam.Gunnar_Winter_2_glasses",
      "FromFile": "assets/Portraits/Gunnar/winter_{{GunnarHasFreckles}}_gunnar1_glasses.png"
    },
    {
      "LogName": "Gunnar Winter Sprites",
      "Action": "Load",
      "Target": "Characters/MadDog.HashtagBearFam.Gunnar_Winter_2",
      "FromFile": "assets/Characters/Gunnar/winter_gunnar1.png"
    },
    //bonus
    {
      "LogName": "Gunnar Bonus Portraits",
      "Action": "Load",
      "Target": "Portraits/MadDog.HashtagBearFam.Gunnar_Bonus",
      "FromFile": "assets/Portraits/Gunnar/gunnar_{{GunnarHasFreckles}}_otherevent_noglasses.png" //gunnar_{{GunnarHasFreckles}}_otherevent_noglasses.png
    },
    {
      "LogName": "Gunnar Bonus Portraits",
      "Action": "Load",
      "Target": "Portraits/MadDog.HashtagBearFam.Gunnar_Bonus_glasses",
      "FromFile": "assets/Portraits/Gunnar/gunnar_{{GunnarHasFreckles}}_otherevent_glasses.png" //gunnar_{{GunnarHasFreckles}}_otherevent_glasses.png
    },
    {
      "LogName": "Gunnar Bonus Sprites",
      "Action": "Load",
      "Target": "Characters/MadDog.HashtagBearFam.Gunnar_Bonus",
      "FromFile": "assets/Characters/Gunnar/gunnar_otherevent.png"
    },
    //festivals
    //eggfest
    {
      "LogName": "Gunnar eggfest Portraits",
      "Action": "Load",
      "Target": "Portraits/MadDog.HashtagBearFam.Gunnar_eggfest",
      "FromFile": "assets/Portraits/Gunnar/gunnar_{{GunnarHasFreckles}}_eggfest_noglasses.png"
    },
    {
      "LogName": "Gunnar eggfest Portraits",
      "Action": "Load",
      "Target": "Portraits/MadDog.HashtagBearFam.Gunnar_eggfest_glasses",
      "FromFile": "assets/Portraits/Gunnar/gunnar_{{GunnarHasFreckles}}_eggfest_glasses.png"
    },
    {
      "LogName": "Gunnar eggfest Sprites",
      "Action": "Load",
      "Target": "Characters/MadDog.HashtagBearFam.Gunnar_eggfest",
      "FromFile": "assets/Characters/Gunnar/gunnar_eggfest.png"
    },
    //flowerdance
    {
      "LogName": "Gunnar flowerdance Portraits Test",
      "Action": "Load",
      "Target": "Portraits/MadDog.HashtagBearFam.Gunnar_flowerdance",
      "FromFile": "assets/Portraits/Gunnar/gunnar_{{GunnarHasFreckles}}_flowerdance_noglasses.png" 
    },
    {
      "LogName": "Gunnar flowerdance Portraits",
      "Action": "Load",
      "Target": "Portraits/MadDog.HashtagBearFam.Gunnar_flowerdance_glasses",
      "FromFile": "assets/Portraits/Gunnar/gunnar_{{GunnarHasFreckles}}_flowerdance_glasses.png"
    },
    {
      "LogName": "Gunnar flowerdance Sprites",
      "Action": "Load",
      "Target": "Characters/MadDog.HashtagBearFam.Gunnar_flowerdance",
      "FromFile": "assets/Characters/Gunnar/gunnar_flowerdance.png"
    },
    //luau
    {
      "LogName": "Gunnar luau Portraits",
      "Action": "Load",
      "Target": "Portraits/MadDog.HashtagBearFam.Gunnar_luau",
      "FromFile": "assets/Portraits/Gunnar/gunnar_{{GunnarHasFreckles}}_luau.png"
    },
    {
      "LogName": "Gunnar luau Sprites",
      "Action": "Load",
      "Target": "Characters/MadDog.HashtagBearFam.Gunnar_luau",
      "FromFile": "assets/Characters/Gunnar/gunnar_luau.png"
    },
    //fireworks
    {
      "LogName": "Gunnar fireworks Portraits",
      "Action": "Load",
      "Target": "Portraits/MadDog.HashtagBearFam.Gunnar_fireworksfestival",
      "FromFile": "assets/Portraits/Gunnar/gunnar_{{GunnarHasFreckles}}_fireworksfestival.png"
    },
    {
      "LogName": "Gunnar fireworks Sprites",
      "Action": "Load",
      "Target": "Characters/MadDog.HashtagBearFam.Gunnar_fireworksfestival",
      "FromFile": "assets/Characters/Gunnar/gunnar_fireworksfestival.png"
    },
    //moonlightjellies
    {
      "LogName": "Gunnar moonlightjellies Portraits",
      "Action": "Load",
      "Target": "Portraits/MadDog.HashtagBearFam.Gunnar_moonlightjellies",
      "FromFile": "assets/Portraits/Gunnar/gunnar_{{GunnarHasFreckles}}_moonlightjellies.png"
    },
    {
      "LogName": "Gunnar moonlightjellies Sprites",
      "Action": "Load",
      "Target": "Characters/MadDog.HashtagBearFam.Gunnar_moonlightjellies",
      "FromFile": "assets/Characters/Gunnar/gunnar_moonlightjellies.png"
    },
    //sdvfair
    {
      "LogName": "Gunnar sdvfair Portraits",
      "Action": "Load",
      "Target": "Portraits/MadDog.HashtagBearFam.Gunnar_sdvfair",
      "FromFile": "assets/Portraits/Gunnar/gunnar_{{GunnarHasFreckles}}_sdvfair_noglasses.png"
    },
    {
      "LogName": "Gunnar sdvfair Portraits",
      "Action": "Load",
      "Target": "Portraits/MadDog.HashtagBearFam.Gunnar_sdvfair_glasses",
      "FromFile": "assets/Portraits/Gunnar/gunnar_{{GunnarHasFreckles}}_sdvfair_glasses.png"
    },
    {
      "LogName": "Gunnar sdvfair Sprites",
      "Action": "Load",
      "Target": "Characters/MadDog.HashtagBearFam.Gunnar_sdvfair",
      "FromFile": "assets/Characters/Gunnar/gunnar_sdvfair.png"
    },
    //spiritseve1
    {
      "LogName": "Gunnar spiritseve Portraits",
      "Action": "Load",
      "Target": "Portraits/MadDog.HashtagBearFam.Gunnar_spiritseve1",
      "FromFile": "assets/Portraits/Gunnar/gunnar_{{GunnarHasFreckles}}_spiritseve_noglasses.png"
    },
    {
      "LogName": "Gunnar spiritseve Portraits",
      "Action": "Load",
      "Target": "Portraits/MadDog.HashtagBearFam.Gunnar_spiritseve1_glasses",
      "FromFile": "assets/Portraits/Gunnar/gunnar_{{GunnarHasFreckles}}_spiritseve_glasses.png"
    },
    {
      "LogName": "Gunnar spiritseve Sprites",
      "Action": "Load",
      "Target": "Characters/MadDog.HashtagBearFam.Gunnar_spiritseve1",
      "FromFile": "assets/Characters/Gunnar/gunnar_spiritseve.png"
    },
    //spiritseve2
    {
      "LogName": "Gunnar spiritseve Portraits",
      "Action": "Load",
      "Target": "Portraits/MadDog.HashtagBearFam.Gunnar_spiritseve2",
      "FromFile": "assets/Portraits/Gunnar/gunnar_{{GunnarHasFreckles}}_spiritseve1_noglasses.png"
    },
    {
      "LogName": "Gunnar spiritseve Portraits test",
      "Action": "Load",
      "Target": "Portraits/MadDog.HashtagBearFam.Gunnar_spiritseve2_glasses",
      "FromFile": "assets/Portraits/Gunnar/gunnar_{{GunnarHasFreckles}}_spiritseve1_glasses.png"
    },
    {
      "LogName": "Gunnar spiritseve Sprites",
      "Action": "Load",
      "Target": "Characters/MadDog.HashtagBearFam.Gunnar_spiritseve2",
      "FromFile": "assets/Characters/Gunnar/gunnar_spiritseve1.png"
    },
    //icefestival
    {
      "LogName": "Gunnar icefestival Portraits test",
      "Action": "Load",
      "Target": "Portraits/MadDog.HashtagBearFam.Gunnar_icefestival",
      "FromFile": "assets/Portraits/Gunnar/gunnar_{{GunnarHasFreckles}}_icefestival_noglasses.png"
    },
    {
      "LogName": "Gunnar icefestival Portraits",
      "Action": "Load",
      "Target": "Portraits/MadDog.HashtagBearFam.Gunnar_icefestival_glasses",
      "FromFile": "assets/Portraits/Gunnar/gunnar_{{GunnarHasFreckles}}_icefestival_glasses.png"
    },
    {
      "LogName": "Gunnar icefestival Sprites",
      "Action": "Load",
      "Target": "Characters/MadDog.HashtagBearFam.Gunnar_icefestival",
      "FromFile": "assets/Characters/Gunnar/gunnar_icefestival.png"
    },
    //winterfeast
    {
      "LogName": "Gunnar winterfeast Portraits test",
      "Action": "Load",
      "Target": "Portraits/MadDog.HashtagBearFam.Gunnar_winterfeast",
      "FromFile": "assets/Portraits/Gunnar/gunnar_{{GunnarHasFreckles}}_winterfeast_noglasses.png"
    },
    {
      "LogName": "Gunnar winterfeast Portraits",
      "Action": "Load",
      "Target": "Portraits/MadDog.HashtagBearFam.Gunnar_winterfeast_glasses",
      "FromFile": "assets/Portraits/Gunnar/gunnar_{{GunnarHasFreckles}}_winterfeast_glasses.png"
    },
    {
      "LogName": "Gunnar winterfeast Sprites",
      "Action": "Load",
      "Target": "Characters/MadDog.HashtagBearFam.Gunnar_winterfeast",
      "FromFile": "assets/Characters/Gunnar/gunnar_winterfeast.png"
    },
    //special
    //armor1
    {
      "LogName": "Gunnar Armor Portraits",
      "Action": "Load",
      "Target": "Portraits/MadDog.HashtagBearFam.Gunnar_armored",
      "FromFile": "assets/Portraits/Gunnar/gunnar_{{GunnarHasFreckles}}_armored_noglasses.png"
    },
    {
      "LogName": "Gunnar Armor Portraits",
      "Action": "Load",
      "Target": "Portraits/MadDog.HashtagBearFam.Gunnar_armored_glasses",
      "FromFile": "assets/Portraits/Gunnar/gunnar_{{GunnarHasFreckles}}_armored_glasses.png"
    },
    {
      "LogName": "Gunnar Armor Sprites",
      "Action": "Load",
      "Target": "Characters/MadDog.HashtagBearFam.Gunnar_armored",
      "FromFile": "assets/Characters/Gunnar/gunnar_armored.png"
    },
    //armor2
    {
      "LogName": "Gunnar Armor2 Portraits",
      "Action": "Load",
      "Target": "Portraits/MadDog.HashtagBearFam.Gunnar_armored2",
      "FromFile": "assets/Portraits/Gunnar/gunnar_{{GunnarHasFreckles}}_armored1_noglasses.png"
    },
    {
      "LogName": "Gunnar Armor2 Portraits",
      "Action": "Load",
      "Target": "Portraits/MadDog.HashtagBearFam.Gunnar_armored2_glasses",
      "FromFile": "assets/Portraits/Gunnar/gunnar_{{GunnarHasFreckles}}_armored1_glasses.png"
    },
    {
      "LogName": "Gunnar Armor2 Sprites",
      "Action": "Load",
      "Target": "Characters/MadDog.HashtagBearFam.Gunnar_armored2",
      "FromFile": "assets/Characters/Gunnar/gunnar_armored1.png"
    },

    //////////////////////////////////////////
    //Gudrun
    //////////////////////////////////////////

    //default
    {
      "LogName": "Gudrun Portraits",
      "Action": "Load",
      "Target": "Portraits/MadDog.HashtagBearFam.Gudrun",
      "FromFile": "assets/Portraits/Gudrun/gudrun.png"
    },
    {
      "LogName": "Gudrun Sprites",
      "Action": "Load",
      "Target": "Characters/MadDog.HashtagBearFam.Gudrun",
      "FromFile": "assets/Characters/Gudrun/gudrun.png"
    },

    //beach/resort
    {
      "LogName": "Gudrun Island Portraits",
      "Action": "Load",
      "Target": "Portraits/MadDog.HashtagBearFam.Gudrun_Beach",
      "FromFile": "assets/Portraits/Gudrun/Gudrun_Beach.png"
    },
    {
      "LogName": "Gudrun Island Sprites",
      "Action": "Load",
      "Target": "Characters/MadDog.HashtagBearFam.Gudrun_Beach",
      "FromFile": "assets/Characters/Gudrun/Gudrun_Beach.png"
    },
    //spring
    {
      "LogName": "Gudrun Spring Portraits",
      "Action": "Load",
      "Target": "Portraits/MadDog.HashtagBearFam.Gudrun_spring_1",
      "FromFile": "assets/Portraits/Gudrun/spring_gudrun.png"
    },
    {
      "LogName": "Gudrun Spring Sprites",
      "Action": "Load",
      "Target": "Characters/MadDog.HashtagBearFam.Gudrun_spring_1",
      "FromFile": "assets/Characters/Gudrun/spring_gudrun.png"
    },
    {
      "LogName": "Gudrun Spring Portraits",
      "Action": "Load",
      "Target": "Portraits/MadDog.HashtagBearFam.Gudrun_spring_2",
      "FromFile": "assets/Portraits/Gudrun/spring_gudrun1.png"
    },
    {
      "LogName": "Gudrun Spring Sprites",
      "Action": "Load",
      "Target": "Characters/MadDog.HashtagBearFam.Gudrun_spring_2",
      "FromFile": "assets/Characters/Gudrun/spring_gudrun1.png"
    },
    //summer
    {
      "LogName": "Gudrun summer Portraits",
      "Action": "Load",
      "Target": "Portraits/MadDog.HashtagBearFam.Gudrun_summer_1",
      "FromFile": "assets/Portraits/Gudrun/summer_gudrun.png"
    },
    {
      "LogName": "Gudrun summer Sprites",
      "Action": "Load",
      "Target": "Characters/MadDog.HashtagBearFam.Gudrun_summer_1",
      "FromFile": "assets/Characters/Gudrun/summer_gudrun.png"
    },
    {
      "LogName": "Gudrun summer Portraits",
      "Action": "Load",
      "Target": "Portraits/MadDog.HashtagBearFam.Gudrun_summer_2",
      "FromFile": "assets/Portraits/Gudrun/summer_gudrun1.png"
    },
    {
      "LogName": "Gudrun summer Sprites",
      "Action": "Load",
      "Target": "Characters/MadDog.HashtagBearFam.Gudrun_summer_2",
      "FromFile": "assets/Characters/Gudrun/summer_gudrun1.png"
    },
    //fall
    {
      "LogName": "Gudrun Fall Portraits",
      "Action": "Load",
      "Target": "Portraits/MadDog.HashtagBearFam.Gudrun_Fall_1",
      "FromFile": "assets/Portraits/Gudrun/fall_gudrun.png"
    },
    {
      "LogName": "Gudrun Fall Sprites",
      "Action": "Load",
      "Target": "Characters/MadDog.HashtagBearFam.Gudrun_Fall_1",
      "FromFile": "assets/Characters/Gudrun/fall_gudrun.png"
    },
    {
      "LogName": "Gudrun Fall Portraits",
      "Action": "Load",
      "Target": "Portraits/MadDog.HashtagBearFam.Gudrun_Fall_2",
      "FromFile": "assets/Portraits/Gudrun/fall_gudrun1.png"
    },
    {
      "LogName": "Gudrun Fall Sprites",
      "Action": "Load",
      "Target": "Characters/MadDog.HashtagBearFam.Gudrun_Fall_2",
      "FromFile": "assets/Characters/Gudrun/fall_gudrun1.png"
    },
    //winter
    {
      "LogName": "Gudrun Winter Portraits",
      "Action": "Load",
      "Target": "Portraits/MadDog.HashtagBearFam.Gudrun_Winter_1",
      "FromFile": "assets/Portraits/Gudrun/winter_gudrun.png"
    },
    {
      "LogName": "Gudrun Winter Sprites",
      "Action": "Load",
      "Target": "Characters/MadDog.HashtagBearFam.Gudrun_Winter_1",
      "FromFile": "assets/Characters/Gudrun/winter_gudrun.png"
    },
    {
      "LogName": "Gudrun Winter Portraits",
      "Action": "Load",
      "Target": "Portraits/MadDog.HashtagBearFam.Gudrun_Winter_2",
      "FromFile": "assets/Portraits/Gudrun/winter_gudrun1.png"
    },
    {
      "LogName": "Gudrun Winter Sprites",
      "Action": "Load",
      "Target": "Characters/MadDog.HashtagBearFam.Gudrun_Winter_2",
      "FromFile": "assets/Characters/Gudrun/winter_gudrun1.png"
    },
    //festivals
    //eggfest
    {
      "LogName": "Gudrun eggfest Portraits",
      "Action": "Load",
      "Target": "Portraits/MadDog.HashtagBearFam.Gudrun_eggfest",
      "FromFile": "assets/Portraits/Gudrun/gudrun_eggfest.png"
    },
    {
      "LogName": "Gudrun eggfest Sprites",
      "Action": "Load",
      "Target": "Characters/MadDog.HashtagBearFam.Gudrun_eggfest",
      "FromFile": "assets/Characters/Gudrun/gudrun_eggfest.png"
    },
    //flowerdance
    {
      "LogName": "Gudrun flowerdance Portraits",
      "Action": "Load",
      "Target": "Portraits/MadDog.HashtagBearFam.Gudrun_flowerdance",
      "FromFile": "assets/Portraits/Gudrun/gudrun_flowerdance.png"
    },
    {
      "LogName": "Gudrun flowerdance Sprites",
      "Action": "Load",
      "Target": "Characters/MadDog.HashtagBearFam.Gudrun_flowerdance",
      "FromFile": "assets/Characters/Gudrun/gudrun_flowerdance.png"
    },
    //luau
    {
      "LogName": "Gudrun luau Portraits",
      "Action": "Load",
      "Target": "Portraits/MadDog.HashtagBearFam.Gudrun_luau",
      "FromFile": "assets/Portraits/Gudrun/gudrun_luau.png"
    },
    {
      "LogName": "Gudrun luau Sprites",
      "Action": "Load",
      "Target": "Characters/MadDog.HashtagBearFam.Gudrun_luau",
      "FromFile": "assets/Characters/Gudrun/gudrun_luau.png"
    },
    //moonlightjellies
    {
      "LogName": "Gudrun moonlightjellies Portraits",
      "Action": "Load",
      "Target": "Portraits/MadDog.HashtagBearFam.Gudrun_moonlightjellies",
      "FromFile": "assets/Portraits/Gudrun/gudrun_moonlightjellies.png"
    },
    {
      "LogName": "Gudrun moonlightjellies Sprites",
      "Action": "Load",
      "Target": "Characters/MadDog.HashtagBearFam.Gudrun_moonlightjellies",
      "FromFile": "assets/Characters/Gudrun/gudrun_moonlightjellies.png"
    },
    //sdvfair
    {
      "LogName": "Gudrun sdvfair Portraits",
      "Action": "Load",
      "Target": "Portraits/MadDog.HashtagBearFam.Gudrun_sdvfair",
      "FromFile": "assets/Portraits/Gudrun/gudrun_sdvfair.png"
    },
    {
      "LogName": "Gudrun sdvfair Sprites",
      "Action": "Load",
      "Target": "Characters/MadDog.HashtagBearFam.Gudrun_sdvfair",
      "FromFile": "assets/Characters/Gudrun/gudrun_sdvfair.png"
    },
    //spiritseve1
    {
      "LogName": "Gudrun spiritseve Portraits",
      "Action": "Load",
      "Target": "Portraits/MadDog.HashtagBearFam.Gudrun_spiritseve1",
      "FromFile": "assets/Portraits/Gudrun/gudrun_spiritseve.png"
    },
    {
      "LogName": "Gudrun spiritseve Sprites",
      "Action": "Load",
      "Target": "Characters/MadDog.HashtagBearFam.Gudrun_spiritseve1",
      "FromFile": "assets/Characters/Gudrun/gudrun_spiritseve.png"
    },
    //spiritseve2
    {
      "LogName": "Gudrun spiritseve Portraits",
      "Action": "Load",
      "Target": "Portraits/MadDog.HashtagBearFam.Gudrun_spiritseve2",
      "FromFile": "assets/Portraits/Gudrun/gudrun_spiritseve1.png"
    },
    {
      "LogName": "Gudrun spiritseve Sprites",
      "Action": "Load",
      "Target": "Characters/MadDog.HashtagBearFam.Gudrun_spiritseve2",
      "FromFile": "assets/Characters/Gudrun/gudrun_spiritseve1.png"
    },

    //winterfeast
    {
      "LogName": "Gudrun winterfeast Portraits",
      "Action": "Load",
      "Target": "Portraits/MadDog.HashtagBearFam.Gudrun_winterfeast",
      "FromFile": "assets/Portraits/Gudrun/gudrun_winterfeast.png"
    },
    {
      "LogName": "Gudrun winterfeast Sprites",
      "Action": "Load",
      "Target": "Characters/MadDog.HashtagBearFam.Gudrun_winterfeast",
      "FromFile": "assets/Characters/Gudrun/gudrun_winterfeast.png"
    },

    //////////////////////////////////////////
    //Teren
    //////////////////////////////////////////

    //default
    {
      "LogName": "Teren Portraits",
      "Action": "Load",
      "Target": "Portraits/MadDog.HashtagBearFam.Teren",
      "FromFile": "assets/Portraits/Teren/teren.png"
    },
    {
      "LogName": "Teren Sprites",
      "Action": "Load",
      "Target": "Characters/MadDog.HashtagBearFam.Teren",
      "FromFile": "assets/Characters/Teren/teren.png"
    },

    //beach/resort
    {
      "LogName": "Teren Island Portraits",
      "Action": "Load",
      "Target": "Portraits/MadDog.HashtagBearFam.Teren_Beach",
      "FromFile": "assets/Portraits/Teren/Teren_Beach.png"
    },
    {
      "LogName": "Teren Island Sprites",
      "Action": "Load",
      "Target": "Characters/MadDog.HashtagBearFam.Teren_Beach",
      "FromFile": "assets/Characters/Teren/Teren_Beach.png"
    },
    //spring
    {
      "LogName": "Teren Spring Portraits",
      "Action": "Load",
      "Target": "Portraits/MadDog.HashtagBearFam.Teren_spring_1",
      "FromFile": "assets/Portraits/Teren/spring_teren.png"
    },
    {
      "LogName": "Teren Spring Sprites",
      "Action": "Load",
      "Target": "Characters/MadDog.HashtagBearFam.Teren_spring_1",
      "FromFile": "assets/Characters/Teren/spring_teren.png"
    },
    {
      "LogName": "Teren Spring Portraits",
      "Action": "Load",
      "Target": "Portraits/MadDog.HashtagBearFam.Teren_spring_2",
      "FromFile": "assets/Portraits/Teren/spring_teren1.png"
    },
    {
      "LogName": "Teren Spring Sprites",
      "Action": "Load",
      "Target": "Characters/MadDog.HashtagBearFam.Teren_spring_2",
      "FromFile": "assets/Characters/Teren/spring_teren1.png"
    },
    //summer
    {
      "LogName": "Teren summer Portraits",
      "Action": "Load",
      "Target": "Portraits/MadDog.HashtagBearFam.Teren_summer_1",
      "FromFile": "assets/Portraits/Teren/summer_teren.png"
    },
    {
      "LogName": "Teren summer Sprites",
      "Action": "Load",
      "Target": "Characters/MadDog.HashtagBearFam.Teren_summer_1",
      "FromFile": "assets/Characters/Teren/summer_teren.png"
    },
    {
      "LogName": "Teren summer Portraits",
      "Action": "Load",
      "Target": "Portraits/MadDog.HashtagBearFam.Teren_summer_2",
      "FromFile": "assets/Portraits/Teren/summer_teren1.png"
    },
    {
      "LogName": "Teren summer Sprites",
      "Action": "Load",
      "Target": "Characters/MadDog.HashtagBearFam.Teren_summer_2",
      "FromFile": "assets/Characters/Teren/summer_teren1.png"
    },
    //fall
    {
      "LogName": "Teren Fall Portraits",
      "Action": "Load",
      "Target": "Portraits/MadDog.HashtagBearFam.Teren_Fall_1",
      "FromFile": "assets/Portraits/Teren/fall_teren.png"
    },
    {
      "LogName": "Teren Fall Sprites",
      "Action": "Load",
      "Target": "Characters/MadDog.HashtagBearFam.Teren_Fall_1",
      "FromFile": "assets/Characters/Teren/fall_teren.png"
    },
    {
      "LogName": "Teren Fall Portraits",
      "Action": "Load",
      "Target": "Portraits/MadDog.HashtagBearFam.Teren_Fall_2",
      "FromFile": "assets/Portraits/Teren/fall_teren1.png"
    },
    {
      "LogName": "Teren Fall Sprites",
      "Action": "Load",
      "Target": "Characters/MadDog.HashtagBearFam.Teren_Fall_2",
      "FromFile": "assets/Characters/Teren/fall_teren1.png"
    },
    //winter
    {
      "LogName": "Teren Winter Portraits",
      "Action": "Load",
      "Target": "Portraits/MadDog.HashtagBearFam.Teren_Winter_1",
      "FromFile": "assets/Portraits/Teren/winter_teren.png"
    },
    {
      "LogName": "Teren Winter Sprites",
      "Action": "Load",
      "Target": "Characters/MadDog.HashtagBearFam.Teren_Winter_1",
      "FromFile": "assets/Characters/Teren/winter_teren.png"
    },
    {
      "LogName": "Teren Winter Portraits",
      "Action": "Load",
      "Target": "Portraits/MadDog.HashtagBearFam.Teren_Winter_2",
      "FromFile": "assets/Portraits/Teren/winter_teren1.png"
    },
    {
      "LogName": "Teren Winter Sprites",
      "Action": "Load",
      "Target": "Characters/MadDog.HashtagBearFam.Teren_Winter_2",
      "FromFile": "assets/Characters/Teren/winter_teren1.png"
    },
    //festivals
    //eggfest
    {
      "LogName": "Teren eggfest Portraits",
      "Action": "Load",
      "Target": "Portraits/MadDog.HashtagBearFam.Teren_eggfest",
      "FromFile": "assets/Portraits/Teren/teren_eggfest.png"
    },
    {
      "LogName": "Teren eggfest Sprites",
      "Action": "Load",
      "Target": "Characters/MadDog.HashtagBearFam.Teren_eggfest",
      "FromFile": "assets/Characters/Teren/teren_eggfest.png"
    },
    //flowerdance
    {
      "LogName": "Teren flowerdance Portraits",
      "Action": "Load",
      "Target": "Portraits/MadDog.HashtagBearFam.Teren_flowerdance",
      "FromFile": "assets/Portraits/Teren/teren_flowerdance.png"
    },
    {
      "LogName": "Teren flowerdance Sprites",
      "Action": "Load",
      "Target": "Characters/MadDog.HashtagBearFam.Teren_flowerdance",
      "FromFile": "assets/Characters/Teren/teren_flowerdance.png"
    },
    //luau
    {
      "LogName": "Teren luau Portraits",
      "Action": "Load",
      "Target": "Portraits/MadDog.HashtagBearFam.Teren_luau",
      "FromFile": "assets/Portraits/Teren/teren_luau.png"
    },
    {
      "LogName": "Teren luau Sprites",
      "Action": "Load",
      "Target": "Characters/MadDog.HashtagBearFam.Teren_luau",
      "FromFile": "assets/Characters/Teren/teren_luau.png"
    },
    //moonlightjellies
    {
      "LogName": "Teren moonlightjellies Portraits",
      "Action": "Load",
      "Target": "Portraits/MadDog.HashtagBearFam.Teren_moonlightjellies",
      "FromFile": "assets/Portraits/Teren/teren_moonlightjellies.png"
    },
    {
      "LogName": "Teren moonlightjellies Sprites",
      "Action": "Load",
      "Target": "Characters/MadDog.HashtagBearFam.Teren_moonlightjellies",
      "FromFile": "assets/Characters/Teren/teren_moonlightjellies.png"
    },
    //sdvfair
    {
      "LogName": "Teren sdvfair Portraits",
      "Action": "Load",
      "Target": "Portraits/MadDog.HashtagBearFam.Teren_sdvfair",
      "FromFile": "assets/Portraits/Teren/teren_sdvfair.png"
    },
    {
      "LogName": "Teren sdvfair Sprites",
      "Action": "Load",
      "Target": "Characters/MadDog.HashtagBearFam.Teren_sdvfair",
      "FromFile": "assets/Characters/Teren/teren_sdvfair.png"
    },
    //spiritseve1
    {
      "LogName": "Teren spiritseve Portraits",
      "Action": "Load",
      "Target": "Portraits/MadDog.HashtagBearFam.Teren_spiritseve1",
      "FromFile": "assets/Portraits/Teren/teren_spiritseve.png"
    },
    {
      "LogName": "Teren spiritseve Sprites",
      "Action": "Load",
      "Target": "Characters/MadDog.HashtagBearFam.Teren_spiritseve1",
      "FromFile": "assets/Characters/Teren/teren_spiritseve.png"
    },
    //spiritseve2
    {
      "LogName": "Teren spiritseve Portraits",
      "Action": "Load",
      "Target": "Portraits/MadDog.HashtagBearFam.Teren_spiritseve2",
      "FromFile": "assets/Portraits/Teren/teren_spiritseve1.png"
    },
    {
      "LogName": "Teren spiritseve Sprites",
      "Action": "Load",
      "Target": "Characters/MadDog.HashtagBearFam.Teren_spiritseve2",
      "FromFile": "assets/Characters/Teren/teren_spiritseve1.png"
    },
    //icefestival
    {
      "LogName": "Teren icefestival Portraits",
      "Action": "Load",
      "Target": "Portraits/MadDog.HashtagBearFam.Teren_icefestival",
      "FromFile": "assets/Portraits/Teren/teren_icefestival.png"
    },
    {
      "LogName": "Teren icefestival Sprites",
      "Action": "Load",
      "Target": "Characters/MadDog.HashtagBearFam.Teren_icefestival",
      "FromFile": "assets/Characters/Teren/teren_icefestival.png"
    },
    //winterfeast
    {
      "LogName": "Teren winterfeast Portraits",
      "Action": "Load",
      "Target": "Portraits/MadDog.HashtagBearFam.Teren_winterfeast",
      "FromFile": "assets/Portraits/Teren/teren_winterfeast.png"
    },
    {
      "LogName": "Teren winterfeast Sprites",
      "Action": "Load",
      "Target": "Characters/MadDog.HashtagBearFam.Teren_winterfeast",
      "FromFile": "assets/Characters/Teren/teren_winterfeast.png"
    },
    //teren work
    {
      "LogName": "Teren Work Assorted Portraits - Blue",
      "Action": "Load",
      "Target": "Portraits/MadDog.HashtagBearFam.Teren_WorkUniform_Blue",
      "FromFile": "assets/Portraits/Teren/WorkUniform/teren_workuniform_blue.png"
    },
    {
      "LogName": "Teren Work Assorted Sprites - Blue",
      "Action": "Load",
      "Target": "Characters/MadDog.HashtagBearFam.Teren_WorkUniform_Blue",
      "FromFile": "assets/Characters/Teren/WorkUniform/teren_workuniform_blue.png"
    },
    {
      "LogName": "Teren Work Assorted Portraits - Dark",
      "Action": "Load",
      "Target": "Portraits/MadDog.HashtagBearFam.Teren_WorkUniform_Dark",
      "FromFile": "assets/Portraits/Teren/WorkUniform/teren_workuniform_dark.png"
    },
    {
      "LogName": "Teren Work Assorted Sprites - Dark",
      "Action": "Load",
      "Target": "Characters/MadDog.HashtagBearFam.Teren_WorkUniform_Dark",
      "FromFile": "assets/Characters/Teren/WorkUniform/teren_workuniform_dark.png"
    },
    {
      "LogName": "Teren Work Assorted Portraits - Green",
      "Action": "Load",
      "Target": "Portraits/MadDog.HashtagBearFam.Teren_WorkUniform_Green",
      "FromFile": "assets/Portraits/Teren/WorkUniform/teren_workuniform_green.png"
    },
    {
      "LogName": "Teren Work Assorted Sprites - Green",
      "Action": "Load",
      "Target": "Characters/MadDog.HashtagBearFam.Teren_WorkUniform_Green",
      "FromFile": "assets/Characters/Teren/WorkUniform/teren_workuniform_green.png"
    },
    {
      "LogName": "Teren Work Assorted Portraits - Purple",
      "Action": "Load",
      "Target": "Portraits/MadDog.HashtagBearFam.Teren_WorkUniform_Purple",
      "FromFile": "assets/Portraits/Teren/WorkUniform/teren_workuniform_purple.png"
    },
    {
      "LogName": "Teren Work Assorted Sprites - Purple",
      "Action": "Load",
      "Target": "Characters/MadDog.HashtagBearFam.Teren_WorkUniform_Purple",
      "FromFile": "assets/Characters/Teren/WorkUniform/teren_workuniform_purple.png"
    },
    {
      "LogName": "Teren Work Assorted Portraits - Teal",
      "Action": "Load",
      "Target": "Portraits/MadDog.HashtagBearFam.Teren_WorkUniform_Teal",
      "FromFile": "assets/Portraits/Teren/WorkUniform/teren_workuniform_teal.png"
    },
    {
      "LogName": "Teren Work Assorted Sprites - Teal",
      "Action": "Load",
      "Target": "Characters/MadDog.HashtagBearFam.Teren_WorkUniform_Teal",
      "FromFile": "assets/Characters/Teren/WorkUniform/teren_workuniform_teal.png"
    },
    {
      "LogName": "Teren Work Assorted Portraits - Pink",
      "Action": "Load",
      "Target": "Portraits/MadDog.HashtagBearFam.Teren_WorkUniform_Pink",
      "FromFile": "assets/Portraits/Teren/WorkUniform/teren_workuniform_pink.png"
    },
    {
      "LogName": "Teren Work Assorted Sprites - Pink",
      "Action": "Load",
      "Target": "Characters/MadDog.HashtagBearFam.Teren_WorkUniform_Pink",
      "FromFile": "assets/Characters/Teren/WorkUniform/teren_workuniform_pink.png"
    },
    {
      "LogName": "Teren Work Assorted Portraits - Yellow",
      "Action": "Load",
      "Target": "Portraits/MadDog.HashtagBearFam.Teren_WorkUniform_Yellow",
      "FromFile": "assets/Portraits/Teren/WorkUniform/teren_workuniform_yellow.png"
    },
    {
      "LogName": "Teren Work Assorted Sprites - Yellow",
      "Action": "Load",
      "Target": "Characters/MadDog.HashtagBearFam.Teren_WorkUniform_Yellow",
      "FromFile": "assets/Characters/Teren/WorkUniform/teren_workuniform_yellow.png"
    },
    {
      "LogName": "Teren Work Assorted Portraits - Red",
      "Action": "Load",
      "Target": "Portraits/MadDog.HashtagBearFam.Teren_WorkUniform_Red",
      "FromFile": "assets/Portraits/Teren/WorkUniform/teren_workuniform_red.png"
    },
    {
      "LogName": "Teren Work Assorted Sprites - Red",
      "Action": "Load",
      "Target": "Characters/MadDog.HashtagBearFam.Teren_WorkUniform_Red",
      "FromFile": "assets/Characters/Teren/WorkUniform/teren_workuniform_red.png"
    }

  ]
}
