{
  "Changes": [
    //music
    {
      "Action": "EditData",
      "Target": "Data/AudioChanges",
      "Entries": {
        "MadDog.HashtagBearFam_SondraTheme": {
          "ID": "MadDog.HashtagBearFam_SondraTheme",
          "Category": "Music",
          "FilePaths": [ "{{AbsoluteFilePath: assets/BearFamMusic/bearfamSondraTheme.ogg}}" ],
          "StreamedVorbis": true,
          "Looped": true
        }
      }
    },
    {
      "Action": "EditData",
      "Target": "Data/AudioChanges",
      "Entries": {
        "MadDog.HashtagBearFam_TheBearFamilyDen": {
          "ID": "MadDog.HashtagBearFam_TheBearFamilyDen",
          "Category": "Music",
          "FilePaths": [ "{{AbsoluteFilePath: assets/BearFamMusic/bearfamTheBearFamilyDen.ogg}}" ],
          "StreamedVorbis": true,
          "Looped": true
        }
      }
    },
    {
      "Action": "EditData",
      "Target": "Data/AudioChanges",
      "Entries": {
        "MadDog.HashtagBearFam_TheManorOnMadisonStreet": {
          "ID": "MadDog.HashtagBearFam_TheManorOnMadisonStreet",
          "Category": "Music",
          "FilePaths": [ "{{AbsoluteFilePath: assets/BearFamMusic/bearfamTheManorOnMadisonStreet.ogg}}" ],
          "StreamedVorbis": true,
          "Looped": true
        }
      }
    },
    {
      "Action": "EditData",
      "Target": "Data/AudioChanges",
      "Entries": {
        "MadDog.HashtagBearFam_TheKraken": {
          "ID": "MadDog.HashtagBearFam_TheKraken",
          "Category": "Music",
          "FilePaths": [ "{{AbsoluteFilePath: assets/BearFamMusic/bearfamTheKraken.ogg}}" ],
          "StreamedVorbis": true,
          "Looped": true
        }
      }
    },
    {
      "Action": "EditData",
      "Target": "Data/AudioChanges",
      "Entries": {
        "MadDog.HashtagBearFam_SondraThemeSamVersion": {
          "ID": "MadDog.HashtagBearFam_SondraThemeSamVersion",
          "Category": "Music",
          "FilePaths": [ "{{AbsoluteFilePath: assets/BearFamMusic/bearfamSondraThemebySam.ogg}}" ],
          "StreamedVorbis": false,
          "Looped": true
        }
      }
    },
    {
      "Action": "EditData",
      "Target": "Data/AudioChanges",
      "Entries": {
        "MadDog.HashtagBearFam_BotBSongA": {
          "ID": "MadDog.HashtagBearFam_BotBSongA",
          "Category": "Music",
          "FilePaths": [ "{{AbsoluteFilePath: assets/BearFamMusic/bearfamBotBSongA.ogg}}" ],
          "StreamedVorbis": false,
          "Looped": true
        }
      }
    },
    {
      "Action": "EditData",
      "Target": "Data/AudioChanges",
      "Entries": {
        "MadDog.HashtagBearFam_BotBSongB": {
          "ID": "MadDog.HashtagBearFam_BotBSongB",
          "Category": "Music",
          "FilePaths": [ "{{AbsoluteFilePath: assets/BearFamMusic/bearfamBotBSongB.ogg}}" ],
          "StreamedVorbis": false,
          "Looped": true
        }
      }
    },
    {
      "Action": "EditData",
      "Target": "Data/AudioChanges",
      "Entries": {
        "MadDog.HashtagBearFam_TerenTheme": {
          "ID": "MadDog.HashtagBearFam_TerenTheme",
          "Category": "Music",
          "FilePaths": [ "{{AbsoluteFilePath: assets/BearFamMusic/Joth_Near_and_Far.ogg}}" ],
          "StreamedVorbis": true,
          "Looped": true
        }
      }
    },
    {
      "Action": "EditData",
      "Target": "Data/AudioChanges",
      "Entries": {
        "MadDog.HashtagBearFam_GudrunTheme": {
          "ID": "MadDog.HashtagBearFam_GudrunTheme",
          "Category": "Music",
          "FilePaths": [ "{{AbsoluteFilePath: assets/BearFamMusic/Spring_Spring_Puppy_Playing_In_the_Garden.ogg}}" ],
          "StreamedVorbis": true,
          "Looped": true
        }
      }
    },
    {
      "Action": "EditData",
      "Target": "Data/AudioChanges",
      "Entries": {
        "MadDog.HashtagBearFam_GunnarTheme": {
          "ID": "MadDog.HashtagBearFam_GunnarTheme",
          "Category": "Music",
          "FilePaths": [ "{{AbsoluteFilePath: assets/BearFamMusic/TinyWorlds_Honey_Bear.ogg}}" ],
          "StreamedVorbis": true,
          "Looped": true
        }
      }
    },


    /////////////////////////////////////////////////////////////////////////////////////////////////////////////////////////////////
    //sounds
    {
      "Action": "EditData",
      "Target": "Data/AudioChanges",
      "Entries": {
        "MadDog.HashtagBearFam_BeeNoise": {
          "ID": "MadDog.HashtagBearFam_BeeNoise",
          "Category": "Sound",
          "FilePaths": [ "{{AbsoluteFilePath: assets/BearFamMusic/MadDogBearFamBeeNoises.ogg}}" ],
          "StreamedVorbis": false,
          "Looped": false
        }
      }
    },
    {
      "Action": "EditData",
      "Target": "Data/AudioChanges",
      "Entries": {
        "MadDog.HashtagBearFam_WaveCrash": {
          "ID": "MadDog.HashtagBearFam_WaveCrash",
          "Category": "Sound",
          "FilePaths": [ "{{AbsoluteFilePath: assets/BearFamMusic/MadDogBearFamWaveCrash.ogg}}" ],
          "StreamedVorbis": false,
          "Looped": false
        }
      }
    },
    {
      "Action": "EditData",
      "Target": "Data/AudioChanges",
      "Entries": {
        "MadDog.HashtagBearFam_KrakenCry": {
          "ID": "MadDog.HashtagBearFam_KrakenCry",
          "Category": "Sound",
          "FilePaths": [ "{{AbsoluteFilePath: assets/BearFamMusic/MadDogBearFamKrakenCry.ogg}}" ],
          "StreamedVorbis": false,
          "Looped": false
        }
      }
    }
  ]
}