{
  "Changes": [

    //Egg Festival

    //Sigurd
    {
      "LogName": "Sig Portrait EggFestival",
      "Action": "EditImage",
      "Target": "Portraits/Sigurd",
      "FromFile": "assets/Portraits/Sigurd/sigurd_eggfestival.png",
      "Update": "OnLocationChange",
      "When": {
        "DayEvent": "egg festival",
        "LocationName": "Temp"
      }
    },
    {
      "LogName": "Sig Sprites EggFestival",
      "Action": "EditImage",
      "Target": "Characters/Sigurd",
      "FromFile": "assets/Characters/Sigurd/sigurd_eggfestival.png",
      "Update": "OnLocationChange",
      "When": {
        "DayEvent": "egg festival",
        "LocationName": "Temp"
      }
    },
    //Sondra
    {
      "LogName": "Son Portrait EggFestival",
      "Action": "EditImage",
      "Target": "Portraits/Sondra",
      "FromFile": "assets/Portraits/Sondra/sondra_eggfestival.png",
      "Update": "OnLocationChange",
      "When": {
        "DayEvent": "egg festival",
        "LocationName": "Temp"
      }
    },
    {
      "LogName": "Son Sprites EggFestival",
      "Action": "EditImage",
      "Target": "Characters/Sondra",
      "FromFile": "assets/Characters/Sondra/sondra_eggfestival.png",
      "Update": "OnLocationChange",
      "When": {
        "DayEvent": "egg festival",
        "LocationName": "Temp"
      }
    },
    //Gunnar
    {
      "LogName": "Gun Portrait EggFestival",
      "Action": "EditImage",
      "Target": "Portraits/Gunnar",
      "FromFile": "assets/Portraits/Gunnar/gunnar_eggfestival.png",
      "Update": "OnLocationChange",
      "When": {
        "DayEvent": "egg festival",
        "LocationName": "Temp"
      }
    },
    {
      "LogName": "Gun Sprites EggFestival",
      "Action": "EditImage",
      "Target": "Characters/Gunnar",
      "FromFile": "assets/Characters/Gunnar/gunnar_eggfestival.png",
      "Update": "OnLocationChange",
      "When": {
        "DayEvent": "egg festival",
        "LocationName": "Temp"
      }
    },
    //Gudrun
    {
      "LogName": "Gud Portrait EggFestival",
      "Action": "EditImage",
      "Target": "Portraits/Gudrun",
      "FromFile": "assets/Portraits/Gudrun/gudrun_eggfestival.png",
      "Update": "OnLocationChange",
      "When": {
        "DayEvent": "egg festival",
        "LocationName": "Temp"
      }
    },
    {
      "LogName": "Gud Sprites EggFestival",
      "Action": "EditImage",
      "Target": "Characters/Gudrun",
      "FromFile": "assets/Characters/Gudrun/gudrun_eggfestival.png",
      "Update": "OnLocationChange",
      "When": {
        "DayEvent": "egg festival",
        "LocationName": "Temp"
      }
    },


    // Flower dance

    //Sigurd
    {
      "LogName": "Sig Portrait FlowerDance",
      "Action": "EditImage",
      "Target": "Portraits/Sigurd",
      "FromFile": "assets/Portraits/Sigurd/sigurd_flowerdance.png",
      "Update": "OnLocationChange",
      "When": {
        "DayEvent": "flower dance",
        "LocationName": "Temp"
      }
    },
    {
      "LogName": "Sig Sprites FlowerDance",
      "Action": "EditImage",
      "Target": "Characters/Sigurd",
      "FromFile": "assets/Characters/Sigurd/sigurd_flowerdance.png",
      "Update": "OnLocationChange",
      "When": {
        "DayEvent": "flower dance",
        "LocationName": "Temp"
      }
    },
    //Sondra
    {
      "LogName": "Son Portrait FlowerDance",
      "Action": "EditImage",
      "Target": "Portraits/Sondra",
      "FromFile": "assets/Portraits/Sondra/sondra_flowerdance.png",
      "Update": "OnLocationChange",
      "When": {
        "DayEvent": "flower dance",
        "LocationName": "Temp"
      }
    },
    {
      "LogName": "Son Sprites FlowerDance",
      "Action": "EditImage",
      "Target": "Characters/Sondra",
      "FromFile": "assets/Characters/Sondra/sondra_flowerdance.png",
      "Update": "OnLocationChange",
      "When": {
        "DayEvent": "flower dance",
        "LocationName": "Temp"
      }
    },
    //Gunnar
    {
      "LogName": "Gun Portrait FlowerDance",
      "Action": "EditImage",
      "Target": "Portraits/Gunnar",
      "FromFile": "assets/Portraits/Gunnar/gunnar_flowerdance.png",
      "Update": "OnLocationChange",
      "When": {
        "DayEvent": "flower dance",
        "LocationName": "Temp"
      }
    },
    {
      "LogName": "Gun Sprites FlowerDance",
      "Action": "EditImage",
      "Target": "Characters/Gunnar",
      "FromFile": "assets/Characters/Gunnar/gunnar_flowerdance.png",
      "Update": "OnLocationChange",
      "When": {
        "DayEvent": "flower dance",
        "LocationName": "Temp"
      }
    },
    //Gudrun
    {
      "LogName": "Gud Portrait FlowerDance",
      "Action": "EditImage",
      "Target": "Portraits/Gudrun",
      "FromFile": "assets/Portraits/Gudrun/gudrun_flowerdance.png",
      "Update": "OnLocationChange",
      "When": {
        "DayEvent": "flower dance",
        "LocationName": "Temp"
      }
    },
    {
      "LogName": "Gud Sprites FlowerDance",
      "Action": "EditImage",
      "Target": "Characters/Gudrun",
      "FromFile": "assets/Characters/Gudrun/gudrun_flowerdance.png",
      "Update": "OnLocationChange",
      "When": {
        "DayEvent": "flower dance",
        "LocationName": "Temp"
      }
    },



    //Luau

    //Sigurd
    {
      "LogName": "Sig Portrait luau",
      "Action": "EditImage",
      "Target": "Portraits/Sigurd",
      "FromFile": "assets/Portraits/Sigurd/sigurd_luau.png",
      "Update": "OnLocationChange",
      "When": {
        "DayEvent": "luau",
        "LocationName": "Temp"
      }
    },
    {
      "LogName": "Sig Sprites luau",
      "Action": "EditImage",
      "Target": "Characters/Sigurd",
      "FromFile": "assets/Characters/Sigurd/sigurd_luau.png",
      "Update": "OnLocationChange",
      "When": {
        "DayEvent": "luau",
        "LocationName": "Temp"
      }
    },
    //Sondra
    {
      "LogName": "Son Portrait luau",
      "Action": "EditImage",
      "Target": "Portraits/Sondra",
      "FromFile": "assets/Portraits/Sondra/sondra_luau.png",
      "Update": "OnLocationChange",
      "When": {
        "DayEvent": "luau",
        "LocationName": "Temp"
      }
    },
    {
      "LogName": "Son Sprites luau",
      "Action": "EditImage",
      "Target": "Characters/Sondra",
      "FromFile": "assets/Characters/Sondra/sondra_luau.png",
      "Update": "OnLocationChange",
      "When": {
        "DayEvent": "luau",
        "LocationName": "Temp"
      }
    },
    //Gunnar
    {
      "LogName": "Gun Portrait luau",
      "Action": "EditImage",
      "Target": "Portraits/Gunnar",
      "FromFile": "assets/Portraits/Gunnar/gunnar_luau.png",
      "Update": "OnLocationChange",
      "When": {
        "DayEvent": "luau",
        "LocationName": "Temp"
      }
    },
    {
      "LogName": "Gun Sprites luau",
      "Action": "EditImage",
      "Target": "Characters/Gunnar",
      "FromFile": "assets/Characters/Gunnar/gunnar_luau.png",
      "Update": "OnLocationChange",
      "When": {
        "DayEvent": "luau",
        "LocationName": "Temp"
      }
    },
    //Gudrun
    {
      "LogName": "Gud Portrait luau",
      "Action": "EditImage",
      "Target": "Portraits/Gudrun",
      "FromFile": "assets/Portraits/Gudrun/gudrun_luau.png",
      "Update": "OnLocationChange",
      "When": {
        "DayEvent": "luau",
        "LocationName": "Temp"
      }
    },
    {
      "LogName": "Gud Sprites luau",
      "Action": "EditImage",
      "Target": "Characters/Gudrun",
      "FromFile": "assets/Characters/Gudrun/gudrun_luau.png",
      "Update": "OnLocationChange",
      "When": {
        "DayEvent": "luau",
        "LocationName": "Temp"
      }
    },

    //Moonlight Jellies

    //Sigurd
    {
      "LogName": "Sig Portrait moonjelly",
      "Action": "EditImage",
      "Target": "Portraits/Sigurd",
      "FromFile": "assets/Portraits/Sigurd/sigurd_moonjelly.png",
      "Update": "OnLocationChange",
      "When": {
        "DayEvent": "dance of the moonlight jellies",
        "LocationName": "Temp"
      }
    },
    {
      "LogName": "Sig Sprites moonjelly",
      "Action": "EditImage",
      "Target": "Characters/Sigurd",
      "FromFile": "assets/Characters/Sigurd/sigurd_moonjelly.png",
      "Update": "OnLocationChange",
      "When": {
        "DayEvent": "dance of the moonlight jellies",
        "LocationName": "Temp"
      }
    },
    //Sondra
    {
      "LogName": "Son Portrait moonjelly",
      "Action": "EditImage",
      "Target": "Portraits/Sondra",
      "FromFile": "assets/Portraits/Sondra/sondra_moonjelly.png",
      "Update": "OnLocationChange",
      "When": {
        "DayEvent": "dance of the moonlight jellies",
        "LocationName": "Temp"
      }
    },
    {
      "LogName": "Son Sprites moonjelly",
      "Action": "EditImage",
      "Target": "Characters/Sondra",
      "FromFile": "assets/Characters/Sondra/sondra_moonjelly.png",
      "Update": "OnLocationChange",
      "When": {
        "DayEvent": "dance of the moonlight jellies",
        "LocationName": "Temp"
      }
    },
    //Gunnar
    {
      "LogName": "Gun Portrait moonjelly",
      "Action": "EditImage",
      "Target": "Portraits/Gunnar",
      "FromFile": "assets/Portraits/Gunnar/gunnar_moonjelly.png",
      "Update": "OnLocationChange",
      "When": {
        "DayEvent": "dance of the moonlight jellies",
        "LocationName": "Temp"
      }
    },
    {
      "LogName": "Gun Sprites moonjelly",
      "Action": "EditImage",
      "Target": "Characters/Gunnar",
      "FromFile": "assets/Characters/Gunnar/gunnar_moonjelly.png",
      "Update": "OnLocationChange",
      "When": {
        "DayEvent": "dance of the moonlight jellies",
        "LocationName": "Temp"
      }
    },
    //Gudrun
    {
      "LogName": "Gud Portrait moonjelly",
      "Action": "EditImage",
      "Target": "Portraits/Gudrun",
      "FromFile": "assets/Portraits/Gudrun/gudrun_moonjelly.png",
      "Update": "OnLocationChange",
      "When": {
        "DayEvent": "dance of the moonlight jellies",
        "LocationName": "Temp"
      }
    },
    {
      "LogName": "Gud Sprites moonjelly",
      "Action": "EditImage",
      "Target": "Characters/Gudrun",
      "FromFile": "assets/Characters/Gudrun/gudrun_moonjelly.png",
      "Update": "OnLocationChange",
      "When": {
        "DayEvent": "dance of the moonlight jellies",
        "LocationName": "Temp"
      }
    },



    //Stardew Valley Fair

    //Sigurd
    {
      "LogName": "Sig Portrait sdvfair",
      "Action": "EditImage",
      "Target": "Portraits/Sigurd",
      "FromFile": "assets/Portraits/Sigurd/sigurd_sdvfair.png",
      "Update": "OnLocationChange",
      "When": {
        "DayEvent": "stardew valley fair",
        "LocationName": "Temp"
      }
    },
    {
      "LogName": "Sig Sprites sdvfair",
      "Action": "EditImage",
      "Target": "Characters/Sigurd",
      "FromFile": "assets/Characters/Sigurd/sigurd_sdvfair.png",
      "Update": "OnLocationChange",
      "When": {
        "DayEvent": "stardew valley fair",
        "LocationName": "Temp"
      }
    },
    //Sondra
    {
      "LogName": "Son Portrait sdvfair",
      "Action": "EditImage",
      "Target": "Portraits/Sondra",
      "FromFile": "assets/Portraits/Sondra/sondra_sdvfair.png",
      "Update": "OnLocationChange",
      "When": {
        "DayEvent": "stardew valley fair",
        "LocationName": "Temp"
      }
    },
    {
      "LogName": "Son Sprites sdvfair",
      "Action": "EditImage",
      "Target": "Characters/Sondra",
      "FromFile": "assets/Characters/Sondra/sondra_sdvfair.png",
      "Update": "OnLocationChange",
      "When": {
        "DayEvent": "stardew valley fair",
        "LocationName": "Temp"
      }
    },
    //Gunnar
    {
      "LogName": "Gun Portrait sdvfair",
      "Action": "EditImage",
      "Target": "Portraits/Gunnar",
      "FromFile": "assets/Portraits/Gunnar/gunnar_sdvfair.png",
      "Update": "OnLocationChange",
      "When": {
        "DayEvent": "stardew valley fair",
        "LocationName": "Temp"
      }
    },
    {
      "LogName": "Gun Sprites sdvfair",
      "Action": "EditImage",
      "Target": "Characters/Gunnar",
      "FromFile": "assets/Characters/Gunnar/gunnar_sdvfair.png",
      "Update": "OnLocationChange",
      "When": {
        "DayEvent": "stardew valley fair",
        "LocationName": "Temp"
      }
    },
    //Gudrun
    {
      "LogName": "Gud Portrait sdvfair",
      "Action": "EditImage",
      "Target": "Portraits/Gudrun",
      "FromFile": "assets/Portraits/Gudrun/gudrun_sdvfair.png",
      "Update": "OnLocationChange",
      "When": {
        "DayEvent": "stardew valley fair",
        "LocationName": "Temp"
      }
    },
    {
      "LogName": "Gud Sprites sdvfair",
      "Action": "EditImage",
      "Target": "Characters/Gudrun",
      "FromFile": "assets/Characters/Gudrun/gudrun_sdvfair.png",
      "Update": "OnLocationChange",
      "When": {
        "DayEvent": "stardew valley fair",
        "LocationName": "Temp"
      }
    },


    //Ice Festival

    //Sigurd
    {
      "LogName": "Sig Portrait icefestival",
      "Action": "EditImage",
      "Target": "Portraits/Sigurd",
      "FromFile": "assets/Portraits/Sigurd/sigurd_icefestival.png",
      "Update": "OnLocationChange",
      "When": {
        "DayEvent": "festival of ice",
        "LocationName": "Temp"
      }
    },
    {
      "LogName": "Sig Sprites icefestival",
      "Action": "EditImage",
      "Target": "Characters/Sigurd",
      "FromFile": "assets/Characters/Sigurd/sigurd_icefestival.png",
      "Update": "OnLocationChange",
      "When": {
        "DayEvent": "festival of ice",
        "LocationName": "Temp"
      }
    },
    //Sondra
    {
      "LogName": "Son Portrait icefestival",
      "Action": "EditImage",
      "Target": "Portraits/Sondra",
      "FromFile": "assets/Portraits/Sondra/sondra_icefestival.png",
      "Update": "OnLocationChange",
      "When": {
        "DayEvent": "festival of ice",
        "LocationName": "Temp"
      }
    },
    {
      "LogName": "Son Sprites icefestival",
      "Action": "EditImage",
      "Target": "Characters/Sondra",
      "FromFile": "assets/Characters/Sondra/sondra_icefestival.png",
      "Update": "OnLocationChange",
      "When": {
        "DayEvent": "festival of ice",
        "LocationName": "Temp"
      }
    },
    //Gunnar
    {
      "LogName": "Gun Portrait icefestival",
      "Action": "EditImage",
      "Target": "Portraits/Gunnar",
      "FromFile": "assets/Portraits/Gunnar/gunnar_icefestival.png",
      "Update": "OnLocationChange",
      "When": {
        "DayEvent": "festival of ice",
        "LocationName": "Temp"
      }
    },
    {
      "LogName": "Gun Sprites icefestival",
      "Action": "EditImage",
      "Target": "Characters/Gunnar",
      "FromFile": "assets/Characters/Gunnar/gunnar_icefestival.png",
      "Update": "OnLocationChange",
      "When": {
        "DayEvent": "festival of ice",
        "LocationName": "Temp"
      }
    },
    //Gudrun
    {
      "LogName": "Gud Portrait icefestival",
      "Action": "EditImage",
      "Target": "Portraits/Gudrun",
      "FromFile": "assets/Portraits/Gudrun/gudrun_icefestival.png",
      "Update": "OnLocationChange",
      "When": {
        "DayEvent": "festival of ice",
        "LocationName": "Temp"
      }
    },
    {
      "LogName": "Gud Sprites icefestival",
      "Action": "EditImage",
      "Target": "Characters/Gudrun",
      "FromFile": "assets/Characters/Gudrun/gudrun_icefestival.png",
      "Update": "OnLocationChange",
      "When": {
        "DayEvent": "festival of ice",
        "LocationName": "Temp"
      }
    },



    //Feast of the Winter Star


    //Sigurd
    {
      "LogName": "Sig Portrait winterstar",
      "Action": "EditImage",
      "Target": "Portraits/Sigurd",
      "FromFile": "assets/Portraits/Sigurd/sigurd_winterstar.png",
      "Update": "OnLocationChange",
      "When": {
        "DayEvent": "feast of the winter star",
        "LocationName": "Temp"
      }
    },
    {
      "LogName": "Sig Sprites winterstar",
      "Action": "EditImage",
      "Target": "Characters/Sigurd",
      "FromFile": "assets/Characters/Sigurd/sigurd_winterstar.png",
      "Update": "OnLocationChange",
      "When": {
        "DayEvent": "feast of the winter star",
        "LocationName": "Temp"
      }
    },
    //Sondra
    {
      "LogName": "Son Portrait winterstar",
      "Action": "EditImage",
      "Target": "Portraits/Sondra",
      "FromFile": "assets/Portraits/Sondra/sondra_winterstar.png",
      "Update": "OnLocationChange",
      "When": {
        "DayEvent": "feast of the winter star",
        "LocationName": "Temp"
      }
    },
    {
      "LogName": "Son Sprites winterstar",
      "Action": "EditImage",
      "Target": "Characters/Sondra",
      "FromFile": "assets/Characters/Sondra/sondra_winterstar.png",
      "Update": "OnLocationChange",
      "When": {
        "DayEvent": "feast of the winter star",
        "LocationName": "Temp"
      }
    },
    //Gunnar
    {
      "LogName": "Gun Portrait winterstar",
      "Action": "EditImage",
      "Target": "Portraits/Gunnar",
      "FromFile": "assets/Portraits/Gunnar/gunnar_winterstar.png",
      "Update": "OnLocationChange",
      "When": {
        "DayEvent": "feast of the winter star",
        "LocationName": "Temp"
      }
    },
    {
      "LogName": "Gun Sprites winterstar",
      "Action": "EditImage",
      "Target": "Characters/Gunnar",
      "FromFile": "assets/Characters/Gunnar/gunnar_winterstar.png",
      "Update": "OnLocationChange",
      "When": {
        "DayEvent": "feast of the winter star",
        "LocationName": "Temp"
      }
    },
    //Gudrun
    {
      "LogName": "Gud Portrait winterstar",
      "Action": "EditImage",
      "Target": "Portraits/Gudrun",
      "FromFile": "assets/Portraits/Gudrun/gudrun_winterstar.png",
      "Update": "OnLocationChange",
      "When": {
        "DayEvent": "feast of the winter star",
        "LocationName": "Temp"
      }
    },
    {
      "LogName": "Gud Sprites winterstar",
      "Action": "EditImage",
      "Target": "Characters/Gudrun",
      "FromFile": "assets/Characters/Gudrun/gudrun_winterstar.png",
      "Update": "OnLocationChange",
      "When": {
        "DayEvent": "feast of the winter star",
        "LocationName": "Temp"
      }
    }

    //Ridgeside goes here

    /*//RSV Ember of Resolutions
    //Sigurd
    {
      "LogName": "Sig Portrait RSV Ember",
      "Action": "EditImage",
      "Target": "Portraits/Sigurd",
      "FromFile": "assets/Portraits/Sigurd/sigurd_winterstar.png",
      "Update": "OnLocationChange",
      "When": {
        "DayEvent": "Ember of Resolutions",
        "LocationName": "Temp"
      }
    },
    {
      "LogName": "Sig Sprites RSV Ember",
      "Action": "EditImage",
      "Target": "Characters/Sigurd",
      "FromFile": "assets/Characters/Sigurd/sigurd_winterstar.png",
      "Update": "OnLocationChange",
      "When": {
        "DayEvent": "Ember of Resolutions",
        "LocationName": "Temp"
      }
    },
    //Sondra
    {
      "LogName": "Son Portrait RSV Ember",
      "Action": "EditImage",
      "Target": "Portraits/Sondra",
      "FromFile": "assets/Portraits/Sondra/sondra_winterstar.png",
      "Update": "OnLocationChange",
      "When": {
        "DayEvent": "Ember of Resolutions",
        "LocationName": "Temp"
      }
    },
    {
      "LogName": "Son Sprites RSV Ember",
      "Action": "EditImage",
      "Target": "Characters/Sondra",
      "FromFile": "assets/Characters/Sondra/sondra_winterstar.png",
      "Update": "OnLocationChange",
      "When": {
        "DayEvent": "Ember of Resolutions",
        "LocationName": "Temp"
      }
    },
    //Gunnar
    {
      "LogName": "Gun Portrait RSV Ember",
      "Action": "EditImage",
      "Target": "Portraits/Gunnar",
      "FromFile": "assets/Portraits/Gunnar/gunnar_winterstar.png",
      "Update": "OnLocationChange",
      "When": {
        "DayEvent": "Ember of Resolutions",
        "LocationName": "Temp"
      }
    },
    {
      "LogName": "Gun Sprites RSV Ember",
      "Action": "EditImage",
      "Target": "Characters/Gunnar",
      "FromFile": "assets/Characters/Gunnar/gunnar_winterstar.png",
      "Update": "OnLocationChange",
      "When": {
        "DayEvent": "Ember of Resolutions",
        "LocationName": "Temp"
      }
    },
    //Gudrun
    {
      "LogName": "Gud Portrait RSV Ember",
      "Action": "EditImage",
      "Target": "Portraits/Gudrun",
      "FromFile": "assets/Portraits/Gudrun/gudrun_winterstar.png",
      "Update": "OnLocationChange",
      "When": {
        "DayEvent": "Ember of Resolutions",
        "LocationName": "Temp"
      }
    },
    {
      "LogName": "Gud Sprites RSV Ember",
      "Action": "EditImage",
      "Target": "Characters/Gudrun",
      "FromFile": "assets/Characters/Gudrun/gudrun_winterstar.png",
      "Update": "OnLocationChange",
      "When": {
        "DayEvent": "Ember of Resolutions",
        "LocationName": "Temp"
      }
    },
    

    //RSV Gathering Festival

    {
      "LogName": "Sig Portrait RSV Gather",
      "Action": "EditImage",
      "Target": "Portraits/Sigurd",
      "FromFile": "assets/Portraits/Sigurd/sigurd_sdvfair.png",
      "Update": "OnLocationChange",
      "When": {
        "DayEvent": "Ridgeside Gathering",
        "LocationName": "Temp"
      }
    },
    {
      "LogName": "Sig Sprites RSV Gather",
      "Action": "EditImage",
      "Target": "Characters/Sigurd",
      "FromFile": "assets/Characters/Sigurd/sigurd_sdvfair.png",
      "Update": "OnLocationChange",
      "When": {
        "DayEvent": "Ridgeside Gathering",
        "LocationName": "Temp"
      }
    },
    //Sondra
    {
      "LogName": "Son Portrait RSV Gather",
      "Action": "EditImage",
      "Target": "Portraits/Sondra",
      "FromFile": "assets/Portraits/Sondra/sondra_sdvfair.png",
      "Update": "OnLocationChange",
      "When": {
        "DayEvent": "Ridgeside Gathering",
        "LocationName": "Temp"
      }
    },
    {
      "LogName": "Son Sprites RSV Gather",
      "Action": "EditImage",
      "Target": "Characters/Sondra",
      "FromFile": "assets/Characters/Sondra/sondra_sdvfair.png",
      "Update": "OnLocationChange",
      "When": {
        "DayEvent": "Ridgeside Gathering",
        "LocationName": "Temp"
      }
    },
    //Gunnar
    {
      "LogName": "Gun Portrait RSV Gather",
      "Action": "EditImage",
      "Target": "Portraits/Gunnar",
      "FromFile": "assets/Portraits/Gunnar/gunnar_sdvfair.png",
      "Update": "OnLocationChange",
      "When": {
        "DayEvent": "Ridgeside Gathering",
        "LocationName": "Temp"
      }
    },
    {
      "LogName": "Gun Sprites RSV Gather",
      "Action": "EditImage",
      "Target": "Characters/Gunnar",
      "FromFile": "assets/Characters/Gunnar/gunnar_sdvfair.png",
      "Update": "OnLocationChange",
      "When": {
        "DayEvent": "Ridgeside Gathering",
        "LocationName": "Temp"
      }
    },
    //Gudrun
    {
      "LogName": "Gud Portrait RSV Gather",
      "Action": "EditImage",
      "Target": "Portraits/Gudrun",
      "FromFile": "assets/Portraits/Gudrun/gudrun_sdvfair.png",
      "Update": "OnLocationChange",
      "When": {
        "DayEvent": "Ridgeside Gathering",
        "LocationName": "Temp"
      }
    },
    {
      "LogName": "Gud Sprites RSV Gather",
      "Action": "EditImage",
      "Target": "Characters/Gudrun",
      "FromFile": "assets/Characters/Gudrun/gudrun_sdvfair.png",
      "Update": "OnLocationChange",
      "When": {
        "DayEvent": "Ridgeside Gathering",
        "LocationName": "Temp"
      }
    }*/
  ]
}