{
  "Changes": [
    {
      "LogName": "Gift Tastes for Vanilla",
      "Action": "EditData",
      "Target": "Data/NPCGiftTastes",
      "TextOperations": [

        {
          "Operation": "Append",
          "Target": [
            "Entries",
            "Universal_Hate"
          ],
          "Value": "MadDog.HashtagBearFam_PumpkinJoja MadDog.HashtagBearFam_PeachJoja MadDog.HashtagBearFam_FerskenPeach_PotentMead MadDog.HashtagBearFam_JojaFloat MadDog.HashtagBearFam_Honey_OldFashioned MadDog.HashtagBearFam_Citrus_City_Gin_Sour MadDog.HashtagBearFam_Zuzu_Mule MadDog.HashtagBearFam_FerskenPeach_Mead_Tankard MadDog.HashtagBearFam_FerskenPeach_Mead ",
          "Delimiter": " "
        },
        {
          "Operation": "Append",
          "Target": [
            "Entries",
            "Universal_Dislike"
          ],
          "Value": "MadDog.HashtagBearFam_GunnarThirdPotion MadDog.HashtagBearFam_GunnarPerfectPotion MadDog.HashtagBearFam_GunnarPhoenixDown MadDog.HashtagBearFam_GunnarRemedyAll MadDog.HashtagBearFam_NineHerbsCharm MadDog.HashtagBearFam_GunnarBadPotion MadDog.HashtagBearFam_GunnarFirstPotion MadDog.HashtagBearFam_GunnarMysteryPotion MadDog.HashtagBearFam_GunnarSecondPotion MadDog.HashtagBearFam_GunnarWeirdPotion MadDog.HashtagBearFam_RegenPotions_GreatGospelPotion MadDog.HashtagBearFam_RegenPotions_AngelWingPotion MadDog.HashtagBearFam_RegenPotions_TidesofFatePotion MadDog.HashtagBearFam_RegenPotions_FreeEnergyPotion MadDog.HashtagBearFam_RegenPotions_FantasiaPotion MadDog.HashtagBearFam_RegenPotions_DigitalMindWavePotion MadDog.HashtagBearFam_RegenPotions_GlaiveArtsPotion MadDog.HashtagBearFam_RegenPotions_NordswainsGlowPotion MadDog.HashtagBearFam_Krakenling MadDog.HashtagBearFam_Lyngbakr MadDog.HashtagBearFam_Hafgufa MadDog.HashtagBearFam_Jojellyfish MadDog.HashtagBearFam_Colacrab MadDog.HashtagBearFam_StoneBrambleSeed ",
          "Delimiter": " "
        },
        {
          "Operation": "Append",
          "Target": [
            "Entries",
            "Universal_Neutral"
          ],
          "Value": "MadDog.HashtagBearFam_HoneyWheatBread MadDog.HashtagBearFam_SesameBrownBread MadDog.HashtagBearFam_TerenRecipes MadDog.HashtagBearFam_BearRecipes MadDog.HashtagBearFam_GunnarRecipes MadDog.HashtagBearFam_SondraRecipes MadDog.HashtagBearFam_StoneBrambleBerry MadDog.HashtagBearFam_TerenBakes_ButtermilkCrescentRoll ",
          "Delimiter": " "
        }, /*,
        {
          "Operation": "Append",
          "Target": [
            "Entries",
            "Universal_Like"
          ],
          "Value": "MadDog.HashtagBearFam_FerskenPeach_Honey MadDog.HashtagBearFam_FerskenPeach_Mead_Tankard MadDog.HashtagBearFam_FerskenPeach_Mead MadDog.HashtagBearFam_BrazierSecretAlfredo MadDog.HashtagBearFam_SondraAutumnCookie MadDog.HashtagBearFam_SondraSpringtimeShortbread MadDog.HashtagBearFam_SondraWinterBar MadDog.HashtagBearFam_SondraSummerCake MadDog.HashtagBearFam_TriangleGrilledCheese MadDog.HashtagBearFam_GudrunPerfectRamen MadDog.HashtagBearFam_GunnarPerfectRamen MadDog.HashtagBearFam_SondraPerfectRamen MadDog.HashtagBearFam_SigurdPerfectRamen MadDog.HashtagBearFam_FerskenPeachCobbler MadDog.HashtagBearFam_SlicedPeaches MadDog.HashtagBearFam_CornbreadMuffins MadDog.HashtagBearFam_BananaBread MadDog.HashtagBearFam_RoseCupcakes MadDog.HashtagBearFam_TTBrownies MadDog.HashtagBearFam_FerskenPeach MadDog.HashtagBearFam_HoneyCakes MadDog.HashtagBearFam_FerskenPeach_GingerBeer MadDog.HashtagBearFam_StoneBrambleBerry_GingerBeer MadDog.HashtagBearFam_StoneBrambleJam MadDog.HashtagBearFam_BrambleBerryPie MadDog.HashtagBearFam_DronningMaud MadDog.HashtagBearFam_TerenBakes_CookiesnCremeCake MadDog.HashtagBearFam_TerenBakes_RainbowChipCookies MadDog.HashtagBearFam_TerenBakes_ApricotDonut MadDog.HashtagBearFam_TerenBakes_DecadentCheesecake MadDog.HashtagBearFam_TerenBakes_ZuzuPretzel MadDog.HashtagBearFam_TerenBakes_HazelnutCroissant  MadDog.HashtagBearFam_TerenBakes_CaramelFlan MadDog.HashtagBearFam_TerenBakes_RedVelvetCookie MadDog.HashtagBearFam_TerenBakes_CherryLayerCake MadDog.HashtagBearFam_TerenBakes_CinnaSpiceRoll MadDog.HashtagBearFam_TerenBakes_PomegranateEclair MadDog.HashtagBearFam_TerenBakes_PDFruitScone MadDog.HashtagBearFam_TerenBakes_RainbowCake MadDog.HashtagBearFam_TerenBakes_SpringMacarons MadDog.HashtagBearFam_TerenBakes_SummerCakePopsicle MadDog.HashtagBearFam_TerenBakes_WinterGingerBread MadDog.HashtagBearFam_TerenBakes_AutumnPumpkinCookie MadDog.HashtagBearFam_TerenBakes_WildPlumDonut MadDog.HashtagBearFam_Raspberry_Flavored_Coffee MadDog.HashtagBearFam_Blueberry_Flavored_Coffee MadDog.HashtagBearFam_Caramel_Flavored_Coffee MadDog.HashtagBearFam_Chocolate_Flavored_Coffee ",
          "Delimiter": " "
        },*/


        //specifics

        {
          "Operation": "Append",
          "Target": [
            "Fields",
            "Sam",
            3 //like
          ],
          "Value": "MadDog.HashtagBearFam_PumpkinJoja MadDog.HashtagBearFam_PeachJoja MadDog.HashtagBearFam_JojaFloat ",
          "Delimiter": " "
        },

        {
          "Operation": "Append", ///SVEIFY?
          "Target": [
            "Fields",
            "Wizard",
            3 //like
          ],
          "Value": "MadDog.HashtagBearFam_GunnarPerfectPotion MadDog.HashtagBearFam_GunnarPhoenixDown MadDog.HashtagBearFam_GunnarRemedyAll MadDog.HashtagBearFam_NineHerbsCharm MadDog.HashtagBearFam_RegenPotions_GreatGospelPotion MadDog.HashtagBearFam_RegenPotions_AngelWingPotion MadDog.HashtagBearFam_RegenPotions_TidesofFatePotion MadDog.HashtagBearFam_RegenPotions_FreeEnergyPotion MadDog.HashtagBearFam_RegenPotions_FantasiaPotion MadDog.HashtagBearFam_RegenPotions_DigitalMindWavePotion MadDog.HashtagBearFam_RegenPotions_GlaiveArtsPotion MadDog.HashtagBearFam_RegenPotions_NordswainsGlowPotion MadDog.HashtagBearFam_GunnarRecipes ",
          "Delimiter": " "
        },
        {
          "Operation": "Append",
          "Target": [
            "Fields",
            "Leah",
            7 //hate
          ],
          "Value": "MadDog.HashtagBearFam_HoneyWheatBread MadDog.HashtagBearFam_SesameBrownBread MadDog.HashtagBearFam_TerenBakes_ButtermilkCrescentRoll ",
          "Delimiter": " "
        },
        {
          "Operation": "Append",
          "Target": [
            "Fields",
            "Harvey",
            3 //like
          ],
          "Value": "MadDog.HashtagBearFam_StoneBrambleBerry ",
          "Delimiter": " "
        },
        {
          "Operation": "Append",
          "Target": [
            "Fields",
            "Leah",
            3 //like
          ],
          "Value": "MadDog.HashtagBearFam_StoneBrambleBerry ",
          "Delimiter": " "
        },
        {
          "Operation": "Append",
          "Target": [
            "Fields",
            "Linus",
            3 //like
          ],
          "Value": "MadDog.HashtagBearFam_StoneBrambleBerry ",
          "Delimiter": " "
        },
        {
          "Operation": "Append",
          "Target": [
            "Fields",
            "Willy",
            9 //neutral
          ],
          "Value": "MadDog.HashtagBearFam_Krakenling MadDog.HashtagBearFam_Lyngbakr MadDog.HashtagBearFam_Hafgufa MadDog.HashtagBearFam_Jojellyfish MadDog.HashtagBearFam_Colacrab ",
          "Delimiter": " "
        },
        {
          "Operation": "Append",
          "Target": [
            "Fields",
            "Demetrius",
            9 //neutral
          ],
          "Value": "MadDog.HashtagBearFam_Krakenling MadDog.HashtagBearFam_Lyngbakr MadDog.HashtagBearFam_Hafgufa MadDog.HashtagBearFam_Jojellyfish MadDog.HashtagBearFam_Colacrab ",
          "Delimiter": " "
        },
        {
          "Operation": "Append",
          "Target": [
            "Fields",
            "Demetrius",
            1 //love
          ],
          "Value": "MadDog.HashtagBearFam_GunnarRecipes MadDog.HashtagBearFam_DronningMaud ", //MadDog.HashtagBearFam_DronningMaud
          "Delimiter": " "
        },
        {
          "Operation": "Append",
          "Target": [
            "Fields",
            "Sebastian",
            9 //neutral
          ],
          "Value": "MadDog.HashtagBearFam_Krakenling MadDog.HashtagBearFam_Lyngbakr MadDog.HashtagBearFam_Hafgufa MadDog.HashtagBearFam_Jojellyfish MadDog.HashtagBearFam_Colacrab ",
          "Delimiter": " "
        },
        {
          "Operation": "Append",
          "Target": [
            "Fields",
            "Leo",
            9 //neutral
          ],
          "Value": "MadDog.HashtagBearFam_Krakenling MadDog.HashtagBearFam_Lyngbakr MadDog.HashtagBearFam_Hafgufa MadDog.HashtagBearFam_Jojellyfish MadDog.HashtagBearFam_Colacrab ",
          "Delimiter": " "
        },
        {
          "Operation": "Append",
          "Target": [
            "Fields",
            "Linus",
            9 //neutral
          ],
          "Value": "MadDog.HashtagBearFam_Krakenling MadDog.HashtagBearFam_Lyngbakr MadDog.HashtagBearFam_Hafgufa MadDog.HashtagBearFam_Jojellyfish MadDog.HashtagBearFam_Colacrab ",
          "Delimiter": " "
        },
        {
          "Operation": "Append",
          "Target": [
            "Fields",
            "Elliott",
            9 //neutral
          ],
          "Value": "MadDog.HashtagBearFam_Lyngbakr MadDog.HashtagBearFam_Hafgufa MadDog.HashtagBearFam_Jojellyfish MadDog.HashtagBearFam_Colacrab ",
          "Delimiter": " "
        },
        {
          "Operation": "Append",
          "Target": [
            "Fields",
            "Elliott",
            3 //like
          ],
          "Value": "MadDog.HashtagBearFam_Krakenling ",
          "Delimiter": " "
        },
        {
          "Operation": "Append",
          "Target": [
            "Fields",
            "Pam",
            9 //neutral
          ],
          "Value": "MadDog.HashtagBearFam_Krakenling MadDog.HashtagBearFam_Lyngbakr MadDog.HashtagBearFam_Hafgufa MadDog.HashtagBearFam_Jojellyfish MadDog.HashtagBearFam_Colacrab MadDog.HashtagBearFam_PumpkinJoja MadDog.HashtagBearFam_PeachJoja MadDog.HashtagBearFam_JojaFloat ",
          "Delimiter": " "
        },
        {
          "Operation": "Append",
          "Target": [
            "Fields",
            "Clint",
            1 //love
          ],
          "Value": "MadDog.HashtagBearFam_GunnarRecipes ",
          "Delimiter": " "
        },

        {
          "Operation": "Append",
          "Target": [
            "Fields",
            "Emily",
            1 //love
          ],
          "Value": "MadDog.HashtagBearFam_GunnarRecipes ",
          "Delimiter": " "
        },
        {
          "Operation": "Append",
          "Target": [
            "Fields",
            "Jas",
            5 //dislike
          ],
          "Value": "MadDog.HashtagBearFam_StoneBrambleBerry ",
          "Delimiter": " "
        },
        {
          "Operation": "Append",
          "Target": [
            "Fields",
            "Robin",
            3 //like
          ],
          "Value": "MadDog.HashtagBearFam_FerskenPeach_PotentMead ",
          "Delimiter": " "
        },

        {
          "Operation": "Append",
          "Target": [
            "Fields",
            "Sebastian",
            7 //hate
          ],
          "Value": "MadDog.HashtagBearFam_FerskenPeach_Honey MadDog.HashtagBearFam_FerskenPeach_Mead_Tankard MadDog.HashtagBearFam_FerskenPeach_Mead MadDog.HashtagBearFam_StoneBrambleJam ",
          "Delimiter": " "
        },
        {
          "Operation": "Append",
          "Target": [
            "Fields",
            "Maru",
            7 //hate
          ],
          "Value": "MadDog.HashtagBearFam_FerskenPeach_Honey ",
          "Delimiter": " "
        },
        {
          "Operation": "Append",
          "Target": [
            "Fields",
            "Gus",
            1 //love
          ],
          "Value": "MadDog.HashtagBearFam_TerenRecipes MadDog.HashtagBearFam_BearRecipes MadDog.HashtagBearFam_SondraRecipes ",
          "Delimiter": " "
        },
        {
          "Operation": "Append",
          "Target": [
            "Fields",
            "Pam",
            1 //love
          ],
          "Value": "MadDog.HashtagBearFam_FerskenPeach_Mead_Tankard MadDog.HashtagBearFam_FerskenPeach_Mead MadDog.HashtagBearFam_Honey_OldFashioned MadDog.HashtagBearFam_Zuzu_Mule MadDog.HashtagBearFam_Citrus_City_Gin_Sour ",
          "Delimiter": " "
        },
        {
          "Operation": "Append",
          "Target": [
            "Fields",
            "Willy",
            1 //love
          ],
          "Value": "MadDog.HashtagBearFam_FerskenPeach_Mead_Tankard MadDog.HashtagBearFam_FerskenPeach_Mead MadDog.HashtagBearFam_Honey_OldFashioned MadDog.HashtagBearFam_Zuzu_Mule MadDog.HashtagBearFam_Citrus_City_Gin_Sour ",
          "Delimiter": " "
        },
        {
          "Operation": "Append",
          "Target": [
            "Fields",
            "Jas",
            7 //hate
          ],
          "Value": "MadDog.HashtagBearFam_FerskenPeach_Mead_Tankard MadDog.HashtagBearFam_FerskenPeach_Mead MadDog.HashtagBearFam_Honey_OldFashioned MadDog.HashtagBearFam_Zuzu_Mule MadDog.HashtagBearFam_Citrus_City_Gin_Sour ",
          "Delimiter": " "
        },
        {
          "Operation": "Append",
          "Target": [
            "Fields",
            "Penny",
            7 //hate
          ],
          "Value": "MadDog.HashtagBearFam_FerskenPeach_Mead_Tankard MadDog.HashtagBearFam_FerskenPeach_Mead MadDog.HashtagBearFam_Honey_OldFashioned MadDog.HashtagBearFam_Zuzu_Mule MadDog.HashtagBearFam_Citrus_City_Gin_Sour ",
          "Delimiter": " "
        },
        {
          "Operation": "Append",
          "Target": [
            "Fields",
            "Leo",
            7 //hate
          ],
          "Value": "MadDog.HashtagBearFam_FerskenPeach_Mead_Tankard MadDog.HashtagBearFam_FerskenPeach_Mead MadDog.HashtagBearFam_Honey_OldFashioned MadDog.HashtagBearFam_Zuzu_Mule MadDog.HashtagBearFam_Citrus_City_Gin_Sour ",
          "Delimiter": " "
        },
        {
          "Operation": "Append",
          "Target": [
            "Fields",
            "Vincent",
            7 //hate
          ],
          "Value": "MadDog.HashtagBearFam_FerskenPeach_Mead_Tankard MadDog.HashtagBearFam_FerskenPeach_Mead MadDog.HashtagBearFam_Honey_OldFashioned MadDog.HashtagBearFam_Zuzu_Mule MadDog.HashtagBearFam_Citrus_City_Gin_Sour ",
          "Delimiter": " "
        },
        {
          "Operation": "Append",
          "Target": [
            "Fields",
            "George",
            1 //love
          ],
          "Value": "MadDog.HashtagBearFam_SigurdPerfectRamen ",
          "Delimiter": " "
        },
        {
          "Operation": "Append",
          "Target": [
            "Fields",
            "Shane",
            1 //love
          ],
          "Value": "MadDog.HashtagBearFam_SigurdPerfectRamen ",
          "Delimiter": " "
        },
        {
          "Operation": "Append",
          "Target": [
            "Fields",
            "Abigail",
            1 //love
          ],
          "Value": "MadDog.HashtagBearFam_TTBrownies MadDog.HashtagBearFam_BrambleBerryPie ",
          "Delimiter": " "
        },
        {
          "Operation": "Append",
          "Target": [
            "Fields",
            "Evelyn",
            1 //love
          ],
          "Value": "MadDog.HashtagBearFam_TTBrownies ",
          "Delimiter": " "
        },
        {
          "Operation": "Append",
          "Target": [
            "Fields",
            "Jodi",
            1 //love
          ],
          "Value": "MadDog.HashtagBearFam_TTBrownies MadDog.HashtagBearFam_TerenRecipes ",
          "Delimiter": " "
        },
        {
          "Operation": "Append",
          "Target": [
            "Fields",
            "Caroline",
            1 //love
          ],
          "Value": "MadDog.HashtagBearFam_TTBrownies MadDog.HashtagBearFam_TerenRecipes ",
          "Delimiter": " "
        },
        {
          "Operation": "Append",
          "Target": [
            "Fields",
            "Haley",
            1 //love
          ],
          "Value": "MadDog.HashtagBearFam_RoseCupcakes ",
          "Delimiter": " "
        },
        {
          "Operation": "Append",
          "Target": [
            "Fields",
            "Jas",
            1 //love
          ],
          "Value": "MadDog.HashtagBearFam_RoseCupcakes ",
          "Delimiter": " "
        },
        {
          "Operation": "Append",
          "Target": [
            "Fields",
            "Marnie",
            1 //love
          ],
          "Value": "MadDog.HashtagBearFam_RoseCupcakes ",
          "Delimiter": " "
        },
        {
          "Operation": "Append",
          "Target": [
            "Fields",
            "Vincent",
            1 //love
          ],
          "Value": "MadDog.HashtagBearFam_RoseCupcakes ",
          "Delimiter": " "
        }
      ]
    },
    {
      "LogName": "Gift Tastes for SVE - Marlon & Andy",
      "Action": "EditData",
      "When": {
        "HasMod": "FlashShifter.StardewValleyExpandedCP"
      },
      "Target": "Data/NPCGiftTastes",
      "TextOperations": [
        {
          "Operation": "Append",
          "Target": [
            "Fields",
            "MarlonFay",
            3 //like
          ],
          "Value": "MadDog.HashtagBearFam_GunnarPerfectPotion MadDog.HashtagBearFam_GunnarPhoenixDown MadDog.HashtagBearFam_GunnarRemedyAll MadDog.HashtagBearFam_NineHerbsCharm MadDog.HashtagBearFam_RegenPotions_GreatGospelPotion MadDog.HashtagBearFam_RegenPotions_AngelWingPotion MadDog.HashtagBearFam_RegenPotions_TidesofFatePotion MadDog.HashtagBearFam_RegenPotions_FreeEnergyPotion MadDog.HashtagBearFam_RegenPotions_FantasiaPotion MadDog.HashtagBearFam_RegenPotions_DigitalMindWavePotion MadDog.HashtagBearFam_RegenPotions_GlaiveArtsPotion MadDog.HashtagBearFam_RegenPotions_NordswainsGlowPotion ",
          "Delimiter": " "
        },
        {
          "Operation": "Append",
          "Target": [
            "Fields",
            "Andy",
            3 //like
          ],
          "Value": "MadDog.HashtagBearFam_PumpkinJoja MadDog.HashtagBearFam_PeachJoja MadDog.HashtagBearFam_FerskenPeach_PotentMead MadDog.HashtagBearFam_JojaFloat MadDog.HashtagBearFam_Honey_OldFashioned MadDog.HashtagBearFam_Citrus_City_Gin_Sour MadDog.HashtagBearFam_Zuzu_Mule MadDog.HashtagBearFam_FerskenPeach_Mead_Tankard MadDog.HashtagBearFam_FerskenPeach_Mead ",
          "Delimiter": " "
        }
      ]
    },
    {
      "LogName": "Gift Tastes for SVE - Lance",
      "Action": "EditData",
      "When": {
        "HasMod": "FlashShifter.StardewValleyExpandedCP",
        "HasSeenEvent": "6951319"
      },
      "Target": "Data/NPCGiftTastes",
      "TextOperations": [
        {
          "Operation": "Append",
          "Target": [
            "Fields",
            "Lance",
            3 //like
          ],
          "Value": "MadDog.HashtagBearFam_GunnarPerfectPotion MadDog.HashtagBearFam_GunnarPhoenixDown MadDog.HashtagBearFam_GunnarRemedyAll MadDog.HashtagBearFam_NineHerbsCharm MadDog.HashtagBearFam_RegenPotions_GreatGospelPotion MadDog.HashtagBearFam_RegenPotions_AngelWingPotion MadDog.HashtagBearFam_RegenPotions_TidesofFatePotion MadDog.HashtagBearFam_RegenPotions_FreeEnergyPotion MadDog.HashtagBearFam_RegenPotions_FantasiaPotion MadDog.HashtagBearFam_RegenPotions_DigitalMindWavePotion MadDog.HashtagBearFam_RegenPotions_GlaiveArtsPotion MadDog.HashtagBearFam_RegenPotions_NordswainsGlowPotion ",
          "Delimiter": " "
        }
      ]
    },
    {
      "LogName": "Marlon v Potion",
      "Action": "EditData",
      "Target": "Characters/Dialogue/MarlonFay",
      "When": {
        "HasMod": "FlashShifter.StardewValleyExpandedCP"
      },
      "Entries": {
        "AcceptGift_gunnar_potion_item": "{{i18n:Marlon.AboutGunnarPotions}}"
      }
    },
    {
      "LogName": "Lance v Potion",
      "Action": "EditData",
      "Target": "Characters/Dialogue/Lance",
      "When": {
        "HasMod": "FlashShifter.StardewValleyExpandedCP",
        "HasSeenEvent": "6951319"
      },
      "Entries": {
        "AcceptGift_gunnar_potion_item": "{{i18n:Lance.AboutGunnarPotions}}"
      }
    },
    {
      "LogName": "Wizard v Potion",
      "Action": "EditData",
      "Target": "Characters/Dialogue/Wizard",
      "Entries": {
        "AcceptGift_gunnar_potion_item": "{{i18n:Wizard.AboutGunnarPotions}}"
      }
    },
    {
      "LogName": "Robin",
      "Action": "EditData",
      "Target": "Characters/Dialogue/Robin",
      "Entries": {
        "AcceptGift_(O)MadDog.HashtagBearFam_FerskenPeach_PotentMead": "{{i18n:RobinLikeFPPotentMead}}"
      }
    },
    {
      "LogName": "Jodi",
      "Action": "EditData",
      "Target": "Characters/Dialogue/Jodi",
      "Entries": {
        "AcceptGift_bearfam_recipe_book_item": "{{i18n:BearFam.Gifts.Jodi}}"
      }
    },
    {
      "LogName": "Caroline",
      "Action": "EditData",
      "Target": "Characters/Dialogue/Caroline",
      "Entries": {
        "AcceptGift_bearfam_recipe_book_item": "{{i18n:BearFam.Gifts.Caroline}}"
      }
    },
    {
      "LogName": "Gus",
      "Action": "EditData",
      "Target": "Characters/Dialogue/Gus",
      "Entries": {
        "AcceptGift_bearfam_recipe_book_item": "{{i18n:BearFam.Gifts.Gus}}"
      }
    },
    {
      "LogName": "Demetrius",
      "Action": "EditData",
      "Target": "Characters/Dialogue/Demetrius",
      "Entries": {
        "AcceptGift_(O)MadDog.HashtagBearFam_GunnarRecipes": "{{i18n:BearFam.Gifts.Demetrius}}"
      }
    }
  ]
}