{
  "Changes": [
    //hat test zone
    {
      "LogName": "Create Hats",
      "Action": "EditData",
      "Target": "Data/Hats",
      "Entries": {
        "MadDog.HashtagBearFam_VikingHelmet": "MadDog.HashtagBearFam_VikingHelmet/{{i18n:MadDog.HashtagBearFam.VikingHelmet.Description}}/false/true//{{i18n:MadDog.HashtagBearfam.VikingHelmet}}/0/Mods\\MadDogBearFam\\Hats",
        "MadDog.HashtagBearFam_LawmanStetson": "MadDog.HashtagBearFam_LawmanStetson/{{i18n:MadDog.HashtagBearFam.LawmanStetson.Description}}/false/true//{{i18n:MadDog.HashtagBearFam.LawmanStetson}}/1/Mods\\MadDogBearFam\\Hats"
      }
    },
    {
      "LogName": "Load Hat asset",
      "Action": "Load",
      "Target": "Mods/MadDogBearFam/Hats",
      "FromFile": "Assets/MadDog.BearFam_Hats.png"
    }
  ]
}