{
    "Changes": [
      {
        "Action": "EditData",
        "Target": "Data/JukeboxTracks",
        "Entries": {
          "MadDog.HashtagBearFam_SondraTheme": {
            "Name": "{{i18n:MadDog.HashtagBearFam_SondraThemeTitle}}",
            "Available": null
          },
          "MadDog.HashtagBearFam_TheBearFamilyDen": {
            "Name": "{{i18n:MadDog.HashtagBearFam_TheBearFamilyDenTitle}}",
            "Available": null
          },
          "MadDog.HashtagBearFam_TheManorOnMadisonStreet": {
            "Name": "{{i18n:MadDog.HashtagBearFam_TheManorOnMadisonStreetTitle}}",
            "Available": null
          },
          "MadDog.HashtagBearFam_TheKraken": {
            "Name": "{{i18n:MadDog.HashtagBearFam_TheKrakenTitle}}",
            "Available": null
          },
          "MadDog.HashtagBearFam_SondraThemeSamVersion": {
            "Name": "{{i18n:MadDog.HashtagBearFam_SondraThemeSamVersionTitle}}",
            "Available": null
          },
          "MadDog.HashtagBearFam_BotBSongA": {
            "Name": "{{i18n:MadDog.HashtagBearFam_BotBSongATitle}}",
            "Available": null
          },
          "MadDog.HashtagBearFam_BotBSongB": {
            "Name": "{{i18n:MadDog.HashtagBearFam_BotBSongBTitle}}",
            "Available": null
          },
          "MadDog.HashtagBearFam_TerenTheme": {
            "Name": "{{i18n:MadDog.HashtagBearFam_TerenThemeTitle}}",
            "Available": null
          },
          "MadDog.HashtagBearFam_GudrunTheme": {
            "Name": "{{i18n:MadDog.HashtagBearFam_GudrunThemeTitle}}",
            "Available": null
          },
          "MadDog.HashtagBearFam_GunnarTheme": {
            "Name": "{{i18n:MadDog.HashtagBearFam_GunnarThemeTitle}}",
            "Available": null
          }

        }
      }
    ]
}