{
  "Changes": [
    //Map Strings
    {
      "LogName": "Map Strings",
      "Action": "EditData",
      "Target": "Strings/StringsFromMaps",
      "Entries": {

        //Sigurd Room

        "SigPhotos1": "{{i18n:StringsLodgeSigPhotos1}}",
        "SigPhotos2": "{{i18n:StringsLodgeSigPhotos2}}",
        "SigPennant": "{{i18n:StringsLodgeSigPennant}}",
        "SigTrunk": "{{i18n:StringsLodgeSigTrunk}}",
        "SigBoots": "{{i18n:StringsLodgeSigBoots}}",
        "SigFootlocker": "{{i18n:StringsLodgeSigFootlocker}}",
        "SigHelmet": "{{i18n:StringsLodgeSigHelmet}}",
        "SigGridball": "{{i18n:StringsLodgeSigGridball}}",
        "SigPC": "{{i18n:StringsLodgeSigPC}}",
        "SigReminder": "{{i18n:StringsLodgeSigReminder}}",
        "SigHoney2": "{{i18n:StringsLodgeSigHoney2}}",
        "SigHighSchoolBox": "{{i18n:StringsLodgeSigPoetryBox}}",
        "SigCollegeBox": "{{i18n:StringsLodgeSigCollegeBox}}",
        "SigMeds": "{{i18n:StringsLodgeSigMeds}}",
        "SigPoetryBook": "{{i18n:StringsLodgeSigPoetryBook}}",
        "SigBookshelves": "{{i18n:StringsLodgeSigBookshelves}}",

        //Gunnar Room

        "GunPoster": "{{i18n:StringsLodgeGunPoster}}",
        "GunPotion1": "{{i18n:StringsLodgeGunPotion1}}",
        "GunSwords": "{{i18n:StringsLodgeGunSwords}}",
        "GunTrials": "{{i18n:StringsLodgeGunTrials}}",
        "GunCandy": "{{i18n:StringsLodgeGunCandy}}",
        "GunPotions2": "{{i18n:StringsLodgeGunPotions2}}",
        "GunGear": "{{i18n:StringsLodgeGunGear}}",
        "GunShoes": "{{i18n:StringsLodgeGunShoes}}",
        "GunWedding": "{{i18n:StringsLodgeGunWedding.{{HasSeenEvent: |contains=MadDog.BearFam.16193010}}}}",
        "GunBear": "{{i18n:StringsLodgeGunBear}}",
        "GunPizza": "{{i18n:StringsLodgeGunPizza}}",
        "GunConsole1": "{{i18n:StringsLodgeGunConsole1}}",
        "GunConsole2": "{{i18n:StringsLodgeGunConsole2}}",

        "GunnarBadgeEarned": "{{i18n:StringsLodgeGunBadge}}",

        //Gudrun Room

        "GudrunShelf1": "{{i18n:StringsLodgeGudrunShelf1}}",
        "GudrunShelf2": "{{i18n:StringsLodgeGudrunShelf2}}",
        "GudrunBooks1": "{{i18n:StringsLodgeGudrunBooks1}}",
        "GudrunPearl": "{{i18n:StringsLodgeGudrunPearl}}",
        "GudrunBooks2": "{{i18n:StringsLodgeGudrunBooks2}}",
        "GudrunPC": "{{i18n:StringsLodgeGudrunPC}}",
        "GudrunShoes": "{{i18n:StringsLodgeGudrunShoes}}",
        "GudrunPlushie": "{{i18n:StringsLodgeGudrunPlushie}}",
        "GudrunBed": "{{i18n:StringsLodgeGudrunBed}}",
        "GudrunNote1": "{{i18n:StringsLodgeGudrunNote1}}",
        "GudrunDresser": "{{i18n:StringsLodgeGudrunDresser}}",
        "GudrunHomework": "{{i18n:StringsLodgeGudrunHomework}}",
        "GudrunVanity": "{{i18n:StringsLodgeGudrunVanity}}",
        "GudrunShark": "{{i18n:StringsLodgeGudrunShark}}",

        //Sondra Room

        "SondraPhoto": "{{i18n:StringsLodgeSondraPhoto}}",
        "SondraRadio": "{{i18n:StringsLodgeSondraRadio}}",
        "SondraStars": "{{i18n:StringsLodgeSondraStars}}",
        "SondraTypewriter": "{{i18n:StringsLodgeSondraTypewriter}}",
        "SondraPlant": "{{i18n:StringsLodgeSondraPlant}}",
        "SondraLetter": "{{i18n:StringsLodgeSondraLetter}}",
        "SondraMusicStand": "{{i18n:StringsLodgeSondraMusicStand}}",
        "SondraPiano": "{{i18n:StringsLodgeSondraPiano}}",
        "SondraBarbell": "{{i18n:StringsLodgeSondraBarbell}}",
        "SondraBooks": "{{i18n:StringsLodgeSondraBooks}}",
        "SondraTable": "{{i18n:StringsLodgeSondraTable}}",
        "SondraBed": "{{i18n:StringsLodgeSondraBed}}",
        "SondraDresser": "{{i18n:StringsLodgeSondraDresser}}",
        "SondraCloset": "{{i18n:StringsLodgeSondraCloset}}",
        "SondraLaptop": "{{i18n:StringsLodgeSondraLaptop}}",

        //Teren Room

        "TerenPoster": "{{i18n:StringsLodgeTerenPoster}}",
        "TerenHeadphones": "{{i18n:StringsLodgeTerenHeadphones}}",
        "TerenCups": "{{i18n:StringsLodgeTerenCups}}",
        "TerenComputer": "{{i18n:StringsLodgeTerenComputer}}",
        "TerenYoga": "{{i18n:StringsLodgeTerenYoga}}",
        "TerenRecord1": "{{i18n:StringsLodgeTerenRecordA{{Random:1++2++3++4|inputSeparator=++}}}}",
        "TerenRecord2": "{{i18n:StringsLodgeTerenRecordB{{Random:1++2++3++4|inputSeparator=++}}}}",
        "TerenRecordPlayer": "{{i18n:StringsLodgeTerenRecordPlayer}}",
        "TerenRecordBox": "{{i18n:StringsLodgeTerenRecordBox}}",
        "TerenSpeakers": "{{i18n:StringsLodgeTerenSpeakers}}",
        "TerenGrassCrown": "{{i18n:StringsLodgeTerenGrassCrown}}",

        //Bear Lodge

        "BearBreakfast": "{{i18n:StringsLodgeBearBreakfast}}",
        "BearBathroom1": "{{i18n:StringsLodgeBearBathroom1}}",
        "BearBathroom2": "{{i18n:StringsLodgeBearBathroom2.{{HasSeenEvent: |contains=MadDog.BearFam.16197002}}}}",
        "BearBulletin": "{{i18n:StringsLodgeBearBulletin.{{HasSeenEvent: |contains=MadDog.BearFam.16197002}}}}",
        "BearFamilyPhotos": "{{i18n:StringsLodgeBearFamilyPhotos.{{HasSeenEvent: |contains=MadDog.BearFam.16197002}}}}",
        "BearBlade": "{{i18n:StringsLodgeBearBlade.{{HasSeenEvent: |contains=MadDog.BearFam.16197002}}}}",
        "BearAxe": "{{i18n:StringsLodgeBearAxe}}",
        "BearYoba": "{{i18n:StringsLodgeBearYoba}}",
        "BearBooks1": "{{i18n:StringsLodgeBearBooks1}}",
        "BearBooks2": "{{i18n:StringsLodgeBearBooks2.{{HasSeenEvent: |contains=MadDog.BearFam.16197002}}}}",
        "BearBooks3": "{{i18n:StringsLodgeBearBooks3}}",
        "BearBooks4": "{{i18n:StringsLodgeBearBooks4}}",
        "BearShelving": "{{i18n:StringsLodgeBearShelving}}",
        "BearPlant": "{{i18n:StringsLodgeBearPlant}}",
        "BearRec1": "{{i18n:StringsLodgeBearRadio{{Random:1++2++3++4++5++6++7++8++9++10++11++12|inputSeparator=++}}}}",
        "BearRec2": "{{i18n:StringsLodgeBearRec2}}",
        "BearRec3": "{{i18n:StringsLodgeBearRec3.{{HasSeenEvent: |contains=MadDog.BearFam.16197002}}}}",
        "BearRec4": "{{i18n:StringsLodgeBearRec4.{{HasSeenEvent: |contains=MadDog.BearFam.16197002}}}}",
        "BearRec5": "{{i18n:StringsLodgeBearRec5}}",
        "BearLiving1": "{{i18n:StringsLodgeBearLiving1}}",
        "BearLiving2": "{{i18n:StringsLodgeBearLiving2}}",
        "BearLiving3": "{{i18n:StringsLodgeBearLiving3}}",
        "BearLiving4": "{{i18n:StringsLodgeBearLivingTV{{Random:1++2++3++4++5|inputSeparator=++}}}}",
        "BearLodgeGreenRain": "{{i18n:StringsLodgeBearLodgeGreenRain}}",
        "BearLiving5": "{{i18n:StringsLodgeBearLiving5}}",
        "BearLiving6": "{{i18n:StringsLodgeBearLiving6}}",
        "BearKitchen1": "{{i18n:StringsLodgeBearKitchen1}}",
        "BearKitchen2": "{{i18n:StringsLodgeBearKitchen2.{{HasSeenEvent: |contains=MadDog.BearFam.16197002}}}}",
        "BearKitchen3": "{{i18n:StringsLodgeBearKitchen3}}",
        "BearKitchen4": "{{i18n:StringsLodgeBearKitchen4.{{HasSeenEvent: |contains=MadDog.BearFam.16197002}}}}",
        "BearKitchen5": "{{i18n:StringsLodgeBearKitchen5}}",
        "BearKitchen6": "{{i18n:StringsLodgeBearKitchen6.{{HasSeenEvent: |contains=MadDog.BearFam.16197002}}}}",
        "BearKitchen7": "{{i18n:StringsLodgeBearKitchen7}}",
        "BearKitchen8": "{{i18n:StringsLodgeBearKitchen8}}",
        "BearKitchen9": "{{i18n:StringsLodgeBearKitchen9}}",
        "BearRunesA": "{{i18n:StringsLodgeBearRunesA}}",
        "BearRunesB": "{{i18n:StringsLodgeBearRunesB}}",
        "BearSign": "{{i18n:StringsLodgeBearSign}}",
        "BearMonster": "{{i18n:StringsLodgeBearMonster}}",
        "LodgeSpareRoom": "{{i18n:StringsBearFamSpareRoom}}",
        "BearSpecialBook1": "{{i18n:StringsBearFamSpecialBook1}}",
        "BearSpecialBook2": "{{i18n:StringsBearFamSpecialBook2}}",

        //BearLodgeCellar
        "BearLodgeGarden1": "{{i18n:StringsLodgeBearLodgeGarden1.{{Query: '{{Season}}' = 'winter'}}}}",
        "BearLodgePeach": "{{i18n:StringsLodgeBearLodgePeach}}",
        "BearLodgeHives1": "{{i18n:StringsLodgeBearLodgeHives1.{{Query: '{{Season}}' = 'winter'}}}}",
        "BearLodgeHives2": "{{i18n:StringsLodgeBearLodgeHives2.{{Query: '{{Season}}' = 'winter'}}}}",
        "BearLodgeHives3": "{{i18n:StringsLodgeBearLodgeHives3.{{Query: '{{Season}}' = 'winter'}}}}",
        "BearLodgeHoneyJar": "{{i18n:StringsLodgeBearLodgeHoneyJar}}",
        "BearLodgePeachBasket": "{{i18n:StringsLodgeBearLodgePeachBasket.{{Query: '{{Season}}' = 'winter'}}}}",
        "BearLodgeCola": "{{i18n:StringsLodgeBearLodgeCola}}",
        "BearLodgeGrave": "{{i18n:StringsLodgeBearLodgeGrave}}",
        "BearLodgeRecycleMachine": "{{i18n:StringsLodgeBearLodgeRecycleMachine.{{HasSeenEvent: |contains=MadDog.BearFam.16197002}}}}",
        "BearLodgeLodgeColumn1": "{{i18n:StringsLodgeBearLodgeColumn1}}",
        "BearLodgeLodgeColumn2": "{{i18n:StringsLodgeBearLodgeColumn2}}",
        "BearLodgeLodgeColumn3": "{{i18n:StringsLodgeBearLodgeColumn3}}",

        //SigSpouseRoom
        "SigSpousePhotosOld": "{{i18n:StringsSigSpousePhotosOld}}",
        "SigSpousePoetry": "{{i18n:StringsSigSpousePoetry{{Random:1++2++3|inputSeparator=++}}}}",
        "SigSpousePhotosNew": "{{i18n:StringsSigSpousePhotosNew}}",
        "SigSpouseBooks": "{{i18n:StringsSigSpouseBooks{{Random:1++2++3|inputSeparator=++}}}}",
        "SigSpouseVideoGames": "{{i18n:StringsSigSpouseVideoGames{{Random:1++2++3|inputSeparator=++}}}}",
        "SigSpouseAxe": "{{i18n:StringsSigSpouseAxe}}",
        "SigSpouseOldTVOptions": "{{i18n:StringsSigSpouseOldTVOptions{{Random:1++2++3|inputSeparator=++}}}}",
        "SigSpouseOldTVComfy": "{{i18n:StringsSigSpouseOldTVComfy.{{SigRomanceDialogueType}}.{{Random:1++2++3|inputSeparator=++}}}}",
        "SigSpouseFootlocker": "{{i18n:StringsSigSpouseFootlocker}}",

        //GunnarSpouseRoom
        "GunnarSpouseGameConsole": "{{i18n:StringsGunnarSpouseGameConsole{{Random:1++2++3|inputSeparator=++}}}}",
        "GunnarSpouseGameTime": "{{i18n:StringsGunnarSpouseGameTime{{Random:1++2++3|inputSeparator=++}}}}",
        "GunnarSpouseVideoGames": "{{i18n:StringsGunnarSpouseVideoGames{{Random:1++2++3|inputSeparator=++}}}}",
        "GunnarSpouseWeapons": "{{i18n:StringsGunnarSpouseWeapons}}",
        "GunnarSpouseSword": "{{i18n:StringsGunnarSpouseSword}}",
        "GunnarSpouseZuzuExpress": "{{i18n:StringsGunnarSpouseZuzuExpress}}",
        "GunnarSpouseExperiments": "{{i18n:StringsGunnarSpouseExperiments{{Random:1++2++3|inputSeparator=++}}}}",
        "GunnarSpouseBoots": "{{i18n:StringsGunnarSpouseBoots}}",
        "GunnarSpouseCouch": "{{i18n:StringsGunnarSpouseCouch.{{GunnarRomanceDialogueType}}}}",

        //TerenSpouseSpouseRoom
        "TerenSpouseFavoriteRecords": "{{i18n:StringsTerenSpouseFavoriteRecords{{Random:1++2++3|inputSeparator=++}}}}",
        "TerenSpouseMusicTastes": "{{i18n:StringsTerenSpouseMusicTastes}}",
        "TerenSpouseRecordPlayer": "{{i18n:StringsTerenSpouseRecordPlayer{{Random:1++2++3|inputSeparator=++}}}}",
        "TerenSpouseAssortedPhotos": "{{i18n:StringsTerenSpouseAssortedPhotos{{Random:1++2++3|inputSeparator=++}}}}",
        "TerenSpouseRecipeBook": "{{i18n:StringsTerenSpouseRecipeBook{{Random:1++2++3|inputSeparator=++}}}}",
        "TerenSpouseWorkLaptop": "{{i18n:StringsTerenSpouseWorkLaptop}}",
        "TerenSpouseYogaMat": "{{i18n:StringsTerenSpouseYogaMat.{{TerenRomanceDialogueType}}}}",
        "TerenSpouseSassyBed": "{{i18n:StringsTerenSpouseSassyBed}}",
        "TerenSpouseTidyUp": "{{i18n:StringsTerenSpouseTidyUp}}",

        //KrakenCave
        "BearCellarCaveIn": "{{i18n:StringsBearCellarCaveIn}}",

        //Visit the cave
        "KrakenCave1": "{{i18n:StringsBearKrakenCave.{{HasSeenEvent: |contains=MadDog.BearFam.16193011}}}}",

        //outside strings
        "MadDog.LodgeWaterPump": "{{i18n:MadDog.Lodge.WaterPump.{{Query: '{{Season}}' = 'winter'}}}}",
        "MadDog.LodgeWoodStump": "{{i18n:MadDog.Lodge.WoodStump}}",
        "MadDog.LodgeBearSign": "{{i18n:MadDog.Lodge.BearSign}}",

        //fish class
        "GudrunOnCampus.1": "{{i18n:GudrunOnCampus.Map.Message.1}}", //
        "GudrunOnCampus.2": "{{i18n:GudrunOnCampus.Map.Message.2}}", //
        "GudrunOnCampus.3": "{{i18n:GudrunOnCampus.Map.Message.3}}", //
        "GudrunOnCampus.4": "{{i18n:GudrunOnCampus.Map.Message.4}}", //
        "GudrunOnCampus.5": "{{i18n:GudrunOnCampus.Map.Message.5}}", //
        "GudrunOnCampus.6": "{{i18n:GudrunOnCampus.Map.Message.6}}", //
        "GudrunOnCampus.7": "{{i18n:GudrunOnCampus.Map.Message.7}}", // 
        "GudrunOnCampus.8": "{{i18n:GudrunOnCampus.Map.Message.8}}", //
        "GudrunOnCampus.9": "{{i18n:GudrunOnCampus.Map.Message.9}}", //
        "GudrunOnCampus.10": "{{i18n:GudrunOnCampus.Map.Message.10}}", //
        "GudrunOnCampus.11": "{{i18n:GudrunOnCampus.Map.Message.11}}", //
        "GudrunOnCampus.12": "{{i18n:GudrunOnCampus.Map.Message.12}}", //
        "GudrunOnCampus.13": "{{i18n:GudrunOnCampus.Map.Message.13}}", //
        "GudrunOnCampus.14": "{{i18n:GudrunOnCampus.Map.Message.14}}", //
        "GudrunOnCampus.15": "{{i18n:GudrunOnCampus.Map.Message.15}}", //
        "GudrunOnCampus.16": "{{i18n:GudrunOnCampus.Map.Message.16}}", //
        "GudrunOnCampus.17": "{{i18n:GudrunOnCampus.Map.Message.17}}", //
        "GudrunOnCampus.18": "{{i18n:GudrunOnCampus.Map.Message.18}}", //
        "GudrunOnCampus.19": "{{i18n:GudrunOnCampus.Map.Message.19}}", //
        "GudrunOnCampus.20": "{{i18n:GudrunOnCampus.Map.Message.20}}", //
        "GudrunOnCampus.21": "{{i18n:GudrunOnCampus.Map.Message.21}}", //
        "GudrunOnCampus.22": "{{i18n:GudrunOnCampus.Map.Message.22}}", //
        "GudrunOnCampus.23": "{{i18n:GudrunOnCampus.Map.Message.23}}", //
        "GudrunOnCampus.24": "{{i18n:GudrunOnCampus.Map.Message.24}}", //
        "GudrunOnCampus.25": "{{i18n:GudrunOnCampus.Map.Message.25}}", //
        "GudrunOnCampus.26": "{{i18n:GudrunOnCampus.Map.Message.26}}", //
        "GudrunOnCampus.27": "{{i18n:GudrunOnCampus.Map.Message.27}}", //
        "GudrunOnCampus.28": "{{i18n:GudrunOnCampus.Map.Message.28}}", //
        "GudrunOnCampus.29": "{{i18n:GudrunOnCampus.Map.Message.29}}", //
        "GudrunOnCampus.30": "{{i18n:GudrunOnCampus.Map.Message.30}}", //
        "GudrunOnCampus.SondraSpeak": "{{i18n:GudrunOnCampus.Map.SondraSpeak}}", //
        "GudrunOnCampus.HaleySpeak": "{{i18n:GudrunOnCampus.Map.HaleySpeak}}", //
        "GudrunOnCampus.PierreSpeak": "{{i18n:GudrunOnCampus.Map.PierreSpeak}}", //
        "GudrunOnCampus.AbigailSpeak": "{{i18n:GudrunOnCampus.Map.AbigailSpeak}}", //
        "GudrunOnCampus.NoraSpeak": "{{i18n:GudrunOnCampus.Map.NoraSpeak}}", //
        "GudrunOnCampus.GudrunSpeak": "{{i18n:GudrunOnCampus.Map.GudrunSpeak}}",

        //Caritas Bakery
        "MadDog.BakeryDisplayShelves": "{{i18n:MadDog.BearFam.Strings.BakeryDisplayShelves.{{Random:1++2++3++4++5++6|inputSeparator=++}}}}",
        "MadDog.BakeryPlantA": "{{i18n:MadDog.BearFam.Strings.BakeryPlantA}}",
        "MadDog.BakeryPlantB": "{{i18n:MadDog.BearFam.Strings.BakeryPlantB}}",
        "MadDog.BakeryPlantC": "{{i18n:MadDog.BearFam.Strings.BakeryPlantC}}",
        "MadDog.BakeryWashroom": "{{i18n:MadDog.BearFam.Strings.BakeryWashroom}}",
        "MadDog.BakeryFridge": "{{i18n:MadDog.BearFam.Strings.BakeryFridge}}",
        "MadDog.BakeryHangingPlants": "{{i18n:MadDog.BearFam.Strings.BakeryHangingPlants}}",
        "MadDog.BakeryWindow": "{{i18n:MadDog.BearFam.Strings.BakeryWindow}}",

        //bathroom bonus????
        "MadDog.HashtagBearFam_BoysTowels": "{{i18n:MadDog.BearFam.Strings.BoysTowels}}",
        "MadDog.HashtagBearFam_BoysVanity": "{{i18n:MadDog.BearFam.Strings.BoysVanity}}",
        "MadDog.HashtagBearFam_BoysBathroom": "{{i18n:MadDog.BearFam.Strings.BoysBathroom}}",

        "MadDog.HashtagBearFam_GirlsTowels": "{{i18n:MadDog.BearFam.Strings.GirlsTowels}}",
        "MadDog.HashtagBearFam_GirlsVanity": "{{i18n:MadDog.BearFam.Strings.GirlsVanity}}",
        "MadDog.HashtagBearFam_GirlsBathroom": "{{i18n:MadDog.BearFam.Strings.GirlsBathroom}}",


        //RH route TxS
        "TSBearRHMailbox": "{{i18n:BearFam.RivalHeartsStrings.Mailbox}}",
        "TSBearRHFountain": "{{i18n:BearFam.RivalHeartsStrings.Fountain}}",
        "TSBearRHWoodAxe": "{{i18n:BearFam.RivalHeartsStrings.WoodAxe}}",
        "TSBearRHBeeBox": "{{i18n:BearFam.RivalHeartsStrings.BeeBox.{{Query: '{{Season}}' = 'winter'}}}}",
        "TSBearRHMeadBarrel": "{{i18n:BearFam.RivalHeartsStrings.MeadBarrel}}",
        "TSBearRHTelescope": "{{i18n:BearFam.RivalHeartsStrings.TSBearRHTelescope.{{Query: '{{Season}}' = 'winter'}}}}",
        //RH Interior
        "BearFam.RivalHearts.Radio": "{{i18n:BearFam.RivalHeartsStrings.Radio}}",
        "BearFam.RivalHearts.Trunk": "{{i18n:BearFam.RivalHeartsStrings.Trunk}}",
        "BearFam.RivalHearts.Record": "{{i18n:BearFam.RivalHeartsStrings.Record.{{Random:1++2++3++4|inputSeparator=++}}}}",
        "BearFam.RivalHearts.SigPoetry": "{{i18n:BearFam.RivalHeartsStrings.SigPoetry}}",
        "BearFam.RivalHearts.Dresser": "{{i18n:BearFam.RivalHeartsStrings.Dresser}}",
        "BearFam.RivalHearts.Pennant": "{{i18n:BearFam.RivalHeartsStrings.Pennant}}",
        "BearFam.RivalHearts.Books": "{{i18n:BearFam.RivalHeartsStrings.Books.{{Random:1++2++3++4|inputSeparator=++}}}}",
        "BearFam.RivalHearts.Poems": "{{i18n:BearFam.RivalHeartsStrings.Poems.{{Random:1++2++3++4|inputSeparator=++}}}}",
        "BearFam.RivalHearts.Posters": "{{i18n:BearFam.RivalHeartsStrings.Posters}}",
        "BearFam.RivalHearts.Drinks": "{{i18n:BearFam.RivalHeartsStrings.Drinks}}",
        "BearFam.RivalHearts.TerenLaptop": "{{i18n:BearFam.RivalHeartsStrings.TerenLaptop.{{Random:1++2++3++4++5|inputSeparator=++}}}}",
        "BearFam.RivalHearts.SassyBed": "{{i18n:BearFam.RivalHeartsStrings.SassyBed}}",
        "BearFam.RivalHearts.RecordCollection": "{{i18n:BearFam.RivalHeartsStrings.RecordCollection.{{Random:1++2++3++4|inputSeparator=++}}}}",
        "BearFam.RivalHearts.ConsoleA": "{{i18n:BearFam.RivalHeartsStrings.ConsoleA.{{Random:1++2++3|inputSeparator=++}}}}",
        "BearFam.RivalHearts.TV": "{{i18n:BearFam.RivalHeartsStrings.TV.{{Random:1++2++3|inputSeparator=++}}}}",
        "BearFam.RivalHearts.ConsoleB": "{{i18n:BearFam.RivalHeartsStrings.ConsoleB.{{Random:1++2++3|inputSeparator=++}}}}",
        "BearFam.RivalHearts.Helmet": "{{i18n:BearFam.RivalHeartsStrings.Helmet}}",
        "BearFam.RivalHearts.ScatteredRecords": "{{i18n:BearFam.RivalHeartsStrings.ScatteredRecords.{{Random:1++2++3++4|inputSeparator=++}}}}",
        "BearFam.RivalHearts.NowPlaying": "{{i18n:BearFam.RivalHeartsStrings.NowPlaying.{{Random:1++2++3++4++5++6|inputSeparator=++}}}}",
        "BearFam.RivalHearts.SassyFood": "{{i18n:BearFam.RivalHeartsStrings.SassyFood}}",
        "BearFam.RivalHearts.BearSign": "{{i18n:BearFam.RivalHeartsStrings.BearSign}}",
        "BearFam.RivalHearts.SigAxe": "{{i18n:BearFam.RivalHeartsStrings.SigAxe}}",
        "BearFam.RivalHearts.Bathroom": "{{i18n:BearFam.RivalHeartsStrings.Bathroom}}",
        "BearFam.RivalHearts.Gridball": "{{i18n:BearFam.RivalHeartsStrings.Gridball}}",
        "BearFam.RivalHearts.Coatrack": "{{i18n:BearFam.RivalHeartsStrings.Coatrack}}",
        "BearFam.RivalHearts.Boots": "{{i18n:BearFam.RivalHeartsStrings.Boots}}",
        "BearFam.RivalHearts.TerenCookbook": "{{i18n:BearFam.RivalHeartsStrings.TerenCookbook.{{Random:1++2++3|inputSeparator=++}}}}",
        "BearFam.RivalHearts.PhotosA": "{{i18n:BearFam.RivalHeartsStrings.PhotosA}}",
        "BearFam.RivalHearts.PhotosB": "{{i18n:BearFam.RivalHeartsStrings.PhotosB}}",
        "BearFam.RivalHearts.Closet": "{{i18n:BearFam.RivalHeartsStrings.Closet}}",
        "BearFam.RivalHearts.Space": "{{i18n:BearFam.RivalHeartsStrings.Space}}",
        "BearFam.RivalHearts.Soccer": "{{i18n:BearFam.RivalHeartsStrings.Soccer}}",
        "BearFam.RivalHearts.MiniBookshelf": "{{i18n:BearFam.RivalHeartsStrings.MiniBookshelf.{{Random:1++2++3|inputSeparator=++}}}}",
        "BearFam.RivalHearts.PileofBooks": "{{i18n:BearFam.RivalHeartsStrings.PileofBooks.{{Random:1++2++3|inputSeparator=++}}}}",
        "BearFam.RivalHearts.MiniCloset": "{{i18n:BearFam.RivalHeartsStrings.MiniCloset}}",
        "BearFam.RivalHearts.Abduction": "{{i18n:BearFam.RivalHeartsStrings.Abduction}}",
        "BearFam.RivalHearts.Dinosaur": "{{i18n:BearFam.RivalHeartsStrings.Dinosaur}}",
        "BearFam.RivalHearts.KidsToys": "{{i18n:BearFam.RivalHeartsStrings.KidsToys}}"
      }

    },
    {
      "LogName": "Broken Radio during Green Rain",
      "Action": "EditData",
      "Target": "strings/StringsFromMaps",
      "Entries": {
        "BearRec1": "{{i18n:StringsBearRadioGreen}}"
      },
      "When": {
        "Weather": "GreenRain"
      }
    }/*,
    {
      "LogName": "RH & Bees during Winter",
      "Action": "EditData",
      "Target": "strings/StringsFromMaps",
      "Entries": {
        "TSBearRHMeadBarrel": "{{i18n:TSBearRHMeadBarrelString2}}",
        "BearLodgePeachBasket": "{{i18n:StringsLodgeBearLodgePeachBasketWinter}}",
        "BearLodgeHives1": "{{i18n:StringsLodgeBearLodgeHivesWinter1}}",
        "BearLodgeHives2": "{{i18n:StringsLodgeBearLodgeHivesWinter2}}",
        "BearLodgeHives3": "{{i18n:StringsLodgeBearLodgeHivesWinter3}}",
        "BearLodgeGarden1": "{{i18n:StringsLodgeBearLodgeGardenWinter1}}"
      },
      "When": {
        "Season": "Winter"
      }
    },
    {
      "LogName": "Kraken Cave Event change sign",
      "Action": "EditData",
      "Target": "strings/StringsFromMaps",
      "Entries": {
        "KrakenCave2": "{{i18n:StringsBearKrakenCave2}}"
      },
      "When": {
        "HasSeenEvent": "MadDog.BearFam.16193011" //arise kraken event
      }
    },
    {
      "LogName": "Chore List + More",
      "Action": "EditData",
      "Target": "strings/StringsFromMaps",
      "Entries": {
        "BearKitchen2": "{{i18n:StringsLodgeBearKitchen2Update}}",
        "BearLodgeRecycleMachine": "{{i18n:StringsLodgeBearLodgeRecycleMachineUpdate}}",
        "BearRec3": "{{i18n:StringsLodgeBearRec3Update}}",
        "BearFamilyPhotos": "{{i18n:StringsLodgeBearFamilyPhotosUpdate}}",
        "BearBathroom2": "{{i18n:StringsLodgeBearBathroom2Update}}",
        "BearBulletin": "{{i18n:StringsLodgeBearBulletinUpdate}}",
        "BearBooks2": "{{i18n:StringsLodgeBearBooks2Update}}",
        "BearBlade": "{{i18n:StringsLodgeBearBladeUpdate}}",
        "BearKitchen4": "{{i18n:StringsLodgeBearKitchen4Update}}",
        "BearKitchen6": "{{i18n:StringsLodgeBearKitchen6Update}}"
      },
      "When": {
        "HasSeenEvent": "MadDog.BearFam.16197002" //{{HasSeenEvent: |contains=MadDog.BearFam.16197002}}
      }
    }*/
  ]
  }
      