{
  "Changes": [
    //sig
    {
      "Action": "EditData",
      "Target": "Data/ConcessionTastes",
      "Entries": {
        "MadDog.HashtagBearFam.Sigurd": {
          "Name": "Sigurd",
          "LovedTags": [
            "Joja Cola",
            "Ice Cream Sandwich",
            "Star Cookie",
            "Fries"
          ],
          "likedTags": [
            "Sweet",
            "Candy"
          ],
          "dislikedTags": [
            "Healthy",
            "Salted Peanuts"
          ]
        }
      }
    },
    {
      "Action": "EditData",
      "Target": "Data/MoviesReactions",
      "Entries": {
        "MadDog.HashtagBearFam.Sigurd": {
          "NPCName": "Sigurd",
          "Reactions": [
            {
              "Tag": "spring_movie_0",
              "Response": "like",
              "Whitelist": [],
              "SpecialResponses": {
                "BeforeMovie": {
                  "ResponsePoint": null,
                  "Script": null,
                  "Text": "{{i18n:MoviesSigurdBraveLittleSapling1}}"
                },
                "DuringMovie": {
                  "ResponsePoint": null,
                  "Script": null,
                  "Text": "{{i18n:MoviesSigurdBraveLittleSapling2}}"
                },
                "AfterMovie": {
                  "ResponsePoint": null,
                  "Script": null,
                  "Text": "{{i18n:MoviesSigurdBraveLittleSapling3}}"
                }
              },
              "ID": "reaction_0"

            },
            {
              "Tag": "spring_movie_1",
              "Response": "like",
              "Whitelist": [],
              "SpecialResponses": {
                "BeforeMovie": {
                  "ResponsePoint": null,
                  "Script": null,
                  "Text": "{{i18n:MoviesSigurdNaturalWonders1}}"
                },
                "DuringMovie": {
                  "ResponsePoint": null,
                  "Script": null,
                  "Text": "{{i18n:MoviesSigurdNaturalWonders2}}"
                },
                "AfterMovie": {
                  "ResponsePoint": null,
                  "Script": null,
                  "Text": "{{i18n:MoviesSigurdNaturalWonders3}}"
                }
              },
              "ID": "reaction_1"
            },
            {
              "Tag": "summer_movie_0",
              "Response": "dislike",
              "Whitelist": [],
              "SpecialResponses": {
                "BeforeMovie": {
                  "ResponsePoint": null,
                  "Script": null,
                  "Text": "{{i18n:MoviesSigurdPrairieKing1}}"
                },
                "DuringMovie": {
                  "ResponsePoint": null,
                  "Script": null,
                  "Text": "{{i18n:MoviesSigurdPrairieKing2}}"
                },
                "AfterMovie": {
                  "ResponsePoint": null,
                  "Script": null,
                  "Text": "{{i18n:MoviesSigurdPrairieKing3}}"
                }
              },
              "ID": "reaction_2"
            },
            {
              "Tag": "summer_movie_1",
              "Response": "dislike",
              "Whitelist": [],
              "SpecialResponses": {
                "BeforeMovie": {
                  "ResponsePoint": null,
                  "Script": null,
                  "Text": "{{i18n:MoviesSigurdWumbus1}}"
                },
                "DuringMovie": {
                  "ResponsePoint": null,
                  "Script": "/message \"{{i18n:MoviesSigurdWumbus2}}\"",
                  "Text": null
                },
                "AfterMovie": {
                  "ResponsePoint": null,
                  "Script": null,
                  "Text": "{{i18n:MoviesSigurdWumbus3}}"
                }

              },
              "ID": "reaction_3"
            },
            {
              "Tag": "fall_movie_0",
              "Response": "love",
              "Whitelist": [],
              "SpecialResponses": {
                "BeforeMovie": {
                  "ResponsePoint": null,
                  "Script": null,
                  "Text": "{{i18n:MoviesSigurdMysterium1}}"
                },
                "DuringMovie": {
                  "ResponsePoint": null,
                  "Script": null,
                  "Text": "{{i18n:MoviesSigurdMysterium2}}"
                },
                "AfterMovie": {
                  "ResponsePoint": null,
                  "Script": null,
                  "Text": "{{i18n:MoviesSigurdMysterium3}}"
                }
              },
              "ID": "reaction_4"
            },
            {
              "Tag": "fall_movie_1",
              "Response": "love",
              "Whitelist": [],
              "SpecialResponses": {
                "BeforeMovie": {
                  "ResponsePoint": null,
                  "Script": "/message \"{{i18n:MoviesSigurdItHowlsInTheRain1}}\"",
                  "Text": null
                },
                "DuringMovie": {
                  "ResponsePoint": null,
                  "Script": null,
                  "Text": "{{i18n:MoviesSigurdItHowlsInTheRain2}}"
                },
                "AfterMovie": {
                  "ResponsePoint": null,
                  "Script": null,
                  "Text": "{{i18n:MoviesSigurdItHowlsInTheRain3}}"
                }
              },
              "ID": "reaction_5"
            },
            {
              "Tag": "winter_movie_0",
              "Response": "like",
              "Whitelist": [],
              "SpecialResponses": {
                "BeforeMovie": {
                  "ResponsePoint": null,
                  "Script": null,
                  "Text": "{{i18n:MoviesSigurdMiracleAtColdstarRanch1}}"
                },
                "DuringMovie": {
                  "ResponsePoint": null,
                  "Script": "/message \"{{i18n:MoviesSigurdMiracleAtColdstarRanch2}}\"",
                  "Text": null
                },
                "AfterMovie": {
                  "ResponsePoint": null,
                  "Script": null,
                  "Text": "{{i18n:MoviesSigurdMiracleAtColdstarRanch3}}"
                }
              },
              "ID": "reaction_6"
            },
            {
              "Tag": "winter_movie_1",
              "Response": "Love",
              "Whitelist": [],
              "SpecialResponses": {
                "BeforeMovie": {
                  "ResponsePoint": null,
                  "Script": null,
                  "Text": "{{i18n:MoviesSigurdZuzuCityExpress1}}"
                },
                "DuringMovie": {
                  "ResponsePoint": null,
                  "Script": null,
                  "Text": "{{i18n:MoviesSigurdZuzuCityExpress2}}"
                },
                "AfterMovie": {
                  "ResponsePoint": null,
                  "Script": null,
                  "Text": "{{i18n:MoviesSigurdZuzuCityExpress3}}"
                }
              },
              "ID": "reaction_0"
            }
          ]
        }
        //spring_movie_0 Brave Little Sapling - family, comedy
        //spring_movie_1 NAtural Wonders - documentary, family
        //summer_movie_0 Prairie King - action
        //summer_movie_1 Wumbus - sci-fi, comedy, family
        //fall_movie_0 Mysterium - horror, art
        //fall_movie_1 Howls in the rain - horror
        //winter_movie_0 Miracle at Coldstar Ranch - family, romance
        //winter_movie_1 Zuzu City Express - classic, romance
      }
    },
    //sondra
    {
      "Action": "EditData",
      "Target": "Data/ConcessionTastes",
      "Entries": {
        "MadDog.HashtagBearFam.Sondra": {
          "Name": "Sondra",
          "LovedTags": [
            "Cappuccino Mousse Cake",
            "Truffle Popcorn",
            "Jasmine Tea"
          ],
          "likedTags": [
            "Gourmet",
            "Healthy"
          ],
          "dislikedTags": [
            "Joja",
            "Fatty",
            "Candy"
          ]
        }
      }
    },
    {
      "Action": "EditData",
      "Target": "Data/MoviesReactions",
      "Entries": {
        "MadDog.HashtagBearFam.Sondra": {
          "NPCName": "Sondra",
          "Reactions": [
            {
              "Tag": "spring_movie_0",
              "Response": "love",
              "Whitelist": [],
              "SpecialResponses": {
                "BeforeMovie": {
                  "ResponsePoint": null,
                  "Script": null,
                  "Text": "{{i18n:MoviesSondraBraveLittleSapling1}}"
                },
                "DuringMovie": {
                  "ResponsePoint": null,
                  "Script": "/message \"{{i18n:MoviesSondraBraveLittleSapling2}}\"",
                  "Text": null
                },
                "AfterMovie": {
                  "ResponsePoint": null,
                  "Script": null,
                  "Text": "{{i18n:MoviesSondraBraveLittleSapling3}}"
                }
              },
              "ID": "reaction_7"

            },
            {
              "Tag": "spring_movie_1",
              "Response": "like",
              "Whitelist": [],
              "SpecialResponses": {
                "BeforeMovie": {
                  "ResponsePoint": null,
                  "Script": null,
                  "Text": "{{i18n:MoviesSondraNaturalWonders1}}"
                },
                "DuringMovie": {
                  "ResponsePoint": null,
                  "Script": null,
                  "Text": "{{i18n:MoviesSondraNaturalWonders2}}"
                },
                "AfterMovie": {
                  "ResponsePoint": null,
                  "Script": null,
                  "Text": "{{i18n:MoviesSondraNaturalWonders3}}"
                }
              },
              "ID": "reaction_1"
            },
            {
              "Tag": "summer_movie_0",
              "Response": "like",
              "Whitelist": [],
              "SpecialResponses": {
                "BeforeMovie": {
                  "ResponsePoint": null,
                  "Script": null,
                  "Text": "{{i18n:MoviesSondraPrairieKing1}}"
                },
                "DuringMovie": {
                  "ResponsePoint": null,
                  "Script": null,
                  "Text": "{{i18n:MoviesSondraPrairieKing2}}"
                },
                "AfterMovie": {
                  "ResponsePoint": null,
                  "Script": null,
                  "Text": "{{i18n:MoviesSondraPrairieKing3}}"
                }
              },
              "ID": "reaction_2"
            },
            {
              "Tag": "summer_movie_1",
              "Response": "like",
              "Whitelist": [],
              "SpecialResponses": {
                "BeforeMovie": {
                  "ResponsePoint": null,
                  "Script": null,
                  "Text": "{{i18n:MoviesSondraWumbus1}}"
                },
                "DuringMovie": {
                  "ResponsePoint": null,
                  "Script": "/message \"{{i18n:MoviesSondraWumbus2}}\"",
                  "Text": null
                },
                "AfterMovie": {
                  "ResponsePoint": null,
                  "Script": null,
                  "Text": "{{i18n:MoviesSondraWumbus3}}"
                }

              },
              "ID": "reaction_3"
            },
            {
              "Tag": "fall_movie_0",
              "Response": "dislike",
              "Whitelist": [],
              "SpecialResponses": {
                "BeforeMovie": {
                  "ResponsePoint": null,
                  "Script": null,
                  "Text": "{{i18n:MoviesSondraMysterium1}}"
                },
                "DuringMovie": {
                  "ResponsePoint": null,
                  "Script": null,
                  "Text": "{{i18n:MoviesSondraMysterium2}}"
                },
                "AfterMovie": {
                  "ResponsePoint": null,
                  "Script": null,
                  "Text": "{{i18n:MoviesSondraMysterium3}}"
                }
              },
              "ID": "reaction_4"
            },
            {
              "Tag": "fall_movie_1",
              "Response": "dislike",
              "Whitelist": [],
              "SpecialResponses": {
                "BeforeMovie": {
                  "ResponsePoint": null,
                  "Script": null,
                  "Text": "{{i18n:MoviesSondraItHowlsInTheRain1}}"
                },
                "DuringMovie": {
                  "ResponsePoint": null,
                  "Script": "/message \"{{i18n:MoviesSondraItHowlsInTheRain2}}\"",
                  "Text": null
                },
                "AfterMovie": {
                  "ResponsePoint": null,
                  "Script": null,
                  "Text": "{{i18n:MoviesSondraItHowlsInTheRain3}}"
                }
              },
              "ID": "reaction_5"
            },
            {
              "Tag": "winter_movie_0",
              "Response": "love",
              "Whitelist": [],
              "SpecialResponses": {
                "BeforeMovie": {
                  "ResponsePoint": null,
                  "Script": null,
                  "Text": "{{i18n:MoviesSondraMiracleAtColdstarRanch1}}"
                },
                "DuringMovie": {
                  "ResponsePoint": null,
                  "Script": "/message \"{{i18n:MoviesSondraMiracleAtColdstarRanch2}}\"",
                  "Text": null
                },
                "AfterMovie": {
                  "ResponsePoint": null,
                  "Script": null,
                  "Text": "{{i18n:MoviesSondraMiracleAtColdstarRanch3}}"
                }
              },
              "ID": "reaction_6"
            },
            {
              "Tag": "winter_movie_1",
              "Response": "like",
              "Whitelist": [],
              "SpecialResponses": {
                "BeforeMovie": {
                  "ResponsePoint": null,
                  "Script": null,
                  "Text": "{{i18n:MoviesSondraZuzuCityExpress1}}"
                },
                "DuringMovie": {
                  "ResponsePoint": null,
                  "Script": null,
                  "Text": "{{i18n:MoviesSondraZuzuCityExpress2}}"
                },
                "AfterMovie": {
                  "ResponsePoint": null,
                  "Script": null,
                  "Text": "{{i18n:MoviesSondraZuzuCityExpress3}}"
                }
              },
              "ID": "reaction_7"
            }
          ]
        }
      }
    },
    //gunnar
    {
      "Action": "EditData",
      "Target": "Data/ConcessionTastes",
      "Entries": {
        "MadDog.HashtagBearFam.Gunnar": {
          "Name": "Gunnar",
          "LovedTags": [
            "Nachos",
            "Joja",
            "Personal Pizza"
          ],
          "likedTags": [
            "Salty",
            "Fatty"
          ],
          "dislikedTags": [
            "Sweet",
            "Healthy",
            "Sour Slimes"
          ]
        }
      }
    },
    {
      "Action": "EditData",
      "Target": "Data/MoviesReactions",
      "Entries": {
        "MadDog.HashtagBearFam.Gunnar": {
          "NPCName": "Gunnar",
          "Reactions": [
            {
              "Tag": "spring_movie_0",
              "Response": "dislike",
              "Whitelist": [],
              "SpecialResponses": {
                "BeforeMovie": {
                  "ResponsePoint": null,
                  "Script": null,
                  "Text": "{{i18n:MoviesGunnarBraveLittleSapling1}}"
                },
                "DuringMovie": {
                  "ResponsePoint": null,
                  "Script": null,
                  "Text": "{{i18n:MoviesGunnarBraveLittleSapling2}}"
                },
                "AfterMovie": {
                  "ResponsePoint": null,
                  "Script": null,
                  "Text": "{{i18n:MoviesGunnarBraveLittleSapling3}}"
                }
              },
              "ID": "reaction_0"

            },
            {
              "Tag": "spring_movie_1",
              "Response": "dislike",
              "Whitelist": [],
              "SpecialResponses": {
                "BeforeMovie": {
                  "ResponsePoint": null,
                  "Script": null,
                  "Text": "{{i18n:MoviesGunnarNaturalWonders1}}"
                },
                "DuringMovie": {
                  "ResponsePoint": null,
                  "Script": null,
                  "Text": "{{i18n:MoviesGunnarNaturalWonders2}}"
                },
                "AfterMovie": {
                  "ResponsePoint": null,
                  "Script": null,
                  "Text": "{{i18n:MoviesGunnarNaturalWonders3}}"
                }
              },
              "ID": "reaction_1"
            },
            {
              "Tag": "summer_movie_0",
              "Response": "love",
              "Whitelist": [],
              "SpecialResponses": {
                "BeforeMovie": {
                  "ResponsePoint": null,
                  "Script": "/message \"{{i18n:MoviesGunnarPrairieKing1}}\"",
                  "Text": null
                },
                "DuringMovie": {
                  "ResponsePoint": null,
                  "Script": null,
                  "Text": "{{i18n:MoviesGunnarPrairieKing2}}"
                },
                "AfterMovie": {
                  "ResponsePoint": null,
                  "Script": null,
                  "Text": "{{i18n:MoviesGunnarPrairieKing3}}"
                }
              },
              "ID": "reaction_2"
            },
            {
              "Tag": "summer_movie_1",
              "Response": "like",
              "Whitelist": [],
              "SpecialResponses": {
                "BeforeMovie": {
                  "ResponsePoint": null,
                  "Script": null,
                  "Text": "{{i18n:MoviesGunnarWumbus1}}"
                },
                "DuringMovie": {
                  "ResponsePoint": null,
                  "Script": "/message \"{{i18n:MoviesGunnarWumbus2}}\"",
                  "Text": null
                },
                "AfterMovie": {
                  "ResponsePoint": null,
                  "Script": null,
                  "Text": "{{i18n:MoviesGunnarWumbus3}}"
                }

              },
              "ID": "reaction_3"
            },
            {
              "Tag": "fall_movie_0",
              "Response": "like",
              "Whitelist": [],
              "SpecialResponses": {
                "BeforeMovie": {
                  "ResponsePoint": null,
                  "Script": null,
                  "Text": "{{i18n:MoviesGunnarMysterium1}}"
                },
                "DuringMovie": {
                  "ResponsePoint": null,
                  "Script": null,
                  "Text": "{{i18n:MoviesGunnarMysterium2}}"
                },
                "AfterMovie": {
                  "ResponsePoint": null,
                  "Script": null,
                  "Text": "{{i18n:MoviesGunnarMysterium3}}"
                }
              },
              "ID": "reaction_4"
            },
            {
              "Tag": "fall_movie_1",
              "Response": "like",
              "Whitelist": [],
              "SpecialResponses": {
                "BeforeMovie": {
                  "ResponsePoint": null,
                  "Script": null,
                  "Text": "{{i18n:MoviesGunnarItHowlsInTheRain1}}"
                },
                "DuringMovie": {
                  "ResponsePoint": null,
                  "Script": "/message \"{{i18n:MoviesGunnarItHowlsInTheRain2}}\"",
                  "Text": null
                },
                "AfterMovie": {
                  "ResponsePoint": null,
                  "Script": null,
                  "Text": "{{i18n:MoviesGunnarItHowlsInTheRain3}}"
                }
              },
              "ID": "reaction_5"
            },
            {
              "Tag": "winter_movie_0",
              "Response": "like",
              "Whitelist": [],
              "SpecialResponses": {
                "BeforeMovie": {
                  "ResponsePoint": null,
                  "Script": null,
                  "Text": "{{i18n:MoviesGunnarMiracleAtColdstarRanch1}}"
                },
                "DuringMovie": {
                  "ResponsePoint": null,
                  "Script": null,
                  "Text": "{{i18n:MoviesGunnarMiracleAtColdstarRanch2}}"
                },
                "AfterMovie": {
                  "ResponsePoint": null,
                  "Script": null,
                  "Text": "{{i18n:MoviesGunnarMiracleAtColdstarRanch3}}"
                }
              },
              "ID": "reaction_6"
            },
            {
              "Tag": "winter_movie_1",
              "Response": "love",
              "Whitelist": [],
              "SpecialResponses": {
                "BeforeMovie": {
                  "ResponsePoint": null,
                  "Script": null,
                  "Text": "{{i18n:MoviesGunnarZuzuCityExpress1}}"
                },
                "DuringMovie": {
                  "ResponsePoint": null,
                  "Script": "/message \"{{i18n:MoviesGunnarZuzuCityExpress2}}\"",
                  "Text": null
                },
                "AfterMovie": {
                  "ResponsePoint": null,
                  "Script": null,
                  "Text": "{{i18n:MoviesGunnarZuzuCityExpress3}}"
                }
              },
              "ID": "reaction_7"
            }
          ]
        }
      }
    },
    //gudrun
    {
      "Action": "EditData",
      "Target": "Data/ConcessionTastes",
      "Entries": {
        "MadDog.HashtagBearFam.Gudrun": {
          "Name": "Gudrun",
          "LovedTags": [
            "Sour Slimes",
            "Stardrop Sorbet",
            "Personal Pizza"
          ],
          "likedTags": [
            "Candy",
            "Sweet"
          ],
          "dislikedTags": [
            "Salmon Burger",
            "Joja",
            "Salty"
          ]
        }
      }
    },
    {
      "Action": "EditData",
      "Target": "Data/MoviesReactions",
      "Entries": {
        "MadDog.HashtagBearFam.Gudrun": {
          "NPCName": "Gudrun",
          "Reactions": [
            {
              "Tag": "spring_movie_0",
              "Response": "like",
              "Whitelist": [],
              "SpecialResponses": {
                "BeforeMovie": {
                  "ResponsePoint": null,
                  "Script": null,
                  "Text": "{{i18n:MoviesGudrunBraveLittleSapling1}}"
                },
                "DuringMovie": {
                  "ResponsePoint": null,
                  "Script": "/message \"{{i18n:MoviesGudrunBraveLittleSapling2}}\"",
                  "Text": null
                },
                "AfterMovie": {
                  "ResponsePoint": null,
                  "Script": null,
                  "Text": "{{i18n:MoviesGudrunBraveLittleSapling3}}"
                }
              },
              "ID": "reaction_0"

            },
            {
              "Tag": "spring_movie_1",
              "Response": "love",
              "Whitelist": [],
              "SpecialResponses": {
                "BeforeMovie": {
                  "ResponsePoint": null,
                  "Script": null,
                  "Text": "{{i18n:MoviesGudrunNaturalWonders1}}"
                },
                "DuringMovie": {
                  "ResponsePoint": null,
                  "Script": null,
                  "Text": "{{i18n:MoviesGudrunNaturalWonders2}}"
                },
                "AfterMovie": {
                  "ResponsePoint": null,
                  "Script": null,
                  "Text": "{{i18n:MoviesGudrunNaturalWonders3}}"
                }
              },
              "ID": "reaction_1"
            },
            {
              "Tag": "summer_movie_0",
              "Response": "love",
              "Whitelist": [],
              "SpecialResponses": {
                "BeforeMovie": {
                  "ResponsePoint": null,
                  "Script": null,
                  "Text": "{{i18n:MoviesGudrunPrairieKing1}}"
                },
                "DuringMovie": {
                  "ResponsePoint": null,
                  "Script": null,
                  "Text": "{{i18n:MoviesGudrunPrairieKing2}}"
                },
                "AfterMovie": {
                  "ResponsePoint": null,
                  "Script": null,
                  "Text": "{{i18n:MoviesGudrunPrairieKing3}}"
                }
              },
              "ID": "reaction_2"
            },
            {
              "Tag": "summer_movie_1",
              "Response": "like",
              "Whitelist": [],
              "SpecialResponses": {
                "BeforeMovie": {
                  "ResponsePoint": null,
                  "Script": null,
                  "Text": "{{i18n:MoviesGudrunWumbus1}}"
                },
                "DuringMovie": {
                  "ResponsePoint": null,
                  "Script": "/message \"{{i18n:MoviesGudrunWumbus2}}\"",
                  "Text": null
                },
                "AfterMovie": {
                  "ResponsePoint": null,
                  "Script": null,
                  "Text": "{{i18n:MoviesGudrunWumbus3}}"
                }

              },
              "ID": "reaction_3"
            },
            {
              "Tag": "fall_movie_0",
              "Response": "dislike",
              "Whitelist": [],
              "SpecialResponses": {
                "BeforeMovie": {
                  "ResponsePoint": null,
                  "Script": null,
                  "Text": "{{i18n:MoviesGudrunMysterium1}}"
                },
                "DuringMovie": {
                  "ResponsePoint": null,
                  "Script": null,
                  "Text": "{{i18n:MoviesGudrunMysterium2}}"
                },
                "AfterMovie": {
                  "ResponsePoint": null,
                  "Script": null,
                  "Text": "{{i18n:MoviesGudrunMysterium3}}"
                }
              },
              "ID": "reaction_4"
            },
            {
              "Tag": "fall_movie_1",
              "Response": "love",
              "Whitelist": [],
              "SpecialResponses": {
                "BeforeMovie": {
                  "ResponsePoint": null,
                  "Script": null,
                  "Text": "{{i18n:MoviesGudrunItHowlsInTheRain1}}"
                },
                "DuringMovie": {
                  "ResponsePoint": null,
                  "Script": "/message \"{{i18n:MoviesGudrunItHowlsInTheRain2}}\"",
                  "Text": null
                },
                "AfterMovie": {
                  "ResponsePoint": null,
                  "Script": null,
                  "Text": "{{i18n:MoviesGudrunItHowlsInTheRain3}}"
                }
              },
              "ID": "reaction_5"
            },
            {
              "Tag": "winter_movie_0",
              "Response": "dislike",
              "Whitelist": [],
              "SpecialResponses": {
                "BeforeMovie": {
                  "ResponsePoint": null,
                  "Script": null,
                  "Text": "{{i18n:MoviesGudrunMiracleAtColdstarRanch1}}"
                },
                "DuringMovie": {
                  "ResponsePoint": null,
                  "Script": "/message \"{{i18n:MoviesGudrunMiracleAtColdstarRanch2}}\"",
                  "Text": null
                },
                "AfterMovie": {
                  "ResponsePoint": null,
                  "Script": null,
                  "Text": "{{i18n:MoviesGudrunMiracleAtColdstarRanch3}}"
                }
              },
              "ID": "reaction_6"
            },
            {
              "Tag": "winter_movie_1",
              "Response": "dislike",
              "Whitelist": [],
              "SpecialResponses": {
                "BeforeMovie": {
                  "ResponsePoint": null,
                  "Script": null,
                  "Text": "{{i18n:MoviesGudrunZuzuCityExpress1}}"
                },
                "DuringMovie": {
                  "ResponsePoint": null,
                  "Script": null,
                  "Text": "{{i18n:MoviesGudrunZuzuCityExpress2}}"
                },
                "AfterMovie": {
                  "ResponsePoint": null,
                  "Script": null,
                  "Text": "{{i18n:MoviesGudrunZuzuCityExpress3}}"
                }
              },
              "ID": "reaction_7"
            }
          ]
        }
      }
    },
    //Teren
    {
      "Action": "EditData",
      "Target": "Data/ConcessionTastes",
      "Entries": {
        "Teren": {
          "Name": "Teren",
          "LovedTags": [
            "Nachos",
            "Star Cookie"
          ],
          "LikedTags": [
            "Sweet",
            "Salty"
          ],
          "DislikedTags": [
            "Healthy",
            "Hot",
            "Black Licorice"
          ]
        }
      }
    },
    {
      "Action": "EditData",
      "Target": "Data/MoviesReactions",
      "Entries": {
        "Teren": {
          "NPCName": "Teren",
          "Reactions": [
            {
              "Tag": "spring_movie_0",
              "Response": "love",
              "Whitelist": [],
              "SpecialResponses": {
                "BeforeMovie": {
                  "ResponsePoint": null,
                  "Script": null,
                  "Text": "{{i18n:MoviesTerenBraveLittleSapling1}}"
                },
                "DuringMovie": {
                  "ResponsePoint": null,
                  "Script": null,
                  "Text": "{{i18n:MoviesTerenBraveLittleSapling2}}"
                },
                "AfterMovie": {
                  "ResponsePoint": null,
                  "Script": null,
                  "Text": "{{i18n:MoviesTerenBraveLittleSapling3}}"
                }
              },
              "ID": "reaction_0"

            },
            {
              "Tag": "spring_movie_1",
              "Response": "like",
              "Whitelist": [],
              "SpecialResponses": {
                "BeforeMovie": {
                  "ResponsePoint": null,
                  "Script": null,
                  "Text": "{{i18n:MoviesTerenNaturalWonders1}}"
                },
                "DuringMovie": {
                  "ResponsePoint": null,
                  "Script": null,
                  "Text": "{{i18n:MoviesTerenNaturalWonders2}}"
                },
                "AfterMovie": {
                  "ResponsePoint": null,
                  "Script": null,
                  "Text": "{{i18n:MoviesTerenNaturalWonders3}}"
                }
              },
              "ID": "reaction_1"
            },
            {
              "Tag": "summer_movie_0",
              "Response": "love",
              "Whitelist": [],
              "SpecialResponses": {
                "BeforeMovie": {
                  "ResponsePoint": null,
                  "Script": null,
                  "Text": "{{i18n:MoviesTerenPrairieKing1}}"
                },
                "DuringMovie": {
                  "ResponsePoint": null,
                  "Script": null,
                  "Text": "{{i18n:MoviesTerenPrairieKing2}}"
                },
                "AfterMovie": {
                  "ResponsePoint": null,
                  "Script": null,
                  "Text": "{{i18n:MoviesTerenPrairieKing3}}"
                }
              },
              "ID": "reaction_2"
            },
            {
              "Tag": "summer_movie_1",
              "Response": "like",
              "Whitelist": [],
              "SpecialResponses": {
                "BeforeMovie": {
                  "ResponsePoint": null,
                  "Script": null,
                  "Text": "{{i18n:MoviesTerenWumbus1}}"
                },
                "DuringMovie": {
                  "ResponsePoint": null,
                  "Script": null,
                  "Text": "{{i18n:MoviesTerenWumbus2}}"
                },
                "AfterMovie": {
                  "ResponsePoint": null,
                  "Script": null,
                  "Text": "{{i18n:MoviesTerenWumbus3}}"
                }

              },
              "ID": "reaction_3"
            },
            {
              "Tag": "fall_movie_0",
              "Response": "dislike",
              "Whitelist": [],
              "SpecialResponses": {
                "BeforeMovie": {
                  "ResponsePoint": null,
                  "Script": null,
                  "Text": "{{i18n:MoviesTerenMysterium1}}"
                },
                "DuringMovie": {
                  "ResponsePoint": null,
                  "Script": null,
                  "Text": "{{i18n:MoviesTerenMysterium2}}"
                },
                "AfterMovie": {
                  "ResponsePoint": null,
                  "Script": null,
                  "Text": "{{i18n:MoviesTerenMysterium3}}"
                }
              },
              "ID": "reaction_4"
            },
            {
              "Tag": "fall_movie_1",
              "Response": "dislike",
              "Whitelist": [],
              "SpecialResponses": {
                "BeforeMovie": {
                  "ResponsePoint": null,
                  "Script": null,
                  "Text": "{{i18n:MoviesTerenItHowlsInTheRain1}}"
                },
                "DuringMovie": {
                  "ResponsePoint": null,
                  "Script": null,
                  "Text": "{{i18n:MoviesTerenItHowlsInTheRain2}}"
                },
                "AfterMovie": {
                  "ResponsePoint": null,
                  "Script": null,
                  "Text": "{{i18n:MoviesTerenItHowlsInTheRain3}}"
                }
              },
              "ID": "reaction_5"
            },
            {
              "Tag": "winter_movie_0",
              "Response": "like",
              "Whitelist": [],
              "SpecialResponses": {
                "BeforeMovie": {
                  "ResponsePoint": null,
                  "Script": null,
                  "Text": "{{i18n:MoviesTerenMiracleAtColdstarRanch1}}"
                },
                "DuringMovie": {
                  "ResponsePoint": null,
                  "Script": null,
                  "Text": "{{i18n:MoviesTerenMiracleAtColdstarRanch2}}"
                },
                "AfterMovie": {
                  "ResponsePoint": null,
                  "Script": null,
                  "Text": "{{i18n:MoviesTerenMiracleAtColdstarRanch3{{BearFamProfanityChanges}}}}"
                }
              },
              "ID": "reaction_6"
            },
            {
              "Tag": "winter_movie_1",
              "Response": "dislike",
              "Whitelist": [],
              "SpecialResponses": {
                "BeforeMovie": {
                  "ResponsePoint": null,
                  "Script": null,
                  "Text": "{{i18n:MoviesTerenZuzuCityExpress1}}"
                },
                "DuringMovie": {
                  "ResponsePoint": null,
                  "Script": null,
                  "Text": "{{i18n:MoviesTerenZuzuCityExpress2}}"
                },
                "AfterMovie": {
                  "ResponsePoint": null,
                  "Script": null,
                  "Text": "{{i18n:MoviesTerenZuzuCityExpress3}}"
                }
              },
              "ID": "reaction_0"
            }
          ]
        }
        //spring_movie_0 Brave Little Sapling - family, comedy
        //spring_movie_1 NAtural Wonders - documentary, family
        //summer_movie_0 Prairie King - action
        //summer_movie_1 Wumbus - sci-fi, comedy, family
        //fall_movie_0 Mysterium - horror, art
        //fall_movie_1 Howls in the rain - horror
        //winter_movie_0 Miracle at Coldstar Ranch - family, romance
        //winter_movie_1 Zuzu City Express - classic, romance
      }
    }
  ]
 }
    