{
  "Changes": [
    {
      "Action": "EditData",
      "Target": "Data/Quests",
      "Entries": {
        "MadDog.HashtagBearFam_161971": "LostItem/{{i18n:MadDog.HashtagBearFam.161971.Title}}/{{i18n:MadDog.HashtagBearFam.161971.Description}}/{{i18n:MadDog.HashtagBearFam.161971.Todo}}/MadDog.HashtagBearFam.Teren MadDog.HashtagBearFam_Teren_Book EastScarp_Village 92 108/-1/800/-1/false/{{i18n:MadDog.HashtagBearFam.161971.Response}}",
        "MadDog.HashtagBearFam_161972": "LostItem/{{i18n:MadDog.HashtagBearFam.161972.Title}}/{{i18n:MadDog.HashtagBearFam.161972.Description}}/{{i18n:MadDog.HashtagBearFam.161972.Todo}}/MadDog.HashtagBearFam.Sigurd MadDog.HashtagBearFam_KingoftheForest_Whiskey Saloon 23 11/-1/5000/-1/false/{{i18n:MadDog.HashtagBearFam.161972.Response}}#$action AddMail Current MadDogSigTerenMadeUp received",
        "MadDog.HashtagBearFam_161973": "Monster/{{i18n:MadDog.HashtagBearFam.161973.Title}}/{{i18n:MadDog.HashtagBearFam.161973.Description}}/{{i18n:MadDog.HashtagBearFam.161973.Todo}}/Rock_Crab 10/-1/5000/-1/true/{{i18n:MadDog.HashtagBearFam.161973.Response}}",
        "MadDog.HashtagBearFam_161974": "ItemDelivery/{{i18n:MadDog.HashtagBearFam.161974.Title}}/{{i18n:MadDog.HashtagBearFam.161974.Description}}/{{i18n:MadDog.HashtagBearFam.161974.Todo}}/MadDog.HashtagBearFam.Gunnar 441/-1/5000/-1/true/{{i18n:MadDog.HashtagBearFam.161974.Response}}",
        "MadDog.HashtagBearFam_161975": "ItemDelivery/{{i18n:MadDog.HashtagBearFam.161975.Title}}/{{i18n:MadDog.HashtagBearFam.161975.Description}}/{{i18n:MadDog.HashtagBearFam.161975.Todo}}/MadDog.HashtagBearFam.Gudrun 276 5/-1/5000/-1/true/{{i18n:MadDog.HashtagBearFam.161975.Response}}#$action AddMail Current MadDogTheBearsCarvedPumpkins received",
        "MadDog.HashtagBearFam_161976": "ItemDelivery/{{i18n:MadDog.HashtagBearFam.161976.Title}}/{{i18n:MadDog.HashtagBearFam.161976.Description}}/{{i18n:MadDog.HashtagBearFam.161976.Todo}}/MadDog.HashtagBearFam.Teren 346 4/-1/3500/-1/true/{{i18n:MadDog.HashtagBearFam.161976.Response}}"
      }
    }
  ]

}
