{
  "Changes": [
    //cooking recipes
    {
      "LogName": "CookingRecipes",
      "Action": "EditData",
      "Target": "Data/CookingRecipes",
      "Entries": {
        "MadDog.HashtagBearFam_TriangleGrilledCheese": "216 1 424 1/1 10/MadDog.HashtagBearFam_TriangleGrilledCheese/default/{{i18n:MadDog.HashtagBearfam.TriangleGrilledCheese}}", //bread cheese

        "MadDog.HashtagBearFam_SondraWinterBar": "408 1 433 1 282 1/1 10/MadDog.HashtagBearFam_SondraWinterBar/SEASON_DAY winter 10/{{i18n:MadDog.HashtagBearfam.SondraWinterBar}}", //hazelnut cranberry coffee bean
        "MadDog.HashtagBearFam_SondraSummerCake": "246 1 254 1 258 1/1 10/MadDog.HashtagBearFam_SondraSummerCake/SEASON_DAY summer 10/{{i18n:MadDog.HashtagBearfam.SondraSummerCake}}", //flour melon blueberry
        "MadDog.HashtagBearFam_SondraSpringtimeShortbread": "246 1 245 1 296 1/1 10/MadDog.HashtagBearFam_SondraSpringtimeShortbread/SEASON_DAY spring 10/{{i18n:MadDog.HashtagBearfam.SondraSpringtimeShortbread}}", //flour sugar salmonberry
        "MadDog.HashtagBearFam_SondraAutumnCookie": "246 1 613 1/1 10/MadDog.HashtagBearFam_SondraAutumnCookie/SEASON_DAY fall 10/{{i18n:MadDog.HashtagBearfam.SondraAutumnCookie}}", //flour apple
        "MadDog.HashtagBearFam_BrazierSecretAlfredo": "246 1 248 1 -6 1/1 10/MadDog.HashtagBearFam_BrazierSecretAlfredo/PLAYER_FARMHOUSE_UPGRADE Current 1/{{i18n:MadDog.HashtagBearfam.BrazierSecretAlfredo}}", //flour garlic milk 


        "MadDog.HashtagBearFam_SondraPerfectRamen": "399 1 406 1 246 1 -5 1/1 10/MadDog.HashtagBearFam_SondraPerfectRamen/e MadDog.BearFam.16197003/{{i18n:MadDog.HashtagBearfam.SondraPerfectRamen}}", //spring onion wild plum flour egg
        "MadDog.HashtagBearFam_SigurdPerfectRamen": "260 1 248 1 246 1 -5 1/1 10/MadDog.HashtagBearFam_SigurdPerfectRamen/e MadDog.BearFam.16197003/{{i18n:MadDog.HashtagBearfam.SigurdPerfectRamen}}", //hot pepper garlic flour egg
        "MadDog.HashtagBearFam_GunnarPerfectRamen": "22 1 404 1 246 1 -5 1/1 10/MadDog.HashtagBearFam_GunnarPerfectRamen/e MadDog.BearFam.16197003/{{i18n:MadDog.HashtagBearfam.GunnarPerfectRamen}}", //dandelion common mushroom flour egg
        "MadDog.HashtagBearFam_GudrunPerfectRamen": "278 1 250 1 246 1 -5 1/1 10/MadDog.HashtagBearFam_GudrunPerfectRamen/e MadDog.BearFam.16197003/{{i18n:MadDog.HashtagBearfam.GudrunPerfectRamen}}", //bok choy kale flour egg

        "MadDog.HashtagBearFam_NineHerbsCharm": "-5 1 152 1 330 1 311 1/1 10/MadDog.HashtagBearFam_NineHerbsCharm/e MadDog.BearFam.16193004/{{i18n:MadDog.HashtagBearfam.NineHerbsCharm}}", //egg seaweed clay pinecone
        "MadDog.HashtagBearFam_GunnarRemedyAll": "340 1 16 1 372 1 330 1/1 10/MadDog.HashtagBearFam_GunnarRemedyAll/e MadDog.BearFam.16193006/{{i18n:MadDog.HashtagBearfam.GunnarRemedyAll}}", //honey wild horseradish clam clay      //may change that to event seen
        "MadDog.HashtagBearFam_GunnarPhoenixDown": "444 1 453 1 192 1/1 10/MadDog.HashtagBearFam_GunnarPhoenixDown/e MadDog.BearFam.16193008/{{i18n:MadDog.HashtagBearfam.GunnarPhoenixDown}}", //duck feather poppy seeds potato       //may change that to event seen
        "MadDog.HashtagBearFam_GunnarPerfectPotion": "420 1 422 1 -5 1 378 1/1 10/MadDog.HashtagBearFam_GunnarPerfectPotion/e MadDog.BearFam.16193010/{{i18n:MadDog.HashtagBearfam.GunnarPerfectPotion}}", //red mushroom purple mushroom egg copper ore

        "MadDog.HashtagBearFam_PumpkinJoja": "276 1 167 1/1 10/MadDog.HashtagBearFam_PumpkinJoja/e MadDog.BearFam.16191007/{{i18n:MadDog.HashtagBearfam.PumpkinJoja}}", //pumpkin joja cola
        "MadDog.HashtagBearFam_PeachJoja": "636 1 167 1/1 10/MadDog.HashtagBearFam_PeachJoja/e MadDog.BearFam.16191008/{{i18n:MadDog.HashtagBearfam.PeachJoja}}", //peach joja cola




        "MadDog.HashtagBearFam_FerskenPeachCobbler": "MadDog.HashtagBearFam_FerskenPeach 1 245 1 246 1/1 10/MadDog.HashtagBearFam_FerskenPeachCobbler/null/{{i18n:MadDog.HashtagBearfam.FerskenPeachCobbler}}", //ferskenpeach flour sugar //event seen this
        "MadDog.HashtagBearFam_SlicedPeaches": "MadDog.HashtagBearFam_FerskenPeach 1 245 1/1 10/MadDog.HashtagBearFam_SlicedPeaches/null/{{i18n:MadDog.HashtagBearfam.SlicedPeaches}}", //ferskenpeach sugar //event seen this
        "MadDog.HashtagBearFam_FerskenPeach_Mead_Tankard": "MadDog.HashtagBearFam_FerskenPeach_Mead 1 245 1/1 10/MadDog.HashtagBearFam_FerskenPeach_Mead_Tankard 3/null/{{i18n:MadDog.HashtagBearfam.FerskenPeach_Mead_Tankard}}", //fersken peach mead, 
        "MadDog.HashtagBearFam_HoneyCakes": "246 1 MadDog.HashtagBearFam_FerskenPeach_Honey 1 258 1/1 10/MadDog.HashtagBearFam_HoneyCakes 2/null/{{i18n:MadDog.HashtagBearfam.HoneyCakes}}",


        "MadDog.HashtagBearFam_TTBrownies": "246 1 -5 1 614 1/1 10/MadDog.HashtagBearFam_TTBrownies 4/null/{{i18n:MadDog.HashtagBearfam.TTBrownies}}", //wheat egg green tea
        "MadDog.HashtagBearFam_BananaBread": "246 1 91 1/1 10/MadDog.HashtagBearFam_BananaBread 3/null/{{i18n:MadDog.HashtagBearfam.BananaBread}}", //wheat banana
        "MadDog.HashtagBearFam_RoseCupcakes": "246 1 595 1/1 10/MadDog.HashtagBearFam_RoseCupcakes 4/null/{{i18n:MadDog.HashtagBearfam.RoseCupcakes}}", //wheat fairy rose
        "MadDog.HashtagBearFam_CornbreadMuffins": "246 1 270 1/1 10/MadDog.HashtagBearFam_CornbreadMuffins 3/null/{{i18n:MadDog.HashtagBearfam.CornbreadMuffins}}", //wheat corn
        "MadDog.HashtagBearFam_SesameBrownBread": "246 1 770 1/1 10/MadDog.HashtagBearFam_SesameBrownBread 3/null/{{i18n:MadDog.HashtagBearfam.SesameBrownBread}}", //wheat mixed seeds
        "MadDog.HashtagBearFam_HoneyWheatBread": "246 1 MadDog.HashtagBearFam_FerskenPeach_Honey 1/1 10/MadDog.HashtagBearFam_HoneyWheatBread 3/null/{{i18n:MadDog.HashtagBearfam.HoneyWheatBread}}", //wheat fersken peach honey
        "MadDog.HashtagBearFam_StoneBrambleJam": "MadDog.HashtagBearFam_StoneBrambleBerry 1 410 1 245 1/1 10/MadDog.HashtagBearFam_StoneBrambleJam 2/null/{{i18n:MadDog.HashtagBearfam.StoneBrambleJam}}", //stone bramble berry, blackberry, sugar
        "MadDog.HashtagBearFam_BrambleBerryPie": "MadDog.HashtagBearFam_StoneBrambleBerry 1 410 1 246 1 -5 1/1 10/MadDog.HashtagBearFam_BrambleBerryPie/null/{{i18n:MadDog.HashtagBearfam.BrambleBerryPie}}", //stone bramble berry, blackberry, flour, egg
        "MadDog.HashtagBearFam_DronningMaud": "-6 1 -5 1 245 1/1 10/MadDog.HashtagBearFam_DronningMaud/null/{{i18n:MadDog.HashtagBearfam.DronningMaud}}", //milk sugar egg
        "MadDog.HashtagBearFam_JojaFloat": "167 1 233 1/1 10/MadDog.HashtagBearFam_JojaFloat/null/{{i18n:MadDog.HashtagBearfam.JojaFloat}}", // joja cola, ice cream


        "MadDog.HashtagBearFam_GunnarBadPotion": "330 2 382 1/1 10/MadDog.HashtagBearFam_GunnarBadPotion/null/{{i18n:MadDog.HashtagBearfam.GunnarBadPotion}}", //2 clay 1 coal
        "MadDog.HashtagBearFam_GunnarFirstPotion": "92 3 766 1/1 10/MadDog.HashtagBearFam_GunnarFirstPotion/null/{{i18n:MadDog.HashtagBearfam.GunnarFirstPotion}}", //3 sap 1 slime
        "MadDog.HashtagBearFam_GunnarMysteryPotion": "767 1 427 1 881 1/1 10/MadDog.HashtagBearFam_GunnarMysteryPotion/null/{{i18n:MadDog.HashtagBearfam.GunnarMysteryPotion}}", //1 bat wing 1 tulip bulb 1 bone fragment
        "MadDog.HashtagBearFam_GunnarSecondPotion": "248 1 771 2/1 10/MadDog.HashtagBearFam_GunnarSecondPotion/null/{{i18n:MadDog.HashtagBearfam.GunnarSecondPotion}}", //1 garlic 2 fiber
        "MadDog.HashtagBearFam_GunnarThirdPotion": "378 1 -5 1 829 1/1 10/MadDog.HashtagBearFam_GunnarThirdPotion/null/{{i18n:MadDog.HashtagBearfam.GunnarThirdPotion}}", //1 copper ore 1 egg 1 ginger
        "MadDog.HashtagBearFam_GunnarWeirdPotion": "404 1 372 1 726 1/1 10/MadDog.HashtagBearFam_GunnarWeirdPotion/null/{{i18n:MadDog.HashtagBearfam.GunnarWeirdPotion}}", //1 common mush 1 clam 1 pine tar


        //caritas bakery
        "MadDog.HashtagBearFam_TerenBakes_CookiesnCremeCake": "-6 2 223 1 -5 2/1 10/MadDog.HashtagBearFam_TerenBakes_CookiesnCremeCake/null/{{i18n:MadDog.HashtagBearfam.TerenBakes.CookiesnCremeCake}}", //2 milk 2 cookie 2 egg
        "MadDog.HashtagBearFam_TerenBakes_RainbowChipCookies": "591 1 597 1 376 1 246 1/1 10/MadDog.HashtagBearFam_TerenBakes_RainbowChipCookies 2/null/{{i18n:MadDog.HashtagBearfam.TerenBakes.RainbowChipCookies}}", // tulip blue jazz poppy flour
        "MadDog.HashtagBearFam_TerenBakes_ApricotDonut": "634 1 -5 2 246 1/1 10/MadDog.HashtagBearFam_TerenBakes_ApricotDonut/null/{{i18n:MadDog.HashtagBearfam.TerenBakes.ApricotDonut}}", //apricot egg flour
        "MadDog.HashtagBearFam_TerenBakes_DecadentCheesecake": "426 1 -6 1 246 1 245 1/1 10/MadDog.HashtagBearFam_TerenBakes_DecadentCheesecake/null/{{i18n:MadDog.HashtagBearfam.TerenBakes.DecadentCheesecake}}", // goat cheese milk flour sugar
        "MadDog.HashtagBearFam_TerenBakes_ZuzuPretzel": "246 1 -6 1 247 1/1 10/MadDog.HashtagBearFam_TerenBakes_ZuzuPretzel 2/null/{{i18n:MadDog.HashtagBearfam.TerenBakes.ZuzuPretzel}}", // flour egg oil
        "MadDog.HashtagBearFam_TerenBakes_HazelnutCroissant": "408 2 246 2 -6 1 -5 1/1 10/MadDog.HashtagBearFam_TerenBakes_HazelnutCroissant 3/null/{{i18n:MadDog.HashtagBearfam.TerenBakes.HazelnutCroissant}}", //hazelnutx2 flourx2 milk egg
        "MadDog.HashtagBearFam_TerenBakes_CaramelFlan": "245 1 -5 3 -6 1/1 10/MadDog.HashtagBearFam_TerenBakes_CaramelFlan/null/{{i18n:MadDog.HashtagBearfam.TerenBakes.CaramelFlan}}", // 1 sugar 3 egg 1 milk
        "MadDog.HashtagBearFam_TerenBakes_RedVelvetCookie": "247 1 245 1 246 1 -5 1/1 10/MadDog.HashtagBearFam_TerenBakes_RedVelvetCookie 2/null/{{i18n:MadDog.HashtagBearfam.TerenBakes.RedVelvetCookie}}", // oil sugar flour egg
        "MadDog.HashtagBearFam_TerenBakes_CherryLayerCake": "638 2 -5 1 246 1 -6 1/1 10/MadDog.HashtagBearFam_TerenBakes_CherryLayerCake/null/{{i18n:MadDog.HashtagBearfam.TerenBakes.CherryLayerCake}}", // cherry x2 egg flour milk
        "MadDog.HashtagBearFam_TerenBakes_CinnaSpiceRoll": "396 2 246 1 -6 1/1 10/MadDog.HashtagBearFam_TerenBakes_CinnaSpiceRoll 2/null/{{i18n:MadDog.HashtagBearfam.TerenBakes.CinnaSpiceRoll}}", //spice berry x 2 flour egg
        "MadDog.HashtagBearFam_TerenBakes_PomegranateEclair": "637 1 -6 1 246 1/1 10/MadDog.HashtagBearFam_TerenBakes_PomegranateEclair/null/{{i18n:MadDog.HashtagBearfam.TerenBakes.PomegranateEclair}}", // pomegranate egg flour
        "MadDog.HashtagBearFam_TerenBakes_PDFruitScone": "-79 1 246 2 -5 1 -6 1/1 10/MadDog.HashtagBearFam_TerenBakes_PDFruitScone/null/{{i18n:MadDog.HashtagBearfam.TerenBakes.PDFruitScone}}", // any fruit flourx2 milk egg
        "MadDog.HashtagBearFam_TerenBakes_ButtermilkCrescentRoll": "246 2 -5 1 -6 1/1 10/MadDog.HashtagBearFam_TerenBakes_ButtermilkCrescentRoll/null/{{i18n:MadDog.HashtagBearfam.TerenBakes.ButtermilkCrescentRoll}}", //flour x2 milk egg
        "MadDog.HashtagBearFam_TerenBakes_RainbowCake": "591 1 597 1 376 1 -6 1/1 10/MadDog.HashtagBearFam_TerenBakes_RainbowCake/null/{{i18n:MadDog.HashtagBearfam.TerenBakes.RainbowCake}}", // tulip blue jazz poppy egg
        "MadDog.HashtagBearFam_TerenBakes_SpringMacarons": "591 1 -6 1 246 1/1 10/MadDog.HashtagBearFam_TerenBakes_SpringMacarons 2/null/{{i18n:MadDog.HashtagBearfam.TerenBakes.SpringMacarons}}", //tulips egg flour
        "MadDog.HashtagBearFam_TerenBakes_SummerCakePopsicle": "834 1 -5 1 -6 1 246 1/1 10/MadDog.HashtagBearFam_TerenBakes_SummerCakePopsicle 2/null/{{i18n:MadDog.HashtagBearfam.TerenBakes.SummerCakePopsicle}}", //mango milk egg flour
        "MadDog.HashtagBearFam_TerenBakes_WinterGingerBread": "829 1 396 1 -6 1 246 1/1 10/MadDog.HashtagBearFam_TerenBakes_WinterGingerBread 2/null/{{i18n:MadDog.HashtagBearfam.TerenBakes.WinterGingerBread}}", //ginger spice berry egg flour
        "MadDog.HashtagBearFam_TerenBakes_AutumnPumpkinCookie": "396 1 276 1 -6 1 246 1/1 10/MadDog.HashtagBearFam_TerenBakes_AutumnPumpkinCookie 2/null/{{i18n:MadDog.HashtagBearfam.TerenBakes.AutumnPumpkinCookie}}", //spice berry pumpkin egg flour
        "MadDog.HashtagBearFam_TerenBakes_WildPlumDonut": "406 1 -6 1 246 1/1 10/MadDog.HashtagBearFam_TerenBakes_WildPlumDonut/null/{{i18n:MadDog.HashtagBearfam.TerenBakes.WildPlumDonut}}", // wild plum egg flour		

        "MadDog.HashtagBearFam_RoseysLatkes": "192 2 247 1/1 10/MadDog.HashtagBearFam_RoseysLatkes/null/{{i18n:MadDog.HashtagBearfam.RoseysLatkes}}", //2 potato 1 oil
        "MadDog.HashtagBearFam_TerenBakes_HeartHealthCookies": "613 1 724 1/1 10/MadDog.HashtagBearFam_TerenBakes_HeartHealthCookies 2/null/{{i18n:MadDog.HashtagBearfam.TerenBakes.HeartHealthCookies}}", // apple maple syrup
        "MadDog.HashtagBearFam_TerenBakes_PlumRiceBalls": "406 1 423 1/1 10/MadDog.HashtagBearFam_TerenBakes_PlumRiceBalls 2/null/{{i18n:MadDog.HashtagBearfam.TerenBakes.PlumRiceBalls}}", //wild plum rice
        "MadDog.HashtagBearFam_TerenMakes_MushroomSteakBurger": "404 1 192 1 256 1/1 10/MadDog.HashtagBearFam_TerenMakes_MushroomSteakBurger/null/{{i18n:MadDog.HashtagBearfam.TerenMakes.MushroomSteakBurger}}", // common mushroom potato tomato	

        "MadDog.HashtagBearFam_TerenBakes_BlueberrySpongeCake": "192 1 423 1 245 1 258 2/1 10/MadDog.HashtagBearFam_TerenBakes_BlueberrySpongeCake/null/{{i18n:MadDog.HashtagBearfam.TerenBakes.BlueberrySpongeCake}}", // potato rice blueberry sugar 

        "MadDog.HashtagBearFam_TerenBakes_CaramelOrangeRoll": "245 3 635 1/1 10/MadDog.HashtagBearFam_TerenBakes_CaramelOrangeRoll 2/null/{{i18n:MadDog.HashtagBearfam.TerenBakes.CaramelOrangeRoll}}", // orange sugar 

        "MadDog.HashtagBearFam_TerenMakes_TomatoCoconutBisque": "256 1 88 1/1 10/MadDog.HashtagBearFam_TerenMakes_TomatoCoconutBisque/null/{{i18n:MadDog.HashtagBearfam.TerenMakes.TomatoCoconutBisque}}", // tomato coconut	
        "MadDog.HashtagBearFam_TerenMakes_JerkVeggiesandSalsa": "423 1 832 1 -75 3/1 10/MadDog.HashtagBearFam_TerenMakes_JerkVeggiesandSalsa/null/{{i18n:MadDog.HashtagBearfam.TerenMakes.JerkVeggiesandSalsa}}", // rice pineapple any veg	
        "MadDog.HashtagBearFam_TerenMakes_GarlicSquoodles": "SummerSquash 1 248 2/1 10/MadDog.HashtagBearFam_TerenMakes_GarlicSquoodles/null/{{i18n:MadDog.HashtagBearfam.TerenMakes.GarlicSquoodles}}", // Summer squash, garlic x2
        "MadDog.HashtagBearFam_TerenMakes_PeachyLemonade": "MadDog.HashtagBearFam_FerskenPeach 1 636 1/1 10/MadDog.HashtagBearFam_TerenMakes_PeachyLemonade/null/{{i18n:MadDog.HashtagBearfam.TerenMakes.PeachyLemonade}}", // fersken peach reg peach
        "MadDog.HashtagBearFam_TerenMakes_TooMuchFruitSmoothie": "-79 3/1 10/MadDog.HashtagBearFam_TerenMakes_TooMuchFruitSmoothie/null/{{i18n:MadDog.HashtagBearfam.TerenMakes.TooMuchFruitSmoothie}}", // any fruit x3

        "MadDog.HashtagBearFam_TerenMakes_VeggieSkewer": "-75 3/1 10/MadDog.HashtagBearFam_TerenMakes_VeggieSkewer 2/null/{{i18n:MadDog.HashtagBearfam.TerenMakes.VeggieSkewer}}", // any veg x3

        "MadDog.HashtagBearFam_Eli_Cookie": "276 1 247 1/1 10/MadDog.HashtagBearFam_Eli_Cookie/null/{{i18n:MadDog.HashtagBearfam.Eli_Cookie}}", // pumpkin 1 oil 1
        "MadDog.HashtagBearFam_Dylan_Tea": "815 3/1 10/MadDog.HashtagBearFam_Dylan_Tea/null/{{i18n:MadDog.HashtagBearfam.Dylan_Tea}}", // 3 tea leaves

        //bonus potions
        "MadDog.HashtagBearFam_RegenPotions_GreatGospelPotion": "591 2 593 2 431 1/1 10/MadDog.HashtagBearFam_RegenPotions_GreatGospelPotion/null/{{i18n:MadDog.HashtagBearfam.RegenPotions.GreatGospelPotion}}", //2 tulip 2 spangle 1 sunflower seed
        "MadDog.HashtagBearFam_RegenPotions_AngelWingPotion": "444 1 382 3/1 10/MadDog.HashtagBearFam_RegenPotions_AngelWingPotion/null/{{i18n:MadDog.HashtagBearfam.RegenPotions.AngelWingPotion}}", //1 feather 3 coal
        "MadDog.HashtagBearFam_RegenPotions_TidesofFatePotion": "393 2 394 1 397 2/1 10/MadDog.HashtagBearFam_RegenPotions_TidesofFatePotion/null/{{i18n:MadDog.HashtagBearfam.RegenPotions.TidesofFatePotion}}", //2 coral 1 rainbow 2 urchin
        "MadDog.HashtagBearFam_RegenPotions_FreeEnergyPotion": "402 2 380 2/1 10/MadDog.HashtagBearFam_RegenPotions_FreeEnergyPotion/null/{{i18n:MadDog.HashtagBearfam.RegenPotions.FreeEnergyPotion}}", //2 sweet pea 2 iron ore
        "MadDog.HashtagBearFam_RegenPotions_FantasiaPotion": "444 1 394 1 80 1/1 10/MadDog.HashtagBearFam_RegenPotions_FantasiaPotion/null/{{i18n:MadDog.HashtagBearfam.RegenPotions.FantasiaPotion}}", //1 feather 1 rainbow shell 1 quartz
        "MadDog.HashtagBearFam_RegenPotions_DigitalMindWavePotion": "247 2 595 1 726 1/1 10/MadDog.HashtagBearFam_RegenPotions_DigitalMindWavePotion/null/{{i18n:MadDog.HashtagBearfam.RegenPotions.DigitalMindWavePotion}}", //2 oil 1 fairy rose
        "MadDog.HashtagBearFam_RegenPotions_GlaiveArtsPotion": "376 3 330 1 726 1/1 10/MadDog.HashtagBearFam_RegenPotions_GlaiveArtsPotion/null/{{i18n:MadDog.HashtagBearfam.RegenPotions.GlaiveArtsPotion}}", //3 poppy 1 clay 1 pine tar
        "MadDog.HashtagBearFam_RegenPotions_NordswainsGlowPotion": "909 1 296 1 350 1/1 10/MadDog.HashtagBearFam_RegenPotions_NordswainsGlowPotion/null/{{i18n:MadDog.HashtagBearfam.RegenPotions.NordswainsGlowPotion}}", //1 radioactive ore 1 salmonberry 1juice


        //unique booze
        "MadDog.HashtagBearFam_Zuzu_Mule": "245 1 829 1 378 1/1 10/MadDog.HashtagBearFam_Zuzu_Mule/null/{{i18n:MadDog.HashtagBearfam.Zuzu_Mule}}", // ginger 1 sugar 1
        "MadDog.HashtagBearFam_Honey_OldFashioned": "MadDog.HashtagBearFam_FerskenPeach_Honey 1 638 1 635 1/1 10/MadDog.HashtagBearFam_Honey_OldFashioned/null/{{i18n:MadDog.HashtagBearfam.Honey_OldFashioned}}", //MadDog.HashtagBearFam_FerskenPeach_Honey 1 cherry 1 orange 1
        "MadDog.HashtagBearFam_Citrus_City_Gin_Sour": "-5 1 635 1/1 10/MadDog.HashtagBearFam_Citrus_City_Gin_Sour 1/null/{{i18n:MadDog.HashtagBearfam.Citrus_City_Gin_Sour}}" // egg 1 orange 1

        /*"": "/1 10// /{{i18n:}}"
        /*"MadDog.HashtagBearFam_FerskenPeach_Honey": "MadDog.HashtagBearFam_FerskenPeach 1 340 1/1 10/MadDog.HashtagBearFam_FerskenPeach_Honey 2/null/{{i18n:MadDog.HashtagBearfam.FerskenPeach_Honey}}", //fersken peach, honey*/
      }
    },
    /////////////////////////////////////////////////////////////////////////////////////////////////////////////////////////////////
    //crafting recipes
    {
      "LogName": "Kraken Cave Warp Totem Recipe",
      "Action": "EditData",
      "Target": "Data/CraftingRecipes",
      "Entries": {
        "MadDog.HashtagBearFam_Kraken_WarpTotem": "397 3 393 3 814 1/Field/MadDog.HashtagBearFam_Kraken_WarpTotem/false/null/{{i18n:MadDog.HashtagBearfam.Kraken_WarpTotem}}"
      }
    },
    /////////////////////////////////////////////////////////////////////////////////////////////////////////////////////////////////
    {
      "LogName": "Love of Cooking Preventative Measures",
      "Action": "EditData",
      "Target": "spacechase0.SpaceCore/CookingRecipeOverrides",
      "Entries": {
        "MadDog.HashtagBearFam_TerenBakes_PDFruitScone": {
          "ProductQualifiedId": "(O)MadDog.HashtagBearFam_TerenBakes_PDFruitScone",
          "ProductAmount": 1,
          "Ingredients": [
            {
              "Type": "ContextTag",
              "Value": "category_fruits",
              "Amount": 1,
              "OverrideText": "{{i18n:MadDog.HashtagBearFam_AnyFruit}}",
              "OverrideTexturePath": "Maps/springobjects",
              "OverrideTextureRect": {
                "X": 352,
                "Y": 256,
                "Width": 16,
                "Height": 16
              }
            },
            {
              "Type": "Item",
              "Value": "(O)246",
              "Amount": 2
            },
            {
              "Type": "ContextTag",
              "Value": "category_egg", //-5
              "Amount": 1,
              "OverrideText": "{{i18n:MadDog.HashtagBearFam_AnyEgg}}",
              "OverrideTexturePath": "Maps/springobjects",
              "OverrideTextureRect": {
                "X": 128,
                "Y": 112,
                "Width": 16,
                "Height": 16
              }
            },
            {
              "Type": "ContextTag",
              "Value": "category_milk", //-6
              "Amount": 1,
              "OverrideText": "{{i18n:MadDog.HashtagBearFam_AnyMilk}}",
              "OverrideTexturePath": "Maps/springobjects",
              "OverrideTextureRect": {
                "X": 256,
                "Y": 112,
                "Width": 16,
                "Height": 16
              }
            }
          ]
        },
        "MadDog.HashtagBearFam_TerenMakes_TooMuchFruitSmoothie": {
          "ProductQualifiedId": "(O)MadDog.HashtagBearFam_TerenMakes_TooMuchFruitSmoothie",
          "ProductAmount": 1,
          "Ingredients": [
            {
              "Type": "ContextTag",
              "Value": "category_fruits",
              "Amount": 3,
              "OverrideText": "{{i18n:MadDog.HashtagBearFam_AnyFruit}}",
              "OverrideTexturePath": "Maps/springobjects",
              "OverrideTextureRect": {
                "X": 352,
                "Y": 256,
                "Width": 16,
                "Height": 16
              }
            }
          ]
        },
        "MadDog.HashtagBearFam_TerenMakes_VeggieSkewer": {
          "ProductQualifiedId": "(O)MadDog.HashtagBearFam_TerenMakes_VeggieSkewer",
          "ProductAmount": 2,
          "Ingredients": [
            {
              "Type": "ContextTag",
              "Value": "category_vegetable",
              "Amount": 3,
              "OverrideText": "{{i18n:MadDog.HashtagBearFam_AnyVeg}}",
              "OverrideTexturePath": "Maps/springobjects",
              "OverrideTextureRect": {
                "X": 0,
                "Y": 16,
                "Width": 16,
                "Height": 16
              }
            }
          ]
        },
        "MadDog.HashtagBearFam_TerenMakes_JerkVeggiesandSalsa": {
          "ProductQualifiedId": "(O)MadDog.HashtagBearFam_TerenMakes_JerkVeggiesandSalsa",
          "ProductAmount": 1,
          "Ingredients": [
            {
              "Type": "ContextTag",
              "Value": "category_vegetable",
              "Amount": 3,
              "OverrideText": "{{i18n:MadDog.HashtagBearFam_AnyVeg}}",
              "OverrideTexturePath": "Maps/springobjects",
              "OverrideTextureRect": {
                "X": 0,
                "Y": 16,
                "Width": 16,
                "Height": 16
              }
            },
            {
              "Type": "Item",
              "Value": "(O)426",
              "Amount": 1
            },
            {
              "Type": "Item",
              "Value": "(O)832",
              "Amount": 1
            }
          ]
        }
      }
    }

  ]
}