{
  "Changes": [

    {
      "LogName": "Shirt Sprites?",
      "Action": "Load",
      "Target": "Mods/MadDog.HashtagBearfam/MadDogShirts",
      "FromFile": "assets/MadDogBearFam_Shirts.png"
    },
    {
      "LogName": "Add Shirts",
      "Action": "EditData",
      "Target": "Data/Shirts",
      "Entries": {
        "MadDog.HashtagBearFam_SigHoodie": {
          "Name": "MadDog.HashtagBearFam_SigHoodie",
          "DisplayName": "{{i18n:MadDog.HashtagBearFam.SigHoodie}}",
          "Description": "{{i18n:MadDog.HashtagBearFam.SigHoodie.Description}}",
          "Price": 50,
          "Texture": "Mods\\MadDog.HashtagBearfam\\MadDogShirts",
          "SpriteIndex": 0,
          "CanBeDyed": false,
          "IsPrismatic": false,
          "HasSleeves": true,
          "CanChooseDuringCharacterCustomization": false,
          "CustomFields": {}
        },
        "MadDog.HashtagBearFam_TerenCamo": {
          "Name": "MadDog.HashtagBearFam_TerenCamo",
          "DisplayName": "{{i18n:MadDog.HashtagBearFam.TerenCamo}}",
          "Description": "{{i18n:MadDog.HashtagBearFam.TerenCamo.Description}}",
          "Price": 50,
          "Texture": "Mods\\MadDog.HashtagBearfam\\MadDogShirts",
          "SpriteIndex": 1,
          "DefaultColor": "204 255 204",
          "CanBeDyed": true,
          "IsPrismatic": false,
          "HasSleeves": true,
          "CanChooseDuringCharacterCustomization": false,
          "CustomFields": {}
        },
        "MadDog.HashtagBearFam_GunnarPlaid": {
          "Name": "MadDog.HashtagBearFam_GunnarPlaid",
          "DisplayName": "{{i18n:MadDog.HashtagBearFam.GunnarPlaid}}",
          "Description": "{{i18n:MadDog.HashtagBearFam.GunnarPlaid.Description}}",
          "Price": 50,
          "Texture": "Mods\\MadDog.HashtagBearfam\\MadDogShirts",
          "SpriteIndex": 2,
          "DefaultColor": "0 155 252",
          "CanBeDyed": true,
          "IsPrismatic": false,
          "HasSleeves": true,
          "CanChooseDuringCharacterCustomization": false,
          "CustomFields": {}
        },
        "MadDog.HashtagBearFam_BurgundyLeathers": {
          "Name": "MadDog.HashtagBearFam_BurgundyLeathers",
          "DisplayName": "{{i18n:MadDog.HashtagBearFam.BurgundyLeathers}}",
          "Description": "{{i18n:MadDog.HashtagBearFam.BurgundyLeathers.Description}}",
          "Price": 50,
          "Texture": "Mods\\MadDog.HashtagBearfam\\MadDogShirts",
          "SpriteIndex": 3,
          "DefaultColor": "0 0 102",
          "CanBeDyed": true,
          "IsPrismatic": false,
          "HasSleeves": true,
          "CanChooseDuringCharacterCustomization": false,
          "CustomFields": {}
        },
        "MadDog.HashtagBearFam_UmberLeathers": {
          "Name": "MadDog.HashtagBearFam_UmberLeathers",
          "DisplayName": "{{i18n:MadDog.HashtagBearFam.UmberLeathers}}",
          "Description": "{{i18n:MadDog.HashtagBearFam.UmberLeathers.Description}}",
          "Price": 50,
          "Texture": "Mods\\MadDog.HashtagBearfam\\MadDogShirts",
          "SpriteIndex": 4,
          "DefaultColor": "22 119 45",
          "CanBeDyed": true,
          "IsPrismatic": false,
          "HasSleeves": true,
          "CanChooseDuringCharacterCustomization": false,
          "CustomFields": {}
        },
        "MadDog.HashtagBearFam_CopperBomberJacket": {
          "Name": "MadDog.HashtagBearFam_CopperBomberJacket",
          "DisplayName": "{{i18n:MadDog.HashtagBearFam.CopperBomberJacket}}",
          "Description": "{{i18n:MadDog.HashtagBearFam.CopperBomberJacket.Description}}",
          "Price": 50,
          "Texture": "Mods\\MadDog.HashtagBearfam\\MadDogShirts",
          "SpriteIndex": 5,
          "DefaultColor": "199 236 235",
          "CanBeDyed": true,
          "IsPrismatic": false,
          "HasSleeves": true,
          "CanChooseDuringCharacterCustomization": false,
          "CustomFields": {}
        },
        "MadDog.HashtagBearFam_CowboyBlue": {
          "Name": "MadDog.HashtagBearFam_CowboyBlue",
          "DisplayName": "{{i18n:MadDog.HashtagBearFam.CowboyBlue}}",
          "Description": "{{i18n:MadDog.HashtagBearFam.CowboyBlue.Description}}",
          "Price": 50,
          "Texture": "Mods\\MadDog.HashtagBearfam\\MadDogShirts",
          "SpriteIndex": 6,
          "DefaultColor": null,
          "CanBeDyed": false,
          "IsPrismatic": false,
          "HasSleeves": true,
          "CanChooseDuringCharacterCustomization": false,
          "CustomFields": {}
        },
        "MadDog.HashtagBearFam_PotioneerVest": {
          "Name": "MadDog.HashtagBearFam_PotioneerVest",
          "DisplayName": "{{i18n:MadDog.HashtagBearFam.PotioneerVest}}",
          "Description": "{{i18n:MadDog.HashtagBearFam.PotioneerVest.Description}}",
          "Price": 50,
          "Texture": "Mods\\MadDog.HashtagBearfam\\MadDogShirts",
          "SpriteIndex": 7,
          "DefaultColor": "85 35 6",
          "CanBeDyed": true,
          "IsPrismatic": false,
          "HasSleeves": true,
          "CanChooseDuringCharacterCustomization": false,
          "CustomFields": {}
        },
        "MadDog.HashtagBearFam_GathererKnapsack": {
          "Name": "MadDog.HashtagBearFam_GathererKnapsack",
          "DisplayName": "{{i18n:MadDog.HashtagBearFam.GathererKnapsack}}",
          "Description": "{{i18n:MadDog.HashtagBearFam.GathererKnapsack.Description}}",
          "Price": 50,
          "Texture": "Mods\\MadDog.HashtagBearfam\\MadDogShirts",
          "SpriteIndex": 8,
          "DefaultColor": "168 97 0",
          "CanBeDyed": true,
          "IsPrismatic": false,
          "HasSleeves": true,
          "CanChooseDuringCharacterCustomization": false,
          "CustomFields": {}
        },
        "MadDog.HashtagBearFam_BanditBlue": {
          "Name": "MadDog.HashtagBearFam_BanditBlue",
          "DisplayName": "{{i18n:MadDog.HashtagBearFam.BanditBlue}}",
          "Description": "{{i18n:MadDog.HashtagBearFam.BanditBlue.Description}}",
          "Price": 50,
          "Texture": "Mods\\MadDog.HashtagBearfam\\MadDogShirts",
          "SpriteIndex": 9,
          "DefaultColor": null,
          "CanBeDyed": false,
          "IsPrismatic": false,
          "HasSleeves": true,
          "CanChooseDuringCharacterCustomization": false,
          "CustomFields": {}
        },
        "MadDog.HashtagBearFam_PrismaticMoon": {
          "Name": "MadDog.HashtagBearFam_PrismaticMoon",
          "DisplayName": "{{i18n:MadDog.HashtagBearFam.PrismaticMoon}}",
          "Description": "{{i18n:MadDog.HashtagBearFam.PrismaticMoon.Description}}",
          "Price": 50,
          "Texture": "Mods\\MadDog.HashtagBearfam\\MadDogShirts",
          "SpriteIndex": 10,
          "DefaultColor": null,
          "CanBeDyed": false,
          "IsPrismatic": true,
          "HasSleeves": true,
          "CanChooseDuringCharacterCustomization": false,
          "CustomFields": {}
        },
        "MadDog.HashtagBearFam_PrismaticFlower": {
          "Name": "MadDog.HashtagBearFam_PrismaticFlower",
          "DisplayName": "{{i18n:MadDog.HashtagBearFam.PrismaticFlower}}",
          "Description": "{{i18n:MadDog.HashtagBearFam.PrismaticFlower.Description}}",
          "Price": 50,
          "Texture": "Mods\\MadDog.HashtagBearfam\\MadDogShirts",
          "SpriteIndex": 11,
          "DefaultColor": null,
          "CanBeDyed": false,
          "IsPrismatic": true,
          "HasSleeves": true,
          "CanChooseDuringCharacterCustomization": false,
          "CustomFields": {}
        },
        "MadDog.HashtagBearFam_AdventuringKit": {
          "Name": "MadDog.HashtagBearFam_AdventuringKit",
          "DisplayName": "{{i18n:MadDog.HashtagBearFam.AdventuringKit}}",
          "Description": "{{i18n:MadDog.HashtagBearFam.AdventuringKit.Description}}",
          "Price": 50,
          "Texture": "Mods\\MadDog.HashtagBearfam\\MadDogShirts",
          "SpriteIndex": 12,
          "DefaultColor": "219 190 151",
          "CanBeDyed": true,
          "IsPrismatic": false,
          "HasSleeves": true,
          "CanChooseDuringCharacterCustomization": false,
          "CustomFields": {}
        },
        "MadDog.HashtagBearFam_ZuzuNights": {
          "Name": "MadDog.HashtagBearFam_ZuzuNights",
          "DisplayName": "{{i18n:MadDog.HashtagBearFam.ZuzuNights}}",
          "Description": "{{i18n:MadDog.HashtagBearFam.ZuzuNights.Description}}",
          "Price": 50,
          "Texture": "Mods\\MadDog.HashtagBearfam\\MadDogShirts",
          "SpriteIndex": 13,
          "DefaultColor": null,
          "CanBeDyed": false,
          "IsPrismatic": false,
          "HasSleeves": true,
          "CanChooseDuringCharacterCustomization": false,
          "CustomFields": {}
        },
        "MadDog.HashtagBearFam_ZuzuVarsity": {
          "Name": "MadDog.HashtagBearFam_ZuzuVarsity",
          "DisplayName": "{{i18n:MadDog.HashtagBearFam.ZuzuVarsity}}",
          "Description": "{{i18n:MadDog.HashtagBearFam.ZuzuVarsity.Description}}",
          "Price": 50,
          "Texture": "Mods\\MadDog.HashtagBearfam\\MadDogShirts",
          "SpriteIndex": 14,
          "DefaultColor": "255 0 0",
          "CanBeDyed": true,
          "IsPrismatic": false,
          "HasSleeves": true,
          "CanChooseDuringCharacterCustomization": false,
          "CustomFields": {}
        },
        "MadDog.HashtagBearFam_PrismaticFish": {
          "Name": "MadDog.HashtagBearFam_PrismaticFish",
          "DisplayName": "{{i18n:MadDog.HashtagBearFam.PrismaticFish}}",
          "Description": "{{i18n:MadDog.HashtagBearFam.PrismaticFish.Description}}",
          "Price": 50,
          "Texture": "Mods\\MadDog.HashtagBearfam\\MadDogShirts",
          "SpriteIndex": 15,
          "DefaultColor": null,
          "CanBeDyed": false,
          "IsPrismatic": true,
          "HasSleeves": true,
          "CanChooseDuringCharacterCustomization": false,
          "CustomFields": {}
        },
        "MadDog.HashtagBearFam_CaritasFlannel.Dark": {
          "Name": "MadDog.HashtagBearFam_CaritasFlannel.Dark",
          "DisplayName": "{{i18n:MadDog.HashtagBearFam.CaritasFlannel.Dark}}",
          "Description": "{{i18n:MadDog.HashtagBearFam.CaritasFlannel.Dark.Description}}",
          "Price": 2500,
          "Texture": "Mods\\MadDog.HashtagBearfam\\MadDogShirts",
          "SpriteIndex": 16,
          "DefaultColor": "144 212 217",
          "CanBeDyed": true,
          "IsPrismatic": false,
          "HasSleeves": true,
          "CanChooseDuringCharacterCustomization": false,
          "CustomFields": {}
        },
        "MadDog.HashtagBearFam_CaritasFlannel.Green": {
          "Name": "MadDog.HashtagBearFam_CaritasFlannel.Green",
          "DisplayName": "{{i18n:MadDog.HashtagBearFam.CaritasFlannel.Green}}",
          "Description": "{{i18n:MadDog.HashtagBearFam.CaritasFlannel.Green.Description}}",
          "Price": 2500,
          "Texture": "Mods\\MadDog.HashtagBearfam\\MadDogShirts",
          "SpriteIndex": 17,
          "DefaultColor": "187 0 249",
          "CanBeDyed": true,
          "IsPrismatic": false,
          "HasSleeves": true,
          "CanChooseDuringCharacterCustomization": false,
          "CustomFields": {}
        },
        "MadDog.HashtagBearFam_CaritasFlannel.Blue": {
          "Name": "MadDog.HashtagBearFam_CaritasFlannel.Blue",
          "DisplayName": "{{i18n:MadDog.HashtagBearFam.CaritasFlannel.Blue}}",
          "Description": "{{i18n:MadDog.HashtagBearFam.CaritasFlannel.Blue.Description}}",
          "Price": 2500,
          "Texture": "Mods\\MadDog.HashtagBearfam\\MadDogShirts",
          "SpriteIndex": 18,
          "DefaultColor": "255 222 0",
          "CanBeDyed": true,
          "IsPrismatic": false,
          "HasSleeves": true,
          "CanChooseDuringCharacterCustomization": false,
          "CustomFields": {}
        },
        "MadDog.HashtagBearFam_CaritasFlannel.Purple": {
          "Name": "MadDog.HashtagBearFam_CaritasFlannel.Purple",
          "DisplayName": "{{i18n:MadDog.HashtagBearFam.CaritasFlannel.Purple}}",
          "Description": "{{i18n:MadDog.HashtagBearFam.CaritasFlannel.Purple.Description}}",
          "Price": 2500,
          "Texture": "Mods\\MadDog.HashtagBearfam\\MadDogShirts",
          "SpriteIndex": 19,
          "DefaultColor": "39 255 170",
          "CanBeDyed": true,
          "IsPrismatic": false,
          "HasSleeves": true,
          "CanChooseDuringCharacterCustomization": false,
          "CustomFields": {}
        },
        "MadDog.HashtagBearFam_CaritasFlannel.Red": {
          "Name": "MadDog.HashtagBearFam_CaritasFlannel.Red",
          "DisplayName": "{{i18n:MadDog.HashtagBearFam.CaritasFlannel.Red}}",
          "Description": "{{i18n:MadDog.HashtagBearFam.CaritasFlannel.Red.Description}}",
          "Price": 2500,
          "Texture": "Mods\\MadDog.HashtagBearfam\\MadDogShirts",
          "SpriteIndex": 20,
          "DefaultColor": "215 215 215",
          "CanBeDyed": true,
          "IsPrismatic": false,
          "HasSleeves": true,
          "CanChooseDuringCharacterCustomization": false,
          "CustomFields": {}
        },
        "MadDog.HashtagBearFam_CaritasFlannel.Teal": {
          "Name": "MadDog.HashtagBearFam_CaritasFlannel.Teal",
          "DisplayName": "{{i18n:MadDog.HashtagBearFam.CaritasFlannel.Teal}}",
          "Description": "{{i18n:MadDog.HashtagBearFam.CaritasFlannel.Teal.Description}}",
          "Price": 2500,
          "Texture": "Mods\\MadDog.HashtagBearfam\\MadDogShirts",
          "SpriteIndex": 21,
          "DefaultColor": "237 174 225",
          "CanBeDyed": true,
          "IsPrismatic": false,
          "HasSleeves": true,
          "CanChooseDuringCharacterCustomization": false,
          "CustomFields": {}
        },
        "MadDog.HashtagBearFam_CaritasFlannel.Pink": {
          "Name": "MadDog.HashtagBearFam_CaritasFlannel.Pink",
          "DisplayName": "{{i18n:MadDog.HashtagBearFam.CaritasFlannel.Pink}}",
          "Description": "{{i18n:MadDog.HashtagBearFam.CaritasFlannel.Pink.Description}}",
          "Price": 2500,
          "Texture": "Mods\\MadDog.HashtagBearfam\\MadDogShirts",
          "SpriteIndex": 22,
          "DefaultColor": "123 140 90",
          "CanBeDyed": true,
          "IsPrismatic": false,
          "HasSleeves": true,
          "CanChooseDuringCharacterCustomization": false,
          "CustomFields": {}
        },
        "MadDog.HashtagBearFam_CaritasFlannel.Yellow": {
          "Name": "MadDog.HashtagBearFam_CaritasFlannel.Yellow",
          "DisplayName": "{{i18n:MadDog.HashtagBearFam.CaritasFlannel.Yellow}}",
          "Description": "{{i18n:MadDog.HashtagBearFam.CaritasFlannel.Yellow.Description}}",
          "Price": 2500,
          "Texture": "Mods\\MadDog.HashtagBearfam\\MadDogShirts",
          "SpriteIndex": 23,
          "DefaultColor": "86 152 179",
          "CanBeDyed": true,
          "IsPrismatic": false,
          "HasSleeves": true,
          "CanChooseDuringCharacterCustomization": false,
          "CustomFields": {}
        },


        "MadDog.HashtagBearFam_CaritasFlannel.Cropped.Dark": {
          "Name": "MadDog.HashtagBearFam_CaritasFlannel.Cropped.Dark",
          "DisplayName": "{{i18n:MadDog.HashtagBearFam.CaritasFlannel.Dark}}",
          "Description": "{{i18n:MadDog.HashtagBearFam.CaritasFlannel.Dark.Cropped.Description}}",
          "Price": 2500,
          "Texture": "Mods\\MadDog.HashtagBearfam\\MadDogShirts",
          "SpriteIndex": 32,
          "DefaultColor": "144 212 217",
          "CanBeDyed": true,
          "IsPrismatic": false,
          "HasSleeves": true,
          "CanChooseDuringCharacterCustomization": false,
          "CustomFields": {}
        },
        "MadDog.HashtagBearFam_CaritasFlannel.Cropped.Green": {
          "Name": "MadDog.HashtagBearFam_CaritasFlannel.Cropped.Green",
          "DisplayName": "{{i18n:MadDog.HashtagBearFam.CaritasFlannel.Green}}",
          "Description": "{{i18n:MadDog.HashtagBearFam.CaritasFlannel.Green.Cropped.Description}}",
          "Price": 2500,
          "Texture": "Mods\\MadDog.HashtagBearfam\\MadDogShirts",
          "SpriteIndex": 33,
          "DefaultColor": "187 0 249",
          "CanBeDyed": true,
          "IsPrismatic": false,
          "HasSleeves": true,
          "CanChooseDuringCharacterCustomization": false,
          "CustomFields": {}
        },
        "MadDog.HashtagBearFam_CaritasFlannel.Cropped.Blue": {
          "Name": "MadDog.HashtagBearFam_CaritasFlannel.Cropped.Blue",
          "DisplayName": "{{i18n:MadDog.HashtagBearFam.CaritasFlannel.Blue}}",
          "Description": "{{i18n:MadDog.HashtagBearFam.CaritasFlannel.Blue.Cropped.Description}}",
          "Price": 2500,
          "Texture": "Mods\\MadDog.HashtagBearfam\\MadDogShirts",
          "SpriteIndex": 34,
          "DefaultColor": "255 222 0",
          "CanBeDyed": true,
          "IsPrismatic": false,
          "HasSleeves": true,
          "CanChooseDuringCharacterCustomization": false,
          "CustomFields": {}
        },
        "MadDog.HashtagBearFam_CaritasFlannel.Cropped.Purple": {
          "Name": "MadDog.HashtagBearFam_CaritasFlannel.Cropped.Purple",
          "DisplayName": "{{i18n:MadDog.HashtagBearFam.CaritasFlannel.Purple}}",
          "Description": "{{i18n:MadDog.HashtagBearFam.CaritasFlannel.Purple.Cropped.Description}}",
          "Price": 2500,
          "Texture": "Mods\\MadDog.HashtagBearfam\\MadDogShirts",
          "SpriteIndex": 35,
          "DefaultColor": "39 255 170",
          "CanBeDyed": true,
          "IsPrismatic": false,
          "HasSleeves": true,
          "CanChooseDuringCharacterCustomization": false,
          "CustomFields": {}
        },
        "MadDog.HashtagBearFam_CaritasFlannel.Cropped.Red": {
          "Name": "MadDog.HashtagBearFam_CaritasFlannel.Cropped.Red",
          "DisplayName": "{{i18n:MadDog.HashtagBearFam.CaritasFlannel.Red}}",
          "Description": "{{i18n:MadDog.HashtagBearFam.CaritasFlannel.Red.Cropped.Description}}",
          "Price": 2500,
          "Texture": "Mods\\MadDog.HashtagBearfam\\MadDogShirts",
          "SpriteIndex": 36,
          "DefaultColor": "215 215 215",
          "CanBeDyed": true,
          "IsPrismatic": false,
          "HasSleeves": true,
          "CanChooseDuringCharacterCustomization": false,
          "CustomFields": {}
        },
        "MadDog.HashtagBearFam_CaritasFlannel.Cropped.Teal": {
          "Name": "MadDog.HashtagBearFam_CaritasFlannel.Cropped.Teal",
          "DisplayName": "{{i18n:MadDog.HashtagBearFam.CaritasFlannel.Teal}}",
          "Description": "{{i18n:MadDog.HashtagBearFam.CaritasFlannel.Teal.Cropped.Description}}",
          "Price": 2500,
          "Texture": "Mods\\MadDog.HashtagBearfam\\MadDogShirts",
          "SpriteIndex": 37,
          "DefaultColor": "237 174 225",
          "CanBeDyed": true,
          "IsPrismatic": false,
          "HasSleeves": true,
          "CanChooseDuringCharacterCustomization": false,
          "CustomFields": {}
        },
        "MadDog.HashtagBearFam_CaritasFlannel.Cropped.Pink": {
          "Name": "MadDog.HashtagBearFam_CaritasFlannel.Cropped.Pink",
          "DisplayName": "{{i18n:MadDog.HashtagBearFam.CaritasFlannel.Pink}}",
          "Description": "{{i18n:MadDog.HashtagBearFam.CaritasFlannel.Pink.Cropped.Description}}",
          "Price": 2500,
          "Texture": "Mods\\MadDog.HashtagBearfam\\MadDogShirts",
          "SpriteIndex": 38,
          "DefaultColor": "123 140 90",
          "CanBeDyed": true,
          "IsPrismatic": false,
          "HasSleeves": true,
          "CanChooseDuringCharacterCustomization": false,
          "CustomFields": {}
        },
        "MadDog.HashtagBearFam_CaritasFlannel.Cropped.Yellow": {
          "Name": "MadDog.HashtagBearFam_CaritasFlannel.Cropped.Yellow",
          "DisplayName": "{{i18n:MadDog.HashtagBearFam.CaritasFlannel.Yellow}}",
          "Description": "{{i18n:MadDog.HashtagBearFam.CaritasFlannel.Yellow.Cropped.Description}}",
          "Price": 2500,
          "Texture": "Mods\\MadDog.HashtagBearfam\\MadDogShirts",
          "SpriteIndex": 39,
          "DefaultColor": "86 152 179",
          "CanBeDyed": true,
          "IsPrismatic": false,
          "HasSleeves": true,
          "CanChooseDuringCharacterCustomization": false,
          "CustomFields": {}
        }
      }
    }

  ]
  }
