{
  "Changes": [

    {
      "LogName": "Sondra Special Order Things",
      "Action": "EditData",
      "Target": "Strings/SpecialOrderStrings",
      "Entries": {
        "SondraBattleoftheBandsFood_Name": "{{i18n:SondraBattleoftheBandsFoodTitle}}",
        "SondraBattleoftheBandsFood_Text": "{{i18n:SondraBattleoftheBandsFoodWords}}",
        "SondraBattleoftheBandsFoodObjective_Text1": "{{i18n:SondraBattleoftheBandsFoodObjective1}}",
        "SondraBattleoftheBandsFoodObjective_Text2": "{{i18n:SondraBattleoftheBandsFoodObjective2}}",
        "SondraBattleoftheBandsFoodObjective_Text3": "{{i18n:SondraBattleoftheBandsFoodObjective3}}",
        "SondraBattleoftheBandsMaterial_Name": "{{i18n:SondraBattleoftheBandsMaterialTitle}}",
        "SondraBattleoftheBandsMaterial_Text": "{{i18n:SondraBattleoftheBandsMaterialWords}}",
        "SondraBattleoftheBandsMaterialObjective_Text1": "{{i18n:SondraBattleoftheBandsMaterialObjective1}}",
        "SondraBattleoftheBandsMaterialObjective_Text2": "{{i18n:SondraBattleoftheBandsMaterialObjective2}}",
        "SondraBattleoftheBandsMaterialObjective_Text3": "{{i18n:SondraBattleoftheBandsMaterialObjective3}}"
      }
    }

  ]
}
