{
  "Changes": [

    /////////////////////////////////////////////////////////////////////////////////////////////////////////////////////////////////
    {
      "LogName": "Load Swords asset",
      "Action": "Load",
      "Target": "Mods/MadDogBearFam/Equipment",
      "FromFile": "Assets/MadDog.BearFam_Equipment.png"
    },
    //weapons
    {
      "Action": "EditData",
      "Target": "Data/Weapons",
      "Entries": {
        "MadDog.HashtagBearFam_BearTrainingSword": {
          "Name": "MadDog.HashtagBearFam_BearTrainingSword",
          "DisplayName": "{{i18n:MadDog.HashtagBearfam.BearTrainingSword}}",
          "Description": "{{i18n:MadDog.HashtagBearfam.BearTrainingSword.Description}}",
          "Type": 3,
          "ExcludeFromRandomSale": true,
          "ExcludeFromShippingCollection": true,
          "CanBeLostOnDeath": false,
          "Category": -98,
          "Price": 150,
          "MinDamage": 3,
          "MaxDamage": 8,
          "Knockback": 1,
          "Speed": 0,
          "Precision": 50,
          "Defense": 2,
          "MineDropVar": 0,
          "MineDropMinimumLevel": -1,
          "ExtraSwingArea": -1,
          "CritChance": 0.01,
          "CritMultiplier": 1,
          "Texture": "Mods\\MadDogBearFam\\Equipment",
          "SpriteIndex": 0,
          "CustomFields": {
            "spacechase0.MoonMisadventuresRedux_ChakramConversion": "MadDog.HashtagBearFam_Chakram.BearTrainingSword",
            "spacechase0.MoonMisdaventuresRedux_ChakramConversionConsume": false
          }
        }
      }
    },
    {
      "Action": "EditData",
      "Target": "Data/Weapons",
      "Entries": {
        "MadDog.HashtagBearFam_Dainsleif": {
          "Name": "MadDog.HashtagBearFam_Dainsleif",
          "DisplayName": "{{i18n:MadDog.HashtagBearfam.Dainsleif}}",
          "Description": "{{i18n:MadDog.HashtagBearfam.Dainsleif.Description}}",
          "Type": 3,
          "ExcludeFromRandomSale": true,
          "ExcludeFromShippingCollection": true,
          "CanBeLostOnDeath": false,
          "Category": -98,
          "Price": 2500,
          "MinDamage": 78,
          "MaxDamage": 98,
          "Knockback": 2,
          "Speed": -4,
          "Precision": 80,
          "Defense": 5,
          "MineDropVar": 0,
          "MineDropMinimumLevel": -1,
          "ExtraSwingArea": -1,
          "CritChance": 0.1,
          "CritMultiplier": 1.0,
          "Texture": "Mods\\MadDogBearFam\\Equipment",
          "SpriteIndex": 1,
          "CustomFields": {
            "spacechase0.MoonMisadventuresRedux_ChakramConversion": "MadDog.HashtagBearFam_Chakram.Dainsleif",
            "spacechase0.MoonMisdaventuresRedux_ChakramConversionConsume": false
          }
        }
      }
    },
    {
      "Action": "EditData",
      "Target": "Data/Weapons",
      "Entries": {
        "MadDog.HashtagBearFam_Gramr": {
          "Name": "MadDog.HashtagBearFam_Gramr",
          "DisplayName": "{{i18n:MadDog.HashtagBearfam.Gramr}}",
          "Description": "{{i18n:MadDog.HashtagBearfam.Gramr.Description}}",
          "Type": 3,
          "ExcludeFromRandomSale": true,
          "ExcludeFromShippingCollection": true,
          "CanBeLostOnDeath": false,
          "Category": -98,
          "Price": 550,
          "MinDamage": 29,
          "MaxDamage": 45,
          "Knockback": 2,
          "Speed": 8,
          "Precision": 100,
          "Defense": 2,
          "MineDropVar": 0,
          "MineDropMinimumLevel": -1,
          "ExtraSwingArea": -1,
          "CritChance": 0.05,
          "CritMultiplier": 2,
          "Texture": "Mods\\MadDogBearFam\\Equipment",
          "SpriteIndex": 2,
          "CustomFields": {
            "spacechase0.MoonMisadventuresRedux_ChakramConversion": "MadDog.HashtagBearFam_Chakram.Gramr",
            "spacechase0.MoonMisdaventuresRedux_ChakramConversionConsume": false
          }
        }
      }
    },
    {
      "Action": "EditData",
      "Target": "Data/Weapons",
      "Entries": {
        "MadDog.HashtagBearFam_Hofund": {
          "Name": "MadDog.HashtagBearFam_Hofund",
          "DisplayName": "{{i18n:MadDog.HashtagBearfam.Hofund}}",
          "Description": "{{i18n:MadDog.HashtagBearfam.Hofund.Description}}",
          "Type": 3,
          "ExcludeFromRandomSale": true,
          "ExcludeFromShippingCollection": true,
          "CanBeLostOnDeath": false,
          "Category": -98,
          "Price": 800,
          "MinDamage": 39,
          "MaxDamage": 65,
          "Knockback": 2,
          "Speed": 2,
          "Precision": 70,
          "Defense": 2,
          "MineDropVar": 0,
          "MineDropMinimumLevel": -1,
          "ExtraSwingArea": -1,
          "CritChance": 0.02,
          "CritMultiplier": 1,
          "Texture": "Mods\\MadDogBearFam\\Equipment",
          "SpriteIndex": 3,
          "CustomFields": {
            "spacechase0.MoonMisadventuresRedux_ChakramConversion": "MadDog.HashtagBearFam_Chakram.Hofund",
            "spacechase0.MoonMisdaventuresRedux_ChakramConversionConsume": false
          }
        }
      }
    },
    {
      "Action": "EditData",
      "Target": "Data/Weapons",
      "Entries": {
        "MadDog.HashtagBearFam_Ulfberht": {
          "Name": "MadDog.HashtagBearFam_Ulfberht",
          "DisplayName": "{{i18n:MadDog.HashtagBearfam.Ulfberht}}",
          "Description": "{{i18n:MadDog.HashtagBearfam.Ulfberht.Description}}",
          "Type": 3,
          "ExcludeFromRandomSale": true,
          "ExcludeFromShippingCollection": true,
          "CanBeLostOnDeath": false,
          "Category": -98,
          "Price": 350,
          "MinDamage": 13,
          "MaxDamage": 27,
          "Knockback": 1,
          "Speed": -2,
          "Precision": 65,
          "Defense": 3,
          "MineDropVar": 0,
          "MineDropMinimumLevel": -1,
          "ExtraSwingArea": -1,
          "CritChance": 0.02,
          "CritMultiplier": 2,
          "Texture": "Mods\\MadDogBearFam\\Equipment",
          "SpriteIndex": 4,
          "CustomFields": {
            "spacechase0.MoonMisadventuresRedux_ChakramConversion": "MadDog.HashtagBearFam_Chakram.Ulfberht",
            "spacechase0.MoonMisdaventuresRedux_ChakramConversionConsume": false
          }
        }
      }
    },
    {
      "Action": "EditData",
      "Target": "Data/Weapons",
      "Entries": {
        "MadDog.HashtagBearFam_TentacularSpectacular": {
          "Name": "MadDog.HashtagBearFam_TentacularSpectacular",
          "DisplayName": "{{i18n:MadDog.HashtagBearfam.TentacularSpectacular}}",
          "Description": "{{i18n:MadDog.HashtagBearfam.TentacularSpectacular.Description}}",
          "Type": 3,
          "ExcludeFromRandomSale": true,
          "ExcludeFromShippingCollection": true,
          "CanBeLostOnDeath": false,
          "Category": -98,
          "Price": 350,
          "MinDamage": 42,
          "MaxDamage": 69,
          "Knockback": 1,
          "Speed": 2,
          "Precision": 65,
          "Defense": 2,
          "MineDropVar": 0,
          "MineDropMinimumLevel": -1,
          "ExtraSwingArea": -1,
          "CritChance": 0.02,
          "CritMultiplier": 2,
          "Texture": "Mods\\MadDogBearFam\\Equipment",
          "SpriteIndex": 5,
          "Projectiles": [
            {
              "Id": "MadDog.HashtagBearFam_SquidSwordProjectiles",
              "Damage": 15,
              "Explodes": true,
              "Bounces": 4,
              "MaxDistance": 10,
              "Velocity": 10,
              "RotationVelocity": 16,
              "TailLength": 3,
              "FireSound": "slosh",
              "BounceSound": "cavedrip",
              "CollisionSound": "waterSlosh",
              "MinAngleOffset": 0,
              "MaxAngleOffset": 0,
              "Item": {
                "ItemId": "(O)814"
              }
            }
          ],
          "CustomFields": {
            "spacechase0.MoonMisadventuresRedux_ChakramConversion": "MadDog.HashtagBearFam_Chakram.TentacularSpectacular",
            "spacechase0.MoonMisdaventuresRedux_ChakramConversionConsume": false
          }
        }
      }
    },
    //character weapons
    {
      "Action": "EditData",
      "Target": "Data/Weapons",
      "Entries": {
        "MadDog.HashtagBearFam_Mjolnir": {
          "Name": "MadDog.HashtagBearFam_Mjolnir",
          "DisplayName": "{{i18n:MadDog.HashtagBearfam.Mjolnir}}",
          "Description": "{{i18n:MadDog.HashtagBearfam.Mjolnir.Description}}",
          "Type": 2,
          "ExcludeFromRandomSale": true,
          "ExcludeFromShippingCollection": true,
          "CanBeLostOnDeath": false,
          "Category": -98,
          "Price": 150,
          "MinDamage": 72,
          "MaxDamage": 98,
          "Knockback": 4,
          "Speed": -2,
          "Precision": 80,
          "Defense": 0,
          "MineDropVar": 0,
          "MineDropMinimumLevel": -1,
          "ExtraSwingArea": -1,
          "CritChance": 0.50,
          "CritMultiplier": 5,
          "Texture": "Mods\\MadDogBearFam\\Equipment",
          "SpriteIndex": 30
        }
      }
    },
    {
      "Action": "EditData",
      "Target": "Data/Weapons",
      "Entries": {
        "MadDog.HashtagBearFam_MilitaryRapier": {
          "Name": "MadDog.HashtagBearFam_MilitaryRapier",
          "DisplayName": "{{i18n:MadDog.HashtagBearfam.MilitaryRapier}}",
          "Description": "{{i18n:MadDog.HashtagBearfam.MilitaryRapier.Description}}",
          "Type": 3,
          "ExcludeFromRandomSale": true,
          "ExcludeFromShippingCollection": true,
          "CanBeLostOnDeath": false,
          "Category": -98,
          "Price": 150,
          "MinDamage": 69,
          "MaxDamage": 89,
          "Knockback": 1,
          "Speed": 8,
          "Precision": 100,
          "Defense": 1,
          "MineDropVar": 0,
          "MineDropMinimumLevel": -1,
          "ExtraSwingArea": -1,
          "CritChance": 0.10,
          "CritMultiplier": 2,
          "Texture": "Mods\\MadDogBearFam\\Equipment",
          "SpriteIndex": 31
        }
      }
    },
    {
      "Action": "EditData",
      "Target": "Data/Weapons",
      "Entries": {
        "MadDog.HashtagBearFam_BusterSword": {
          "Name": "MadDog.HashtagBearFam_BusterSword",
          "DisplayName": "{{i18n:MadDog.HashtagBearfam.BusterSword}}",
          "Description": "{{i18n:MadDog.HashtagBearfam.BusterSword.Description}}",
          "Type": 3,
          "ExcludeFromRandomSale": true,
          "ExcludeFromShippingCollection": true,
          "CanBeLostOnDeath": false,
          "Category": -98,
          "Price": 150,
          "MinDamage": 58,
          "MaxDamage": 91,
          "Knockback": 2,
          "Speed": 2,
          "Precision": 60,
          "Defense": 4,
          "MineDropVar": 0,
          "MineDropMinimumLevel": -1,
          "ExtraSwingArea": -1,
          "CritChance": 0.20,
          "CritMultiplier": 2,
          "Texture": "Mods\\MadDogBearFam\\Equipment",
          "SpriteIndex": 32
        }
      }
    },
    {
      "Action": "EditData",
      "Target": "Data/Weapons",
      "Entries": {
        "MadDog.HashtagBearFam_FishStick": {
          "Name": "MadDog.HashtagBearFam_FishStick",
          "DisplayName": "{{i18n:MadDog.HashtagBearfam.FishStick}}",
          "Description": "{{i18n:MadDog.HashtagBearfam.FishStick.Description}}",
          "Type": 2,
          "ExcludeFromRandomSale": true,
          "ExcludeFromShippingCollection": true,
          "CanBeLostOnDeath": false,
          "Category": -98,
          "Price": 150,
          "MinDamage": 40,
          "MaxDamage": 55,
          "Knockback": 2,
          "Speed": 0,
          "Precision": 100,
          "Defense": 1,
          "MineDropVar": 0,
          "MineDropMinimumLevel": -1,
          "ExtraSwingArea": -1,
          "CritChance": 0.04,
          "CritMultiplier": 2,
          "Texture": "Mods\\MadDogBearFam\\Equipment",
          "SpriteIndex": 33
        }
      }
    },
    {
      "Action": "EditData",
      "Target": "Data/Weapons",
      "Entries": {
        "MadDog.HashtagBearFam_KitchenCleaver": {
          "Name": "MadDog.HashtagBearFam_KitchenCleaver",
          "DisplayName": "{{i18n:MadDog.HashtagBearfam.KitchenCleaver}}",
          "Description": "{{i18n:MadDog.HashtagBearfam.KitchenCleaver.Description}}",
          "Type": 1,
          "ExcludeFromRandomSale": true,
          "ExcludeFromShippingCollection": true,
          "CanBeLostOnDeath": false,
          "Category": -98,
          "Price": 150,
          "MinDamage": 40,
          "MaxDamage": 55,
          "Knockback": 1,
          "Speed": 6,
          "Precision": 70,
          "Defense": 0,
          "MineDropVar": 0,
          "MineDropMinimumLevel": -1,
          "ExtraSwingArea": -1,
          "CritChance": 0.01,
          "CritMultiplier": 2,
          "Texture": "Mods\\MadDogBearFam\\Equipment",
          "SpriteIndex": 34
        }
      }
    },
    //mod added gear (SnS, MMR)
    {
      "Action": "EditData",
      "Target": "Data/Objects",
      "When": {
        "HasMod": "DN.SnS"
      },
      "Entries": {
        "MadDog.HashtagBearFam_BearFamilyKeyChain": {
          "Name": "MadDog.HashtagBearFam_BearFamilyKeyChain",
          "DisplayName": "{{i18n:MadDog.HashtagBearfam.BearFamilyKeyChain}}",
          "Description": "{{i18n:MadDog.HashtagBearfam.BearFamilyKeyChain.Description}}",
          "Type": "Basic",
          "Category": -29,
          "ExcludeFromRandomSale": true,
          "ExcludeFromShippingCollection": true,
          "CanBeLostOnDeath": false,
          "Price": 1,
          "Edibility": -300,
          "IsDrink": false,
          "Buffs": null,
          "Texture": "Mods\\MadDogBearFam\\Equipment",
          "SpriteIndex": 35,
          "ContextTags": [
            "keychain_item",
            "not_giftable"
          ]
        }
      }
    },
    {
      "Action": "EditData",
      "Target": "Data/Weapons",
      "When": {
        "HasMod": "spacechase0.MoonMisadventuresRedux"
      },
      "Entries": {
        "MadDog.HashtagBearFam_Chakram.BearTrainingSword": {
          "Name": "MadDog.HashtagBearFam_Chakram.BearTrainingSword",
          "DisplayName": "{{i18n:MadDog.HashtagBearfam.Chakram.BearTrainingSword}}",
          "Description": "{{i18n:MadDog.HashtagBearfam.Chakram.BearTrainingSword.Description}}",
          "Type": 0,
          "ExcludeFromRandomSale": true,
          "ExcludeFromShippingCollection": true,
          "CanBeLostOnDeath": false,
          "Category": -98,
          "Price": 150,
          "MinDamage": 3,
          "MaxDamage": 8,
          "Knockback": 1,
          "Speed": 0,
          "Precision": 50,
          "Defense": 2,
          "MineDropVar": 0,
          "MineDropMinimumLevel": -1,
          "ExtraSwingArea": -1,
          "CritChance": 0.01,
          "CritMultiplier": 1,
          "Texture": "Mods\\MadDogBearFam\\Equipment",
          "SpriteIndex": 36,
          "CustomFields": {
            "spacechase0.MoonMisadventuresRedux_IsChakram": true
          }
        }
      }
    },
    {
      "Action": "EditData",
      "Target": "Data/Weapons",
      "When": {
        "HasMod": "spacechase0.MoonMisadventuresRedux"
      },
      "Entries": {
        "MadDog.HashtagBearFam_Chakram.Dainsleif": {
          "Name": "MadDog.HashtagBearFam_Chakram.Dainsleif",
          "DisplayName": "{{i18n:MadDog.HashtagBearfam.Chakram.Dainsleif}}",
          "Description": "{{i18n:MadDog.HashtagBearfam.Chakram.Dainsleif.Description}}",
          "Type": 0,
          "ExcludeFromRandomSale": true,
          "ExcludeFromShippingCollection": true,
          "CanBeLostOnDeath": false,
          "Category": -98,
          "Price": 2500,
          "MinDamage": 78,
          "MaxDamage": 98,
          "Knockback": 2,
          "Speed": -4,
          "Precision": 80,
          "Defense": 5,
          "MineDropVar": 0,
          "MineDropMinimumLevel": -1,
          "ExtraSwingArea": -1,
          "CritChance": 0.1,
          "CritMultiplier": 1.0,
          "Texture": "Mods\\MadDogBearFam\\Equipment",
          "SpriteIndex": 37,
          "CustomFields": {
            "spacechase0.MoonMisadventuresRedux_IsChakram": true
          }
        }
      }
    },
    {
      "Action": "EditData",
      "Target": "Data/Weapons",
      "When": {
        "HasMod": "spacechase0.MoonMisadventuresRedux"
      },
      "Entries": {
        "MadDog.HashtagBearFam_Chakram.Gramr": {
          "Name": "MadDog.HashtagBearFam_Chakram.Gramr",
          "DisplayName": "{{i18n:MadDog.HashtagBearfam.Chakram.Gramr}}",
          "Description": "{{i18n:MadDog.HashtagBearfam.Chakram.Gramr.Description}}",
          "Type": 0,
          "ExcludeFromRandomSale": true,
          "ExcludeFromShippingCollection": true,
          "CanBeLostOnDeath": false,
          "Category": -98,
          "Price": 550,
          "MinDamage": 29,
          "MaxDamage": 45,
          "Knockback": 2,
          "Speed": 8,
          "Precision": 100,
          "Defense": 2,
          "MineDropVar": 0,
          "MineDropMinimumLevel": -1,
          "ExtraSwingArea": -1,
          "CritChance": 0.05,
          "CritMultiplier": 2,
          "Texture": "Mods\\MadDogBearFam\\Equipment",
          "SpriteIndex": 38,
          "CustomFields": {
            "spacechase0.MoonMisadventuresRedux_IsChakram": true
          }
        }
      }
    },
    {
      "Action": "EditData",
      "Target": "Data/Weapons",
      "When": {
        "HasMod": "spacechase0.MoonMisadventuresRedux"
      },
      "Entries": {
        "MadDog.HashtagBearFam_Chakram.Hofund": {
          "Name": "MadDog.HashtagBearFam_Chakram.Hofund",
          "DisplayName": "{{i18n:MadDog.HashtagBearfam.Chakram.Hofund}}",
          "Description": "{{i18n:MadDog.HashtagBearfam.Chakram.Hofund.Description}}",
          "Type": 0,
          "ExcludeFromRandomSale": true,
          "ExcludeFromShippingCollection": true,
          "CanBeLostOnDeath": false,
          "Category": -98,
          "Price": 800,
          "MinDamage": 39,
          "MaxDamage": 65,
          "Knockback": 2,
          "Speed": 2,
          "Precision": 70,
          "Defense": 2,
          "MineDropVar": 0,
          "MineDropMinimumLevel": -1,
          "ExtraSwingArea": -1,
          "CritChance": 0.02,
          "CritMultiplier": 1,
          "Texture": "Mods\\MadDogBearFam\\Equipment",
          "SpriteIndex": 39,
          "CustomFields": {
            "spacechase0.MoonMisadventuresRedux_IsChakram": true
          }
        }
      }
    },
    {
      "Action": "EditData",
      "Target": "Data/Weapons",
      "When": {
        "HasMod": "spacechase0.MoonMisadventuresRedux"
      },
      "Entries": {
        "MadDog.HashtagBearFam_Chakram.Ulfberht": {
          "Name": "MadDog.HashtagBearFam_Chakram.Ulfberht",
          "DisplayName": "{{i18n:MadDog.HashtagBearfam.Chakram.Ulfberht}}",
          "Description": "{{i18n:MadDog.HashtagBearfam.Chakram.Ulfberht.Description}}",
          "Type": 0,
          "ExcludeFromRandomSale": true,
          "ExcludeFromShippingCollection": true,
          "CanBeLostOnDeath": false,
          "Category": -98,
          "Price": 350,
          "MinDamage": 13,
          "MaxDamage": 27,
          "Knockback": 1,
          "Speed": -2,
          "Precision": 65,
          "Defense": 3,
          "MineDropVar": 0,
          "MineDropMinimumLevel": -1,
          "ExtraSwingArea": -1,
          "CritChance": 0.02,
          "CritMultiplier": 2,
          "Texture": "Mods\\MadDogBearFam\\Equipment",
          "SpriteIndex": 40,
          "CustomFields": {
            "spacechase0.MoonMisadventuresRedux_IsChakram": true
          }
        }
      }
    },
    {
      "Action": "EditData",
      "Target": "Data/Weapons",
      "When": {
        "HasMod": "spacechase0.MoonMisadventuresRedux"
      },
      "Entries": {
        "MadDog.HashtagBearFam_Chakram.TentacularSpectacular": {
          "Name": "MadDog.HashtagBearFam__Chakram.TentacularSpectacular",
          "DisplayName": "{{i18n:MadDog.HashtagBearfam.Chakram.TentacularSpectacular}}",
          "Description": "{{i18n:MadDog.HashtagBearfam.Chakram.TentacularSpectacular.Description}}",
          "Type": 0,
          "ExcludeFromRandomSale": true,
          "ExcludeFromShippingCollection": true,
          "CanBeLostOnDeath": false,
          "Category": -98,
          "Price": 350,
          "MinDamage": 42,
          "MaxDamage": 69,
          "Knockback": 1,
          "Speed": 2,
          "Precision": 65,
          "Defense": 2,
          "MineDropVar": 0,
          "MineDropMinimumLevel": -1,
          "ExtraSwingArea": -1,
          "CritChance": 0.02,
          "CritMultiplier": 2,
          "Texture": "Mods\\MadDogBearFam\\Equipment",
          "SpriteIndex": 41,
          "CustomFields": {
            "spacechase0.MoonMisadventuresRedux_IsChakram": true
          }
        }
      }
    }
  ]
}