{
    "Changes": [
        {
            "LogName": "Dialogue",
            "Action": "EditData",
            "Target": "Characters/Dialogue/Aideen",
            "Entries": {
                "Aideen_103": "{{i18n:genderneutral.Aideen_103}}",
                "Ai2_2": "{{i18n:genderneutral.Ai1_2}}"
            }
        },
        {
            "LogName": "Dialogue",
            "Action": "EditData",
            "Target": "Characters/Dialogue/Rosa",
            "Entries": {
                "rejectNPCA": "{{i18n:genderneutral.rejectNPCA.rosa}}"
            }
        },
        {
            "LogName": "Dialogue",
            "Action": "EditData",
            "Target": "Characters/Dialogue/Eyvinder",
            "Entries": {
                "Mon": "{{i18n:genderneutral.Mon.eyvind}}",
                "fall_Tue": "{{i18n:genderneutral.fall_Tue.eyvind}}",
                "winter_Sun2": "{{i18n:genderneutral.winter_Sun2.eyvind}}",
                "summer_Fri8": "{{i18n:genderneutral.summer_Fri8.eyvind}}",
                "winter_Fri8": "{{i18n:genderneutral.winter_Fri8.eyvind}}",
            }
        }
    ]
}