{
    "Changes": [
        { // Sets up the room for Kat after youve seen her intro event and as long as you haven't seen her leave and are not married to her
            "Action": "EditMap",
            "Target": "Maps/EastScarp_VillageInn",
            "FromFile": "assets/Maps/EastScarpeInn_Kataryna_Kennedy.tmx",
            "Update": "OnLocationChange",
            "FromArea": {
                "X": 0,
                "Y": 0,
                "Width": 11,
                "Height": 9
            },
            "ToArea": {
                "X": 0,
                "Y": 0,
                "Width": 11,
                "Height": 9
            },
            "When": {
                "HasSeenEvent |contains=57876001": "True",
                "HasFlag |contains=KatarynaLeavesTown": "false",
                "Relationship:KatarynaLK |contains=married": "false"
            }
        },
        { // Sets up the door warp for Kat after youve seen her intro event and as long as you haven't seen her leave and are not married to her (if she does not become social, you can never enter)
            "Action": "EditMap",
            "Target": "Maps/EastScarp_VillageInn",
            "MapTiles": [
                {
                    "Position": {
                        "X": 8,
                        "Y": 16
                    },
                    "Layer": "Buildings",
                    "SetProperties": {
                        "Action": "Door KatarynaLK"
                    }
                }
            ],
            "When": {
                "HasSeenEvent |contains=57876001": "True",
                "HasFlag |contains=KatarynaLeavesTown": "false",
                "Relationship:KatarynaLK |contains=married": "false"
            }
        },
        {
            "LogName": "NPC Gift Tastes",
            "Action": "EditData",
            "Target": "Data/NPCGiftTastes",
            "When": {
                "HasFlag": "KatarynaBecomesSocial"
            },
            "Entries": {
                "KatarynaLK": "{{i18n:gifts.kataryna.love}}/253 560 872 104 561/{{i18n:gifts.kataryna.like}}/-15 -2 96 97 98 99 121 122 -26 305 167/{{i18n:gifts.kataryna.dislike}}/-80/{{i18n:gifts.kataryna.hate}}/274 308/{{i18n:gifts.kataryna.neutral}}/-81 -12/"
            }
        },
        {
            "Action": "EditData",
            "Target": "Characters/Dialogue/Rosa",
            "When": {
                "HasFlag": "KatarynaBecomesSocial",
                "HasFlag |contains=RosaMentionsKat": false
            },
            "Entries": {
                "{{season}}_{{day}}_2": "$1 RosaMentionsKat#{{i18n:dialogue.rosamentionskat}}"
            }
        },
        {
            "LogName": "Animations",
            "Action": "EditData",
            "Target": "Data/animationDescriptions",
            "Entries": {
                "katarynalk_nap": "19/19/19",
                "katarynalk_sleep": "19/19/19",
                "katarynalk_write": "24/24 24 24 24 24 24 24 24 24 24 24 24 24 24 25 25 25 26 25 26 25 26 25 26 25 26 25 26 25 26 25 26 24 24 24 24 24 24 24 24 25 26 25 26 25 26 25 26 25 26/24",
                "katarynalk_coffee": "16/16 16 16 16 16 16 16 16 16 16 16 16 16 16 16 16 16 16 17 18 18 18 18 18 18 17 16 16 16 16 16 16 16 16 16 16 16 16/16",
                "abyss_sleep": "12/18 18 18 18 18 18 18 18 18 18 19 19 19 19 19 19 19 19 19 19/12",
                "abyss_perch": "16/16/16"
            }
        }, //
        {
            "Action": "Include",
            "FromFile": "assets/Festivals/KatarynaLK.json",
            "When": {
                "HasSeenEvent": "57876015"
            }
        },
        { //Kataryna
            "LogName": "Kataryna",
            "Action": "Load",
            "Priority": "Low",
            "Target": "Characters/KatarynaLK, Portraits/KatarynaLK",
            "FromFile": "assets/{{Target}}/Kataryna.png"
        },
        { //Abyss
            "LogName": "Abyss",
            "Action": "Load",
            "Target": "Characters/Abyssrooster",
            "FromFile": "assets/Images/Abyss.png"
        },
        { //Abyss
            "LogName": "Abyss",
            "Action": "Load",
            "Priority": "Low",
            "Target": "Portraits/Abyssrooster",
            "FromFile": "assets/Images/Abyss_portrait.png"
        },
        { //Abyss
            "LogName": "Abyss",
            "Action": "Load",
            "Target": "Characters/Dialogue/Abyssrooster",
            "FromFile": "assets/blank.json"
        },
        { //Abyss
            "LogName": "Abyss dialogue",
            "Action": "EditData",
            "Target": "Characters/Dialogue/Abyssrooster",
            "Entries": {
                "Mon": "*{{i18n:abyssrooster.mon}}*",
                "Tue": "*{{i18n:abyssrooster.tue}}*",
                "Wed": "*{{i18n:abyssrooster.wed}}*",
                "Thu": "*{{i18n:abyssrooster.thu}}*",
                "Fri": "*{{i18n:abyssrooster.fri}}*",
                "Sat": "*{{i18n:abyssrooster.sat}}*",
                "Sun": "*{{i18n:abyssrooster.sun}}*",
            }
        },
        { //Abyss
            "LogName": "Abyss",
            "Action": "Load",
            "Target": "Characters/schedules/Abyssrooster",
            "FromFile": "assets/blank.json"
        },
        { //Kataryna
            "LogName": "Kataryna",
            "Action": "Load",
            "Priority": "Low",
            "Target": "Portraits/KatarynaLK_wetHair",
            "FromFile": "assets/Portraits/KatarynaLK/Kataryna_wetHair.png"
        },
        { //K A T   D I A L O G U E
            "LogName": "Kataryna",
            "Action": "Include",
            "FromFile": "assets/Characters/Dialogue/KatarynaLK.json",
        },
        {
            "LogName": "Kataryna",
            "Action": "EditData",
            "Target": "Characters/Dialogue/KatarynaLK",
            "When": {
                "HasFlag": "KatarynaBecomesSocial"
            },
            "Entries": {
                "winter_Sat": "People keep looking at me sideways. Small town like this, bound to be a few skeletons.$2#$b#Lucky for them, I'm not that kind of journalist. Unless of course one was to stand up.$3",
                "winter_Wed": "I've picked up some editing work on the side. Mostly pulp fiction nonsense, but it is what it is.$2",
                "winter_Sun": "Oliver doesn't seem too happy I'm still around. Ah well, at least he's staying quiet about it.#$b#I can deal with the odd death stare.$2",
            }
        },
        {
            "LogName": "Kataryna",
            "Action": "EditData",
            "Target": "Characters/Dialogue/KatarynaLK",
            "Entries": {
                "{{season}}_{{day}}": "$1 KatarynaFirstMet#{{i18n:dialogue.katarynafirstmet}}",
                "{{season}}_{{day}}_2": "$1 KatarynaFirstMet#{{i18n:dialogue.katarynafirstmet}}"
            },
            "When": {
                "HasFlag |contains=KatarynaFirstMet": false
            }
        },
        { // K A T   S C H E D U L E S
            "LogName": "Kataryna",
            "Action": "Load",
            "Target": "Characters/schedules/KatarynaLK",
            "FromFile": "assets/blank.json"
        },
        { //To make her scheduling easier! And I hated that damned chair.
            "LogName": "removes chair from Archaeology House if SVE installed",
            "Action": "EditMap",
            "Target": "Maps/ArchaeologyHouse",
            "When": {
                "HasMod": "FlashShifter.StardewValleyExpandedCP",
            },
            "MapTiles": [
                {
                    "Position": {
                        "X": 3,
                        "Y": 10
                    },
                    "Layer": "Buildings",
                    "Remove": true
                },
            ]
        },
        { //Kataryna before she moves to town
            "LogName": "Kataryna",
            "Action": "EditData",
            "Target": "Characters/schedules/KatarynaLK",
            "Entries": {
                "15": "a900 ArchaeologyHouse 3 10 0 \"Strings\\schedules\\KatarynaLK:Museum_GuntherA\"/930 ArchaeologyHouse 11 5 square_5_1_0/1130 Forest 74 50 1 \"Strings\\schedules\\KatarynaLK:Forest_Jasper\"/1730 Saloon 12 20 0 \"Strings\\schedules\\KatarynaLK:Saloon_Gus\"/2100 Club 17 5 3",
                "summer_15": "a900 ArchaeologyHouse 4 10 0 \"Strings\\schedules\\KatarynaLK:Museum_GuntherA\"/930 ArchaeologyHouse 11 5 square_5_1_0/1130 Beach 83 40 2 \"Strings\\schedules\\KatarynaLK:Beach\"/1800 Saloon 12 20 0 \"Strings\\schedules\\KatarynaLK:Saloon_Gus\"/2100 Club 17 5 3",
                "fall_15": "a900 ArchaeologyHouse 4 10 0 \"Strings\\schedules\\KatarynaLK:Museum_GuntherA\"/930 ArchaeologyHouse 11 5 square_5_1_0/1030 Mountain 54 7 0 \"Strings\\schedules\\KatarynaLK:MinesEntrance\"/1400 Mountain 77 9 3 \"Strings\\schedules\\KatarynaLK:AdvGuild\"/1800 Saloon 12 20 0 \"Strings\\schedules\\KatarynaLK:Saloon_Gus\"/2100 Club 17 5 3",
                "winter_15": "a900 ArchaeologyHouse 4 10 0 \"Strings\\schedules\\KatarynaLK:Museum_GuntherA\"/930 ArchaeologyHouse 11 5 square_5_1_0/1230 Saloon 12 20 0 \"Strings\\schedules\\KatarynaLK:Saloon_Gus\"/1600 Beach 38 36 2 \"Strings\\schedules\\KatarynaLK:Winter_Market\"/1920 Club 17 5 3",
                "DesertFestival_2": "800 Desert 35 14 1 \"Strings\\1_6_Strings:DesertFestival_Kataryna\"/1400 Desert 12 50 2 \"Strings\\1_6_Strings:DesertFestival_Kataryna2\"/2410 Desert 18 8 0",
                "DesertFestival_1": "a900 ArchaeologyHouse 3 10 0 \"Strings\\schedules\\KatarynaLK:Museum_GuntherA\"/930 ArchaeologyHouse 11 5 square_5_1_0/1130 Forest 74 50 1 \"Strings\\schedules\\KatarynaLK:Forest_Jasper\"/1730 Saloon 12 20 0 \"Strings\\schedules\\KatarynaLK:Saloon_Gus\"/2100 Desert 18 8 0"
            },
            "When": {
                "HasSeenEvent |contains=57876001": false,
                "Query: {{DaysPlayed}} >= 58": true
            }
        },
        { //Kataryna
            "LogName": "Kataryna",
            "Action": "EditData",
            "Target": "Characters/schedules/KatarynaLK",
            "Entries": {
                "spring": "0 EastScarp_VillageInn 5 9 0/900 EastScarp_VillageInn 35 32 1 katarynalk_coffee/1100 EastScarp_Village 45 88 3/1500 EastScarp_Orchard 3 16 1 katarynalk_write/1800 EastScarp_VillageInn 5 9 0/2200 EastScarp_VillageInn 8 9 2",
                //"summer": "GOTO spring",
                //"winter": "900 EastScarp_TNPCWaitingWarpRoom 4 5/1800 EastScarp_TNPCWaitingWarpRoom 2 5",
                //"fall": "900 EastScarp_TNPCWaitingWarpRoom 4 5/1800 EastScarp_TNPCWaitingWarpRoom 2 5"
            },
            "When": {
                "HasSeenEvent": "57873005",
                "HasConversationTopic |contains=JosephineLeavesTown": false,
                "HasSeenEvent |contains=57876012": false
            }
        },
        { //Kataryna
            "LogName": "Kataryna",
            "Action": "EditData",
            "Target": "Characters/schedules/KatarynaLK",
            "Entries": {
                "rain": "0 EastScarp_VillageInn 5 9 0/700 EastScarp_VillageInn 8 9 0 katarynalk_nap/900 EastScarp_VillageInn 35 32 1 katarynalk_coffee/1000 Saloon 14 20 0/1400 EastScarp_Village 73 121 2/1900 EastScarp_VillageInn 5 9 0/2200 EastScarp_VillageInn 8 9 2 katarynalk_sleep",
                "Mon": "0 EastScarp_VillageInn 5 9 0/700 EastScarp_VillageInn 35 32 1 katarynalk_coffee/830 ArchaeologyHouse 5 10 0/1200 Blacksmith 5 13 3/1600 Saloon 14 20 0/2100 EastScarp_VillageInn 17 9 2/2400 EastScarp_VillageInn 8 9 2 katarynalk_sleep",
                "summer_Mon": "0 EastScarp_VillageInn 5 9 0/700 EastScarp_VillageInn 35 32 1 katarynalk_coffee/830 ArchaeologyHouse 5 10 0/1200 Beach 42 36 2/1430 Beach 26 36 2/1700 Saloon 14 20 0/2100 EastScarp_VillageInn 17 9 2/2400 EastScarp_VillageInn 8 9 2 katarynalk_sleep",
                "Tue": "0 EastScarp_VillageInn 5 9 0/700 EastScarp_VillageInn 35 32 1 katarynalk_coffee/900 Town 41 57 0/1200 SeedShop 12 28 1/1400 Beach 42 36 2/1730 Beach 26 36 2/2000 EastScarp_VillageInn 8 9 2 katarynalk_sleep",
                "Wed": "0 EastScarp_VillageInn 5 9 0/700 EastScarp_VillageInn 35 32 1 katarynalk_coffee/830 Forest 6 37 0/1300 Forest 94 94 2/1600 Saloon 12 20 0/2000 EastScarp_VillageInn 8 9 2 katarynalk_sleep",
                "winter_15": "0 EastScarp_VillageInn 5 9 0/a900 ArchaeologyHouse 4 10 0 \"Strings\\schedules\\KatarynaLK:Museum_GuntherD\"/1230 Saloon 12 20 0 \"Strings\\schedules\\KatarynaLK:Saloon_Gus\"/1600 Beach 38 36 2 \"Strings\\schedules\\KatarynaLK:Winter_Market\"/1920 EastScarp_VillageInn 8 9 2 katarynalk_sleep",
                "marriage_Mon": "830 ArchaeologyHouse 5 10 0/1200 Blacksmith 5 13 3/1600 Saloon 14 20 0/1900 bed",
                "marriage_Fri": "900 Town 41 57 0/1200 SeedShop 12 28 1/1400 Beach 42 36 2/1730 Beach 26 36 2/2000 bed",
                "marriage_Wed": "830 Forest 6 37 0/1300 Forest 94 94 2/1600 Saloon 12 20 0/2000 bed",
                "fall_27": "0 EastScarp_VillageInn 5 9 0/700 EastScarp_VillageInn 8 9 0 katarynalk_nap/900 EastScarp_VillageInn 35 32 1 katarynalk_coffee/1000 EastScarp_Village 43 71 1 katarynalk_write/1300 EastScarp_VillageInn 16 35 0/1440 EastScarp_VillageInn 31 33 0/1800 EastScarp_VillageInn 16 32 3/2020 Town 29 67 2",
                "marriage_fall_27": "a1300 EastScarp_VillageInn/1800 EastScarp_VillageInn 16 32 3/2020 bed"
            },
            "When": {
                "HasSeenEvent": "57876001",
                "HasSeenEvent |contains=57876012": false
            }
        },
        { //If you skip the event, Kataryna will just leave town/remain antisocial
            "LogName": "Kataryna",
            "Action": "EditData",
            "Target": "Characters/schedules/KatarynaLK",
            "When": {
                "HasFlag | contains=KatarynaBecomesSocial": false,
                "HasSeenEvent": "57876012"
            },
            "Entries": {
                "spring": "900 EastScarp_TNPCWaitingWarpRoom 4 5/1800 EastScarp_TNPCWaitingWarpRoom 2 5"
            }
        },
        { //Kataryna
            "LogName": "Kataryna",
            "Action": "EditData",
            "Target": "Characters/schedules/KatarynaLK",
            "Entries": {
                "spring": "0 EastScarp_VillageInn 5 9 0/900 EastScarp_VillageInn 35 32 1 katarynalk_coffee/1100 EastScarp_Village 45 88 3/1500 EastScarp_Orchard 3 16 1 katarynalk_write/1800 EastScarp_VillageInn 5 9 0/2200 EastScarp_VillageInn 8 9 2",
                "rain": "0 EastScarp_VillageInn 5 9 0/700 EastScarp_VillageInn 8 9 0 katarynalk_nap/900 EastScarp_VillageInn 35 32 1 katarynalk_coffee/1000 Saloon 14 20 0/1400 EastScarp_Village 73 121 2/1900 EastScarp_VillageInn 5 9 0/2200 EastScarp_VillageInn 8 9 2 katarynalk_sleep",
                "Mon": "0 EastScarp_VillageInn 5 9 0/700 EastScarp_VillageInn 35 32 1 katarynalk_coffee/830 ArchaeologyHouse 5 10 0/1200 Blacksmith 5 13 3/1600 Saloon 14 20 0/1900 EastScarp_VillageInn 5 9 0/2200 EastScarp_VillageInn 8 9 2 katarynalk_sleep",
                "Tue": "0 EastScarp_VillageInn 5 9 0/700 EastScarp_VillageInn 35 32 1 katarynalk_coffee/900 Town 41 57 0/1200 SeedShop 12 28 1/1400 Beach 42 36 2/1730 Beach 26 36 2/2000 EastScarp_VillageInn 8 9 2 katarynalk_sleep",
                "Wed": "0 EastScarp_VillageInn 5 9 0/700 EastScarp_VillageInn 35 32 1 katarynalk_coffee/830 Forest 6 37 0/1300 Forest 94 94 2/1600 Saloon 12 20 0/2000 EastScarp_VillageInn 8 9 2 katarynalk_sleep",
                "winter_15": "0 EastScarp_VillageInn 5 9 0/a900 ArchaeologyHouse 4 10 0 \"Strings\\schedules\\KatarynaLK:Museum_GuntherD\"/1230 Saloon 12 20 0 \"Strings\\schedules\\KatarynaLK:Saloon_Gus\"/1600 Beach 38 36 2 \"Strings\\schedules\\KatarynaLK:Winter_Market\"/1920 EastScarp_VillageInn 8 9 2 katarynalk_sleep",
            },
            "When": {
                "HasFlag": "KatarynaBecomesSocial",
                "HasSeenEvent |contains=57876033": false
            }
        },
        { //Kataryna after she leaves town
            "LogName": "Kataryna",
            "Action": "EditData",
            "Target": "Characters/schedules/KatarynaLK",
            "Entries": {
                "spring": "900 EastScarp_TNPCWaitingWarpRoom 4 5/1800 EastScarp_TNPCWaitingWarpRoom 2 5",
                "Mon": "a900 ArchaeologyHouse 3 10 0 \"Strings\\schedules\\KatarynaLK:Museum_GuntherE\"/1130 Forest 74 50 2 \"Strings\\schedules\\KatarynaLK:Forest_Jasper\"/1730 Saloon 12 20 0 \"Strings\\schedules\\KatarynaLK:Saloon_Gus\"/2100 Club 17 5 3",
                "summer_Mon": "a900 ArchaeologyHouse 4 10 0 \"Strings\\schedules\\KatarynaLK:Museum_GuntherC\"/1130 Beach 83 40 2 \"Strings\\schedules\\KatarynaLK:Beach\"/1800 Saloon 12 20 0 \"Strings\\schedules\\KatarynaLK:Saloon_Gus\"/2100 Club 17 5 3",
                "fall_Mon": "a900 ArchaeologyHouse 4 10 0 \"Strings\\schedules\\KatarynaLK:Museum_GuntherB\"/1030 Mountain 54 7 0 \"Strings\\schedules\\KatarynaLK:MinesEntrance\"/1400 Mountain 77 9 3 \"Strings\\schedules\\KatarynaLK:AdvGuild\"/1800 Saloon 12 20 0 \"Strings\\schedules\\KatarynaLK:Saloon_Gus\"/2100 Club 17 5 3",
                "winter_Mon": "a900 ArchaeologyHouse 4 10 0 \"Strings\\schedules\\KatarynaLK:Museum_GuntherD\"/1230 Saloon 12 20 0 \"Strings\\schedules\\KatarynaLK:Saloon_Gus\"/1600 Beach 38 36 2 \"Strings\\schedules\\KatarynaLK:Winter_Market\"/1920 Club 17 5 3",
                "fall_27": "a1300 EastScarp_VillageInn 16 35 0/1430 EastScarp_VillageInn 31 33 0/1800 EastScarp_VillageInn 16 32 3/2020 Town 29 67 2",
            },
            "When": {
                "HasSeenEvent |contains=57876033": true,
                "Spouse: AnyPlayer |contains=KatarynaLK": false
            }
        },
        { //Kataryna after she leaves town
            "LogName": "Kataryna",
            "Action": "EditData",
            "Target": "Characters/schedules/KatarynaLK",
            "When": {
                "HasConversationTopic": "Kataryna0schedule"
            },
            "Entries": {
                "{{season}}_{{day}}": "0 EastScarp_TNPCWaitingWarpRoom 2 5/900 EastScarp_TNPCWaitingWarpRoom 4 5/1800 EastScarp_TNPCWaitingWarpRoom 2 5"
            }
        },
        { //Abyss after Kat leaves town
            "LogName": "Kataryna",
            "Action": "EditData",
            "Target": "Characters/schedules/Abyssrooster",
            "Entries": {
                "spring": "900 EastScarp_TNPCWaitingWarpRoom 4 6/1800 EastScarp_TNPCWaitingWarpRoom 2 6",
                "1": "GOTO 15",
                "15": "a900 ArchaeologyHouse 4 12 0 square_5_3/1130 Forest 73 50 2/1730 Saloon 13 20 0 abyss_perch/2100 Club 18 5 2",
                "summer_1": "GOTO summer_15",
                "summer_15": "a900 ArchaeologyHouse 4 12 0 square_5_3/1130 Beach 84 40 2/1800 Saloon 13 20 2 abyss_perch/2100 Club 18 5 2",
                "fall_1": "GOTO fall_15",
                "fall_15": "a900 ArchaeologyHouse 4 12 0 square_5_3/1030 Mountain 54 7 0/1400 Mountain 77 9 3/1800 Saloon 13 20 2 abyss_perch/2100 Club 18 5 2",
                "winter_1": "GOTO winter_15",
                "winter_15": "a900 ArchaeologyHouse 4 12 0 square_5_3/1230 Saloon 13 20 2 abyss_perch/1600 Beach 25 14 2 square_5_5/1940 Club 18 5 2"
            },
            "When": {
                "HasSeenEvent |contains=57876033": true,
                "Spouse: AnyPlayer |contains=KatarynaLK": false
            }
        },
        // K A T A R Y N A   E V E N T S
        {
            "Action": "EditData",
            "Target": "Data/Events/Farm",
            "When": {
                "HasSeenEvent": "57873005"
            },
            "Entries": {
                "57876001/e 57873005/A JosephineLeavesTown": "continue/64 15/farmer 64 16 2 KatarynaLK 64 18 0/addConversationTopic Kataryna_Arrives 7/addConversationTopic Kataryna_Visits 1/pause 1500/textAboveHead KatarynaLK \"{{i18n:57876001.01}}\"/pause 500/speak KatarynaLK \"{{i18n:57876001.02}}\"/faceDirection KatarynaLK 2/pause 1000/faceDirection KatarynaLK 0/speak KatarynaLK \"{{i18n:57876001.03}}\"/emote farmer 40/pause 1000/speak KatarynaLK \"{{i18n:57876001.04}}\"/quickQuestion #{{i18n:57876001.05}}#{{i18n:57876001.06}}(break)speak KatarynaLK \"{{i18n:57876001.07}}\"(break)speak KatarynaLK \"{{i18n:57876001.08}}\"\\pause 500\\emote farmer 32\\pause 500\\textAboveHead KatarynaLK \"{{i18n:57876001.09}}\"/pause 1000/speak KatarynaLK \"{{i18n:57876001.10}}\"/emote farmer 16/pause 1000/speak KatarynaLK \"{{i18n:57876001.11}}\"/pause 1000/emote farmer 40/pause 500/jump KatarynaLK 3/pause 500/speak KatarynaLK \"{{i18n:57876001.12}}\"/playSound newRecipe/pause 1000/emote farmer 32/pause 500/faceDirection KatarynaLK 2/pause 1000/emote KatarynaLK 40/pause 1000/faceDirection KatarynaLK 0/speak KatarynaLK \"{{i18n:57876001.13}}\"/pause 1000/textAboveHead KatarynaLK \"{{i18n:57876001.14}}\"/emote farmer 12/pause 1000/end",
                "57876004/e 57876001/A Kataryna_Visits/t 600 1000": "continue/64 15/farmer 64 16 2 OliverK 64 18 0/skippable/pause 1000/speak OliverK \"{{i18n:57876004.01}}\"/pause 500/faceDirection OliverK 2/pause 500/faceDirection OliverK 0/emote farmer 8/pause 1000/speak OliverK \"{{i18n:57876004.02}}\"/emote farmer 56/pause 500/jump OliverK 5/pause 1000/textAboveHead OliverK \"{{i18n:57876004.03}}\"/pause 500/speak OliverK \"{{i18n:57876004.04}}\"/pause 1000/quickQuestion #{{i18n:57876004.05}}#{{i18n:57876004.06}}#{{i18n:57876004.07}}(break)emote OliverK 12\\speak OliverK \"{{i18n:57876004.08}}\"(break)emote OliverK 8\\pause 1000\\speak OliverK \"{{i18n:57876004.09}}\"\\emote farmer 40\\pause 1000\\speak OliverK \"{{i18n:57876004.10}}\"(break)emote OliverK 32\\pause 1000\\speak OliverK \"{{i18n:57876004.11}}\"/pause 1000/faceDirection OliverK 1/pause 1000/faceDirection OliverK 3/pause 1000/faceDirection OliverK 0/pause 1000/speak OliverK \"{{i18n:57876004.12}}\"/pause 1000/emote OliverK 28/pause 1000/speak OliverK \"{{i18n:57876004.13}}\"/pause 1000/quickQuestion #{{i18n:57876004.14}}#{{i18n:57876004.15}}#{{i18n:57876004.16}}#{{i18n:57876004.17}}(break)speak OliverK \"{{i18n:57876004.18}}\"(break)speak OliverK \"{{i18n:57876004.19}}\"(break)speak OliverK \"{{i18n:57876004.20}}\"(break)emote OliverK 12\\friendship OliverK -50\\speak OliverK \"{{i18n:57876004.21}}\"/pause 1000/speak OliverK \"{{i18n:57876004.22}}\"/pause 1000/faceDirection OliverK 2/pause 1000/end",
                //Dating KatarynaLK
                "57876035/D KatarynaLK/f KatarynaLK 2500/t 600 1200/w sunny": "continue/64 15/farmer 64 16 2 KatarynaLK 64 18 0/skippable/pause 1000/speak KatarynaLK \"{{i18n:57876035.01}}\"/pause 500/emote farmer 8/pause 500/speak KatarynaLK \"{{i18n:57876035.02}}\"/quickQuestion #{{i18n:57876035.03}}#{{i18n:57876035.04}}#{{i18n:57876035.05}}(break)speak KatarynaLK \"{{i18n:57876035.06}}\"(break)speak KatarynaLK \"{{i18n:57876035.07}}\"(break)speak KatarynaLK \"{{i18n:57876035.08}}\"/pause 500/speak KatarynaLK \"{{i18n:57876035.09}}\"/pause 500/emote farmer 32/pause 500/speak KatarynaLK \"{{i18n:57876035.10}}\"/pause 1000/end",
            }
        },
        {
            "Action": "EditData",
            "Target": "Data/Events/Farm",
            "When": {
                "HasMod |contains=LemurKat.JulietHouse.NPC": false
            },
            "Entries": {
                "57876010/e 57876006/A KatarynaResearch/x Kataryna_JunkMail": "null"
            }
        },
        {
            "Action": "EditData",
            "Target": "Data/Events/Farm",
            "Entries": {
                "57876013/f KatarynaLK 1000/x Kataryna_voidegg": "null",
                "57876019/n Kataryna_voidegg2/x Kataryna_VoidEggHatching": "null",
                "57876017/e 57876008/A KatarynaPrank2/x JulietInvitationToSeance": "null",
            }
        },
        {
            "Action": "EditData",
            "Target": "Data/Mail",
            "Entries": {
                "JulietInvitationToSeance": "{{i18n:JulietInvitationToSeance}}[#]{{i18n:JulietInvitationToSeance.title}}",
                "Kataryna_JunkMail": "{{i18n:Kataryna_Junkmail}}[#]{{i18n:Kataryna_Junkmail.title}}",
                "Kataryna_voidegg": "{{i18n:Kataryna_voidegg}} %item quest 578760 %% [#]{{i18n:Kataryna_voidegg.title}}",
                "Kataryna_VoidEggHatching": "{{i18n:kataryna_voidegghatching}}%item conversationTopic VoidEggHatching 5 %% [letterbg Mods/LemurKat.EastScarpe.CP/LetterBackgrounds 0][textcolor black][#]{{i18n:kataryna_voidegghatching.title}}"
            }
        },
        {
            "Action": "EditData",
            "Target": "Data/Quests",
            "Entries": {
                "578760": "ItemDelivery/{{i18n:quest.578760.kataryna.1}}/{{i18n:quest.578760.kataryna.2}}/{{i18n:quest.578760.kataryna.3}}/KatarynaLK 305 1/-1/130/-1/true/$1 Kataryna_voidegg2#{{i18n:quest.578760.kataryna.4}}"
            }
        },
        {
            "Action": "EditData",
            "Target": "Data/Events/Beach",
            "Entries": {
                "57876002/p Vincent/p KatarynaLK/n KatarynaFirstMet/t 1200 1700": "continue/37 23/Vincent 38 24 3 KatarynaLK 37 24 1 farmer 36 10 2/skippable/move farmer 0 11 2 true/pause 1000/speak Vincent \"{{i18n:57876002.01}}\"/textAboveHead KatarynaLK \"{{i18n:57876002.02}}\"/speak KatarynaLK \"{{i18n:57876002.03}}\"/jump Vincent 3/emote Vincent 28/speak Vincent \"{{i18n:57876002.04}}\"/speak KatarynaLK \"{{i18n:57876002.05}}\"/faceDirection KatarynaLK 0/emote KatarynaLK 28/pause 500/faceDirection KatarynaLK 1/speak KatarynaLK \"{{i18n:57876002.06}}\"/textAboveHead Vincent \"{{i18n:57876002.07}}\"/speak KatarynaLK \"{{i18n:57876002.08}}\"/playSound button1/pause 500/jump Vincent 3/speak Vincent \"{{i18n:57876002.09}}\"/speed Vincent 5/move Vincent 0 -3 3/pause 500/faceDirection farmer 1/textAboveHead Vincent \"{{i18n:57876002.10}} {{playerName}}\"/pause 1000/speed Vincent 5/advancedMove Vincent false 0 -15/pause 1000/faceDirection farmer 0/pause 1000/faceDirection farmer 2/pause 1000/move farmer 0 3 1/faceDirection KatarynaLK 3/emote farmer 8/pause 1000/speak KatarynaLK \"{{i18n:57876002.11}}\"/emote KatarynaLK 28/pause 1000/speed KatarynaLK 5/advancedMove KatarynaLK true 0 -15/pause 1000/faceDirection farmer 0/pause 1000/emote farmer 8/pause 1000/message \"{{i18n:57876002.12}}\"/pause 1000/end",
                "57876011/e 57876010/d Tue Wed Thu Fri Sun/t 1200 1800": "none/-1000 -1000/farmer 86 33 2 KatarynaLK 90 40 3 Shane 84 40 1 Vincent 86 39 2 OliverK -100 -100 2 Leximonster -100 -100 2/skippable/swimming Leximonster/showFrame Shane 16/viewport 87 40 clamp true/move farmer 0 5 2 true/pause 1000/speak KatarynaLK \"{{i18n:57876011.01}}\"/speak Shane \"{{i18n:57876011.02}}\"/emote KatarynaLK 12/pause 1000/emote Shane 12/pause 1000/faceDirection KatarynaLK 1/faceDirection Vincent 0/emote farmer 8/speak Vincent \"{{i18n:57876011.03}}\"/emote farmer 16/move farmer -1 0 2/faceDirection Vincent 3/move farmer 0 1 1/speak Vincent \"{{i18n:57876011.04}}\"/emote farmer 56/pause 1000/textAboveHead KatarynaLK \"{{i18n:57876011.05}}\"/pause 500/faceDirection Vincent 1/jump Vincent 3/emote Vincent 16/speak Vincent \"{{i18n:57876011.06}}\"/speak Shane \"{{i18n:57876011.07}}\"/faceDirection Shane 0/faceDirection farmer 2/speak Shane \"{{i18n:57876011.08}}\"/emote farmer 32/emote KatarynaLK 28/speak KatarynaLK \"{{i18n:57876011.09}}\"/showFrame Shane 16/pause 500/speak KatarynaLK \"{{i18n:57876011.10}}\"/shake Vincent 500/faceDirection Vincent 3/faceDirection farmer 1/textAboveHead Vincent \"{{i18n:57876011.11}}\"/pause 500/faceDirection Vincent 1/textAboveHead Shane \"{{i18n:57876011.12}}\"/speak KatarynaLK \"{{i18n:57876011.13}}\"/warp OliverK 87 27/speak KatarynaLK \"{{i18n:57876011.14}}\"/speed OliverK 5/move OliverK 0 13 1/jump OliverK 5/emote OliverK 12/faceDirection KatarynaLK 3/shake KatarynaLK 500/speed KatarynaLK 3/move KatarynaLK 0 -1 3/speed KatarynaLK 3/move KatarynaLK -2 0 3/speed KatarynaLK 3/move KatarynaLK 0 1 3 3000/textAboveHead KatarynaLK \"{{i18n:57876011.15}}\"/speak OliverK \"{{i18n:57876011.16}}\"/shake OliverK 500/shake KatarynaLK 500/speak KatarynaLK \"{{i18n:57876011.17}}\"/speak OliverK \"{{i18n:57876011.18}}\"/animate OliverK false true 120 20 21/animate KatarynaLK false true 120 20 21/positionOffset OliverK 4 0/positionOffset KatarynaLK 0 4/pause 5/positionOffset KatarynaLK 0 4/pause 5/positionOffset KatarynaLK 0 4/pause 5/positionOffset KatarynaLK 0 4/pause 5/pause 1000/jump Vincent 3/positionOffset KatarynaLK 0 4/stopAnimation KatarynaLK 2/animate KatarynaLK false true 120 22 23/emote KatarynaLK 16/speed farmer 3/speed Vincent 3/shake KatarynaLK 500/showFrame farmer 94/jump farmer 5/stopAnimation KatarynaLK 0/stopAnimation OliverK/positionOffset KatarynaLK 0 4/pause 5/positionOffset KatarynaLK 0 4/pause 5/positionOffset KatarynaLK 0 4/pause 5/positionOffset KatarynaLK 0 8/pause 5/positionOffset KatarynaLK 0 8/pause 5/positionOffset KatarynaLK 0 8/pause 5/positionOffset KatarynaLK 0 8/pause 5/positionOffset KatarynaLK 0 8/pause 5/positionOffset KatarynaLK 0 8/pause 5/positionOffset KatarynaLK 0 8/pause 5/positionOffset KatarynaLK 0 8/pause 100/swimming KatarynaLK/temporarySprite 88 42 27 4 100/playSound dropItemInWater/faceDirection farmer 2/speed farmer 5/move farmer 0 1 2 true/speed Vincent 5/advancedMove Vincent false 0 1 2 2000/faceDirection OliverK 2/jump OliverK 3/emote OliverK 12/pause 1000/speak Vincent \"{{i18n:57876011.19}}\"/changePortrait KatarynaLK wetHair/speak KatarynaLK \"{{i18n:57876011.20}}\"/pause 1000/warp Leximonster 75 40/pause 500/faceDirection Leximonster 1/emote Leximonster 8/pause 1000/end",
                "57876037/e 57876034/w rainy/t 1100 1700": "continue/77 7/Shane 74 7 1 KatarynaLK 79 7 3 farmer 63 13 1/skippable/addTemporaryActor Mariner 16 32 80 5 2 false/changePortrait KatarynaLK wetHair/showFrame Shane 16/pause 1000/advancedMove farmer false 2 0 0 -6 5 0 1 5000/speak KatarynaLK \"{{i18n:57876037.01}}\"/faceDirection KatarynaLK 2/pause 500/faceDirection KatarynaLK 1/pause 500/speak KatarynaLK \"{{i18n:57876037.02}}\"/move KatarynaLK 1 0 0/pause 500/faceDirection KatarynaLK 3/speak KatarynaLK \"{{i18n:57876037.03}}\"/move KatarynaLK 0 -1 0 true/move Shane 0 -1 1 true/pause 1000/showFrame Shane 16/textAboveHead KatarynaLK \"{{i18n:57876037.04}}\"/speak KatarynaLK \"{{i18n:57876037.05}}\"/pause 1000/message \"{{i18n:57876037.06}}\"/pause 500/speak KatarynaLK \"{{i18n:57876037.07}}\"/faceDirection KatarynaLK 3/pause 500/speak KatarynaLK \"{{i18n:57876037.08}}\"/emote Shane 28/speak Shane \"{{i18n:57876037.09}}\"/faceDirection KatarynaLK 0/pause 500/speak KatarynaLK \"{{i18n:57876037.10}}\"/pause 500/emote KatarynaLK 8/pause 500/message \"{{i18n:57876037.11}}\"/pause 1000/speak KatarynaLK \"{{i18n:57876037.12}}\"/pause 500/message \"{{i18n:57876037.13}}\"/pause 500/emote KatarynaLK 12/speak KatarynaLK \"{{i18n:57876037.14}}\"/faceDirection KatarynaLK 3/speak KatarynaLK \"{{i18n:57876037.15}}\"/pause 500/textAboveHead Shane \"{{i18n:57876037.16}}\"/speak Shane \"{{i18n:57876037.17}}\"/speak KatarynaLK \"{{i18n:57876037.18}}\"/advancedMove farmer false 4 0 1 1000/pause 500/emote farmer 36/pause 500/textAboveHead KatarynaLK \"{{i18n:57876037.19}}\"/pause 500/faceDirection KatarynaLK 0/pause 500/speak KatarynaLK \"{{i18n:57876037.20}}\"/pause 500/emote Mariner 40/pause 1000/emote KatarynaLK 28/pause 3000/message \"{{i18n:57876037.21}}\"/emote KatarynaLK 12/faceDirection farmer 2/animate farmer false true 200 102 103 102 103/pause 1000/move KatarynaLK 0 1 3/stopAnimation farmer/faceDirection farmer 1/move KatarynaLK -3 0 3/speak KatarynaLK \"{{i18n:57876037.22}}\"/textAboveHead Shane \"{{i18n:57876037.23}}\"/speak Shane \"{{i18n:57876037.24}}\"/pause 1000/end"
                //"5787
            }
        },
        {
            "Action": "EditData",
            "Target": "Data/Events/Saloon",
            "Entries": {
                "57876003/p KatarynaLK/n KatarynaFirstMet": "Saloon1/16 20/Shane 21 17 2 Clint 19 23 3 Willy 18 22 2 Gus 11 18 2 farmer 11 20 0 KatarynaLK -50 -50 0 Emily 16 17 0/skippable/animate Shane false true 120 20 20 20 20 20 20 20 20 20 20 20 20 20 20 20 20 20 20 20 20 20 20 20 20 20 20 20 20 20 20 20 20 20 20 21 22 23 24 24 24 24 24 24 24 23 22 21/pause 1000/speak Willy \"{{i18n:57876003.01}}\"/warp KatarynaLK 14 24/emote Clint 12/move Emily -3 0 0 true/move KatarynaLK 0 -3 0 true/pause 1000/speak Clint \"{{i18n:57876003.02}}\"/pause 500/faceDirection KatarynaLK 1/emote KatarynaLK 8/pause 100/move KatarynaLK 3 0 2 true/move Emily 3 0 0 true/pause 1000/textAboveHead KatarynaLK \"{{i18n:57876003.03}}\"/pause 100/jump Clint 3/faceDirection Clint 0/faceDirection Willy 0/speak KatarynaLK \"{{i18n:57876003.04}}\"/emote Clint 28/pause 500/speak Willy \"{{i18n:57876003.05}}\"/speak KatarynaLK \"{{i18n:57876003.06}}\"/faceDirection farmer 1/move KatarynaLK 0 1 2/faceDirection Willy 3/faceDirection Clint 3/emote farmer 8/pause 1000/faceDirection KatarynaLK 1/speak KatarynaLK \"{{i18n:57876003.07}}\"/speak Willy \"{{i18n:57876003.08}}\"/pause 1000/faceDirection KatarynaLK 2/textAboveHead KatarynaLK \"{{i18n:57876003.09}}\"/pause 1000/speak Clint \"{{i18n:57876003.10}}\"/faceDirection KatarynaLK 0/textAboveHead KatarynaLK \"{{i18n:57876003.11}}\"/pause 2000/textAboveHead Clint \"{{i18n:57876003.12}}\"/pause 1000/faceDirection KatarynaLK 2/textAboveHead KatarynaLK \"{{i18n:57876003.13}}\"/speak Clint \"{{i18n:57876003.14}}\"/jump KatarynaLK 3/emote KatarynaLK 28/speak KatarynaLK \"{{i18n:57876003.15}}\"/pause 1000/move KatarynaLK 0 -2 0/faceDirection Clint 0/faceDirection Willy 0/speak KatarynaLK \"{{i18n:57876003.16}}\"/pause 500/faceDirection Emily 2/pause 500/move Emily 0 1 2/textAboveHead Emily \"{{i18n:57876003.17}}\"/pause 500/speak KatarynaLK \"{{i18n:57876003.18}}\"/emote Emily 32/emote Clint 60/pause 1000/end",
                "57876005/e 57876003/e 57876001/e 97/e 3910974/t 1200 1700": "Saloon1/14 18/Emily 14 17 0 KatarynaLK 14 23 0 Gus 10 18 2 farmer -100 -100 0/skippable/addConversationTopic Kataryna_CameraMan 14/animate Gus false true 120 18 18 18 19 19 20 20 19 19/move KatarynaLK 0 -3 0/speak KatarynaLK \"{{i18n:57876005.01}}\"/move Emily 0 1 2/emote Emily 8/pause 500/speak KatarynaLK \"{{i18n:57876005.02}}\"/stopAnimation Gus 0/jump Emily 3/speak Emily \"{{i18n:57876005.03}}\"/speak KatarynaLK \"{{i18n:57876005.04}}\"/emote Emily 8/pause 500/speak KatarynaLK \"{{i18n:57876005.05}}\"/jump Emily 5/emote Emily 16/speak Emily \"{{i18n:57876005.06}}\"/speak KatarynaLK \"{{i18n:57876005.07}}\"/emote Emily 12/speak KatarynaLK \"{{i18n:57876005.08}}\"/pause 1000/speak Emily \"{{i18n:57876005.09}}\"/pause 1000/faceDirection Emily 0/move Emily 0 -1 0/playSound objectiveComplete/pause 1000/move Emily 0 1 2/speak Emily \"{{i18n:57876005.10}}\"/addObject 14 18 903 1/playSound thudStep/speak Emily \"{{i18n:57876005.11}}\"/pause 1000/move Emily 0 -1 0/pause 500/emote KatarynaLK 28/playSound doorOpen/warp farmer 14 24/move farmer 0 -2 0/stopAnimation Gus 0/faceDirection KatarynaLK 2/textAboveHead KatarnaLK \"{{i18n:57876005.12}}\"/speak KatarynaLK \"{{i18n:57876005.13}}\"/move KatarynaLK 0 1 2/emote farmer 8/speak KatarynaLK \"{{i18n:57876005.14}}\"/quickQuestion #{{i18n:57876005.15}}#{{i18n:57876005.16}}#{{i18n:57876005.17}}#{{i18n:57876005.18}}(break)emote KatarynaLK 32\\pause 500\\speak KatarynaLK \"{{i18n:57876005.19}}\"(break)emote KatarynaLK 32\\faceDirection Emily 2\\emote Emily 12\\pause 500\\speak KatarynaLK \"{{i18n:57876005.20}}\"(break)emote KatarynaLK 12\\pause 500\\speak KatarynaLK \"{{i18n:57876005.21}}\"(break)emote KatarynaLK 12\\pause 500\\speak KatarynaLK \"{{i18n:57876005.22}}\"/pause 1000/move KatarynaLK 0 -1 0/removeSprite 14 18/playSound coin/pause 1000/faceDirection KatarynaLK 2/speak KatarynaLK \"{{i18n:57876005.23}}\"/move farmer -1 0 1/move KatarynaLK 0 4 2/faceDirection farmer 2/warp KatarynaLK -100 -100/move farmer 1 0 0 true/move Emily 0 1 2 true/move farmer 0 -2 0/emote farmer 8/pause 1000/end", //
                "57876024/e 57876020/t 1800 2200/f KatarynaLK 2000/A AbyssRoosterGrow": "Saloon1/20 19/farmer 22 18 3 Shane 21 18 1 Gus 14 18 2 Emily 13 17 0 Pam 7 18 1 Lewis 14 20 0 Clint 19 23 3 KatarynaLK -100 -100 0 Abyssrooster -100 -100 0/addConversationTopic KatarynaReadyLeave 14/skippable/advancedMove Emily true 3 0 4 10000 -3 0 4 10000 -3 0 4 10000 3 0 4 10000/textAboveHead Shane \"{{i18n:57876024.01}} {{playerName}}\"/emote Lewis 60/pause 1000/speak Shane \"{{i18n:57876024.02}}\"/emote farmer 16/speak Shane \"{{i18n:57876024.03}}\"/emote farmer 8/speak Shane \"{{i18n:57876024.04}}\"/quickQuestion {{i18n:57876024.26}}#{{i18n:57876024.27}}#{{i18n:57876024.28}}(break)speak Shane \"{{i18n:57876024.29}}\"(break)speak Shane \"{{i18n:57876024.30}}\"/pause 500/playSound doorOpen/warp KatarynaLK 14 24/move KatarynaLK 0 -1 0/warp Abyssrooster 14 24/advancedMove KatarynaLK false 0 -2 6 0 0 -1 1 1000/advancedMove Abyssrooster false 0 -2 6 0 3 1000/pause 500/faceDirection Lewis 2/emote KatarynaLK 12/pause 3000/faceDirection Lewis 0/textAboveHead KatarynaLK \"{{i18n:57876024.05}}\"/pause 500/speak Shane \"{{i18n:57876024.06}}\"/emote farmer 56/faceDirection Clint 1/move Shane 0 2 3/faceDirection farmer 2/showFrame farmer 90/pause 1000/speak KatarynaLK \"{{i18n:57876024.07}}\"/pause 50/jump Shane 5/pause 500/emote Shane 16/speak Shane \"{{i18n:57876024.08}}\"/pause 500/speak Shane \"{{i18n:57876024.09}}\"/textAboveHead KatarynaLK \"{{i18n:57876024.10}}\"/advancedMove Abyssrooster false 0 -1 -1 0 4 4000/pause 1000/speak KatarynaLK \"{{i18n:57876024.11}}\"/pause 1000/playSound cluck/jump Abyssrooster 5/warp Abyssrooster 19 20/showFrame Abyssrooster 16/emote Shane 28/pause 1000/speak KatarynaLK \"{{i18n:57876024.12}}\"/pause 500/speak KatarynaLK \"{{i18n:57876024.13}}\"/pause 500/emote Shane 16/speak Shane \"{{i18n:57876024.14}}\"/speak KatarynaLK \"{{i18n:57876024.15}}\"/advancedMove KatarynaLK false 0 -1 3 1000/textAboveHead KatarynaLK \"{{i18n:57876024.16}}\"/faceDirection Gus 1/pause 500/emote Gus 56/pause 500/faceDirection Gus 2/pause 500/move Gus 4 0 1 true/facedirection KatarynaLK 1/speak KatarynaLK \"{{i18n:57876024.17}}\"/emote Shane 28/pause 500/speak Shane \"{{i18n:57876024.18}}\"/jump KatarynaLK 3/emote KatarynaLK 28/pause 500/speak KatarynaLK \"{{i18n:57876024.19}}\"/pause 500/speak Shane \"{{i18n:57876024.20}}\"/emote KatarynaLK 60/faceDirection KatarynaLK 3/pause 1000/emote KatarynaLK 40/pause 100/emote Gus 56/pause 1000/advancedMove Gus false -1 0 0 -1 4 2000 0 1 1 0/faceDirection KatarynaLK 1/speak KatarynaLK \"{{i18n:57876024.21}}\"/textAboveHead Shane \"{{i18n:57876024.22}}\"/speak KatarynaLK \"{{i18n:57876024.23}}\"/faceDirection farmer 2/emote farmer 16/speak KatarynaLK \"{{i18n:57876024.24}}\"/jump farmer 5/move farmer -1 0 2/move farmer 0 1 2/move Shane 1 0 3/move Abyssrooster 2 0 0/speak KatarynaLK \"{{i18n:57876024.25}}\"/playSound cluck/pause 500/playSound cluck/pause 500/fade/viewport -1000 -1000/end"
            }
        },
        {
            "Action": "EditData",
            "Target": "Data/Events/EastScarp_Village",
            "Entries": {
                "57876006/e 57876005/d Mon Tue Wed Thu Fri/w sunny/t 1600 1900": "ocean/33 116/KatarynaLK 33 116 2 Shane 31 117 1 farmer 28 110 2/addConversationTopic KatarynaResearch 14/skippable/addTemporaryActor LexiFriendGull 16 16 39 111 1 false/advancedMove LexiFriendGull true -6 0 2 3000 6 0 2 3000/showFrame Shane 16/move farmer 0 5 1/speak KatarynaLK \"{{i18n:57876006.01}}\"/speak Shane \"{{i18n:57876006.02}}\"/pause 500/faceDirection KatarynaLK 0/textAboveHead LexiFriendGull \"{{i18n:57876006.03}}\"/pause 1000/faceDirection KatarynaLK 2/speak Shane \"{{i18n:57876006.04}}\"/speak KatarynaLK \"{{i18n:57876006.05}}\"/emote Shane 12/pause 500/emote farmer 8/pause 500/move farmer 4 0 2/faceDirection KatarynaLK 3/quickQuestion #{{i18n:57876006.06}}#{{i18n:57876006.07}}#{{i18n:57876006.08}}(break)textAboveHead Shane \"{{i18n:57876006.09}}\"\\pause 500\\speak KatarynaLK \"{{i18n:57876006.10}}\"(break)textAboveHead Shane \"{{i18n:57876006.11}}\"\\pause 500\\speak KatarynaLK \"{{i18n:57876006.12}}\"(break)emote KatarynaLK 12\\speak KatarynaLK \"{{i18n:57876006.13}}\"\\pause 500\\textAboveHead Shane \"{{i18n:57876006.14}}\"\\speak Shane \"{{i18n:57876006.15}}\"/pause 1000/emote farmer 40/pause 500/emote KatarynaLK 28/pause 1000/speak KatarynaLK \"{{i18n:57876006.16}}\"/pause 500/textAboveHead Shane \"{{i18n:57876006.17}}\"/pause 500/faceDirection Shane 0/pause 150/faceDirection Shane 1/pause 150/speak Shane \"{{i18n:57876006.18}}\"/faceDirection Shane 0/speak Shane \"{{i18n:57876006.19}}\"/pause 500/move Shane -3 0 3/textAboveHead KatarynaLK \"{{i18n:57876006.20}}\"/jump Shane 3/faceDirection Shane 1/textAboveHead Shane \"{{i18n:57876006.21}}\"/pause 100/speak KatarynaLK \"{{i18n:57876006.22}}\"/pause 1000/emote Shane 12/speak Shane \"{{i18n:57876006.23}}\"/pause 1000/advancedMove Shane false 0 -13 -11 0 0 -13/pause 500/move farmer 0 1 1/speak KatarynaLK \"{{i18n:57876006.24}}\"/emote farmer 40/pause 1000/end",
                "57876015/f KatarynaLK 500/t 900 1600/w sunny": "none/34 39/Shane 29 39 1 KatarynaLK 33 39 1 farmer 40 44 0/skippable/showFrame Shane 16/pause 500/playSound leafrustle/pause 1500/playSound leafrustle/pause 500/faceDirection KatarynaLK 3/speak KatarynaLK \"{{i18n:57876015.01}}\"/faceDirection KatarynaLK 1/pause 500/speak KatarynaLK \"{{i18n:57876015.02}}\"/textAboveHead Shane \"{{i18n:57876015.03}}\"/faceDirection KatarynaLK 3/pause 1000/textAboveHead KatarynaLK \"{{i18n:57876015.04}}\"/speak KatarynaLK \"{{i18n:57876015.05}}\"/move farmer 0 -7 3/emote farmer 8/pause 500/faceDirection KatarynaLK 1/jump KatarynaLK 3/speed KatarynaLK 5/move KatarynaLK 0 -2 1/move farmer -3 0 3/textAboveHead KatarynaLK \"{{i18n:57876015.06}}\"/faceDirection KatarynaLK 2/speak KatarynaLK \"{{i18n:57876015.07}}\"/pause 500/faceDirection KatarynaLK 1/speak KatarynaLK \"{{i18n:57876015.08}}\"/quickQuestion #{{i18n:57876015.09}}#{{i18n:57876015.10}}#{{i18n:57876015.11}}(break)speak KatarynaLK \"{{i18n:57876015.12}}\"\\emote Shane 12(break)emote KatarynaLK 12\\speak KatarynaLK \"{{i18n:57876015.13}}\"(break)speak KatarynaLK \"{{i18n:57876015.14}}\"\\textAboveHead Shane \"{{i18n:57876015.15}}\"/speak KatarynaLK \"{{i18n:57876015.16}}\"/emote farmer 56/move farmer 0 2 3/faceDirection KatarynaLK 3/textAboveHead KatarynaLK \"{{i18n:57876015.17}}\"/pause 500/faceDirection KatarynaLK 2/pause 1000/animate farmer true true 250 89 101/playSound leafrustle/pause 250/playSound leafrustle/pause 250/playSound leafrustle/pause 250/playSound leafrustle/pause 250/playSound leafrustle/pause 250/playSound leafrustle/pause 250/playSound leafrustle/pause 250/addTemporaryActor Rabbit 16 16 33 39 3 false Animal Bunny1/stopAnimation farmer/pause 250/emote Bunny1 16/pause 100/speed Bunny1 7/advancedMove Bunny1 true -2 0 0 -2/textAboveHead Shane \"{{i18n:57876015.18}}\"/emote KatarynaLK 12/animate farmer false true 200 102 103 102 103/pause 2000/end",
                //
                "57876018/e 57876019/A VoidEggHatching/n Kataryna_VoidEggHatching/t 900 1500": "{{season}}_day_ambient/-1000 -1000/Eloise 12 71 3 farmer 1 71 1 KatarynaLK -100 -100 0 Jacob -100 -100 0 Shane -100 -100 0/skippable/IgnoreCollisions farmer/viewport 7 71 clamp true/pause 500/speed Eloise 7/move Eloise -9 0 3/textAboveHead Eloise \"{{i18n:57876018.01}} {{playerName}}!\"/emote farmer 8/speak Eloise \"{{i18n:57876018.02}}\"/emote farmer 16/speak Eloise \"{{i18n:57876018.03}}\"/pause 500/emote farmer 56/textAboveHead Eloise \"{{i18n:57876018.04}}\"/speak Eloise \"{{i18n:57876018.05}}\"/faceDirection Eloise 1/pause 500/fade/viewport -1000 -1000/speak Eloise \"{{i18n:57876018.06}}\"/stopMusic/changeToTemporaryMap ESJacobBarn/viewport -1000 -1000/warp KatarynaLK 14 7/warp Jacob 13 7/playMusic distantBanjo/viewport 14 7 clamp true/addTemporaryActor VoidEggCracking 16 16 14 4 2 false character/shake VoidEggCracking 1000/emote KatarynaLK 28/warp Eloise 11 13/move Eloise 0 -1 2/warp farmer 11 13/move farmer 0 -5 1 true/move Eloise 0 -5 1 true/pause 500/faceDirection Jacob 3/faceDirection KatarynaLK 2/emote KatarynaLK 12/move Jacob 0 1 3/faceDirection KatarynaLK 0/speak Jacob \"{{i18n:57876018.07}}\"/move Eloise 2 0 0/faceDirection Jacob 0/move farmer 1 0 0/move farmer 0 -1 0/pause 1000/animate VoidEggCracking false false 120 0 0 0 1 2 3 4 5 6 7 7 7 7 7/pause 480/playSound stonecrack/pause 1000/stopAnimation VoidEggCracking 7/speak Eloise \"{{i18n:57876018.08}}\"/textAboveHead KatarynaLK \"{{i18n:57876018.09}}\"/faceDirection KatarynaLK 3/faceDirection Eloise 1/speak KatarynaLK \"{{i18n:57876018.10}}\"/textAboveHead Eloise \"{{i18n:57876018.11}}\"/shake Eloise 300/pause 1000/faceDirection KatarynaLK 0/faceDirection Eloise 0/pause 1000/playSound cluck/jump Eloise 3 true/jump KatarynaLK 3 true/addTemporaryActor BabyVoid_Chicken 16 16 14 4 2 false Animal BabyAbyss/jump BabyAbyss 3/playSound cluck/move BabyAbyss 0 1 2/pause 1000/emote Eloise 20/pause 500/speak KatarynaLK \"{{i18n:57876018.12}}\"/textAboveHead Eloise \"{{i18n:57876018.13}}\"/jump BabyAbyss 3/playSound cluck/pause 500/faceDirection Jacob 1/move KatarynaLK 0 1 3/speak Jacob \"{{i18n:57876018.14}}\"/faceDirection KatarynaLK 0/speak KatarynaLK \"{{i18n:57876018.15}}\"/jump BabyAbyss 3/playSound cluck/playSound doorOpen/warp Shane 11 13/emote Shane 40/pause 500/advancedMove Shane false 10 0 4 1000/faceDirection Eloise 2/speak Eloise \"{{i18n:57876018.16}}\"/faceDirection Jacob 0/pause 500/speak Jacob \"{{i18n:57876018.17}}\"/faceDirection Eloise 1/faceDirection KatarynaLK 2/pause 500/faceDirection farmer 1/speak Eloise \"{{i18n:57876018.18}}\"/faceDirection KatarynaLK 3/pause 1000/textAboveHead KatarynaLK \"{{i18n:57876018.19}}\"/faceDirection KatarynaLK 2/pause 500/advancedMove KatarynaLK false 7 0 0 4 2 1000/pause 500/move BabyAbyss 0 2 1/move BabyAbyss 2 0 1/jump BabyAbyss 3/playSound cluck/pause 500/jump BabyAbyss 3/playSound cluck/move Eloise 2 0 1/speak Eloise \"{{i18n:57876018.20}}\"/faceDirection BabyAbyss 3/pause 500/faceDirection BabyAbyss 1/playSound cluck/pause 50/playSound cluck/move Jacob 0 -1 3/speak Jacob \"{{i18n:57876018.21}}\"/faceDirection BabyAbyss 3/playSound cluck/speak Eloise \"{{i18n:57876018.22}}\"/emote KatarynaLK 12/pause 500/emote Shane 36/pause 500/move BabyAbyss 5 0 2/playSound cluck/jump BabyAbyss 3/pause 500/playSound cluck/emote BabyAbyss 28/pause 1000/end",
            }
        },
        {
            "Action": "EditData",
            "Target": "Data/Events/EastScarp_VillageInn",
            "Entries": {
                "57876022/e 57876021/t 1400 1900": "playful/43 32/Rosa 28 27 3 Eloise -100 -100 0 KatarynaLK 18 18 0 farmer 44 36 0/addConversationTopic AbyssRoosterGrow 5/skippable/showFrame Rosa 29/move farmer 0 -2 0/emote farmer 8/pause 500/faceDirection farmer 3/pause 500/move farmer -4 0 0 true/viewport move -2 0 2000 true/pause 2000/emote farmer 40/faceDirection farmer 1/pause 1000/faceDirection farmer 3/move farmer -12 0 0 true/viewport move -2 0 6000 true/pause 6500/emote farmer 56/move farmer 0 -5 0 true/viewport move 0 -2 3000 true/pause 2500/warp Eloise 44 34/emote farmer 8/faceDirection Rosa 2/pause 500/speak Rosa \"{{i18n:57876022.01}}\"/advancedMove Eloise false -15 0 0 -4 4 1000/emote farmer 56/textAboveHead Rosa \"{{i18n:57876022.02}}\"/speak Rosa \"{{i18n:57876022.03}}\"/emote farmer 32/pause 500/move farmer 1 0 3/move farmer 1 0 0/move farmer 0 -1 3/textAboveHead Rosa \"{{i18n:57876022.04}}\"/pause 500/animate farmer true true 100 58/emote farmer 32/pause 500/showFrame Rosa 29/shake Rosa 1000/speak Eloise \"{{i18n:57876022.05}}\"/pause 500/playSound cluck/addTemporaryActor BabyVoid_Chicken 16 16 29 28 2 false Animal BabyAbyss/stopAnimation farmer 0/faceDirection farmer 2/pause 100/showFrame farmer 94 true/emote farmer 16 true/jump farmer 5 true/showFrame Rosa 19 true/jump Rosa 5 true/pause 500/textAboveHead Eloise \"{{i18n:57876022.06}}\"/pause 500/showFrame Rosa 0/showFrame farmer 0/faceDirection farmer 3/faceDirection BabyAbyss 3/pause 500/faceDirection BabyAbyss 0/pause 500/faceDirection BabyAbyss 2/jump BabyAbyss 5/speed BabyAbyss 8/move BabyAbyss -4 0 3 true/faceDirection Rosa 3/warp BabyAbyss -100 -100/speed Eloise 5/advancedMove Eloise false 0 -2 -4 0 3 1000/pause 2000/move Rosa -3 0 2 true/move farmer -3 0 3 true/viewport move -2 0 1500/advancedMove KatarynaLK false 0 10 1 1000/speak Eloise \"{{i18n:57876022.07}}\"/pause 500/textAboveHead Rosa \"{{i18n:57876022.08}}\"/move farmer 0 1 3/move farmer -3 0 0/speak KatarynaLK \"{{i18n:57876022.09}}\"/pause 500/textAboveHead Eloise \"{{i18n:57876022.10}}\"/pause 500/faceDirection farmer 3/faceDirection Rosa 3/speak Rosa \"{{i18n:57876022.11}}\"/playSound cluck/pause 500/playSound cluck/speak KatarynaLK \"{{i18n:57876022.12}}\"/pause 500/warp BabyAbyss 21 28/playSound cluck/emote BabyAbyss 20/jump BabyAbyss 3/jump KatarynaLK 3/speed BabyAbyss 5/move BabyAbyss -2 0 3/jump BabyAbyss 3/playSound cluck/advancedMove Eloise false 0 2 -4 0 0 -2 3 1000/pause 1000/speak Eloise \"{{i18n:57876022.13}}\"/pause 500/emote farmer 8 true/emote Rosa 8 true/pause 500/textAboveHead KatarynaLK \"{{i18n:57876022.14}}\"/pause 500/speak Eloise \"{{i18n:57876022.15}}\"/jump BabyAbyss 3/playSound cluck/pause 500/speak KatarynaLK \"{{i18n:57876022.16}}\"/pause 500/speak Eloise \"{{i18n:57876022.17}}\"/pause 500/speak KatarynaLK \"{{i18n:57876022.18}}\"/pause 500/advancedMove Eloise false -1 0 3 1000/textAboveHead Eloise \"{{i18n:57876022.19}}\"/showFrame KatarynaLK 29/speak KatarynaLK \"{{i18n:57876022.20}}\"/playSound cluck/jump BabyAbyss 5/move farmer -2 0 3 true/move Rosa 0 2 3 true/pause 2000/showFrame KatarynaLK 4/speak KatarynaLK \"{{i18n:57876022.21}}\"/jump Rosa 5/speak Rosa \"{{i18n:57876022.22}}\"/faceDirection Eloise 1/emote Eloise 12/pause 500/speak Rosa \"{{i18n:57876022.23}}\"/move Rosa -2 0 3/pause 1000/emote Eloise 20/pause 500/faceDirection Eloise 3/speak Eloise \"{{i18n:57876022.24}}\"/faceDirection farmer 1/emote farmer 40/pause 1000/end"
            }
        },
        {
            "Action": "EditData",
            "Target": "Data/Events/BusStop",
            "Entries": {
                "57876012/e 57876011/H/t 800 1600": "{{season}}_day_ambient/23 20/KatarynaLK 22 17 0 farmer 15 23 1/ignoreCollisions farmer/addTemporaryActor JosephineLuggage 32 32 23 17 2 false/advancedMove KatarynaLK false -2 0 4 1000 2 0 4 1000 -2 0 4 1000 2 0 4 1000/move farmer 8 0 0/emote farmer 8/pause 2000/pause 500/faceDirection KatarynaLK 2/pause 1000/speak KatarynaLK \"{{i18n:57876012.01}}\"/pause 1000/emote KatarynaLK 40/pause 1000/faceDirection KatarynaLK 0/move farmer 0 -3 0/pause 500/question fork0 \"{{i18n:57876012.02}}#{{i18n:57876012.03}}#{{i18n:57876012.04}}#\"/fork KatarynaDeparts/speak KatarynaLK \"{{i18n:57876012.05}}\"/faceDirection KatarynaLK 0/pause 100/emote KatarynaLK 28/pause 1000/faceDirection KatarynaLK 2/speak KatarynaLK \"{{i18n:57876012.06}}\"/emote farmer 60/pause 1000/speak KatarynaLK \"{{i18n:57876012.07}}\"/emote farmer 8/playMusic echos/pause 1000/speak KatarynaLK \"{{i18n:57876012.08}}\"/pause 1000/textAboveHead KatarynaLK \"{{i18n:57876012.09}}\"/speak KatarynaLK \"{{i18n:57876012.10}}\"/pause 1000/speak KatarynaLK \"{{i18n:57876012.11}}\"/pause 1000/speak KatarynaLK \"{{i18n:57876012.12}}\"/pause 500/faceDirection KatarynaLK 0/question fork1 \"{{i18n:57876012.13}}#{{i18n:57876012.14}}#{{i18n:57876012.15}}#\"/fork KatarynaDeparts2/stopMusic/pause 500/emote farmer 16/jump KatarynaLK 3/pause 500/faceDirection KatarynaLK 2/playMusic SettlingIn/speak KatarynaLK \"{{i18n:57876012.16}}\"/emote farmer 32/pause 1000/speak KatarynaLK \"{{i18n:57876012.17}}\"/pause 1000/fade/viewport -1000 -1000/addMailReceived KatarynaBecomesSocial/addConversationTopic KatarynaStillHere/playSound getNewSpecialItem/message \"{{i18n:57876012.18}}\"/pause 500/end invisible KatarynaLK",
                "KatarynaDeparts": "pause 500/addMailReceived KatarynaLeavesTown/speak KatarynaLK \"{{i18n:57876012.KatarynaDeparts.01}}\"/faceDirection KatarynaLK 0/textAboveHead KatarynaLK \"{{i18n:57876012.KatarynaDeparts.02}}\"/switchEvent KatarynaDeparts2",
                "KatarynaDeparts2": "pause 500/addMailReceived KatarynaDepartsForever/stopMusic/addConversationTopic KatarynaLeftTown/advancedMove KatarynaLK false 0 -3 2 1000/speak KatarynaLK \"{{i18n:57876012.KatarynaDeparts2.01}}\"/faceDirection KatarynaLK 0/pause 500/advancedMove KatarynaLK false 0 -5 4 1000/emote farmer 28/pause 500/playSound busDoorOpen/fade/viewport -1000 1000/pause 1500/playSound busDriveOff/pause 2000/message \"{{i18n:57876012.KatarynaDeparts2.02}}\"/pause 500/end invisible KatarynaLK",
                "57876021/e 57876018/t 600 900": "continue/-1000 -1000/farmer 10 23 1 Jacob 25 23 3 Eloise 24 23 3/skippable/viewport 26 23 clamp true/move farmer 3 0 1 true/move Jacob -3 0 3 true/move Eloise -3 0 3 true/pause 1000/textAboveHead Eloise \"{{i18n:57876021.01}} {{playerName}}!\"/jump Eloise 3/pause 500/speed Eloise 5/move Eloise -7 0 3/pause 500/emote farmer 8/speak Eloise \"{{i18n:57876021.02}}\"/advancedMove Jacob false -4 0 3 1000/pause 500/emote farmer 40/quickQuestion #{{i18n:57876021.03}}#{{i18n:57876021.04}}#{{i18n:57876021.05}}(break)pause 500\\emote Eloise 20\\speak Eloise \"{{i18n:57876021.06}}\"(break)pause 500\\textAboveHead Eloise \"{{i18n:57876021.07}}\"\\pause 500\\speak Eloise \"{{i18n:57876021.08}}\"\\pause 500\\emote farmer 36\\pause 500\\textAboveHead Eloise \"{{i18n:57876021.09}}\"(break)pause 500\\emote Eloise 12\\speak Eloise \"{{i18n:57876021.10}}\"/pause 500/speak Eloise \"{{i18n:57876021.11}}\"/emote farmer 56/pause 500/speak Eloise \"{{i18n:57876021.12}}\"/faceDirection Eloise 1/textAboveHead Eloise \"{{i18n:57876021.13}}\"/emote Jacob 28/pause 500/speak Jacob \"{{i18n:57876021.14}}\"/move Eloise 3 0 3/emote Eloise 20/emote farmer 32/pause 1000/faceDirection Eloise 1/textAboveHead Eloise \"{{i18n:57876021.15}}\"/emote Jacob 60/pause 1000/end",
                "57876033/e 57876025/o KatarynaLK/A AbyssRoosterGrow/t 800 1300": "{{season}}_day_ambient/24 18/Pam 21 11 2 KatarynaLK 22 14 1 Abyssrooster 23 14 3 farmer 19 23 1 Shane -100 -100 3 Lewis -100 -100 3 Emily -100 -100 3 Gus -100 -100 3 Clint -100 -100 3 Gunther -100 -100 3 Jacob -100 -100 3 Eloise -100 -100 3 Rosa -100 -100 3 {{57876033.addNPC}}/addConversationTopic Kataryna0schedule 1/addMailReceived KatarynaLeavesTown/changeSprite Gunther walking/move farmer 4 0 0/speak KatarynaLK \"{{i18n:57876033.01}}\"/playSound cluck/pause 500/playSound cluck/move farmer 0 -5 0/pause 500/faceDirection Abyssrooster 2/jump Abyssrooster 3/playSound cluck/pause 500/playSound cluck/emote farmer 60/move KatarynaLK 0 2 1 true/move farmer 0 -2 3 true/textAboveHead KatarynaLK \"{{i18n:57876033.02}}\"/quickQuestion #{{i18n:57876033.03}}#{{i18n:57876033.04}}(break)speak KatarynaLK \"{{i18n:57876033.05}}\"(break)speak KatarynaLK \"{{i18n:57876033.06}}\"/speak KatarynaLK \"{{i18n:57876033.07}}\"/emote farmer 20/pause 500/faceDirection KatarynaLK 2/pause 500/faceDirection farmer 2/speak KatarynaLK \"{{i18n:57876033.08}}\"/faceDirection KatarynaLK 1/faceDirection farmer 3/speak KatarynaLK \"{{i18n:57876033.09}}\"/warp Shane 32 23/speed Shane 5/move Shane -8 0 0/textAboveHead Shane \"{{i18n:57876033.10}}\"/playMusic SettlingIn/faceDirection farmer 2 true/faceDirection KatarynaLK 2 true/jump KatarynaLK 5/emote KatarynaLK 16/pause 500/move Shane 0 -3 2/pause 500/warp Lewis 35 22 true/warp Emily 37 22 true/warp Clint 37 23 true/warp Gus 34 23 true/warp Gunther 33 22 true/warp Jacob 39 23 true/warp Eloise 38 23 true/warp Rosa 39 22 true/{{57876033.action1}}/move Lewis -13 0 0 true/move Emily -13 0 0 true/move Clint -13 0 0 true/move Gus -13 0 0 true/move Gunther -13 0 0 true/move Jacob -13 0 0 true/move Eloise -13 0 0 true/move Rosa -13 0 0 true/{{57876033.action2}}/pause 1000/emote KatarynaLK 32/pause 5000/advancedMove KatarynaLK false 0 4 1 0 2 500/pause 500/speak KatarynaLK \"{{i18n:57876033.11}}\"/{{57876033.action3}}/pause 500/textAboveHead Eloise \"{{i18n:57876033.14}}\"/playSound cluck/pause 50/playSound cluck/pause 500/textAboveHead Gunther \"{{i18n:57876033.15}}\"/pause 500/faceDirection KatarynaLK 1/faceDirection Shane 3/pause 1000/textAboveHead KatarynaLK \"{{i18n:57876033.16}}\"/pause 2000/end invisible KatarynaLK",
                "57876039/e 57876033": "none/-1000 -1000/Abyssrooster -100 -100 2 farmer -100 -100 2/playSound rooster/end invisible Abyssrooster"
            }
        },
        {
            "Action": "Load",
            "Target": "Characters/VoidEggCracking",
            "FromFile": "assets/Images/VoidEggCracking.png"
        },
        {
            "Action": "Load",
            "Target": "Characters/ESTent",
            "FromFile": "assets/Images/tent.png"
        },
        {
            "Action": "Load",
            "Target": "Characters/ESFirepit",
            "FromFile": "assets/Images/fire.png"
        },
        {
            "Action": "Load",
            "Target": "Characters/TempEyvindr",
            "FromFile": "assets/Images/Eyvinder.png"
        },
        {
            "Action": "EditData",
            "Target": "Data/Events/Town",
            "Entries": {
                "57876020/e 57876023/f KatarynaLK 1500/A AbyssRoosterGrow/t 2000 2400": "nightTime/39 74/Shane 39 74 1 KatarynaLK 41 74 3 farmer 35 72 1/ignoreCollisions farmer/skippable/addTemporaryActor Bear 32 32 54 85 1 true character/addTemporaryActor Abyssrooster 16 32 47 71 3 false character/move farmer 5 0 2/showFrame Shane 16/textAboveHead Shane \"{{i18n:57876020.01}} {{playerName}}!\"/pause 500/emote farmer 8/speak Shane \"{{i18n:57876020.02}}\"/textAboveHead KatarynaLK \"{{i18n:57876020.03}}\"/speak Shane \"{{i18n:57876020.04}}\"/pause 500/playSound trashcan/move Abyssrooster 0 1 2/pause 1000/playSound trashcan/textAboveHead KatarynaLK \"{{i18n:57876020.05}}\"/move KatarynaLK 5 0 3 true/move Abyssrooster 5 0 2 true/jump Shane 5/speak Shane \"{{i18n:57876020.06}}\"/faceDirection Shane 0/speak Shane \"{{i18n:57876020.07}}\"/emote farmer 56/textAboveHead KatarynaLK \"{{i18n:57876020.08}}\"/pause 500/fade/viewport -100 -100/warp Bear 57 93/faceDirection Bear 3/warp Shane 54 85/showFrame Shane 17/warp farmer 55 85 true/warp KatarynaLK 56 87 true/warp Abyssrooster 68 86 true/faceDirection KatarynaLK 0/viewport 57 87/pause 500/speak KatarynaLK \"{{i18n:57876020.09}}\"/faceDirection KatarynaLK 2/emote KatarynaLK 12/speak KatarynaLK \"{{i18n:57876020.10}}\"/move Shane 0 1 2/jump Abyssrooster 3/move Abyssrooster 0 7 0 true/move KatarynaLK 0 7 1 true/move Shane 0 7 2 true/move farmer 0 7 2 true/viewport move 0 4 2000/pause 3000/playSound pig/faceDirection Bear 2/pause 10/jump KatarynaLK 5 true/jump Shane 5 true/pause 50/move Shane -1 0 1/emote farmer 16/showFrame Shane 16/emote KatarynaLK 28/move Bear 0 1 2/animate Bear true true 500 16 17/shake KatarynaLK 500/playSound rabbit/pause 1000/playSound rabbit/pause 500/stopAnimation Bear/speak KatarynaLK \"{{i18n:57876020.11}}\"/shake KatarynaLK 500/speak Shane \"{{i18n:57876020.12}}\"/animate KatarynaLK false true 100 4/pause 100/positionOffset KatarynaLK -2 0/playSound dwop/animate KatarynaLK false true 100 5/pause 100/positionOffset KatarynaLK -2 0/playSound dwop/animate KatarynaLK false true 100 4/pause 100/positionOffset KatarynaLK -2 0/playSound dwop/animate KatarynaLK false true 100 5/pause 100/positionOffset KatarynaLK -2 0/playSound dwop/animate KatarynaLK false true 100 4/pause 100/positionOffset KatarynaLK -2 0/playSound dwop/speak KatarynaLK \"{{i18n:57876020.13}}\"/animate KatarynaLK false true 100 5/pause 100/positionOffset KatarynaLK -2 0/animate KatarynaLK false true 100 5/pause 100/positionOffset KatarynaLK -2 0/playSound dwop/animate KatarynaLK false true 100 4/pause 100/positionOffset KatarynaLK -2 0/playSound dwop/stopAnimation KatarynaLK 4/speak Shane \"{{i18n:57876020.14}}\"/emote farmer 40/move Abyssrooster 0 1 3/pause 500/playSound rooster/pause 500/faceDirection Bear 1/speed Abyssrooster 8/move Abyssrooster -9 0 3/jump Bear 2/emote Bear 8/pause 500/jump Abyssrooster 3/emote Abyssrooster 16/pause 500/advancedMove KatarynaLK false 0 1 -3 0 1 1000/move Abyssrooster 2 0 3/emote Abyssrooster 12/move Bear 1 0 1/pause 1000/move Abyssrooster 2 0 3 true/move farmer 0 2 1 true/faceDirection KatarynaLK 1/pause 1000/emote Abyssrooster 12/move Bear 1 0 1/speak KatarynaLK \"{{i18n:57876020.15}}\"/move Abyssrooster 2 0 3/emote Abyssrooster 12/move Bear 3 0 1/move Abyssrooster 2 0 3/emote Abyssrooster 12/move Bear 2 0 1/pause 1000/textAboveHead Shane \"{{i18n:57876020.16}}\"/speak KatarynaLK \"{{i18n:57876020.17}}\"/move Abyssrooster 2 0 3/emote Abyssrooster 12/move Bear 1 0 1/pause 1000/speak Shane \"{{i18n:57876020.18}}\"/textAboveHead KatarynaLK \"{{i18n:57876020.19}}\"/pause 1000/end",
            }
        },
        {
            "Action": "EditData",
            "Target": "Data/Events/ArchaeologyHouse",
            "Entries": {
                "57876023/e 57876022/f KatarynaLK 1250/A AbyssRoosterGrow/t 900 1800": "libraryTheme/-1000 -1000/Gunther 4 10 2 farmer 5 10 3 KatarynaLK -100 -100 0 Abyssrooster -100 -100 0 Penny 18 9 2 Jas 19 10 3 Vincent 16 10 1 Eloise 18 12 0/changeSprite Gunther walking/addConversationTopic GuntherKatarynaCoverse 7/skippable/showFrame Penny 18/showFrame Jas 22/showFrame Eloise 16/showFrame Vincent 24/viewport 5 10 clamp true/faceDirection Gunther 1/pause 1000/speak Gunther \"{{i18n:57876023.01}}\"/emote farmer 40/playSound doorOpen/warp KatarynaLK 3 14/move KatarynaLK 0 -2 0/warp Abyssrooster 3 14/speed Abyssrooster 7/advancedMove Abyssrooster false 0 -1 1 0 0 -2 -2 0 0 2 2 0 0 -1 4 1000/pause 500/playSound cluck/faceDirection Gunther 2/faceDirection farmer 2/pause 1000/emote Gunther 16/pause 1000/speak Gunther \"{{i18n:57876023.02}}\"/speak KatarynaLK \"{{i18n:57876023.03}}\"/speak Gunther \"{{i18n:57876023.04}}\"/playSound cluck/pause 50/playSound cluck/faceDirection farmer 3/emote farmer 40/pause 500/faceDirection Gunther 1/emote Gunther 40/pause 500/emote farmer 56/pause 500/faceDirection Gunther 2/pause 500/speak KatarynaLK \"{{i18n:57876023.05}}\"/pause 500/speak Gunther \"{{i18n:57876023.06}}\"/faceDirection KatarynaLK 1/faceDirection Abyssrooster 3/pause 500/playSound cluck/pause 500/faceDirection KatarynaLK 0/textAboveHead KatarynaLK \"{{i18n:57876023.07}}\"/pause 500/move KatarynaLK 0 -1 1/speak KatarynaLK \"{{i18n:57876023.08}}\"/move farmer 3 0 1/advancedMove Abyssrooster false 3 0 -2 0/pause 500/faceDirection farmer 3/move Gunther 0 1 3/emote Abyssrooster 12/advancedMove Abyssrooster false -1 0 4 1000/speak Gunther \"{{i18n:57876023.09}}\"/jump KatarynaLK 3/speak KatarynaLK \"{{i18n:57876023.10}}\"/speak Gunther \"{{i18n:57876023.11}}\"/emote farmer 28/speak KatarynaLK \"{{i18n:57876023.12}}\"/speak Gunther \"{{i18n:57876023.13}}\"/emote KatarynaLK 16/speak KatarynaLK \"{{i18n:57876023.14}}\"/textAboveHead Gunther \"{{i18n:57876023.15}}\"/pause 1000/faceDirection Gunther 2/pause 500/speak Gunther \"{{i18n:57876023.16}}\"/playSound cluck/pause 1000/end",
                "57876034/f KatarynaLK 2250/D KatarynaLK/t 900 1800": "libraryTheme/-1000 -1000/KatarynaLK 16 9 3 Gunther 15 9 1 farmer 3 14 0/skippable/changeSprite Gunther walking/viewport 5 10 clamp true/advancedMove farmer false 0 -3 4 1000 5 0 0 3 4 0 0 -1 3 0 4 2000/pause 500/emote farmer 8/viewport move 2 0 2000 true/speak KatarynaLK \"{{i18n:57876034.01}}\"/pause 500/speak Gunther \"{{i18n:57876034.02}}\"/speak KatarynaLK \"{{i18n:57876034.03}}\"/speak Gunther \"{{i18n:57876034.04}}\"/pause 500/faceDirection Gunther 2/pause 500/speak Gunther \"{{i18n:57876034.05}}\"/pause 500/faceDirection KatarynaLK 2/jump KatarynaLK 5/pause 500/speak KatarynaLK \"{{i18n:57876034.06}}\"/pause 500/emote KatarynaLK 28/emote farmer 32/advancedMove farmer false 0 -3 4 1000/faceDirection Gunther 1/speak Gunther \"{{i18n:57876034.07}}\"/faceDirection Gunther 2/speak Gunther \"{{i18n:57876034.08.{{GenderNeutral}} }}\"/speed Gunther 3/advancedMove Gunther false -1 0 0 -3 -4 0 2 1000/pause 1000/advancedMove farmer false 0 -1 1 1000/faceDirection KatarynaLK 3/pause 1000/speak KatarynaLK \"{{i18n:57876034.09}}\"/emote farmer 56/pause 500/speak KatarynaLK \"{{i18n:57876034.10}}\"/pause 500/emote farmer 60/pause 1000/end",
            }
        },
        {
            "Action": "EditData",
            "Target": "Characters/Dialogue/Gunther,Characters/Dialogue/GuntherSilvian",
            "Entries": {
                "GuntherKatarynaConverse": "{{i18n:gunther.GuntherKatarynaConverse}}"
            },
            "When": {
                "HasSeenEvent": "57876023"
            }
        },
        {
            "Action": "EditData",
            "Target": "Characters/Dialogue/KatarynaLK",
            "Entries": {
                "GuntherKatarynaConverse": "{{i18n:kataryna.GuntherKatarynaConverse}}"
            },
            "When": {
                "HasSeenEvent": "57876023"
            }
        },
        {
            "Action": "EditData",
            "Target": "Data/Events/EastScarp_Orchard",
            "Entries": {
                "57876032/k 57876033/f KatarynaLK 2250/o KatarynaLK/A AbyssRoosterGrow/t 1800 2200": "nightTime/-1000 -1000/KatarynaLK 3 17 2 farmer 0 18 1 Lewis 3 18 0 Abyssrooster 4 18 1/skippable/viewport 5 18 clamp true/move farmer 2 0 1/faceDirection Lewis 3/pause 500/speak Lewis \"{{i18n:57876032.01}}\"/faceDirection Lewis 0/speak Lewis \"{{i18n:57876032.02}}\"/jump farmer 5/jump Abyssrooster 5/move Lewis 0 1 0/speed Abyssrooster 7/move Abyssrooster 7 0 0/speak KatarynaLK \"{{i18n:57876032.03}}\"/pause 1000/fade/viewport -100 -100/playSound slimedead/warp farmer 31 17/warp KatarynaLK 33 14/warp Lewis 32 15/playsound slimedead/playSound cluck/faceDirection KatarynaLK 0/warp Abyssrooster 32 18/pause 500/playSound slimedead/faceDirection farmer 2/advancedMove Abyssrooster true 6 0 0 3 2 4000 -5 0 0 -3 4 4000 -4 0 0 3 2 0 0 -3 1 0 3 4000/viewport 33 14/pause 500/move KatarynaLK 2 0 0/pause 1000/emote KatarynaLK 40/pause 2000/move KatarynaLK -5 0 0/pause 1000/textAboveHead KatarynaLK \"{{i18n:57876032.04}}\"/speak Lewis \"{{i18n:57876032.05}}\"/move KatarynaLK 2 0 2/textAboveHead KatarynaLK \"{{i18n:57876032.06}}\"/speak KatarynaLK \"{{i18n:57876032.07}}\"/jump Lewis 5/emote Lewis 28/speak Lewis \"{{i18n:57876032.08}}\"/speak KatarynaLK \"{{i18n:57876032.09}}\"/speak Lewis \"{{i18n:57876032.10}}\"/pause 500/faceDirection KatarynaLK 0/pause 1000/faceDirection KatarynaLK 2/speak KatarynaLK \"{{i18n:57876032.11}}\"/speak Lewis \"{{i18n:57876032.12}}\"/textAboveHead KatarynaLK \"{{i18n:57876032.13}}\"/end",
            }
        },
        {
            "Action": "EditData",
            "Target": "Data/Events/Farm",
            "When": {
                "Spouse: AnyPlayer |contains=KatarynaLK": false
            },
            "Entries": {
                "57876025/o KatarynaLK/f KatarynaLK 2249/!D KatarynaLK/A KatarynaReadyLeave/e 57876024/t 0500 1200/H": "continue/64 15/farmer 64 15 2 KatarynaLK 65 16 0 Abyssrooster 63 16 1/pause 500/move Abyssrooster -1 0 1/speak KatarynaLK \"{{i18n:57876025.01}}\"/emote farmer 16/pause 500/speak KatarynaLK \"{{i18n:57876025.02}}\"/pause 500/emote farmer 8/pause 500/speak KatarynaLK \"{{i18n:57876025.03}}\"/pause 500/speak KatarynaLK \"{{i18n:57876025.04}}\"/faceDirection KatarynaLK 3/faceDirection Abyssrooster 1/playSound cluck/pause 500/playSound cluck/faceDirection KatarynaLK 0/speak KatarynaLK \"{{i18n:57876025.05}}\"/playSound cluck/speak KatarynaLK \"{{i18n:57876025.06}}\"/pause 500/emote farmer 32/speak KatarynaLK \"{{i18n:57876025.07}}\"/playSound cluck/playSound cluck/speak KatarynaLK \"{{i18n:57876025.08}}\"/quickQuestion #{{i18n:57876025.09}}#{{i18n:57876025.10}}#{{i18n:57876025.11}}#{{i18n:57876025.12}}(break)speak KatarynaLK \"{{i18n:57876025.13}}\"(break)speak KatarynaLK \"{{i18n:57876025.14}}\"(break)speak KatarynaLK \"{{i18n:57876025.15}}\"(break)speak KatarynaLK \"{{i18n:57876025.16}}\"/pause 500/speak KatarynaLK \"{{i18n:57876025.17}}\"/pause 500/faceDirection KatarynaLK 2/faceDirection Abyssrooster 2/pause 1000/end"
            }
        },
        {
            "Action": "EditData",
            "Target": "Data/Events/Farm",
            "When": {
                "HasSeenEvent:hostPlayer": "57876025" //lets Farmhand see the event that sets Kat's farewell
            },
            "Entries": {
                "57876025": "continue/64 15/farmer 64 15 2 KatarynaLK 65 16 0 Abyssrooster 63 16 1/pause 500/move Abyssrooster -1 0 1/speak KatarynaLK \"{{i18n:57876025.01}}\"/emote farmer 16/pause 500/speak KatarynaLK \"{{i18n:57876025.02}}\"/pause 500/emote farmer 8/pause 500/speak KatarynaLK \"{{i18n:57876025.03}}\"/pause 500/speak KatarynaLK \"{{i18n:57876025.04}}\"/faceDirection KatarynaLK 3/faceDirection Abyssrooster 1/playSound cluck/pause 500/playSound cluck/faceDirection KatarynaLK 0/speak KatarynaLK \"{{i18n:57876025.05}}\"/playSound cluck/speak KatarynaLK \"{{i18n:57876025.06}}\"/pause 500/emote farmer 32/speak KatarynaLK \"{{i18n:57876025.07}}\"/playSound cluck/playSound cluck/speak KatarynaLK \"{{i18n:57876025.08}}\"/quickQuestion #{{i18n:57876025.09}}#{{i18n:57876025.10}}#{{i18n:57876025.11}}#{{i18n:57876025.12}}(break)speak KatarynaLK \"{{i18n:57876025.13}}\"(break)speak KatarynaLK \"{{i18n:57876025.14}}\"(break)speak KatarynaLK \"{{i18n:57876025.15}}\"(break)speak KatarynaLK \"{{i18n:57876025.16}}\"/pause 500/speak KatarynaLK \"{{i18n:57876025.17}}\"/pause 500/faceDirection KatarynaLK 2/faceDirection Abyssrooster 2/pause 1000/end"
            }
        },
        {
            "Action": "EditData",
            "Target": "Data/Events/Farm",
            "When": {
                "Spouse: AnyPlayer |contains=KatarynaLK": false, //if no one else is married to Kataryna
                "Relationship:KatarynaLK": "Divorced" //if you have divorced Kataryna
            },
            "Entries": {
                "57876025/o KatarynaLK/A AbyssRoosterGrow/e 57876024/t 0500 1200/H": "continue/64 15/farmer 64 15 2 KatarynaLK 65 16 0 Abyssrooster 63 16 1/pause 500/move Abyssrooster -1 0 1/speak KatarynaLK \"{{i18n:57876025.01.div}}\"/emote farmer 16/pause 500/speak KatarynaLK \"{{i18n:57876025.02.div}}\"/pause 500/emote farmer 8/pause 500/speak KatarynaLK \"{{i18n:57876025.03.div}}\"/pause 500/speak KatarynaLK \"{{i18n:57876025.04.div}}\"/faceDirection KatarynaLK 3/faceDirection Abyssrooster 1/playSound cluck/pause 500/playSound cluck/faceDirection KatarynaLK 0/speak KatarynaLK \"{{i18n:57876025.05.div}}\"/playSound cluck/speak KatarynaLK \"{{i18n:57876025.06.div}}\"/pause 500/emote farmer 32/speak KatarynaLK \"{{i18n:57876025.07.div}}\"/playSound cluck/playSound cluck/speak KatarynaLK \"{{i18n:57876025.08.div}}\"/quickQuestion #{{i18n:57876025.09.div}}#{{i18n:57876025.10.div}}#{{i18n:57876025.11.div}}#{{i18n:57876025.12.div}}(break)speak KatarynaLK \"{{i18n:57876025.13.div}}\"(break)speak KatarynaLK \"{{i18n:57876025.14.div}}\"(break)speak KatarynaLK \"{{i18n:57876025.15.div}}\"(break)speak KatarynaLK \"{{i18n:57876025.16.div}}\"/pause 500/speak KatarynaLK \"{{i18n:57876025.17.div}}\"/pause 500/faceDirection KatarynaLK 2/faceDirection Abyssrooster 2/pause 1000/end"
            }
        },
        {
            "Action": "EditData",
            "Target": "Data/Events/EastScarp_DeepMountains",
            "Entries": {
                "57876036/e 57876035/D KatarynaLK/A AbyssRoosterGrow/t 2200 2600/w sunny": "spring_night_ambient/-100 -100/KatarynaLK 10 54 2 farmer 7 61 0 Abyssrooster 8 55 2/addTemporaryActor ESTent 48 80 57 45 2 false/addTemporaryActor ESFirepit 16 32 58 47 2 false/animate ESFirepit false true 400 0 1 2 3/viewport 10 55 clamp true/move farmer 0 -3 1/move farmer 3 0 0/jump Abyssrooster 3/playSound cluck/move farmer 0 -2 0/advancedMove Abyssrooster false 3 0 0 3 -3 0 0 -3 3 0 0 -3 3 0 2 1000/speak KatarynaLK \"{{i18n:57876036.01}}\"/pause 500/emote farmer 56/faceDirection KatarynaLK 1/faceDirection farmer 1/playSound cluck/pause 500/fade/viewport -100 -100/playSound cluck/stopAdvancedMoves/warp farmer 59 46/faceDirection farmer 2/warp KatarynaLK 58 46/warp Abyssrooster 57 47/showFrame KatarynaLK 30/showFrame farmer 4/positionOffset farmer 0 12/showFrame Abyssrooster 22/playSound cracklingFire/viewport 58 47/pause 500/speak KatarynaLK \"{{i18n:57876036.02}}\"/shake KatarynaLK 500/positionOffset KatarynaLK 4 0/pause 100/positionOffset KatarynaLK 4 0/pause 500/playSound crickets/pause 500/emote Abyssrooster 24/pause 500/emote KatarynaLK 40/pause 500/playSound crickets/pause 1000/speak KatarynaLK \"{{i18n:57876036.03}}\"/showFrame KatarynaLK 31/pause 500/speak KatarynaLK \"{{i18n:57876036.04}}\"/emote farmer 16/pause 500/showFrame KatarynaLK 30/pause 500/speak KatarynaLK \"{{i18n:57876036.05}}\"/pause 500/emote KatarynaLK 28/pause 500/quickQuestion #{{i18n:57876036.06}}#{{i18n:57876036.07}}(break)speak KatarynaLK \"{{i18n:57876036.08}}\"(break)speak KatarynaLK \"{{i18n:57876036.09}}\"/pause 500/stopMusic/playMusic echos/pause 500/faceDirection KatarynaLK 1/faceDirection farmer 3/pause 500/speak KatarynaLK \"{{i18n:57876036.10}}\"/faceDirection KatarynaLK 2/emote Abyssrooster 24/faceDirection KatarynaLK 1/speak KatarynaLK \"{{i18n:57876036.11}}\"/pause 500/emote KatarynaLK 28/pause 500/speak KatarynaLK \"{{i18n:57876036.12}}\"/jump farmer 5/emote farmer 16/pause 500/speak KatarynaLK \"{{i18n:57876036.13}}\"/question fork0 \"{{i18n:57876036.14}}#{{i18n:57876036.15}}#{{i18n:57876036.16}}#\"/fork Kiss_Kataryna/pause 500/emote farmer 36/pause 500/emote KatarynaLK 28/pause 500/speak KatarynaLK \"{{i18n:57876036.17}}\"/faceDirection KatarynaLK 0/warp KatarynaLK -1000 -1000/pause 500/playSound cluck/showFrame Abyssrooster 4/advancedMove Abyssrooster false 0 -1 1 0 1 1000/pause 1000/emote Abyssrooster 12/pause 1000/faceDirection Abyssrooster 0/warp Abyssrooster -1000 -1000/faceDirection farmer 2/showFrame farmer 4/pause 5000/playSound crickets/fade/viewport -100 -100/end",
                "Kiss_Kataryna": "pause 500/animate KatarynaLK false false 4500 28/animate farmer true false 4500 101/positionOffset farmer -6 0/positionOffset KatarynaLK 6 0/textAboveHead KatarynaLK \"{{i18n:57876036.Kiss_Kataryna.01}}\"/pause 3000/stopAnimation KatarynaLK/stopAnimation farmer/positionOffset KatarynaLK -20 0/faceDirection KatarynaLK 1/speak KatarynaLK \"{{i18n:57876036.Kiss_Kataryna.02}}\"/stopAnimation ESFirepit 4/pause 500/faceDirection KatarynaLK 0/warp KatarynaLK -1000 -1000/faceDirection farmer 2/pause 500/advancedMove farmer false -1 0 4 1000/pause 1000/warp farmer -1000 -1000/pause 1000/speak KatarynaLK \"{{i18n:57876036.Kiss_Kataryna.03}}\"/pause 1000/playSound cluck/showFrame Abyssrooster 0/jump Abyssrooster 5/pause 1000/advancedMove Abyssrooster false 0 -1 1 0 2 1000/emote Abyssrooster 12/addTemporaryActor TempEyvindr 16 32 58 54 2 true/move TempEyvindr 0 -4 0/pause 500/emote TempEyvindr 40/pause 2000/end"
            }
        },
        //********** ADDITIONAL CONTENT IF JULIET INSTALLED **********
        {
            "Action": "Load",
            "Target": "Maps/EastScarpeInn_Seance",
            "FromFile": "assets/Maps/EastScarpeInn_seance.tmx",
            "When": {
                "HasMod": "LemurKat.JulietHouse.NPC"
            },
        },
        {
            "Action": "EditData",
            "Target": "Data/Events/EastScarp_VillageInn",
            "When": {
                "HasMod": "LemurKat.JulietHouse.NPC"
            },
            "Entries": {
                "57876007/e 57876006/e 57876014/A Kataryna_CameraMan/d Tue/t 1000 1600": "distantBanjo/32 13/Rosa 29 11 2 OliverK 33 13 3 Shane 30 14 1 farmer 39 20 3 Juliet 31 12 2/addConversationTopic KatarynaPrank1 5/skippable/animate Rosa false true 300 16 16 16 17 18 16 16 16 16 16 16 16 16 16 16 16 16 16 16 16/move farmer -4 0 0/speak Shane \"{{i18n:57876007.01}}\"/emote farmer 16/move farmer 0 -6 3/textAboveHead Shane \"{{i18n:57876007.02}}\"/pause 500/jump OliverK 3/faceDirection OliverK 1/faceDirection Juliet 1/speak OliverK \"{{i18n:57876007.03}}\"/question null \"{{i18n:57876007.04}}#{{i18n:57876007.05}}#{{i18n:57876007.06}}#\"/emote OliverK 60/speak Shane \"{{i18n:57876007.07}}\"/pause 500/speak Rosa \"{{i18n:57876007.08}}\"/pause 500/speak Juliet \"{{i18n:57876007.09}}\"/speak OliverK \"{{i18n:57876007.10}}\"/question fork0 \"{{i18n:57876007.11}}#{{i18n:57876007.12}}#{{i18n:57876007.13}}#\"/fork LetsPrankKataryna/pause 500/speak OliverK \"{{i18n:57876007.14}}\"/speak Shane \"{{i18n:57876007.15}}\"/pause 1000/emote farmer 28/pause 2000/move farmer 0 6 2 true/pause 500/faceDirection OliverK 3/speak Rosa \"{{i18n:57876007.16}}\"/pause 1000/viewport move 0 2 1000/pause 100/message \"{{i18n:57876007.17}}\"/pause 1000/end",
                "LetsPrankKataryna": "addMailReceived HelpPrankKataryna/pause 500/textAboveHead OliverK \"{{i18n:57876007.LetsPrankKataryna.01}}\"/speak Shane \"{{i18n:57876007.LetsPrankKataryna.02}}\"/pause 500/emote farmer 32/pause 500/move farmer -1 0 3/move farmer 0 1 2/move farmer -2 0 0/facedirection OliverK 3/faceDirection Juliet 2/pause 500/speak Juliet \"{{i18n:57876007.LetsPrankKataryna.03}}\"/pause 1000/fade/viewport -100 -100/end",
                //Juliet summons a "ghost"
                "57876008/e 57876007/A KatarynaPrank1/t 900 1200": "distantBanjo/40 32/Rosa 40 32 1 Juliet 41 32 3 farmer 44 36 0 KatarynaLK 39 21 2/addConversationTopic KatarynaPrank2 3/skippable/pause 450/emote Juliet 40/animate Rosa false true 200 20 21/move farmer 0 -2 0/move farmer -4 0 0/stopAnimation Rosa/faceDirection Rosa 2/speak Rosa \"{{i18n:57876008.01}}\"/speak Juliet \"{{i18n:57876008.02}}\"/animate Rosa false true 200 20 21/emote farmer 8/pause 1000/stopAnimation Rosa 0/pause 500/speak KatarynaLK \"{{i18n:57876008.03}}\"/emote Rosa 12/faceDirection Rosa 0/speak Rosa \"{{i18n:57876008.04}}\"/faceDirection Rosa 2/speak Rosa \"{{i18n:57876008.05}}\"/emote Juliet 56/move Rosa 0 -11 3/faceDirection KatarynaLK 1/move farmer 0 -2 1/emote farmer 8/speak Juliet \"{{i18n:57876008.06}}\"/emote farmer 40/speak Juliet \"{{i18n:57876008.07}}\"/faceDirection Juliet 0/faceDirection farmer 0/viewport move 0 -4 2500/pause 2500/speak Rosa \"{{i18n:57876008.08}}\"/emote KatarynaLK 12/speak KatarynaLK \"{{i18n:57876008.09}}\"/speak Rosa \"{{i18n:57876008.10}}\"/viewport move 0 4 2500/pause 2500/speak Juliet \"{{i18n:57876008.11}}\"/move Juliet 0 -1 3/move Juliet -1 0 0/faceDirection farmer 0/emote farmer 8/viewport move 0 -4 2500/move Juliet 0 -8 0/textAboveHead KatarynaLK \"{{i18n:57876008.12}}\"/speak Rosa \"{{i18n:57876008.13}}\"/textAboveHead Juliet \"{{i18n:57876008.14}}\"/pause 1000/faceDirection KatarynaLK 2/pause 1000/faceDirection Rosa 2/textAboveHead KatarynaLK \"{{i18n:57876008.15}}\"/emote Rosa 16/speak Juliet \"{{i18n:57876008.16}}\"/speak KatarynaLK \"{{i18n:57876008.17}}\"/move KatarynaLK 0 2 1/faceDirection Juliet 3/speak Juliet \"{{i18n:57876008.18}}\"/advancedMove Rosa false 1 0 0 3 -1 0 0 7/textAboveHead KatarynaLK \"{{i18n:57876008.19}}\"/pause 1000/speak Juliet \"{{i18n:57876008.20}}\"/viewport move 0 4 2500/pause 2500/viewport 40 32/pause 1000/speak Rosa \"{{i18n:57876008.21}}\"/emote farmer 16/pause 1000/end",
                "57876009/e 57876008/n JulietInvitationToSeance/t 2000 2400": "playful/40 32/Rosa 40 33 1 Juliet -100 -100 0 farmer -100 -100 0 KatarynaLK -100 -100 0 OliverK 41 33 3 Shane -100 -100 0/addTemporaryActor Ghost 16 24 -100 -100 2 false monster/showFrame Ghost 19/skippable/changePortrait Juliet FortuneTeller/changeSprite Juliet FortuneTeller/pause 500/speak Rosa \"{{i18n:57876009.01}}\"/pause 500/speak OliverK \"{{i18n:57876009.02}}\"/playSound woodyStep/warp Juliet 44 36/textAboveHead Juliet \"{{i18n:57876009.03}}\"/move Juliet 0 -2 2/warp farmer 44 36/emote Juliet 32/pause 500/move Juliet -2 0 0 true/move farmer 0 -2 3 true/speak Juliet \"{{i18n:57876009.04}}\"/pause 500/textAboveHead Rosa \"{{i18n:57876009.05}}\"/speak OliverK \"{{i18n:57876009.06}}\"/emote Juliet 56/advancedMove OliverK false 0 -3 -2 0 0 -9 -10 0 2 1000/move Juliet -1 0 0/move Juliet 0 -1 3/speak Rosa \"{{i18n:57876009.07}}\"/textAboveHead Juliet \"{{i18n:57876009.08}}\"/speak Juliet \"{{i18n:57876009.09}}\"/animate Rosa false true 240 20 21/move farmer -3 0 0/faceDirection Juliet 2/stopAnimation Rosa 2/speak Rosa \"{{i18n:57876009.10}}\"/textAboveHead Juliet \"{{i18n:57876009.11}}\"/pause 500/speak Rosa \"{{i18n:57876009.12}}\"/faceDirection Rosa 1/speak Rosa \"{{i18n:57876009.13}}\"/faceDirection Juliet 3/speak Juliet \"{{i18n:57876009.14}}\"/playSound woodyStep/jump Juliet 3/textAboveHead Rosa \"{{i18n:57876009.15}}\"/pause 50/move farmer -1 0 1/move Juliet 0 1 3/pause 500/advancedMove farmer false -10 0 0 -2 2 1000/advancedMove Juliet false -10 0 0 -1 3 1000/pause 100/warp KatarynaLK 44 36/move KatarynaLK 0 -2 3/warp Shane 44 36/move KatarynaLK -1 0 3 true/move Shane 0 -1 3 true/move Rosa 0 1 1 true/speak Rosa \"{{i18n:57876009.16}}\"/pause 1000/fade/stopAdvancedMoves/stopMusic/viewport -1000 -1000/changeToTemporaryMap EastScarpeInn_Seance/viewport -1000 -1000/warp Juliet 28 28 true/warp KatarynaLK 28 32 true/warp farmer 26 30 true/warp OliverK 19 24 true/warp Rosa 36 30 true/warp Shane 24 29 true/faceDirection Juliet 2/faceDirection farmer 1/faceDirection KatarynaLK 0/faceDirection Rosa 1/showFrame Shane 16/playMusic EmilyDream/addObject 28 30 797 0/viewport 28 30/pause 1000/speak Juliet \"{{i18n:57876009.17}}\"/speak KatarynaLK \"{{i18n:57876009.18}}\"/textAboveHead Juliet \"{{i18n:57876009.19}}\"/speak Juliet \"{{i18n:57876009.20}}\"/speak Juliet \"{{i18n:57876009.21}}\"/fade/viewport -1000 -1000/pause 1000/faceDirection Rosa 3/speak Juliet \"{{i18n:57876009.22}}\"/warp Rosa 30 30/ambientLight 150 200 150/viewport 28 30/pause 1000/showFrame Juliet 16/pause 500/showFrame Juliet 17/speak Juliet \"{{i18n:57876009.23}}\"/showFrame Juliet 16/speak Juliet \"{{i18n:57876009.24}}\"/pause 500/playSound thunder/screenflash 3/shake Juliet 250/speak Juliet \"{{i18n:57876009.25}}\"/warp Ghost 28 30/animate Ghost false false 450 19 18 17 16 0 0 0 0 0/pause 1800/stopAnimation Ghost 8/animate Ghost false true 750 0 1/emote farmer 16 true/emote Rosa 16 true/jump Rosa 3/message \"{{i18n:57876009.26}}\"/textAboveHead Juliet \"{{i18n:57876009.27}}\"/message \"{{i18n:57876009.28}}\"/stopAnimation Ghost 0/faceDirection Ghost 1/pause 1000/shake Rosa 250/speak Rosa \"{{i18n:57876009.29}}\"/pause 1000/faceDirection Ghost 3/emote farmer 60/pause 1000/faceDirection Ghost 2/animate Ghost false true 750 0 1/message \"{{i18n:57876009.30}}\"/textAboveHead KatarynaLK \"{{i18n:57876009.31}}\"/message \"{{i18n:57876009.32}}\"/pause 500/emote KatarynaLK 12/speak KatarynaLK \"{{i18n:57876009.33}}\"/move KatarynaLK -3 0 3/pause 500/emote Juliet 28/move KatarynaLK 3 0 0/speak KatarynaLK \"{{i18n:57876009.34}}\"/message \"{{i18n:57876009.35}}\"/speak KatarynaLK \"{{i18n:57876009.36}}\"/move KatarynaLK -3 0 0/textAboveHead KatarynaLK \"{{i18n:57876009.37}}\"/jump OliverK 5/emote OliverK 28/showFrame Juliet 0/speak KatarynaLK \"{{i18n:57876009.38}}\"/faceDirection farmer 2/emote farmer 12/pause 1000/move KatarynaLK 3 0 0/faceDirection farmer 1/speak KatarynaLK \"{{i18n:57876009.39}}\"/playSound breakingGlass/removeSprite 28 30/addObject 28 30 118/animate Ghost false false 460 16 16 17 18 19 19 19 19 19/playSound ghost/pause 1800/warp Ghost -100 -100/emote Juliet 12/pause 500/speak Rosa \"{{i18n:57876009.40}}\"/speak Juliet \"{{i18n:57876009.41}}\"/pause 1000/speak KatarynaLK \"{{i18n:57876009.42}}\"/faceDirection KatarynaLK 1/pause 500/faceDirection KatarynaLK 3/pause 500/faceDirection KatarynaLK 0/pause 1000/speak KatarynaLK \"{{i18n:57876009.43}}\"/advancedMove KatarynaLK false 0 1 -10 0 0 -9 1 1000/faceDirection farmer 2/emote farmer 28/pause 1000/move Juliet -3 0 2/faceDirection Shane 1/speak Juliet \"{{i18n:57876009.44}}\"/speak Shane \"{{i18n:57876009.45}}\"/emote KatarynaLK 40/faceDirection farmer 0/pause 1000/speak Rosa \"{{i18n:57876009.46}}\"/faceDirection OliverK 3/emote OliverK 60/pause 2000/end",
                "57876010/e 57876009/t 600 1200": "shaneTheme/41 12/KatarynaLK 45 10 0 farmer 40 14 0/skippable/move farmer 0 -4 1/pause 50/faceDirection KatarynaLK 3/pause 50/textAboveHead KatarynaLK \"{{i18n:57876010.01}}\"/speak KatarynaLK \"{{i18n:57876010.02}}\"/question fork0 \"{{i18n:57876010.03}}#{{i18n:57876010.04}}#{{i18n:57876010.05}}\"/fork KatarynaExplains/pause 50/textAboveHead KatarynaLK \"{{i18n:57876010.06}}\"/emote farmer 28/pause 250/speak KatarynaLK \"{{i18n:57876010.07}}\"/faceDirection KatarynaLK 0/pause 1000/end",
                "KatarynaExplains": "pause 400/move KatarynaLK -3 0 3/speak KatarynaLK \"{{i18n:57876010.KatarynaExplains.01}}\"/emote farmer 8/speak KatarynaLK \"{{i18n:57876010.KatarynaExplains.02}}\"/emote farmer 40/speak KatarynaLK \"{{i18n:57876010.KatarynaExplains.03}}\"/emote farmer 28/pause 500/speak KatarynaLK \"{{i18n:57876010.KatarynaExplains.04}}\"/move KatarynaLK 3 0 0/pause 1000/end",
            }
        },
        {
            "Action": "EditData",
            "Target": "Data/Events/Town",
            "When": {
                "HasMod": "LemurKat.JulietHouse.NPC"
            },
            "Entries": {
                "57876014/n KatarynaFirstMet/u 15/f Juliet 1000/t 900 1200": "jaunty/101 93/Juliet 102 93 0 KatarynaLK -1000 -1000 2 farmer 96 93 1/skippable/move farmer 5 0 0/pause 500/faceDirection Juliet 3/faceDirection farmer 1/emote farmer 8/pause 500/speak Juliet \"{{i18n:57876014.01}}\"/emote farmer 8/speak Juliet \"{{i18n:57876014.02}}\"/emote farmer 16/pause 500/playSound doorOpen/warp KatarynaLK 101 90/jump Juliet 3/pause 500/emote KatarynaLK 8/textAboveHead Juliet \"{{i18n:57876014.03}}\"/emote farmer 56/speed Juliet 5/move Juliet 0 -3 3/faceDirection KatarynaLK 1/speak Juliet \"{{i18n:57876014.04}}\"/faceDirection farmer 0/textAboveHead KatarynaLK \"{{i18n:57876014.05}}\"/speak Juliet \"{{i18n:57876014.06}}\"/speak KatarynaLK \"{{i18n:57876014.07}}\"/speak Juliet \"{{i18n:57876014.08}}\"/pause 500/playSound newRecipe/showFrame KatarynaLK 27/pause 2000/emote Juliet 28/pause 3000/faceDirection KatarynaLK 1/pause 500/speak KatarynaLK \"{{i18n:57876014.09}}\"/playSound newRecipe/textAboveHead Juliet \"{{i18n:57876014.10}}\"/pause 500/speak Juliet \"{{i18n:57876014.11}}\"/speak KatarynaLK \"{{i18n:57876014.12}}\"/emote Juliet 12/pause 1000/speak KatarynaLK \"{{i18n:57876014.13}}\"/move KatarynaLK 0 2 2/faceDirection Juliet 2/move farmer 1 0 3/move KatarynaLK 0 2 0/emote KatarynaLK 40/pause 400/advancedMove KatarynaLK true -10 0/faceDirection Juliet 3/pause 500/emote Juliet 12/pause 1000/move farmer 0 -1 0/faceDirection Juliet 2/speak Juliet \"{{i18n:57876014.14}}\"/stopAdvancedMoves/emote farmer 60/pause 1000/end"
            }
        },
        //*********************************************************************************************
        //Abyss schedule
        { //Abyss
            "LogName": "Abyss",
            "Action": "EditData",
            "Target": "Characters/schedules/Abyssrooster",
            "When": {
                "HasSeenEvent": "57876022",
                "HasSeenEvent |contains=57876039": false,
                "HasConversationTopic |contains=AbyssRoosterGrow": false,
            },
            "Entries": {
                "rain": "0 EastScarp_VillageInn 6 12 0/700 EastScarp_VillageInn 7 11 2 square_7_2/900 EastScarp_VillageInn 34 32 1/1000 Saloon 13 20 2 abyss_perch/1400 EastScarp_Village 72 121 2 abyss_perch/1900 EastScarp_VillageInn 7 11 2 square_7_2/2200 EastScarp_VillageInn 6 12 2 abyss_sleep",
                "Mon": "0 EastScarp_VillageInn 6 12 0/700 EastScarp_VillageInn 34 32 2/830 ArchaeologyHouse 4 12 0 square_5_3/1200 Blacksmith 2 15 2 abyss_perch/1600 Saloon 13 20 2 abyss_perch/1900 EastScarp_VillageInn 7 11 2 square_7_2/2200 EastScarp_VillageInn 6 12 2 abyss_sleep",
                "Tue": "0 EastScarp_VillageInn 6 12 0/700 EastScarp_VillageInn 34 32 2/900 Town 41 58 2/1420 Beach 43 36 2/1730 Beach 24 35 3/2000 EastScarp_VillageInn 6 12 2 abyss_sleep",
                "Wed": "0 EastScarp_VillageInn 6 12 0/700 EastScarp_VillageInn 34 32 2/830 Forest 6 37 0/1300 Forest 93 94 2/1600 Saloon 13 20 2 abyss_perch/2000 EastScarp_VillageInn 6 12 2 abyss_sleep",
                "winter_15": "0 EastScarp_VillageInn 6 12 0/a900 ArchaeologyHouse 4 12 0 square_5_3/1230 Saloon 13 20 2 abyss_perch/1600 Beach 25 14 2 square_5_5/1940 EastScarp_VillageInn 6 12 2 abyss_sleep",
                "spring": "0 EastScarp_VillageInn 6 12 0/900 EastScarp_VillageInn 34 32 1/1100 EastScarp_Village 44 90 3 square_3_3/1500 EastScarp_Orchard 2 16 3/1800 EastScarp_VillageInn 7 11 2 square_7_2/2200 EastScarp_VillageInn 6 12 2 abyss_sleep",
            }
        },
        //*********** Dating Stuff ********************
        /*{   "Logname":"If you give Kataryna the bouquet before seeing her 'propsition' event",
            "Action": "EditData",
            "Target": "Data/Events/Farm",
            "Entries": {
                "57876038/k 57876026/D KatarynaLK": ""
            }
        },
        {
            "Action": "EditData",
            "Target": "Data/Events/Farm",
            "When": {
                "HasValue:{{spouse}}": "false",
                "Relationship:KatarynaLK |contains=Dating,Engaged,Married": false,
                "HasSeenEvent |contains=57876035": false,
                "Spouse: AnyPlayer |contains=KatarynaLK": false
            },
            "Entries": {
                "57876026/f KatarynaLK 2000/k 57876035/k 57876028/l NoDateKataryna/t 600 1200": "continue/64 15/farmer 64 15 2 KatarynaLK 65 16 0/addConversationTopic DateKataryna1 14/skippable/pause 500/emote farmer 8/pause 500/speak KatarynaLK \"{{i18n:57876026.01}}\"/pause 500/emote KatarynaLK 28/pause 500/speak KatarynaLK \"{{i18n:57876026.02}}\"/quickQuestion #{{i18n:57876026.03}}#{{i18n:57876026.04}}(break)switchEvent 57876026_YesDateKat(break)switchEvent 57876026_NoDateKat",
                "57876026_YesDateKat": "pause 500/emote KatarynaLK 32/speak KatarynaLK \"{{i18n:57876026.57876026_YesDateKat.01}}\"/pause 1000/faceDirection KatarynaLK 2/emote farmer 8/pause 500/playSound achievement/message \"{{i18n:57876026.57876026_YesDateKat.02}}\"/pause 1000/end",
                "57876026_NoDateKat": "addMailReceived NoDateKataryna/addConversationTopic Kataryna_NoDate/pause 500/emote KatarynaLK 60/speak KatarynaLK \"{{i18n:57876026.57876026_NoDateKat.01}}\"/pause 500/faceDirection KatarynaLK 2/emote farmer 8/pause 1000/end",
                "57876027/f KatarynaLK 2000/e 57876026/k 57876035/A DateKataryna1/t 600 1200": "continue/64 15/farmer 64 15 2 KatarynaLK 65 16 0/addConversationTopic DateKataryna2 14/skippable/pause 500/emote farmer 8/pause 500/speak KatarynaLK \"{{i18n:57876027.01}}\"/pause 500/emote KatarynaLK 28/pause 500/speak KatarynaLK \"{{i18n:57876027.02}}\"/quickQuestion #{{i18n:57876027.03}}#{{i18n:57876027.04}}(break)switchEvent 57876027_YesDateKat(break)switchEvent 57876027_NoDateKat",
                "57876027_YesDateKat": "pause 500/emote KatarynaLK 32/speak KatarynaLK \"{{i18n:57876027.57876027_YesDateKat.01}}\"/pause 500/faceDirection KatarynaLK 2/emote farmer 8/pause 500/playSound achievement/message \"{{i18n:57876026.57876026_YesDateKat.02}}\"/pause 1000/end",
                "57876027_NoDateKat": "addMailReceived NoDateKataryna/addConversationTopic Kataryna_NoDate/pause 500/emote KatarynaLK 60/speak KatarynaLK \"{{i18n:57876027.57876027_NoDateKat.01}}\"/pause 500/faceDirection KatarynaLK 2/emote farmer 8/pause 1000/end",
                "57876029/f KatarynaLK 2000/e 57876027/A DateKataryna2/k 57876035/t 600 1200": "continue/64 15/farmer 64 15 2 KatarynaLK 65 16 0/addMailReceived NoDateKataryna/skippable/pause 500/emote farmer 8/pause 500/speak KatarynaLK \"{{i18n:57876029.01}}\"/pause 500/emote farmer 28/pause 500/speak KatarynaLK \"{{i18n:57876029.02}}\"/faceDirection KatarynaLK 2/pause 1000/emote KatarynaLK 40/pause 1000/faceDirection KatarynaLK 0/speak KatarynaLK \"{{i18n:57876029.03}}\"/pause 500/emote farmer 56/speak KatarynaLK \"{{i18n:57876029.04}}\"/pause 500/faceDirection KatarynaLK 2/pause 500/emote farmer 8/pause 1000/end",
            }
        },
        {
            "Action": "EditData",
            "Target": "Data/Events/Farm",
            "When": {
                "HasValue:{{spouse}}": "true", //are you married?
                "Relationship: KatarynaLK |contains=Dating, Engaged, Married": false, //No one is married or engnaged or dating Kataryna
                "HasFlag | contains=NoDateKataryna": false //Have not already said no to dating her
            },
            "Entries": {
                "57876031/O {{spouse}}/o KatarynaLK/f KatarynaLK 2000/t 600 1200": "continue/64 15/farmer 64 15 2 KatarynaLK 65 16 0/addMailReceived NoDateKataryna/addConversationTopic Kataryna_NoDate/skippable/pause 500/emote farmer 8/pause 500/speak KatarynaLK \"{{i18n:57876031.01.{{LKspouse}}}}\"/pause 500/emote farmer 36/pause 500/speak KatarynaLK \"{{i18n:57876031.02.{{LKspouse}}}}\"/faceDirection KatarynaLK 2/pause 1000/emote KatarynaLK 40/pause 1000/faceDirection KatarynaLK 0/speak KatarynaLK \"{{i18n:57876031.03.{{LKspouse}}}}\"/pause 500/faceDirection KatarynaLK 2/pause 500/emote farmer 8/pause 1000/end"
            }
        },
        {
            "Action": "EditData",
            "Target": "Data/Events/Farm",
            "When": {
                "KatarynaDatability": false // just don't want to date her - this adds the mail flag "NoDateKataryna"
            },
            "Entries": {
                "57876031/f KatarynaLK 2000/t 600 1200": "continue/64 15/farmer 64 15 2 KatarynaLK 65 16 0/addMailReceived NoDateKataryna/addConversationTopic Kataryna_NoDate/skippable/pause 500/emote farmer 8/pause 500/speak KatarynaLK \"{{i18n:57876031.01.{{LKspouse}}}}\"/pause 500/emote farmer 36/pause 500/speak KatarynaLK \"{{i18n:57876031.02.{{LKspouse}}}}\"/faceDirection KatarynaLK 2/pause 1000/emote KatarynaLK 40/pause 1000/faceDirection KatarynaLK 0/speak KatarynaLK \"{{i18n:57876031.03.{{LKspouse}}}}\"/pause 500/faceDirection KatarynaLK 2/pause 500/emote farmer 8/pause 1000/end"
            }
        },
        {
            "Action": "EditData",
            "Target": "Data/Events/Farm",
            "When": {
                "Spouse: AnyPlayer": "KatarynaLK" //Someone else is married to Kataryna - sets the mail flag
            },
            "Entries": {
                "57876031/o KatarynaLK/t 600 1200/f KatarynaLK 2000": "continue/64 15/farmer 64 15 2 KatarynaLK 65 16 0/addMailReceived NoDateKataryna/addConversationTopic Kataryna_NoDate/skippable/pause 500/emote farmer 8/pause 500/speak KatarynaLK \"{{i18n:57876031.01}}\"/pause 500/emote farmer 36/pause 500/speak KatarynaLK \"{{i18n:57876031.02}}\"/faceDirection KatarynaLK 2/pause 1000/emote KatarynaLK 40/pause 1000/faceDirection KatarynaLK 0/speak KatarynaLK \"{{i18n:57876031.03}}\"/pause 500/faceDirection KatarynaLK 2/pause 500/emote farmer 8/pause 1000/end"
            }
        },*/
        {
            "LogName": "Engagement Dialogue",
            "Action": "EditData",
            "Target": "Data/EngagementDialogue",
            "Entries": {
                "KatarynaLK0": "{{i18n:engagement.kataryna0}}",
                "KatarynaLK1": "{{i18n:engagement.kataryna1}}"
            }
        },
        {
            "Action": "EditMap",
            "Target": "Maps/EastScarp_AbyssCoop",
            "MapProperties": {
                "Warp": "2 9 Farm 89 9"
            },
            "When": {
                "Relationship:KatarynaLK": "Married",
                "FarmType": "MeadowlandsFarm"
            }
        },
        { //Abyss
            "LogName": "Abyss",
            "Action": "EditData",
            "Target": "Characters/schedules/Abyssrooster",
            "When": {
                "Relationship:KatarynaLK": "Married"
            },
            "Entries": {
                "rain": "0 FarmHouse 37 16 2/630 FarmHouse 37 15 square_3_3/1900 FarmHouse 38 14 2 abyss_sleep",
                "Mon": "0 EastScarp_AbyssCoop 3 5 0/630 EastScarp_AbyssCoop 3 5 square_3_3/830 ArchaeologyHouse 4 12 0 square_5_3/1200 Blacksmith 2 15 2 abyss_perch/1600 Saloon 13 20 2 abyss_perch/1900 BusStop 13 15 square_5_5",
                "Tue": "0 EastScarp_AbyssCoop 3 5 0/630 EastScarp_AbyssCoop 3 5 square_3_3/1900 EastScarp_AbyssCoop 4 6 abyss_sleep",
                "Wed": "0 EastScarp_AbyssCoop 3 5 0/630 EastScarp_AbyssCoop 3 5 square_3_3/830 Forest 6 37 0/1300 Forest 93 94 2/1600 Saloon 13 20 2 abyss_perch/2000 BusStop 13 15 square_5_5",
                "Fri": "0 EastScarp_AbyssCoop 3 5 0/630 EastScarp_AbyssCoop 3 5 square_3_3/900 Town 41 58 2/1420 Beach 43 36 2/1730 Beach 24 35 3/2000 BusStop 13 15 square_5_5",
                "winter_15": "GOTO Tue",
                "spring": "0 EastScarp_AbyssCoop 3 5 0/630 EastScarp_AbyssCoop 3 5 square_3_3/1900 EastScarp_AbyssCoop 4 6 abyss_sleep",
            }
        },
    ]
}