    {
        "Changes": [
            {
                "LogName": "Mainland Dialogue",
                "Action": "EditData",
                "Target": "Characters/Dialogue/Leo",
                "Entries": {
                    "LeoDeparture": "I need to find some place to live...$s#$b#But I have a plan... I'm going to rely on my friends.",
                    "Thu8": "It felt bad at first... to leave the island and set foot in a strange land.$s#$e#But, I got used to it after a while.#$b#I'm a very flexible person!$h",
                    "Thu10": "I felt like a stranger here, at first. But I've made a lot of friends!$h#$b#For once, I feel like I belong...",
                    "Tue": "Miss Penny is doing her best to get me up to speed in my schooling. She's really nice...#$e#...Luckily, I remember some things from my old, old life... before washing up on the island... so it's not as difficult as it could be.#$e#Miss Penny says she's impressed with how much I know!",
                    "Tue10": "I'm sure Jas and Vincent thought I was weird, at first. I accidentally squawked at the school table a few times... that didn't help.$s#$e#It was a big change for everyone. But we're good friends now!$h",
                    "18": "When I first arrived, Linus made me a suit out of leaves, like his...#$b#But I looked funny... like a fuzzy mango!$h#$e#I think I'll stick to my feathers.",
                    "Wed": "Between Linus and Miss Penny, I'm going to learn everything there is to learn!$h#$e#Mayor Lewis says I'm on the fast track to becoming a 'well-rounded citizen'... whatever that means.",
                    "Thu": "Have you ever noticed all the interesting birds that live here?#$e#If you listen closely, they might tell you something.",
                    "winter_Thu": "The birds of this valley don't mind the cold so much.#$e#I'm a little jealous of their warm coats...$s",
                    "4": "I saw a big mango floating in the sky. Linus told me it was a hot-air balloon!$u#$b#I thought only birds could fly...",
                    "Fri": "Linus has been teaching me about all the wild food in the valley. There's a lot of good stuff out here!$h#$e#Though... I do kind of miss having golden walnuts for breakfast every morning...$s",
                    "winter_Fri": "Linus taught me how to make a special spice berry rubbed fish...#$b#He says if I eat enough of it it'll keep me warm this winter!$h",
                    "Fri8": "Uncle Linus says I should 'cook' my fish before eating it...$s#$b#I'm having a hard time getting used to it... so dry...$s",
                    "Mon": "Hey, @. Nice to see you back on the island, just like old times. This is fun!#$e#You know, I was scared when you first arrived... I knew my life was about to change.$u",
                    "Sun": "You know, Stardew Valley might be my new home... but the island will always be my home, too.#$e#It's nice to be able to come back and visit.",
                    "Sat": "Maybe some day, I'll visit Zuzu City...$u#$b#But I'm not even close to being ready, yet. This world is already so strange to me, and I'm very comfortable here right now!$h",
                    "Sun10": "The parrots want me to thank you for all the golden walnuts you've found. They're really enjoying them.$h",
                    "Sat10": "@? Um... it's a little embarrassing to ask...$u#$b#But... do you think Jas likes me?$u#$b#Or am I too weird?$s#$e#Nevermind... who cares. I'll figure it out some day.$h",
                    //New dialogue
                    "Wed10": "Eloise doesn't find it weird when I squawk. No really! She wants me to teach her how to talk to the birds too.$1#$b#But it's not only about talking, it's also about listening... and sometimes she's not so good at that.",
                    "fall_Fri10": "Eloise wants to come to the island with me to meet my bird family.$1#$b#But I don't know... what if she realizes I'm weird? Do you think she'd care?$2",
                    "EloisePuppyTalk": "Eloise invited me to a park with dogs. But I'd have to travel in a car.#$b#It sounded a little scary, so I said 'no'. I think it made her sad...$2"
                },
                "When": {
                    "HasSeenEvent |contains=6497428": true
                }
            },
            {
                "LogName": "Mainland Dialogue",
                "Action": "EditData",
                "Target": "Characters/Dialogue/LeoMainland",
                "Entries": {
                    "Wed10": "Eloise doesn't find it weird when I squawk. No really! She wants me to teach her how to talk to the birds too.$1#$b#But it's not only about talking, it's also about listening... and sometimes she's not so good at that.",
                    "fall_Fri10": "Eloise wants to come to the island with me to meet my bird family.$1#$b#But I don't know... what if she realizes I'm weird? Do you think she'd care?$2",
                    "EloisePuppyTalk": "Eloise invited me to a park with dogs. But I'd have to travel in a car.#$b#It sounded a little scary, so I said 'no'. I think it made her sad...$2"
                },
            },
            {
                "LogName": "Mainland Schedule",
                "Action": "EditData",
                "Target": "Characters/schedules/Leo",
                "Entries": {
                    "9": "NOT friendship Sam 6 Penny 6/GOTO spring",
                    "23": "NOT friendship Sam 6 Penny 6/GOTO spring",
                    "rain": "0 LeoTreeHouse 2 2 0/700 LeoTreeHouse 2 2 0/1000 Tent 1 3 1 \"Strings\\schedules\\Leo:tent\"/1500 Mountain 18 7 1/1900 LeoTreeHouse 2 5 3/2200 LeoTreeHouse 5 4 1 leo_sleep",
                    "winter_15": "0 LeoTreeHouse 2 2 0/1100 Mountain 30 9 3/1600 Beach 21 4 2 \"Strings\\schedules\\Leo:winter_15.000\"/2330 LeoTreeHouse 5 4 1 leo_sleep",
                    "summer": "0 LeoTreeHouse 2 2 0/630 Mountain 35 15 2/940 Mountain 48 24 1/1300 Mountain 49 31 1 square_1_3/1600 Mountain 30 9 3/2000 LeoTreeHouse 2 5 3/2200 LeoTreeHouse 5 4 1 leo_sleep",
                    "fall": "0 LeoTreeHouse 2 2 0/740 Mountain 30 9 3/900 Town 65 48 2/1400 Mountain 43 17 1/2000 LeoTreeHouse 4 2 1/2200 LeoTreeHouse 5 4 1 leo_sleep",
                    "winter": "0 LeoTreeHouse 2 2 01100 Mountain 30 9 3/1400 ArchaeologyHouse 12 9 0 \"Strings\\schedules\\Leo:winter.000\"/2000 LeoTreeHouse 2 2 0/2200 LeoTreeHouse 5 4 1 leo_sleep",
                    "Tue": "0 LeoTreeHouse 2 2 0/900 ArchaeologyHouse 18 12 0 leo_sit_up \"Strings\\schedules\\Leo:school\"/1400 Town 91 104 2/1620 Mountain 30 9 3 \"Strings\\schedules\\Leo:dinner\"/2000 LeoTreeHouse 2 5 3/2200 LeoTreeHouse 5 4 1 leo_sleep",
                    "Wed": "GOTO Tue",
                    "Sat": "0 LeoTreeHouse 2 2 0/940 Town 34 90 2/1200 Town 19 14 2 square_5_1/1700 Mountain 30 9 3/1900 LeoTreeHouse 2 5 3/2200 LeoTreeHouse 5 4 1 leo_sleep",
                    "Sun": "610 IslandHut 7 7 0/1030 IslandSouth 38 31 2/1330 IslandEast 7 44 2/1700 IslandNorth 53 71 2/2000 IslandHut 11 10 1 leo_sleep",
                    "Mon": "0 IslandHut 7 7 0/930 IslandSouth 7 9 2/1400 IslandEast 21 11 2/1700 IslandHut 6 6 0/2100 IslandHut 11 10 1 leo_sleep",
                    "spring": "0 LeoTreeHouse 2 2 0/700 Mountain 30 9 3/930 Mountain 44 18 1/1400 Mountain 30 9 3/1900 LeoTreeHouse 2 5 3/2200 LeoTreeHouse 5 4 1 leo_sleep"
                },
                "When": {
                    "HasSeenEvent |contains=6497428": true
                }
            },
            {
                "LogName": "Mainland Schedule",
                "Action": "EditData",
                "Target": "Characters/schedules/Leo",
                "Entries": {
                    "Sun": "0 LeoTreeHouse 2 2 0/940 Town 34 90 2/1200 Town 19 14 2 square_5_1/1700 Mountain 30 9 3/1900 LeoTreeHouse 2 5 3/2200 LeoTreeHouse 5 4 1 leo_sleep",
                    "Mon": "0 LeoTreeHouse 2 2 0/940 Town 34 90 2/1200 Town 19 14 2 square_5_1/1700 Mountain 30 9 3/1900 LeoTreeHouse 2 5 3/2200 LeoTreeHouse 5 4 1 leo_sleep",
                    "rain": "0 LeoTreeHouse 2 2 0/700 LeoTreeHouse 2 2 0/1000 Tent 1 3 1 \"Strings\\schedules\\Leo:tent\"/1500 Mountain 18 7 1/1900 LeoTreeHouse 2 5 3/2200 LeoTreeHouse 5 4 1 leo_sleep"
                },
                "When": {
                    "Weather: Island": "rain",
                    "DayOfWeek": "Sunday, Monday",
                    "HasSeenEvent |contains=6497428": true
                }
            },
            /*  {
                "Action": "EditData",
                "Target": "Characters/schedules/Leo",
                "Entries": {
                    "Tue": "0 LeoTreeHouse 2 2 0/930 CommunityCenter 18 22 0 leo_sit_up \"Strings\\schedules\\Leo:school\"/1400 Town 91 104 2/1620 Mountain 30 9 3 \"Strings\\schedules\\Leo:dinner\"/2000 LeoTreeHouse 2 5 3/2200 LeoTreeHouse 5 4 1 leo_sleep",
                    "rain": "0 LeoTreeHouse 2 2 0/1000 Tent 1 3 1 \"Strings\\schedules\\Leo:tent\"/1040 CommunityCenter 40 10 0 square 5_1_0 \"Strings\\schedules\\Leo:CC_{{random:FT1,FT2,FT3}}\"/1300 CommunityCenter 5 10 0/1500 LeoTreeHouse 2 5 3/2200 LeoTreeHouse 5 4 1 leo_sleep"
                },
                "When": {
                    "HasSeenEvent |contains=6497428": true,
                    "HasSeenEvent |contains=191393": true,
                    "HasMod": "LemurKat.CommunityCenter.CP"
                }
            }*/
        ]
    }