{
    "Changes": [
        //Kataryna
        {
            "Action": "EditData",
            "Target": "Data/ConcessionTastes",
            "Entries": {
                "KatarynaLK": {
                    "Name": "KatarynaLK",
                    "LovedTags": [
                        "Cappuccino Mousse Cake",
                        "Chocolate Popcorn"
                    ],
                    "LikedTags": [
                        "Sweet",
                        "Healthy"
                    ],
                    "DislikedTags": [
                        "Kale Smoothie",
                        "Salted Peanuts"
                    ]
                },
                "ToriLK": {
                    "Name": "ToriLK",
                    "LovedTags": [
                        "Ice Cream Sandwich",
                        "Star Cookie"
                    ],
                    "LikedTags": [
                        "Sour Slimes",
                        "Sweet",
                        "Healthy"
                    ],
                    "DislikedTags": [
                        "Jawbreaker",
                        "Rock Candy"
                    ]
                },
                "Jacob": {
                    "Name": "Jacob",
                    "LovedTags": [
                        "Fries",
                        "Cappuccino Mousse Cake"
                    ],
                    "LikedTags": [
                        "Salted Peanuts"
                    ],
                    "DislikedTags": [
                        "Kale Smoothie",
                        "JojaCorn"
                    ]
                },
                "Aideen": {
                    "Name": "Aideen",
                    "LovedTags": [
                        "Jasmine Tea",
                        "Panzanella Sandwich",
                        "Cappuccino Mousse Cake"
                    ],
                    "LikedTags": [
                        "Gourmet"
                    ],
                    "DislikedTags": [
                        "Rock Candy",
                        "Salted Peanuts"
                    ]
                },
                "Eloise": {
                    "Name": "Eloise",
                    "LovedTags": [
                        "Cotton Candy",
                        "Ice Cream Sandwich"
                    ],
                    "LikedTags": [
                        "Sweet"
                    ],
                    "DislikedTags": [
                        "Kale Smoothie",
                        "Black Licorice"
                    ]
                },
                "JosephineK": {
                    "Name": "JosephineK",
                    "LovedTags": [
                        "Stardrop Sorbet",
                        "Cappuccino Mousse Cake",
                        "Jasmine Tea"
                    ],
                    "LikedTags": [
                        "Healthy"
                    ],
                    "DislikedTags": [
                        "Cotton Candy",
                        "Jawbreaker"
                    ]
                },
                "OliverK": {
                    "Name": "OliverK",
                    "LovedTags": [
                        "Fries",
                        "Popcorn",
                        "Nachos",
                        "Personal Pizza"
                    ],
                    "LikedTags": [
                        "Salty",
                        "Healthy"
                    ],
                    "DislikedTags": [
                        "Sweet"
                    ]
                },
                "Leximonster": {
                    "Name": "Leximonster",
                    "LovedTags": [
                        "Stardrop Sorbet",
                        "Cotton Candy",
                        "Star Cookie"
                    ],
                    "LikedTags": [
                        "Sweet"
                    ],
                    "DislikedTags": [
                        "Kale Smoothie",
                        "Jawbreaker"
                    ]
                },
                "Rosa": {
                    "Name": "Rosa",
                    "LovedTags": [
                        "Cappuccino Mousse Cake",
                        "Salted Peanuts"
                    ],
                    "LikedTags": [
                        "Sweet",
                        "Sour Slimes",
                        "Healthy"
                    ],
                    "DislikedTags": [
                        "Kale Smoothie",
                        "Jasmine Tea"
                    ]
                },
                "VivienneLK": {
                    "Name": "VivienneLK",
                    "LovedTags": [
                        "Stardrop Sorbet",
                        "Cappuccino Mousse Cake"
                    ],
                    "LikedTags": [
                        "Sweet",
                        "Healthy"
                    ],
                    "DislikedTags": [
                        "Jawbreaker",
                        "Cotton Candy"
                    ]
                }
            }
        },
        {
            "Action": "EditData",
            "Target": "Data/MoviesReactions",
            "Entries": {
                "VivienneLK": {
                    "NPCName": "VivienneLK",
                    "Reactions": [
                        {
                            "Tag": "winter_movie_1", //Zuzu Express
                            "Response": "love",
                            "Whitelist": [],
                            "SpecialResponses": {
                                "BeforeMovie": {
                                    "ResponsePoint": null,
                                    "Script": "",
                                    "Text": "{{i18n:movies.viviennelk.1}}"
                                },
                                "DuringMovie": {
                                    "ResponsePoint": null,
                                    "Script": "/message \"{{i18n:movies.viviennelk.2}}\"",
                                    "Text": "{{i18n:movies.viviennelk.3}}"
                                },
                                "AfterMovie": {
                                    "ResponsePoint": null,
                                    "Script": "",
                                    "Text": "{{i18n:movies.viviennelk.4}}"
                                }
                            },
                            "ID": "reaction_1"
                        },
                        {
                            "Tag": "summer_movie_0", //Prarie King
                            "Response": "dislike",
                            "Whitelist": [],
                            "SpecialResponses": {
                                "BeforeMovie": {
                                    "ResponsePoint": null,
                                    "Script": "",
                                    "Text": "{{i18n:movies.viviennelk.5}}"
                                },
                                "DuringMovie": {
                                    "ResponsePoint": null,
                                    "Script": "/message \"{{i18n:movies.viviennelk.6}}\"",
                                    "Text": ""
                                },
                                "AfterMovie": {
                                    "ResponsePoint": null,
                                    "Script": "",
                                    "Text": "{{i18n:movies.viviennelk.7}}"
                                }
                            },
                            "ID": "reaction_2"
                        },
                        {
                            "Tag": "winter_movie_0", //Coldstar Ranch
                            "Response": "dislike",
                            "Whitelist": [],
                            "SpecialResponses": {
                                "BeforeMovie": {
                                    "ResponsePoint": null,
                                    "Script": "",
                                    "Text": "{{i18n:movies.viviennelk.8}}"
                                },
                                "DuringMovie": {
                                    "ResponsePoint": null,
                                    "Script": "",
                                    "Text": ""
                                },
                                "AfterMovie": {
                                    "ResponsePoint": null,
                                    "Script": "",
                                    "Text": "{{i18n:movies.viviennelk.9}}"
                                }
                            },
                            "ID": "reaction_3"
                        },
                        {
                            "Tag": "fall_movie_1", //Howls in the rain
                            "Response": "like",
                            "Whitelist": [],
                            "SpecialResponses": {
                                "BeforeMovie": {
                                    "ResponsePoint": null,
                                    "Script": "",
                                    "Text": "{{i18n:movies.viviennelk.10}}"
                                },
                                "DuringMovie": {
                                    "ResponsePoint": null,
                                    "Script": "/message \"{{i18n:movies.viviennelk.11}}\"",
                                    "Text": ""
                                },
                                "AfterMovie": {
                                    "ResponsePoint": null,
                                    "Script": "",
                                    "Text": "{{i18n:movies.viviennelk.12}}"
                                }
                            },
                            "ID": "reaction_4"
                        },
                        {
                            "Tag": "*",
                            "Response": "like",
                            "Whitelist": [],
                            "SpecialResponses": {
                                "BeforeMovie": {
                                    "ResponsePoint": null,
                                    "Script": "",
                                    "Text": "{{i18n:movies.viviennelk.13}}"
                                },
                                "DuringMovie": null,
                                "AfterMovie": {
                                    "ResponsePoint": null,
                                    "Script": "",
                                    "Text": "{{i18n:movies.viviennelk.14}}"
                                }
                            },
                            "ID": "reaction_0"
                        }
                    ]
                }, "ToriLK": {
                    "NPCName": "ToriLK",
                    "Reactions": [
                        {
                            "Tag": "classic", //Zuzu Express
                            "Response": "love",
                            "Whitelist": [],
                            "SpecialResponses": {
                                "BeforeMovie": {
                                    "ResponsePoint": null,
                                    "Script": "",
                                    "Text": "{{i18n:movies.torilk.1}}"
                                },
                                "DuringMovie": {
                                    "ResponsePoint": null,
                                    "Script": "/message \"{{i18n:movies.torilk.2}}\"",
                                    "Text": "{{i18n:movies.torilk.3}}"
                                },
                                "AfterMovie": {
                                    "ResponsePoint": null,
                                    "Script": "",
                                    "Text": "{{i18n:movies.torilk.4}}"
                                }
                            },
                            "ID": "reaction_1"
                        },
                
                        {
                            "Tag": "horror", 
                            "Response": "dislike",
                            "Whitelist": [],
                            "SpecialResponses": {
                                "BeforeMovie": {
                                    "ResponsePoint": null,
                                    "Script": "",
                                    "Text": "{{i18n:movies.torilk.8}}"
                                },
                                "DuringMovie": {
                                    "ResponsePoint": null,
                                    "Script":  "/message \"{{i18n:movies.torilk.15}}\"",
                                    "Text": ""
                                },
                                "AfterMovie": {
                                    "ResponsePoint": null,
                                    "Script": "",
                                    "Text": "{{i18n:movies.torilk.9}}"
                                }
                            },
                            "ID": "reaction_2"
                        },
                        {
                            "Tag": "spring_movie_1", //Brave Sapling
                            "Response": "like",
                            "Whitelist": [],
                            "SpecialResponses": {
                                "BeforeMovie": {
                                    "ResponsePoint": null,
                                    "Script": "",
                                    "Text": "{{i18n:movies.torilk.10}}"
                                },
                                "DuringMovie": {
                                    "ResponsePoint": null,
                                    "Script": "/message \"{{i18n:movies.torilk.11}}\"",
                                    "Text": ""
                                },
                                "AfterMovie": {
                                    "ResponsePoint": null,
                                    "Script": "",
                                    "Text": "{{i18n:movies.torilk.12}}"
                                }
                            },
                            "ID": "reaction_3"
                        },
                        {
                            "Tag": "*",
                            "Response": "like",
                            "Whitelist": [],
                            "SpecialResponses": {
                                "BeforeMovie": {
                                    "ResponsePoint": null,
                                    "Script": "",
                                    "Text": "{{i18n:movies.torilk.13}}"
                                },
                                "DuringMovie": null,
                                "AfterMovie": {
                                    "ResponsePoint": null,
                                    "Script": "",
                                    "Text": "{{i18n:movies.torilk.14}}"
                                }
                            },
                            "ID": "reaction_0"
                        }
                    ]
                },
                "KatarynaLK": {
                    "NPCName": "KatarynaLK",
                    "Reactions": [
                        {
                            "Tag": "fall_movie_1", //howls in the rain
                            "Response": "love",
                            "Whitelist": [],
                            "SpecialResponses": {
                                "BeforeMovie": {
                                    "ResponsePoint": null,
                                    "Script": "",
                                    "Text": "{{i18n:movies.katarynalk.1}}"
                                },
                                "DuringMovie": {
                                    "ResponsePoint": null,
                                    "Script": "/message \"{{i18n:movies.katarynalk.2}}\"",
                                    "Text": "{{i18n:movies.katarynalk.3}}"
                                },
                                "AfterMovie": {
                                    "ResponsePoint": null,
                                    "Script": "",
                                    "Text": "{{i18n:movies.katarynalk.4}}"
                                }
                            },
                            "ID": "reaction_1"
                        },
                        {
                            "Tag": "spring_movie_0", //Little Sapling
                            "Response": "dislike",
                            "Whitelist": [],
                            "SpecialResponses": {
                                "BeforeMovie": {
                                    "ResponsePoint": null,
                                    "Script": "",
                                    "Text": "{{i18n:movies.katarynalk.5}}"
                                },
                                "DuringMovie": {
                                    "ResponsePoint": null,
                                    "Script": "/message \"{{i18n:movies.katarynalk.6}}\"",
                                    "Text": ""
                                },
                                "AfterMovie": {
                                    "ResponsePoint": null,
                                    "Script": "",
                                    "Text": "{{i18n:movies.katarynalk.7}}"
                                }
                            },
                            "ID": "reaction_2"
                        },
                        {
                            "Tag": "spring_movie_1", //Natural Wonders
                            "Response": "love",
                            "Whitelist": [],
                            "SpecialResponses": {
                                "BeforeMovie": {
                                    "ResponsePoint": null,
                                    "Script": "",
                                    "Text": "{{i18n:movies.katarynalk.8}}"
                                },
                                "DuringMovie": {
                                    "ResponsePoint": null,
                                    "Script": "",
                                    "Text": ""
                                },
                                "AfterMovie": {
                                    "ResponsePoint": null,
                                    "Script": "",
                                    "Text": "{{i18n:movies.katarynalk.9}}"
                                }
                            },
                            "ID": "reaction_3"
                        },
                        {
                            "Tag": "summer_movie_1", //Wumbus
                            "Response": "like",
                            "Whitelist": [],
                            "SpecialResponses": {
                                "BeforeMovie": {
                                    "ResponsePoint": null,
                                    "Script": "",
                                    "Text": "{{i18n:movies.katarynalk.10}}"
                                },
                                "DuringMovie": {
                                    "ResponsePoint": null,
                                    "Script": "/message \"{{i18n:movies.katarynalk.11}}\"",
                                    "Text": ""
                                },
                                "AfterMovie": {
                                    "ResponsePoint": null,
                                    "Script": "",
                                    "Text": "{{i18n:movies.katarynalk.12}}"
                                }
                            },
                            "ID": "reaction_4"
                        },
                        {
                            "Tag": "*",
                            "Response": "like",
                            "Whitelist": [],
                            "SpecialResponses": {
                                "BeforeMovie": {
                                    "ResponsePoint": null,
                                    "Script": "",
                                    "Text": "{{i18n:movies.katarynalk.13}}"
                                },
                                "DuringMovie": null,
                                "AfterMovie": {
                                    "ResponsePoint": null,
                                    "Script": "",
                                    "Text": "{{i18n:movies.katarynalk.14}}"
                                }
                            },
                            "ID": "reaction_0"
                        }
                    ]
                },
                "Jacob": {
                    "NPCName": "Jacob",
                    "Reactions": [
                        {
                            "Tag": "spring_movie_1",
                            "Response": "like",
                            "Whitelist": [],
                            "SpecialResponses": {
                                "BeforeMovie": {
                                    "ResponsePoint": null,
                                    "Script": "",
                                    "Text": "{{i18n:movies.jacob.1}}"
                                },
                                "DuringMovie": {
                                    "ResponsePoint": null,
                                    "Script": "/message \"{{i18n:movies.jacob.2}}\"",
                                    "Text": "{{i18n:movies.jacob.3}}"
                                },
                                "AfterMovie": {
                                    "ResponsePoint": null,
                                    "Script": "",
                                    "Text": "{{i18n:movies.jacob.4}}"
                                }
                            },
                            "ID": "reaction_1"
                        },
                        {
                            "Tag": "horror",
                            "Response": "dislike",
                            "Whitelist": [],
                            "SpecialResponses": {
                                "BeforeMovie": {
                                    "ResponsePoint": null,
                                    "Script": "",
                                    "Text": "{{i18n:movies.jacob.5}}"
                                },
                                "DuringMovie": {
                                    "ResponsePoint": null,
                                    "Script": "/message \"{{i18n:movies.jacob.6}}\"",
                                    "Text": ""
                                },
                                "AfterMovie": {
                                    "ResponsePoint": null,
                                    "Script": "",
                                    "Text": "{{i18n:movies.jacob.7}}"
                                }
                            },
                            "ID": "reaction_2"
                        },
                        {
                            "Tag": "comedy",
                            "Response": "like",
                            "Whitelist": [],
                            "SpecialResponses": {
                                "BeforeMovie": {
                                    "ResponsePoint": null,
                                    "Script": "",
                                    "Text": "{{i18n:movies.jacob.8}}"
                                },
                                "DuringMovie": {
                                    "ResponsePoint": null,
                                    "Script": "",
                                    "Text": ""
                                },
                                "AfterMovie": {
                                    "ResponsePoint": null,
                                    "Script": "",
                                    "Text": "{{i18n:movies.jacob.9}}"
                                }
                            },
                            "ID": "reaction_3"
                        },
                        {
                            "Tag": "winter_movie_1",
                            "Response": "love",
                            "Whitelist": [],
                            "SpecialResponses": {
                                "BeforeMovie": {
                                    "ResponsePoint": null,
                                    "Script": "",
                                    "Text": "{{i18n:movies.jacob.10}}"
                                },
                                "DuringMovie": {
                                    "ResponsePoint": null,
                                    "Script": "/message \"{{i18n:movies.jacob.11}}\"",
                                    "Text": ""
                                },
                                "AfterMovie": {
                                    "ResponsePoint": null,
                                    "Script": "",
                                    "Text": "{{i18n:movies.jacob.12}}"
                                }
                            },
                            "ID": "reaction_4"
                        },
                        {
                            "Tag": "*",
                            "Response": "like",
                            "Whitelist": [],
                            "SpecialResponses": {
                                "BeforeMovie": {
                                    "ResponsePoint": null,
                                    "Script": "",
                                    "Text": "{{i18n:movies.jacob.13}}"
                                },
                                "DuringMovie": null,
                                "AfterMovie": {
                                    "ResponsePoint": null,
                                    "Script": "",
                                    "Text": "{{i18n:movies.jacob.14}}"
                                }
                            },
                            "ID": "reaction_0"
                        }
                    ]
                },
                "Aideen": {
                    "NPCName": "Aideen",
                    "Reactions": [
                        {
                            "Tag": "horror",
                            "Response": "dislike",
                            "Whitelist": [],
                            "SpecialResponses": {
                                "BeforeMovie": {
                                    "ResponsePoint": null,
                                    "Script": "",
                                    "Text": "{{i18n:movies.aideen.0}}"
                                },
                                "DuringMovie": {
                                    "ResponsePoint": null,
                                    "Script": "",
                                    "Text": "{{i18n:movies.aideen.1}}"
                                },
                                "AfterMovie": {
                                    "ResponsePoint": null,
                                    "Script": "",
                                    "Text": "{{i18n:movies.aideen.2}}"
                                }
                            },
                            "ID": "reaction_1"
                        },
                        {
                            "Tag": "summer_movie_1",
                            "Response": "love",
                            "Whitelist": [],
                            "SpecialResponses": {
                                "BeforeMovie": {
                                    "ResponsePoint": null,
                                    "Script": "",
                                    "Text": "{{i18n:movies.aideen.3}}"
                                },
                                "DuringMovie": {
                                    "ResponsePoint": null,
                                    "Script": "/Message \"{{i18n:movies.aideen.4}}\"",
                                    "Text": ""
                                },
                                "AfterMovie": {
                                    "ResponsePoint": null,
                                    "Script": "",
                                    "Text": "{{i18n:movies.aideen.5}}"
                                }
                            },
                            "ID": "reaction_2"
                        },
                        {
                            "Tag": "winter_movie_1",
                            "Response": "love",
                            "Whitelist": [],
                            "SpecialResponses": {
                                "BeforeMovie": {
                                    "ResponsePoint": null,
                                    "Script": "",
                                    "Text": "{{i18n:movies.aideen.6}}"
                                },
                                "DuringMovie": {
                                    "ResponsePoint": null,
                                    "Script": "/Message \"{{i18n:movies.aideen.7}}\"",
                                    "Text": ""
                                },
                                "AfterMovie": {
                                    "ResponsePoint": null,
                                    "Script": "",
                                    "Text": "{{i18n:movies.aideen.8}}"
                                }
                            },
                            "ID": "reaction_3"
                        },
                        {
                            "Tag": "*",
                            "Response": "like",
                            "Whitelist": [],
                            "SpecialResponses": {
                                "BeforeMovie": {
                                    "ResponsePoint": null,
                                    "Script": "",
                                    "Text": "{{i18n:movies.aideen.9}}"
                                },
                                "DuringMovie": null,
                                "AfterMovie": {
                                    "ResponsePoint": null,
                                    "Script": "",
                                    "Text": "{{i18n:movies.aideen.10}}"
                                }
                            },
                            "ID": "reaction_0"
                        }
                    ]
                },
                "Eloise": {
                    "NPCName": "Eloise",
                    "Reactions": [
                        {
                            "Tag": "horror",
                            "Response": "dislike",
                            "Whitelist": [],
                            "SpecialResponses": {
                                "BeforeMovie": {
                                    "ResponsePoint": null,
                                    "Script": "",
                                    "Text": "{{i18n:movies.eloise.1}}"
                                },
                                "DuringMovie": {
                                    "ResponsePoint": null,
                                    "Script": "",
                                    "Text": "{{i18n:movies.eloise.2}}"
                                },
                                "AfterMovie": {
                                    "ResponsePoint": null,
                                    "Script": "",
                                    "Text": "{{i18n:movies.eloise.3}}"
                                }
                            },
                            "ID": "reaction_1"
                        },
                        {
                            "Tag": "comedy",
                            "Response": "love",
                            "Whitelist": [],
                            "SpecialResponses": {
                                "BeforeMovie": {
                                    "ResponsePoint": null,
                                    "Script": "",
                                    "Text": "{{i18n:movies.eloise.4}}"
                                },
                                "DuringMovie": {
                                    "ResponsePoint": null,
                                    "Script": "/Message \"{{i18n:movies.eloise.5}}\"",
                                    "Text": ""
                                },
                                "AfterMovie": {
                                    "ResponsePoint": null,
                                    "Script": "",
                                    "Text": "{{i18n:movies.eloise.6}}"
                                }
                            },
                            "ID": "reaction_2"
                        },
                        {
                            "Tag": "spring_movie_1",
                            "Response": "love",
                            "Whitelist": [],
                            "SpecialResponses": {
                                "BeforeMovie": {
                                    "ResponsePoint": null,
                                    "Script": "",
                                    "Text": "{{i18n:movies.eloise.7}}"
                                },
                                "DuringMovie": {
                                    "ResponsePoint": null,
                                    "Script": "",
                                    "Text": "{{i18n:movies.eloise.8}}"
                                },
                                "AfterMovie": {
                                    "ResponsePoint": null,
                                    "Script": "",
                                    "Text": "{{i18n:movies.eloise.9}}"
                                }
                            },
                            "ID": "reaction_3"
                        },
                        {
                            "Tag": "*",
                            "Response": "like",
                            "Whitelist": [],
                            "SpecialResponses": {
                                "BeforeMovie": {
                                    "ResponsePoint": null,
                                    "Script": "",
                                    "Text": "{{i18n:movies.eloise.10}}"
                                },
                                "DuringMovie": null,
                                "AfterMovie": {
                                    "ResponsePoint": null,
                                    "Script": "",
                                    "Text": "{{i18n:movies.eloise.11}}"
                                }
                            },
                            "ID": "reaction_0"
                        }
                    ]
                },
                "Leximonster": {
                    "NPCName": "Leximonster",
                    "Reactions": [
                        {
                            "Tag": "spring_movie_0",
                            "Response": "love",
                            "Whitelist": [],
                            "SpecialResponses": {
                                "BeforeMovie": {
                                    "ResponsePoint": null,
                                    "Script": "",
                                    "Text": "{{i18n:movies.lexi.1}}"
                                },
                                "DuringMovie": {
                                    "ResponsePoint": "sprout_leave",
                                    "Script": "",
                                    "Text": "{{i18n:movies.lexi.2}}"
                                },
                                "AfterMovie": {
                                    "ResponsePoint": null,
                                    "Script": "",
                                    "Text": "{{i18n:movies.lexi.3}}"
                                }
                            },
                            "ID": "reaction_1"
                        },
                        {
                            "Tag": "spring_movie_1",
                            "Response": "love",
                            "Whitelist": [],
                            "SpecialResponses": {
                                "BeforeMovie": {
                                    "ResponsePoint": null,
                                    "Script": "",
                                    "Text": "{{i18n:movies.lexi.4}}"
                                },
                                "DuringMovie": {
                                    "ResponsePoint": null,
                                    "Script": "",
                                    "Text": "{{i18n:movies.lexi.5}}"
                                },
                                "AfterMovie": {
                                    "ResponsePoint": null,
                                    "Script": "",
                                    "Text": "{{i18n:movies.lexi.6}}"
                                }
                            },
                            "ID": "reaction_2"
                        },
                        {
                            "Tag": "*",
                            "Response": "dislike",
                            "Whitelist": [],
                            "SpecialResponses": {
                                "BeforeMovie": {
                                    "ResponsePoint": null,
                                    "Script": "",
                                    "Text": "{{i18n:movies.lexi.7}}"
                                },
                                "DuringMovie": {
                                    "ResponsePoint": null,
                                    "Script": "",
                                    "Text": "{{i18n:movies.lexi.8}}"
                                },
                                "AfterMovie": {
                                    "ResponsePoint": null,
                                    "Script": "",
                                    "Text": "{{i18n:movies.lexi.9}}"
                                }
                            },
                            "ID": "reaction_0"
                        }
                    ]
                },
                "JosephineK": {
                    "NPCName": "JosephineK",
                    "Reactions": [
                        {
                            "Tag": "horror",
                            "Response": "dislike",
                            "Whitelist": [],
                            "SpecialResponses": {
                                "BeforeMovie": {
                                    "ResponsePoint": null,
                                    "Script": "",
                                    "Text": "{{i18n:movies.josephine.1}}"
                                },
                                "DuringMovie": {
                                    "ResponsePoint": null,
                                    "Script": "/message \"{{i18n:movies.josephine.2}}",
                                    "Text": ""
                                },
                                "AfterMovie": {
                                    "ResponsePoint": null,
                                    "Script": "",
                                    "Text": "{{i18n:movies.josephine.3}}"
                                }
                            },
                            "ID": "reaction_1"
                        },
                        {
                            "Tag": "comedy",
                            "Response": "dislike",
                            "Whitelist": [],
                            "SpecialResponses": {
                                "BeforeMovie": {
                                    "ResponsePoint": null,
                                    "Script": "",
                                    "Text": "{{i18n:movies.josephine.4}}"
                                },
                                "DuringMovie": {
                                    "ResponsePoint": null,
                                    "Script": "",
                                    "Text": ""
                                },
                                "AfterMovie": {
                                    "ResponsePoint": null,
                                    "Script": "",
                                    "Text": "{{i18n:movies.josephine.5}}"
                                }
                            },
                            "ID": "reaction_2"
                        },
                        {
                            "Tag": "winter_movie_1",
                            "Response": "love",
                            "Whitelist": [],
                            "SpecialResponses": {
                                "BeforeMovie": {
                                    "ResponsePoint": null,
                                    "Script": "",
                                    "Text": "{{i18n:movies.josephine.6}}"
                                },
                                "DuringMovie": {
                                    "ResponsePoint": null,
                                    "Script": "/message \"{{i18n:movies.josephine.7}}\"",
                                    "Text": ""
                                },
                                "AfterMovie": {
                                    "ResponsePoint": null,
                                    "Script": "",
                                    "Text": "{{i18n:movies.josephine.8}}"
                                }
                            },
                            "ID": "reaction_3"
                        },
                        {
                            "Tag": "*",
                            "Response": "like",
                            "Whitelist": [],
                            "SpecialResponses": {
                                "BeforeMovie": {
                                    "ResponsePoint": null,
                                    "Script": "",
                                    "Text": "{{i18n:movies.josephine.9}}"
                                },
                                "DuringMovie": null,
                                "AfterMovie": {
                                    "ResponsePoint": null,
                                    "Script": "",
                                    "Text": "{{i18n:movies.josephine.10}}"
                                }
                            },
                            "ID": "reaction_0"
                        }
                    ]
                },
                "OliverK": {
                    "NPCName": "OliverK",
                    "Reactions": [
                        {
                            "Tag": "horror",
                            "Response": "like",
                            "Whitelist": [],
                            "SpecialResponses": {
                                "BeforeMovie": {
                                    "ResponsePoint": null,
                                    "Script": "",
                                    "Text": "{{i18n:movies.oliver.1}}"
                                },
                                "DuringMovie": {
                                    "ResponsePoint": null,
                                    "Script": "/message \"{{i18n:movies.oliver.2}}\"",
                                    "Text": ""
                                },
                                "AfterMovie": {
                                    "ResponsePoint": null,
                                    "Script": "",
                                    "Text": "{{i18n:movies.oliver.3}}"
                                }
                            },
                            "ID": "reaction_1"
                        },
                        {
                            "Tag": "summer_movie_1",
                            "Response": "love",
                            "Whitelist": [],
                            "SpecialResponses": {
                                "BeforeMovie": {
                                    "ResponsePoint": null,
                                    "Script": "",
                                    "Text": "{{i18n:movies.oliver.4}}"
                                },
                                "DuringMovie": {
                                    "ResponsePoint": null,
                                    "Script": "",
                                    "Text": ""
                                },
                                "AfterMovie": {
                                    "ResponsePoint": null,
                                    "Script": "",
                                    "Text": "{{i18n:movies.oliver.5}}"
                                }
                            },
                            "ID": "reaction_2"
                        },
                        {
                            "Tag": "classic",
                            "Response": "dislike",
                            "Whitelist": [],
                            "SpecialResponses": {
                                "BeforeMovie": {
                                    "ResponsePoint": null,
                                    "Script": "",
                                    "Text": "{{i18n:movies.oliver.6}}"
                                },
                                "DuringMovie": {
                                    "ResponsePoint": null,
                                    "Script": "/message \"{{i18n:movies.oliver.7}}\"",
                                    "Text": ""
                                },
                                "AfterMovie": {
                                    "ResponsePoint": null,
                                    "Script": "",
                                    "Text": "{{i18n:movies.oliver.8}}"
                                }
                            },
                            "ID": "reaction_3"
                        },
                        {
                            "Tag": "*",
                            "Response": "like",
                            "Whitelist": [],
                            "SpecialResponses": {
                                "BeforeMovie": {
                                    "ResponsePoint": null,
                                    "Script": "",
                                    "Text": "{{i18n:movies.oliver.9}}"
                                },
                                "DuringMovie": null,
                                "AfterMovie": {
                                    "ResponsePoint": null,
                                    "Script": "",
                                    "Text": "{{i18n:movies.oliver.10}}"
                                }
                            },
                            "ID": "reaction_0"
                        }
                    ]
                },
                "Rosa": {
                    "NPCName": "Rosa",
                    "Reactions": [
                        {
                            "Tag": "romance",
                            "Response": "like",
                            "Whitelist": [],
                            "SpecialResponses": {
                                "BeforeMovie": {
                                    "ResponsePoint": null,
                                    "Script": "",
                                    "Text": "{{i18n:movies.rosa.1}}"
                                },
                                "DuringMovie": {
                                    "ResponsePoint": null,
                                    "Script": "/message \"{{i18n:movies.rosa.2}}\"",
                                    "Text": ""
                                },
                                "AfterMovie": {
                                    "ResponsePoint": null,
                                    "Script": "",
                                    "Text": "{{i18n:movies.rosa.3}}"
                                }
                            },
                            "ID": "reaction_1"
                        },
                        {
                            "Tag": "summer_movie_0",
                            "Response": "love",
                            "Whitelist": [],
                            "SpecialResponses": {
                                "BeforeMovie": {
                                    "ResponsePoint": null,
                                    "Script": "",
                                    "Text": "{{i18n:movies.rosa.4}}"
                                },
                                "DuringMovie": {
                                    "ResponsePoint": null,
                                    "Script": "",
                                    "Text": ""
                                },
                                "AfterMovie": {
                                    "ResponsePoint": null,
                                    "Script": "",
                                    "Text": "{{i18n:movies.rosa.5}}"
                                }
                            },
                            "ID": "reaction_2"
                        },
                        {
                            "Tag": "horror",
                            "Response": "dislike",
                            "Whitelist": [],
                            "SpecialResponses": {
                                "BeforeMovie": {
                                    "ResponsePoint": null,
                                    "Script": "",
                                    "Text": "{{i18n:movies.rosa.6}}"
                                },
                                "DuringMovie": {
                                    "ResponsePoint": null,
                                    "Script": "/message \"{{i18n:movies.rosa.7}}\"",
                                    "Text": ""
                                },
                                "AfterMovie": {
                                    "ResponsePoint": null,
                                    "Script": "",
                                    "Text": "{{i18n:movies.rosa.8}}"
                                }
                            },
                            "ID": "reaction_3"
                        },
                        {
                            "Tag": "*",
                            "Response": "like",
                            "Whitelist": [],
                            "SpecialResponses": {
                                "BeforeMovie": {
                                    "ResponsePoint": null,
                                    "Script": "",
                                    "Text": "{{i18n:movies.rosa.9}}"
                                },
                                "DuringMovie": null,
                                "AfterMovie": {
                                    "ResponsePoint": null,
                                    "Script": "",
                                    "Text": "{{i18n:movies.rosa.10}}"
                                }
                            },
                            "ID": "reaction_0"
                        }
                    ]
                }
            }
        }
    ]
}