{
    "Changes": [
        {
            "Action": "EditData",
            "Target": "Data/SpecialOrders",
            "Entries": {
                "EastScarp.SpecialOrders.JosephineJelly": { //simply a reward
                    "Name": "{{i18n:EastScarp.SpecialOrders.JosephineJelly_Name}}",
                    "Requester": null,
                    "Duration": "Month",
                    "Repeatable": "false",
                    "RequiredTags": "event_57873000, !mail_Josephine_Leaves, !season_winter",
                    "OrderType": "",
                    "SpecialRule": "",
                    "Text": "{{i18n:EastScarp.SpecialOrders.JosephineJelly_Text}}",
                    "ItemToRemoveOnEnd": null,
                    "MailToRemoveOnEnd": null,
                    "RandomizedElements": null,
                    "Objectives": [
                        {
                            "Type": "Collect",
                            "Text": "{{i18n:EastScarp.SpecialOrders.JosephineJelly_Objective_0_Text}}",
                            "RequiredCount": "12",
                            "Data": {
                                "AcceptedContextTags": "category_fruits"
                            }
                        },
                        {
                            "Type": "Collect",
                            "Text": "{{i18n:EastScarp.SpecialOrders.JosephineJelly_Objective_1_Text}}",
                            "RequiredCount": "12",
                            "Data": {
                                "AcceptedContextTags": "jelly_item"
                            }
                        },
                        {
                            "Type": "Donate",
                            "Text": "{{i18n:EastScarp.SpecialOrders.JosephineJelly_Objective_2_Text}}",
                            "RequiredCount": "12",
                            "Data": {
                                "DropBox": "ESInnFridge",
                                "DropBoxGameLocation": "EastScarp_VillageInn",
                                "DropBoxIndicatorLocation": "45 8",
                                "AcceptedContextTags": "jelly_item"
                            }
                        }
                    ],
                    "Rewards": [
                        {
                            "Type": "Money",
                            "Data": {
                                "Amount": "6000"
                            }
                        },
                        {
                            "Type": "Mail",
                            "Data": {
                                "MailReceived": "EastScarp.SpecialOrders.JosephineJellyMail",
                                "NoLetter": "false"
                            }
                        }
                    ]
                },
                "EastScarp.SpecialOrders.SlayCrabs": { //unlocks penguin custom critter
                    "Name": "{{i18n:EastScarp.SpecialOrders.SlayCrabs_Name}}",
                    "Requester": null,
                    "Duration": "TwoWeeks",
                    "Repeatable": "true",
                    "RequiredTags": "",
                    "OrderType": "",
                    "SpecialRule": "",
                    "Text": "{{i18n:EastScarp.SpecialOrders.SlayCrabs_Text}}",
                    "ItemToRemoveOnEnd": null,
                    "MailToRemoveOnEnd": null,
                    "RandomizedElements": null,
                    "Objectives": [
                        {
                            "Type": "Slay",
                            "Text": "{{i18n:EastScarp.SpecialOrders.SlayCrabs_Objective_0_Text}}",
                            "RequiredCount": "50",
                            "Data": {
                                "TargetName": "Rock Crab, Lava Crab"
                            }
                        }
                    ],
                    "Rewards": [
                        {
                            "Type": "Money",
                            "Data": {
                                "Amount": "5000"
                            }
                        },
                        {
                            "Type": "Mail",
                            "Data": {
                                "MailReceived": "EastScarp.SpecialOrders.SlayCrabsMail",
                                "NoLetter": "false"
                            }
                        }
                    ]
                },
                "EastScarp.SpecialOrders.LadySheba": { // Part one of unlocking the Lady Sheba NPC/Custom critter
                    "Name": "{{i18n:EastScarp.SpecialOrders.LadySheba_Name}}",
                    "Requester": "Jas",
                    "Duration": "Week",
                    "Repeatable": "false",
                    "RequiredTags": "",
                    "OrderType": "",
                    "SpecialRule": "",
                    "Text": "{{i18n:EastScarp.SpecialOrders.LadySheba_Text}}",
                    "ItemToRemoveOnEnd": null,
                    "MailToRemoveOnEnd": null,
                    "RandomizedElements": [
                        {
                            "Name": "FishType",
                            "Values": [
                                {
                                    "RequiredTags": "season_spring",
                                    "Value": "PICK_ITEM Sunfish, Sardine, Flounder, Largemouth Bass, Halibut"
                                },
                                {
                                    "RequiredTags": "season_summer",
                                    "Value": "PICK_ITEM Rainbow Trout, Dorado, Tilapia, Tuna, Red Mullet"
                                },
                                {
                                    "RequiredTags": "season_fall",
                                    "Value": "PICK_ITEM Tiger Trout, Albacore, Salmon"
                                },
                                {
                                    "RequiredTags": "season_winter",
                                    "Value": "PICK_ITEM Squid, Perch, Lingcod"
                                }
                            ]
                        }
                    ],
                    "Objectives": [
                        {
                            "Type": "Fish",
                            "Text": "{{i18n:EastScarp.SpecialOrders.LadySheba_Objective_0_Text}}{FishType:Text}",
                            "RequiredCount": "5",
                            "Data": {
                                "AcceptedContextTags": "{FishType:Tags}"
                            }
                        },
                        {
                            "Type": "Donate",
                            "Text": "{{i18n:EastScarp.SpecialOrders.LadySheba_Objective_1_Text}}{FishType:Text}{{i18n:EastScarp.SpecialOrders.LadySheba_Objective_2_Text}}",
                            "RequiredCount": "5",
                            "Data": {
                                "DropBox": "ESCrate",
                                "DropBoxGameLocation": "EastScarp_Village",
                                "DropBoxIndicatorLocation": "13 90",
                                "MinimumCapacity": "9",
                                "AcceptedContextTags": "{FishType:Tags}"
                            }
                        }
                    ],
                    "Rewards": [
                        {
                            "Type": "Money",
                            "Data": {
                                "Amount": "500"
                            }
                        },
                        {
                            "Type": "Mail",
                            "Data": {
                                "MailReceived": "EastScarp.SpecialOrders.LadyShebaMail",
                                "NoLetter": "false"
                            }
                        }
                    ]
                },
                "EastScarp.SpecialOrders.LadySheba2": { // Part two of unlocking the Lady Sheba NPC/Custom critter
                    "Name": "{{i18n:EastScarp.SpecialOrders.LadySheba2_Name}}",
                    "Requester": "Jas",
                    "Duration": "TwoWeeks",
                    "Repeatable": "false",
                    "RequiredTags": "mail_EastScarp.SpecialOrders.LadyShebaMail",
                    "OrderType": "",
                    "SpecialRule": "",
                    "Text": "{{i18n:EastScarp.SpecialOrders.LadySheba2_Text}}",
                    "ItemToRemoveOnEnd": null,
                    "MailToRemoveOnEnd": null,
                    "RandomizedElements": null,
                    "Objectives": [
                        {
                            "Type": "Collect",
                            "Text": "{{i18n:EastScarp.SpecialOrders.LadySheba2_Objective_0_Text}}",
                            "RequiredCount": "50",
                            "Data": {
                                "AcceptedContextTags": "item_bug_meat"
                            }
                        },
                        {
                            "Type": "Collect",
                            "Text": "{{i18n:EastScarp.SpecialOrders.LadySheba2_Objective_1_Text}}",
                            "RequiredCount": "5",
                            "Data": {
                                "AcceptedContextTags": "item_bug_steak"
                            }
                        },
                        {
                            "Type": "Donate",
                            "Text": "{{i18n:EastScarp.SpecialOrders.LadySheba2_Objective_2_Text}}",
                            "RequiredCount": "5",
                            "Data": {
                                "DropBox": "ESCrate",
                                "DropBoxGameLocation": "EastScarp_Village",
                                "DropBoxIndicatorLocation": "13 90",
                                "MinimumCapacity": "9",
                                "AcceptedContextTags": "item_bug_steak"
                            }
                        }
                    ],
                    "Rewards": [
                        {
                            "Type": "Money",
                            "Data": {
                                "Amount": "500"
                            }
                        },
                        {
                            "Type": "Mail",
                            "Data": {
                                "MailReceived": "EastScarp.SpecialOrders.LadySheba2Mail",
                                "NoLetter": "false"
                            }
                        }
                    ]
                },
                "EastScarp.SpecialOrders.LadySheba3": { // Part three of unlocking the Lady Sheba NPC/Custom critter
                    "Name": "{{i18n:EastScarp.SpecialOrders.LadySheba2_Name}}",
                    "Requester": "Jas",
                    "Duration": "TwoWeeks",
                    "Repeatable": "false",
                    "RequiredTags": "mail_EastScarp.SpecialOrders.LadySheba2Mail",
                    "OrderType": "",
                    "SpecialRule": "",
                    "Text": "{{i18n:EastScarp.SpecialOrders.LadySheba3_Text}}",
                    "ItemToRemoveOnEnd": null,
                    "MailToRemoveOnEnd": null,
                    "RandomizedElements": null,
                    "Objectives": [
                        {
                            "Type": "Collect",
                            "Text": "{{i18n:EastScarp.SpecialOrders.LadySheba3_Objective_0_Text}}",
                            "RequiredCount": "3",
                            "Data": {
                                "AcceptedContextTags": "milk_item"
                            }
                        },
                        {
                            "Type": "Collect",
                            "Text": "{{i18n:EastScarp.SpecialOrders.LadySheba3_Objective_1_Text}}",
                            "RequiredCount": "3",
                            "Data": {
                                "AcceptedContextTags": "item_goat_cheese/item_cheese"
                            }
                        },
                        {
                            "Type": "Donate",
                            "Text": "{{i18n:EastScarp.SpecialOrders.LadySheba3_Objective_2_Text}}",
                            "RequiredCount": "3",
                            "Data": {
                                "DropBox": "ESCrate",
                                "DropBoxGameLocation": "EastScarp_Village",
                                "DropBoxIndicatorLocation": "13 90",
                                "MinimumCapacity": "9",
                                "AcceptedContextTags": "item_goat_cheese/item_cheese"
                            }
                        }
                    ],
                    "Rewards": [
                        {
                            "Type": "Money",
                            "Data": {
                                "Amount": "600"
                            }
                        },
                        {
                            "Type": "Mail",
                            "Data": {
                                "MailReceived": "EastScarp.SpecialOrders.LadySheba3Mail",
                                "NoLetter": "false"
                            }
                        }
                    ]
                },
                "EastScarp.SpecialOrders.AideenFlowers": { //unlock bird of paradise plant
                    "Name": "{{i18n:EastScarp.SpecialOrders.AideenFlowers_Name}}",
                    "Requester": "Aideen",
                    "Duration": "TwoWeeks",
                    "Repeatable": "true",
                    "RequiredTags": "season_spring",
                    "OrderType": "",
                    "SpecialRule": "",
                    "Text": "{{i18n:EastScarp.SpecialOrders.AideenFlowers_Text}}",
                    "ItemToRemoveOnEnd": null,
                    "MailToRemoveOnEnd": null,
                    "RandomizedElements": null,
                    "Objectives": [
                        {
                            "Type": "Collect",
                            "Text": "{{i18n:EastScarp.SpecialOrders.AideenFlowers_Objective_0_Text}}",
                            "RequiredCount": "15",
                            "Data": {
                                "AcceptedContextTags": "item_daffodil"
                            }
                        },
                        {
                            "Type": "Donate",
                            "Text": "{{i18n:EastScarp.SpecialOrders.AideenFlowers_Objective_1_Text}}",
                            "RequiredCount": "15",
                            "Data": {
                                "DropBox": "AideenVase",
                                "DropBoxGameLocation": "EastScarp_House1",
                                "DropBoxIndicatorLocation": "23 18",
                                "MinimumCapacity": "9",
                                "AcceptedContextTags": "item_daffodil"
                            }
                        }
                    ],
                    "Rewards": [
                        {
                            "Type": "Money",
                            "Data": {
                                "Amount": "2000"
                            }
                        },
                        {
                            "Type": "Mail",
                            "Data": {
                                "MailReceived": "EastScarp.SpecialOrders.AideenFlowersMail",
                                "NoLetter": "false"
                            }
                        }
                    ]
                },
                "EastScarp.SpecialOrders.AideenFlowers2": { //gives the gift of seeds
                    "Name": "{{i18n:EastScarp.SpecialOrders.AideenFlowers2_Name}}",
                    "Requester": "Aideen",
                    "Duration": "TwoWeeks",
                    "Repeatable": "true",
                    "RequiredTags": "season_summer",
                    "OrderType": "",
                    "SpecialRule": "",
                    "Text": "{{i18n:EastScarp.SpecialOrders.AideenFlowers2_Text}}",
                    "ItemToRemoveOnEnd": null,
                    "MailToRemoveOnEnd": null,
                    "RandomizedElements": null,
                    "Objectives": [
                        {
                            "Type": "Collect",
                            "Text": "{{i18n:EastScarp.SpecialOrders.AideenFlowers2_Objective_0_Text}}",
                            "RequiredCount": "15",
                            "Data": {
                                "AcceptedContextTags": "item_sweet_pea"
                            }
                        },
                        {
                            "Type": "Donate",
                            "Text": "{{i18n:EastScarp.SpecialOrders.AideenFlowers2_Objective_1_Text}}",
                            "RequiredCount": "15",
                            "Data": {
                                "DropBox": "AideenVase",
                                "DropBoxGameLocation": "EastScarp_House1",
                                "DropBoxIndicatorLocation": "23 18",
                                "MinimumCapacity": "9",
                                "AcceptedContextTags": "item_sweet_pea"
                            }
                        }
                    ],
                    "Rewards": [
                        {
                            "Type": "Money",
                            "Data": {
                                "Amount": "2000"
                            }
                        },
                        {
                            "Type": "Mail",
                            "Data": {
                                "MailReceived": "EastScarp.SpecialOrders.AideenFlowers2Mail",
                                "NoLetter": "false"
                            }
                        }
                    ]
                },
                "EastScarp.SpecialOrders.JojaCola": {
                    "Name": "{{i18n:EastScarp.SpecialOrders.JojaCola_Name}}",
                    "Requester": "Juliet",
                    "Duration": "Week",
                    "Repeatable": "true",
                    "RequiredTags": "",
                    "OrderType": "",
                    "SpecialRule": "",
                    "Text": "{{i18n:EastScarp.SpecialOrders.JojaCola_Text}}",
                    "ItemToRemoveOnEnd": null,
                    "MailToRemoveOnEnd": null,
                    "RandomizedElements": null,
                    "Objectives": [
                        {
                            "Type": "Gift",
                            "Text": "{{i18n:EastScarp.SpecialOrders.JojaCola_Objective_0_Text}}",
                            "RequiredCount": "50",
                            "Data": {
                                "AcceptedContextTags": "item_joja_cola"
                            }
                        }
                    ],
                    "Rewards": [
                        {
                            "Type": "Money",
                            "Data": {
                                "Amount": "5000"
                            }
                        },
                        {
                            "Type": "Mail",
                            "Data": {
                                "MailReceived": "EastScarp.SpecialOrders.JojaCola",
                                "NoLetter": "false"
                            }
                        }
                    ]
                },
                "EastScarp.SpecialOrders.AideenFlowers3": { //gives the fit of seeds
                    "Name": "{{i18n:EastScarp.SpecialOrders.AideenFlowers3_Name}}",
                    "Requester": "Aideen",
                    "Duration": "TwoWeeks",
                    "Repeatable": "true",
                    "RequiredTags": "season_winter",
                    "OrderType": "",
                    "SpecialRule": "",
                    "Text": "{{i18n:EastScarp.SpecialOrders.AideenFlowers3_Text}}",
                    "ItemToRemoveOnEnd": null,
                    "MailToRemoveOnEnd": null,
                    "RandomizedElements": null,
                    "Objectives": [
                        {
                            "Type": "Collect",
                            "Text": "{{i18n:EastScarp.SpecialOrders.AideenFlowers3_Objective_0_Text}}",
                            "RequiredCount": "15",
                            "Data": {
                                "AcceptedContextTags": "item_crocus"
                            }
                        },
                        {
                            "Type": "Donate",
                            "Text": "{{i18n:EastScarp.SpecialOrders.AideenFlowers3_Objective_1_Text}}",
                            "RequiredCount": "15",
                            "Data": {
                                "DropBox": "AideenVase",
                                "DropBoxGameLocation": "EastScarp_House1",
                                "DropBoxIndicatorLocation": "23 18",
                                "MinimumCapacity": "9",
                                "AcceptedContextTags": "item_crocus"
                            }
                        }
                    ],
                    "Rewards": [
                        {
                            "Type": "Money",
                            "Data": {
                                "Amount": "2000"
                            }
                        },
                        {
                            "Type": "Mail",
                            "Data": {
                                "MailReceived": "EastScarp.SpecialOrders.AideenFlowers3Mail",
                                "NoLetter": "false"
                            }
                        }
                    ]
                },
                //New Special Orders
                "EastScarp.SpecialOrders.JacobCorn": {
                    "Name": "{{i18n:EastScarp.SpecialOrders.JacobCorn_Name}}",
                    "Requester": null,
                    "Duration": "TwoWeeks",
                    "Repeatable": "true",
                    "RequiredTags": "!season_spring, !season_winter",
                    "OrderType": "",
                    "SpecialRule": "",
                    "Text": "{{i18n:EastScarp.SpecialOrders.JacobCorn_Text}}",
                    "ItemToRemoveOnEnd": null,
                    "MailToRemoveOnEnd": null,
                    "RandomizedElements": null,
                    "Objectives": [
                        {
                            "Type": "Donate",
                            "Text": "{{i18n:EastScarp.SpecialOrders.JacobCorn_Objective_0_Text}}",
                            "RequiredCount": "30",
                            "Data": {
                                "DropBox": "JacobDonationBin",
                                "DropBoxGameLocation": "EastScarp_Village",
                                "DropBoxIndicatorLocation": "20 23",
                                "AcceptedContextTags": "item_corn"
                            }
                        }
                    ],
                    "Rewards": [
                        {
                            "Type": "Money",
                            "Data": {
                                "Amount": "1000"
                            }
                        },
                        {
                            "Type": "Mail",
                            "Data": {
                                "MailReceived": "EastScarp.SpecialOrders.JacobCornMail",
                                "NoLetter": "false"
                            }
                        }
                    ]
                },
                "EastScarp.SpecialOrders.JacobHay": {
                    "Name": "{{i18n:EastScarp.SpecialOrders.JacobHay_Name}}",
                    "Requester": null,
                    "Duration": "TwoWeeks",
                    "Repeatable": "true",
                    "RequiredTags": "season_fall, !dropbox_JacobDonationBin",
                    "OrderType": "",
                    "SpecialRule": "",
                    "Text": "{{i18n:EastScarp.SpecialOrders.JacobHay_Text}}",
                    "ItemToRemoveOnEnd": null,
                    "MailToRemoveOnEnd": null,
                    "RandomizedElements": null,
                    "Objectives": [
                        {
                            "Type": "Donate",
                            "Text": "{{i18n:EastScarp.SpecialOrders.JacobHay_Objective_0_Text}}",
                            "RequiredCount": "30",
                            "Data": {
                                "DropBox": "JacobDonationBin",
                                "DropBoxGameLocation": "EastScarp_Village",
                                "DropBoxIndicatorLocation": "20 23",
                                "AcceptedContextTags": "item_hay"
                            }
                        }
                    ],
                    "Rewards": [
                        {
                            "Type": "Money",
                            "Data": {
                                "Amount": "1000"
                            }
                        },
                        {
                            "Type": "Mail",
                            "Data": {
                                "MailReceived": "EastScarp.SpecialOrders.JacobHayMail",
                                "NoLetter": "false"
                            }
                        }
                    ]
                },
                "EastScarp.SpecialOrders.OliverSlime": {
                    "Name": "{{i18n:EastScarp.SpecialOrders.OliverSlime_Name}}",
                    "Requester": null,
                    "Duration": "TwoWeeks",
                    "Repeatable": "false",
                    "RequiredTags": "event_57873021",
                    "OrderType": "",
                    "SpecialRule": "",
                    "Text": "{{i18n:EastScarp.SpecialOrders.OliverSlime_Text}}",
                    "ItemToRemoveOnEnd": null,
                    "MailToRemoveOnEnd": null,
                    "RandomizedElements": null,
                    "Objectives": [
                        {
                            "Type": "Deliver",
                            "Text": "{{i18n:EastScarp.SpecialOrders.OliverSlime_Objective_0_Text}}",
                            "RequiredCount": "5",
                            "Data": {
                                "AcceptedContextTags": "item_petrified_slime",
                                "TargetName": "OliverK"
                            }
                        },
                    ],
                    "Rewards": [
                        {
                            "Type": "Money",
                            "Data": {
                                "Amount": "750"
                            }
                        },
                        {
                            "Type": "Mail",
                            "Data": {
                                "MailReceived": "EastScarp.SpecialOrders.OliverSlimeMail",
                                "NoLetter": "true"
                            }
                        }
                    ]
                },
                "EastScarp.SpecialOrders.OliverLexiSurprise": {
                    "Name": "{{i18n:EastScarp.SpecialOrders.OliverLexiSurprise_Name}}",
                    "Requester": null,
                    "Duration": "TwoWeeks",
                    "Repeatable": "false",
                    "RequiredTags": "event_57873021",
                    "OrderType": "",
                    "SpecialRule": "",
                    "Text": "{{i18n:EastScarp.SpecialOrders.OliverLexiSurprise_Text}}",
                    "ItemToRemoveOnEnd": null,
                    "MailToRemoveOnEnd": null,
                    "RandomizedElements": null,
                    "Objectives": [
                        {
                            "Type": "Donate",
                            "Text": "{{i18n:EastScarp.SpecialOrders.OliverLexiSurprise_Objective_0_Text}}",
                            "RequiredCount": "1",
                            "Data": {
                                "DropBox": "ESInnFridge",
                                "DropBoxGameLocation": "EastScarp_VillageInn",
                                "DropBoxIndicatorLocation": "45 8",
                                "AcceptedContextTags": "egg_item"
                            }
                        },
                        {
                            "Type": "Donate",
                            "Text": "{{i18n:EastScarp.SpecialOrders.OliverLexiSurprise_Objective_1_Text}}",
                            "RequiredCount": "1",
                            "Data": {
                                "DropBox": "ESInnFridge",
                                "DropBoxGameLocation": "EastScarp_VillageInn",
                                "DropBoxIndicatorLocation": "45 8",
                                "AcceptedContextTags": "item_wheat_flour"
                            }
                        },
                        {
                            "Type": "Donate",
                            "Text": "{{i18n:EastScarp.SpecialOrders.OliverLexiSurprise_Objective_2_Text}}",
                            "RequiredCount": "1",
                            "Data": {
                                "DropBox": "ESInnFridge",
                                "DropBoxGameLocation": "EastScarp_VillageInn",
                                "DropBoxIndicatorLocation": "45 8",
                                "AcceptedContextTags": "item_sugar"
                            }
                        },
                        {
                            "Type": "Donate",
                            "Text": "{{i18n:EastScarp.SpecialOrders.OliverLexiSurprise_Objective_3_Text}}",
                            "RequiredCount": "1",
                            "Data": {
                                "DropBox": "ESInnFridge",
                                "DropBoxGameLocation": "EastScarp_VillageInn",
                                "DropBoxIndicatorLocation": "45 8",
                                "AcceptedContextTags": "item_melon"
                            }
                        }
                    ],
                    "Rewards": [
                        {
                            "Type": "Money",
                            "Data": {
                                "Amount": "500"
                            }
                        },
                        {
                            "Type": "Mail",
                            "Data": {
                                "MailReceived": "EastScarp.SpecialOrders.OliverLexiSurprise",
                                "NoLetter": "true"
                            }
                        }
                    ],
                },
                "EastScarp.SpecialOrders.EloiseJasJay": {
                    "Name": "{{i18n:EastScarp.SpecialOrders.EloiseJasJay_Name}}",
                    "Requester": null,
                    "Duration": "TwoWeeks",
                    "Repeatable": "true",
                    "RequiredTags": "event_50706112, !season_spring, !season_winterr",
                    "OrderType": "",
                    "SpecialRule": "",
                    "Text": "{{i18n:EastScarp.SpecialOrders.EloiseJasJay_Text}}",
                    "ItemToRemoveOnEnd": null,
                    "MailToRemoveOnEnd": null,
                    "RandomizedElements": null,
                    "Objectives": [
                        {
                            "Type": "Collect",
                            "Text": "{{i18n:EastScarp.SpecialOrders.EloiseJasJay_Objective_0_Text}}",
                            "RequiredCount": "20",
                            "Data": {
                                "AcceptedContextTags": "item_sunflower_seeds"
                            }
                        },
                        {
                            "Type": "Deliver",
                            "Text": "{{i18n:EastScarp.SpecialOrders.EloiseJasJay_Objective_1_Text}}",
                            "RequiredCount": "20",
                            "Data": {
                                "AcceptedContextTags": "item_sunflower_seeds",
                                "TargetName": "Eloise"
                            }
                        },
                    ],
                    "Rewards": [
                        {
                            "Type": "Money",
                            "Data": {
                                "Amount": "100"
                            }
                        },
                        {
                            "Type": "Mail",
                            "Data": {
                                "MailReceived": "EastScarp.SpecialOrders.EloiseJasJayMail",
                                "NoLetter": "false"
                            }
                        }
                    ]
                },
                "EastScarp.SpecialOrders.EloiseRealMacaw": {
                    "Name": "{{i18n:EastScarp.SpecialOrders.EloiseRealMacaw_Name}}",
                    "Requester": null,
                    "Duration": "TwoWeeks",
                    "Repeatable": "true",
                    "RequiredTags": "season_fall",
                    "OrderType": "",
                    "SpecialRule": "",
                    "Text": "{{i18n:EastScarp.SpecialOrders.EloiseRealMacaw_Text}}",
                    "ItemToRemoveOnEnd": null,
                    "MailToRemoveOnEnd": null,
                    "RandomizedElements": null,
                    "Objectives": [
                        {
                            "Type": "Collect",
                            "Text": "{{i18n:EastScarp.SpecialOrders.EloiseRealMacaw_Objective_0_Text}}",
                            "RequiredCount": "12",
                            "Data": {
                                "AcceptedContextTags": "item_hazelnut"
                            }
                        },
                        {
                            "Type": "Donate",
                            "Text": "{{i18n:EastScarp.SpecialOrders.EloiseRealMacaw_Objective_1_Text}}",
                            "RequiredCount": "12",
                            "Data": {
                                "DropBox": "JacobDonationBin",
                                "DropBoxGameLocation": "EastScarp_Village",
                                "DropBoxIndicatorLocation": "20 23",
                                "AcceptedContextTags": "item_hazelnut"
                            }
                        }
                    ],
                    "Rewards": [
                        {
                            "Type": "Money",
                            "Data": {
                                "Amount": "500"
                            }
                        },
                        {
                            "Type": "Mail",
                            "Data": {
                                "MailReceived": "EastScarp.SpecialOrders.EloiseRealMacawMail",
                                "NoLetter": "false"
                            }
                        }
                    ]
                },
                "EastScarp.SpecialOrders.ZUCUBoneCollectors": {
                    "Name": "{{i18n:EastScarp.SpecialOrders.ZUCUBoneCollectors_Name}}",
                    "Requester": null,
                    "Duration": "Month",
                    "Repeatable": "true",
                    "RequiredTags": "event_50709921",
                    "OrderType": "",
                    "SpecialRule": "",
                    "Text": "{{i18n:EastScarp.SpecialOrders.ZUCUBoneCollectors_Text}}",
                    "ItemToRemoveOnEnd": null,
                    "MailToRemoveOnEnd": null,
                    "RandomizedElements": null,
                    "Objectives": [
                        {
                            "Type": "Ship",
                            "Text": "{{i18n:EastScarp.SpecialOrders.ZUCUBoneCollectors_Objective_0_Text}}",
                            "RequiredCount": "50",
                            "Data": {
                                "AcceptedContextTags": "bone_item"
                            }
                        },
                    ],
                    "Rewards": [
                        {
                            "Type": "Money",
                            "Data": {
                                "Amount": "5000"
                            }
                        },
                        {
                            "Type": "Mail",
                            "Data": {
                                "MailReceived": "EastScarp.SpecialOrders.ZUCUBoneCollectorsMail",
                                "NoLetter": "false"
                            }
                        }
                    ]
                },
            }
        }, //
        { // Unlock Lantern Room (if Attonbomb permits it)
            "Action": "EditData",
            "Target": "Data/SpecialOrders",
            "Entries": {
                "EastScarp.SpecialOrders.BeatriceQuartz": {
                    "Name": "{{i18n:EastScarp.SpecialOrders.BeatriceQuartz_Name}}",
                    "Requester": null,
                    "Duration": "Month",
                    "Repeatable": "false",
                    "RequiredTags": "",
                    "OrderType": "",
                    "SpecialRule": "",
                    "Text": "{{i18n:EastScarp.SpecialOrders.BeatriceQuartz_Text}}",
                    "ItemToRemoveOnEnd": null,
                    "MailToRemoveOnEnd": null,
                    "RandomizedElements": null,
                    "Objectives": [
                        {
                            "Type": "Collect",
                            "Text": "{{i18n:EastScarp.SpecialOrders.BeatriceQuartz_Objective_0_Text}}",
                            "RequiredCount": "12",
                            "Data": {
                                "AcceptedContextTags": "item_quartz/item_red_quartz"
                            }
                        },
                        {
                            "Type": "Collect",
                            "Text": "{{i18n:EastScarp.SpecialOrders.BeatriceQuartz_Objective_1_Text}}",
                            "RequiredCount": "12",
                            "Data": {
                                "AcceptedContextTags": "item_refined_quartz"
                            }
                        },
                        {
                            "Type": "Donate",
                            "Text": "{{i18n:EastScarp.SpecialOrders.BeatriceQuartz_Objective_2_Text}}",
                            "RequiredCount": "12",
                            "Data": {
                                "DropBox": "ESLighthouseChest",
                                "DropBoxGameLocation": "EastScarp_Lighthouse",
                                "DropBoxIndicatorLocation": "20 3",
                                "MinimumCapacity": "9",
                                "AcceptedContextTags": "item_refined_quartz"
                            }
                        }
                    ],
                    "Rewards": [
                        {
                            "Type": "Money",
                            "Data": {
                                "Amount": "6000"
                            }
                        },
                        {
                            "Type": "Mail",
                            "Data": {
                                "MailReceived": "EastScarp.SpecialOrders.BeatriceQuartzMail",
                                "NoLetter": "false"
                            }
                        }
                    ]
                }
            }
        },
        {
            "Action": "EditData",
            "Target": "Data/SpecialOrders",
            "When": {
                "HasMod": "DestyNova.Mateo.CP",
                "HasFlag |contains=Mateo_SpecialOrders_BuildGuildMail": true
            },
            "Fields": {
                "EastScarp.SpecialOrders.JosephineJelly": {
                    "OrderType": "Esca.EMP/ESCoastalGuild",
                },
                "EastScarp.SpecialOrders.AideenFlowers": {
                    "OrderType": "Esca.EMP/ESCoastalGuild",
                },
                "EastScarp.SpecialOrders.AideenFlowers2": {
                    "OrderType": "Esca.EMP/ESCoastalGuild",
                },
                "EastScarp.SpecialOrders.AideenFlowers3": {
                    "OrderType": "Esca.EMP/ESCoastalGuild",
                },
                "EastScarp.SpecialOrders.JacobCorn": {
                    "OrderType": "Esca.EMP/ESCoastalGuild",
                },
                "EastScarp.SpecialOrders.JacobHay": {
                    "OrderType": "Esca.EMP/ESCoastalGuild",
                },
                "EastScarp.SpecialOrders.JojaCola": {
                    "OrderType": "Esca.EMP/ESCoastalGuild",
                },
                "EastScarp.SpecialOrders.SlayCrabs": {
                    "OrderType": "Esca.EMP/ESCoastalGuild",
                },
                "EastScarp.SpecialOrders.OliverSlime": {
                    "OrderType": "Esca.EMP/ESCoastalGuild",
                },
                "EastScarp.SpecialOrders.OliverLexiSurprise": {
                    "OrderType": "Esca.EMP/ESCoastalGuild",
                },
                "EastScarp.SpecialOrders.EloiseJasJay": {
                    "OrderType": "Esca.EMP/ESCoastalGuild"
                },
                "EastScarp.SpecialOrders.EloiseRealMacaw": {
                    "OrderType": "Esca.EMP/ESCoastalGuild"
                },
                "EastScarp.SpecialOrders.ZUCUBoneCollectors": {
                    "OrderType": "Esca.EMP/ESCoastalGuild"
                },
            }
        },
        { // Unlock Lantern Room (if Attonbomb permits it)
            "Action": "EditData",
            "Target": "Data/SpecialOrders",
            "When": {
                "HasMod": "atravita.SpecialOrdersExtended",
                "HasMod |contains=attonbomb.Beatrice": true
            },
            "Fields": {
                "EastScarp.SpecialOrders.BeatriceQuartz": {
                    "OrderType": "Esca.EMP/ESCoastalGuild",
                }
            }
        },
        {
            "Action": "EditData",
            "Target": "Data/SpecialOrders",
           /* "When": {
                "HasMod": "atravita.SpecialOrdersExtended"
            },*/
            "Fields": {
                "EastScarp.SpecialOrders.JosephineJelly": {
                    "Requester": "Josephine"
                },
                "EastScarp.SpecialOrders.AideenFlowers": {
                    "Requester": "Aideen"
                },
                "EastScarp.SpecialOrders.AideenFlowers2": {
                    "Requester": "Aideen"
                },
                "EastScarp.SpecialOrders.AideenFlowers3": {
                    "Requester": "Aideen"
                },
                "EastScarp.SpecialOrders.JacobCorn": {
                    "Requester": "Jacob"
                },
                "EastScarp.SpecialOrders.JacobHay": {
                    "Requester": "Jacob"
                },
                "EastScarp.SpecialOrders.SlayCrabs": {
                    "Requester": "Jacob"
                },
                "EastScarp.SpecialOrders.OliverSlime": {
                    "Requester": "Oliver"
                },
                "EastScarp.SpecialOrders.OliverLexiSurprise": {
                    "Requester": "Oliver"
                },
                "EastScarp.SpecialOrders.JojaCola": {
                    "Requester": "Juliet"
                },
                "EastScarp.SpecialOrders.EloiseJasJay": {
                    "Requester": "Eloise"
                },
                "EastScarp.SpecialOrders.EloiseRealMacaw": {
                    "Requester": "Eloise"
                },
                "EastScarp.SpecialOrders.ZUCUBoneCollectors": {
                    "Requester": "Cameron{{PlayerGender}}"
                }
            }
        },
        { // Unlock Lantern Room (if Attonbomb permits it)
            "Action": "EditData",
            "Target": "Data/SpecialOrders",
            "Fields": {
                "EastScarp.SpecialOrders.BeatriceQuartz": {
                    "Requester": "Beatrice"
                }
            }
        },
        {
            "Action": "EditData",
            "Target": "Strings/SpecialOrderStrings",
            "Entries": {
                //BELOW IS RELIC CODE LEFT IN TO AVOID ISSUES WITH ALREADY ACCEPTED SPECIAL ORDERS
                //IT DOESN'T NEED TRANSLATING
                //*********************************************************************************
                //Catch Fish for the Cat
                "EastScarp.SpecialOrders.LadySheba_Name": "Feeding the Cat",
                "EastScarp.SpecialOrders.LadySheba_Text": "There's a stray cat on East Scarp beach and she's hungry! Can someone give her some fish please? {FishType:Text} are her favourite! < Jas",
                "EastScarp.SpecialOrders.LadySheba_Objective_0_Text": "Catch 5 {FishType:Text}.",
                "EastScarp.SpecialOrders.LadySheba_Objective_1_Text": "Place 5 {FishType:Text} in the crate by Scarp Beach",
                //Bug Meat for the Cat (part 2)
                "EastScarp.SpecialOrders.LadySheba2_Name": "More food for the cat",
                "EastScarp.SpecialOrders.LadySheba2_Text": "The stray cat's still hungry! Maybe some bug steak would help us make friends with her? < Jas",
                "EastScarp.SpecialOrders.LadySheba2_Objective_0_Text": "Collect 50 wads of bug meat.",
                "EastScarp.SpecialOrders.LadySheba2_Objective_1_Text": "Craft 5 Bug Meat Steaks",
                "EastScarp.SpecialOrders.LadySheba2_Objective_2_Text": "Place 5 Bug Meat Steaks in the crate by Scarp Beach",
                //Cheese for the Cat (part 2)
                "EastScarp.SpecialOrders.LadySheba3_Name": "Cheese for the cat",
                "EastScarp.SpecialOrders.LadySheba3_Text": "She's almost ready to be my friend. And all cats love cheese! This time it's going to work, I'm sure of it. < Jas",
                "EastScarp.SpecialOrders.LadySheba3_Objective_0_Text": "Collect 3 milk",
                "EastScarp.SpecialOrders.LadySheba3_Objective_1_Text": "Churn milk into cheese",
                "EastScarp.SpecialOrders.LadySheba3_Objective_2_Text": "Place 3 pieces of cheese in the crate by Scarp Beach",
                //Daffodils Order
                "EastScarp.SpecialOrders.AideenFlowers_Name": "Spring Flowers",
                "EastScarp.SpecialOrders.AideenFlowers_Text": "Spring is here, and I am in dire need of daffodils! If someone could deliver thirty fresh-picked flowers, they would have my eternal gratitude.     - Aideen  ",
                "EastScarp.SpecialOrders.AideenFlowers_Objective_0_Text": "Collect 15 Daffodils",
                "EastScarp.SpecialOrders.AideenFlowers_Objective_1_Text": "Deliver 15 Daffodils to the Vase in Aideen's Kitchen",
                // SweetPeas
                "EastScarp.SpecialOrders.AideenFlowers2_Name": "Summer Flowers",
                "EastScarp.SpecialOrders.AideenFlowers2_Text": "Now it is summer, sweet hearts are seeking sweet peas. I would be most grateful if someone could deliver thirty freshly picked blooms.   - Aideen  ",
                "EastScarp.SpecialOrders.AideenFlowers2_Objective_0_Text": "Collect 15 Sweet Peas",
                "EastScarp.SpecialOrders.AideenFlowers2_Objective_1_Text": "Deliver 15 Sweet Peas to the Vase in Aideen's Kitchen",
                // Crocus
                "EastScarp.SpecialOrders.AideenFlowers3_Name": "Winter Flowers",
                "EastScarp.SpecialOrders.AideenFlowers3_Text": "Winter is so dreary, but flowers brighten even the most maudlin day. Help me brighten the lives of my customers, by delivering thirty freshly picked crocuses.    - Aideen  ",
                "EastScarp.SpecialOrders.AideenFlowers3_Objective_0_Text": "Collect 15 Crocuses",
                "EastScarp.SpecialOrders.AideenFlowers3_Objective_1_Text": "Deliver 15 Crocuses to the Vase in Aideen's Kitchen",
                //Slay Crabs
                "EastScarp.SpecialOrders.SlayCrabs_Name": "Reducing the Crab Menace",
                "EastScarp.SpecialOrders.SlayCrabs_Text": "Aggressive crabs are surfacing at night across East Scarp, threatening pets and wildlife. Please help us reduce this menace, and make East Scarp safe again.                     -Dr. Jacob (DVM)",
                "EastScarp.SpecialOrders.SlayCrabs_Objective_0_Text": "Slay 50 crabs",
                //Josephine's Jelly Order
                "EastScarp.SpecialOrders.JosephineJelly_Name": "Wanted: Jelly",
                "EastScarp.SpecialOrders.JosephineJelly_Text": "I've been telling my friends back in Zuzu about the delicious local preserves, and now everyone wants some! I will pay generously for a dozen jars of jelly made from locally grown fruit   - Josephine.",
                "EastScarp.SpecialOrders.JosephineJelly_Objective_0_Text": "Collect 12 fruit",
                "EastScarp.SpecialOrders.JosephineJelly_Objective_1_Text": "Preserve 12 jellies",
                "EastScarp.SpecialOrders.JosephineJelly_Objective_2_Text": "Donate 12 jellies to the Inn fridge",
                //Beatrice Quartz
                "EastScarp.SpecialOrders.BeatriceQuartz_Name": "Quartz Needed",
                "EastScarp.SpecialOrders.BeatriceQuartz_Text": "Recent storms have damaged the lighthouse lens, and we need freshly smelted refined quartz for the repairs. If anybody could drop some by, please?     - Beatrice",
                "EastScarp.SpecialOrders.BeatriceQuartz_Objective_0_Text": "Collect 12 quartz",
                "EastScarp.SpecialOrders.BeatriceQuartz_Objective_1_Text": "Collect 12 freshly processed bars of refined quartz",
                "EastScarp.SpecialOrders.BeatriceQuartz_Objective_2_Text": "Deliver 12 refined quartz to the Lighthouse",
                //JojaCola
                "EastScarp.SpecialOrders.JojaCola_Name": "Joja Cola Takeover",
                "EastScarp.SpecialOrders.JojaCola_Text": "Joja are running a competition with a CASH PRIZE! All you've got to do is distribute one case (that's 48 cans + 2 for luck!) to unsuspecting villagers.    'Joja Cola, Fuel your life!'    On yeah, and you can win 5000g so... totes worth a few frowns, right?",
                "EastScarp.SpecialOrders.JojaCola_Objective_0_Text": "Give 50 Joja Cola as gifts",
                //Jacob requests corn for hens
                "EastScarp.SpecialOrders.JacobCorn_Name": "Help Make Hens Happy",
                "EastScarp.SpecialOrders.JacobCorn_Text": "The Happy Hens' Sanctuary have been inundated with rescued chickens and are desperately in need of food donations. If anyone is able to supply me with corn, I'll pass it on to them.    - Dr. Jacob (DVM)",
                "EastScarp.SpecialOrders.JacobCorn_Objective_0_Text": "Place 30 corncobs in the delivery crate outside Jacob's House",
                "EastScarp.SpecialOrders.JacobHay_Name": "Help Deja Moo Sanctuary ",
                //Jacob requests hay for cattle
                "EastScarp.SpecialOrders.JacobHay_Text": "The Deja Moo Animal Sanctuary are in desperate need of hay to keep their hoofstock fed over winter, and I am collecting hay to donate to them. Please help!    - Dr. Jacob (DVM)",
                "EastScarp.SpecialOrders.JacobHay_Objective_0_Text": "Place 30 hay into the delivery crate outside Jacob's House",
                //Oliver wants petrified slimes
                "EastScarp.SpecialOrders.OliverSlime_Name": "Seeking Petrified Slimes",
                "EastScarp.SpecialOrders.OliverSlime_Text": "Hey... I showed a petrified slime to my RPG clan back in Zuzu  - and now they all want one! I need five, please. Can anyone help? Thanks! I'll pay you.",
                "EastScarp.SpecialOrders.OliverSlime_Objective_0_Text": "Give five Petrified Slimes to Oliver.",
                //Oliver is baking a cake 
                "EastScarp.SpecialOrders.OliverLexiSurprise_Name": "Cake Ingredients Required",
                "EastScarp.SpecialOrders.OliverLexiSurprise_Text": "I want to bake a treat for a special friend of mine...  Rosa's said she'd help, but I need to supply the ingredients. Can someone help, please?    - Oliver",
                "EastScarp.SpecialOrders.OliverLexiSurprise_Objective_0_Text": "Place one egg in the ES Inn fridge",
                "EastScarp.SpecialOrders.OliverLexiSurprise_Objective_1_Text": "Place one bag of wheat flour in the ES Inn fridge",
                "EastScarp.SpecialOrders.OliverLexiSurprise_Objective_2_Text": "Place one bag of sugar in the ES Inn fridge",
                "EastScarp.SpecialOrders.OliverLexiSurprise_Objective_3_Text": "Place one fresh melon in the ES Inn fridge",
                //Eloise requesting sunflower seeds 
                "EastScarp.SpecialOrders.EloiseJasJay_Name": "Sunflower seeds for JAYS!",
                "EastScarp.SpecialOrders.EloiseJasJay_Text": "Jas has a blue jay friend called Jeremy and we want to help him feed his family! Blue jays love fresh sunflower seeds! Have you got any? I'll give you my pocket money.                               love, Eloise (and Jas)",
                "EastScarp.SpecialOrders.EloiseJasJay_Objective_0_Text": "Collect 20 sunflower seeds",
                "EastScarp.SpecialOrders.EloiseJasJay_Objective_1_Text": "Give 20 sunflower seeds to Eloise",
                //Hazelnuts for Richie the macaw
                "EastScarp.SpecialOrders.EloiseRealMacaw_Name": "Go Nuts for Richie!",
                "EastScarp.SpecialOrders.EloiseRealMacaw_Text": "Richie the Macaw's feeling a bit sad and hazlenuts will cheer him up. They're his favorite! Please bring a dozen to our house. But they've got to be fresh! ^Love, Eloise (and Richie)",
                "EastScarp.SpecialOrders.EloiseRealMacaw_Objective_0_Text": "Collect 12 Hazelnuts",
                "EastScarp.SpecialOrders.EloiseRealMacaw_Objective_1_Text": "Place 12 Hazelnuts in the vet clinic's donation bin.",
                //ZuCU want BONES // NEED TO WRITE AN EVENT/Reward (Cameron comes to visit?)
                "EastScarp.SpecialOrders.ZUCUBoneCollectors_Name": "ZUCU Request for Bones",
                "EastScarp.SpecialOrders.ZUCUBoneCollectors_Text": "Research by the Zuzu City University Palentology Department indicates that the Stardew area is rich in natural history fossils. We are currently collecting samples from your neighborhood, with particular interest in animal bones and fossils. You will be compensated for your contribution.      - Prof. Cameron Peasbody",
                "EastScarp.SpecialOrders.ZUCUBoneCollectors_Objective_0_Text": "Ship 50 Bone Items",
            }
        },
        {
            "Action": "EditData",
            "Target": "Data/Mail",
            "Entries": {
                "EastScarp.SpecialOrders.LadyShebaMail": "{{i18n:EastScarp.SpecialOrders.LadyShebaMail.text}}[#]{{i18n:EastScarp.SpecialOrders.LadyShebaMail.title}}",
                "EastScarp.SpecialOrders.LadySheba2Mail": "{{i18n:EastScarp.SpecialOrders.LadySheba2Mail.text}}[#]{{i18n:EastScarp.SpecialOrders.LadySheba2Mail.title}}",
                "EastScarp.SpecialOrders.LadySheba3Mail": "{{i18n:EastScarp.SpecialOrders.LadySheba3Mail.text}}[#]{{i18n:EastScarp.SpecialOrders.LadySheba3Mail.title}}",
                "EastScarp.SpecialOrders.AideenFlowersMail": "{{i18n:EastScarp.SpecialOrders.AideenFlowersMail.text}}%item object 431 9 %%[#]{{i18n:EastScarp.SpecialOrders.AideenFlowersMail.title}}",
                "EastScarp.SpecialOrders.AideenFlowers2Mail": "{{i18n:EastScarp.SpecialOrders.AideenFlowers2Mail.text}}%item object 425 4 %%[#]{{i18n:EastScarp.SpecialOrders.AideenFlowers2Mail.title}}",
                "EastScarp.SpecialOrders.AideenFlowers3Mail": "{{i18n:EastScarp.SpecialOrders.AideenFlowers3Mail.text}}%item object 429 9 %%[#]{{i18n:EastScarp.SpecialOrders.AideenFlowers3Mail.title}}",
                "EastScarp.SpecialOrders.SlayCrabsMail": "{{i18n:EastScarp.SpecialOrders.SlayCrabsMail.text}}%item object 732 5 %%[#]{{i18n:EastScarp.SpecialOrders.SlayCrabsMail.title}}",
                "EastScarp.SpecialOrders.JosephineJellyMail": "{{i18n:EastScarp.SpecialOrders.JosephineJellyMail.text}}%item bigobject 15 %%[#]{{i18n:EastScarp.SpecialOrders.JosephineJellyMail.title}}",
                "EastScarp.SpecialOrders.BeatriceQuartzMail": "{{i18n:EastScarp.SpecialOrders.BeatriceQuartzMail.text}}[#]{{i18n:EastScarp.SpecialOrders.BeatriceQuartzMail.title}}",
                "EastScarp.JojaColaTakeOverMail": "{{i18n:EastScarp.JojaColaTakeOverMail.text}}%item object 167 12 %%[#]{{i18n:EastScarp.JojaColaTakeOverMail.title}}",
                "EastScarp.SpecialOrders.JojaCola": "{{i18n:EastScarp.SpecialOrders.JojaCola.text}}%item bigobject 117 %%[#]{{i18n:EastScarp.SpecialOrders.JojaCola.title}}",
                "EastScarp.SpecialOrders.JacobCornMail": "{{i18n:EastScarp.SpecialOrders.JacobCornMail.text}}%item object 176 12 %%[#]{{i18n:EastScarp.SpecialOrders.JacobCornMail.title}}",
                "EastScarp.SpecialOrders.JacobHayMail": "{{i18n:EastScarp.SpecialOrders.JacobHayMail.text}}%item object 184 5 %% [#]{{i18n:EastScarp.SpecialOrders.JacobHayMail.title}}",
                "EastScarp.SpecialOrders.EloiseJasJayMail": "{{i18n:EastScarp.SpecialOrders.EloiseJasJayMail.text}}[#]{{i18n:EastScarp.SpecialOrders.EloiseJasJayMail.title}}",
                "EastScarp.SpecialOrders.EloiseRealMacawMail": "{{i18n:EastScarp.SpecialOrders.EloiseRealMacawMail.text}}[#]{{i18n:EastScarp.SpecialOrders.EloiseRealMacawMail.title}}",
                "EastScarp.SpecialOrders.ZUCUBoneCollectorsMail": "{{i18n:EastScarp.SpecialOrders.ZUCUBoneCollectorsMail.text}} %item bigobject 21 %%[#]{{i18n:EastScarp.SpecialOrders.ZUCUBoneCollectorsMail.title}}",
                "EastScarp.SpecialOrders.AideenFlowersMail.invite": "{{i18n:EastScarp.SpecialOrders.AideenFlowersMail.invite.text}}[#]{{i18n:EastScarp.SpecialOrders.AideenFlowersMail.invite.title}}"
            }
        },
        /* { //no need to translate this isn't used
            "Action": "EditData",
            "Target": "Data/Mail",
            "Entries": {
                "EastScarp.SpecialOrders.AideenFlowers2Mail": "Dear @, ^The sweet peas have certainly sweetened a few hearts. Thank you. In return, I am sending you something glorious for fall.^ Regards, Aideen.%item object {{spacechase0.jsonAssets/ObjectId:Fall Rose Starter}} 2 %%[#]Flower Delivery Thank You",
                "EastScarp.SpecialOrders.AideenFlowers3Mail": "Dear @, ^The crocuses have brightened many a dreary day. In gratitude, please find enclosed something beautiful for spring.^ Regards, Aideen.%item object {{spacechase0.jsonAssets/ObjectId:Spring Rose Starter}} 2 %%[#]Flower Delivery Thank You"
            },
            "When": {
                "HasMod": "mizu.flowers",
                "HasMod |contains=spacechase0.jsonAssets": true
            }
        },*/
        //E V E N T S
        {
            "Action": "EditData",
            "Target": "Data/Events/EastScarp_House1",
            "Entries": {
                "57879901/n EastScarp.SpecialOrders.AideenFlowersMail/c 1/p Aideen": "playful/9 11/Aideen 5 10 3 farmer 5 17 0/skippable/addBigProp 4 9 112/addBigProp 3 10 112/addBigProp 4 11 112/addBigProp 6 12 112/addBigProp 6 10 112/addTemporaryActor Munchboi 32 32 4 8 2 false/doAction 5 17/playSound doorOpen/pause 1000/move farmer 0 -4 0/faceDirection Aideen 2/animate Munchboi false false 120 16 17 18 18/pause 480/animate Munchboi false true 120 18/speak Aideen \"{{i18n:57879901.01}}\"/faceDirection farmer 3/jump farmer 1/emote farmer 16/pause 1000/faceDirection farmer 0/speak Aideen \"{{i18n:57879901.02}}\"/pause 1000/emote farmer 56/pause 1000/jump Aideen 3/speak Aideen \"{{i18n:57879901.03}}\"/pause 500/move Aideen 0 1 1/move Aideen 1 0 1/playSound openChest/textAboveHead Aideen \"{{i18n:57879901.04}}\"/pause 1000/move Aideen -1 0 2/move Aideen 0 1 2/pause 500/speak Aideen \"{{i18n:57879901.05}}[(O)EastScarp_Bird_Of_Paradise_Seed]\"/speak Aideen \"{{i18n:57879901.06}}\"/pause 500/emote farmer 32/pause 1000/end"
            }
        },
        {
            "Action": "Load",
            "Target": "Animals/FairyPenguin",
            "FromFile": "assets/Images/FairyPenguin.png"
        },
        {
            "Action": "EditData",
            "Target": "Data/Events/EastScarp_Village",
            "Entries": {
                "57879902/n EastScarp.SpecialOrders.SlayCrabsMail/t 800 1300/d Tue Wed Fri": "ocean/22 114/Eloise 18 112 2 Jacob 22 102 0 Rosa 22 100 2 farmer 17 102 2/skippable/addTemporaryActor FairyPenguin 16 16 -100 -100 2 false Animal Penguin1/addTemporaryActor FairyPenguin 16 16 -100 -100 2 false Animal Penguin2/showFrame Penguin1 21/showFrame Penguin2 21/move farmer 0 10 2/emote Eloise 16/jump Eloise 3/faceDirection farmer 1/emote farmer 8/pause 500/textAboveHead Eloise \"{{i18n:57879902.01}}\"/faceDirection Eloise 2/faceDirection farmer 2/viewport move 0 4 1000/pause 1000/warp Penguin1 23 124/pause 2000/animate Penguin1 false false 1000 21 22 23 23/move Penguin1 0 -6 0 true/pause 2000/speak Eloise \"{{i18n:57879902.02}}\"/move Penguin1 -5 0 2/warp Penguin2 23 124/pause 2000/animate Penguin2 false false 1000 21 22 23 23/move Penguin2 0 -6 3 true/faceDirection Eloise 3/faceDirection farmer 1/speak Eloise \"{{i18n:57879902.03}}\"/pause 500/move Penguin2 -2 0 3 true/move Penguin1 2 0 1 true/faceDirection Eloise 2/emote Eloise 20/pause 500/faceDirection farmer 2/pause 1000/emote Penguin2 56/emote Penguin1 20/pause 3000/end",
                "57879903/n EastScarp.SpecialOrders.LadySheba3Mail/t 800 1300/d Tue Wed Fri": "{{season}}_day_ambient/11 92/Jas 13 93 3 farmer 16 83 2 LadySheba -100 -100 2/skippable/pause 500/move farmer 0 10 3/faceDirection Jas 1/speak Jas \"{{i18n:57879903.01}}\"/playSound leafrustle/playSound cat/move farmer 0 1 3/pause 500/move farmer -1 0 3/pause 500/move farmer -1 0 3/animate farmer true true 1000 58/faceDirection Jas 3/textAboveHead Jas \"{{i18n:57879903.02}}\"/playSound cat/pause 1000/emote Jas 28/pause 1000/playSound cat/pause 2000/playSound leafrustle/warp LadySheba 9 92/pause 1000/move LadySheba 0 1 1/textAboveHead Jas \"{{i18n:57879903.03}}\"/move LadySheba 1 0 1/pause 500/textAboveHead Jas \"{{i18n:57879903.04}}\"/speak Jas \"{{i18n:57879903.05}}\"/playSound cat/move LadySheba 1 0 1/shake LadySheba 240/pause 500/emote Jas 56/pause 500/move LadySheba 1 0 1/emote Jas 20/speak Jas \"{{i18n:57879903.06}}\"/positionOffset LadySheba 16 0/pause 500/speak Jas \"{{i18n:57879903.07}}\"/emote Jas 40/pause 1000/playSound cat/pause 500/speak Jas \"{{i18n:57879903.08}}\"/pause 500/playSound cat/speak LadySheba \"{{i18n:57879903.09}}\"/speak Jas \"{{i18n:57879903.10}}\"/emote LadySheba 20/pause 1500/playSound reward/message \"{{i18n:57879903.11}}\"/end"
            }
        },
        {
            "Action": "EditData",
            "Target": "Data/Events/EastScarp_VetHouse",
            "Entries": {
                "57879904/n EastScarp.SpecialOrders.EloiseRealMacawMail/t 900 1600/d Tue Wed Fri": "playful/-100 -100/Jacob 4 23 2 Eloise 7 22 1 RichieTheMacaw 8 21 2 farmer -100 -100 0 Rosa 5 25 0/skippable/viewport 8 22 clamp true/pause 500/playSound doorOpen/pause 500/playSound parrot/textAboveHead RichieTheMacaw \"{{i18n:57879904.01}}\"/warp farmer 12 27/move farmer 0 -3 3/textAboveHead RichieTheMacaw \"{{i18n:57879904.02}}\"/pause 500/jump Eloise 3/speed Eloise 4/move Eloise 0 2 1/speak Eloise \"{{i18n:57879904.03}}\"/pause 500/emote farmer 32/pause 500/faceDirection Eloise 0/speak Eloise \"{{i18n:57879904.04}}\"/move farmer -4 0 0/move farmer 0 -1 0/emote RichieTheMacaw 40/pause 1000/speak Eloise \"{{i18n:57879904.05}}\"/pause 500/emote RichieTheMacaw 40/pause 1000/emote Eloise 28/pause 1000/playSound parrot/speak RichieTheMacaw \"{{i18n:57879904.06}}\"/faceDirection farmer 2/animate farmer false true 200 102 103/animate Rosa false true 200 20 21/emote Eloise 8/emote Jacob 60/pause 2000/end"
            }
        },
        {
            "Action": "Load", "Priority":"Low",
            "Target": "Portraits/BlueJay",
            "FromFile": "assets/Images/BlueJay_Portrait.png"
        },
        {
            "Action": "EditData",
            "Target": "Data/Events/Forest",
            "When": {
                "HasMod": "Lemurkat.JasRanchPack.CP"
            },
            "Entries": {
                "57879905/n EastScarp.SpecialOrders.EloiseJasJayMail/t 900 1600/w sunny/d Tue Wed Fri": "none/44 10/Eloise 44 11 0 Jas 45 11 0 farmer 50 12 3/skippable/addTemporaryActor BlueJay 16 32 66 7 2 false/changeName BlueJay Jeremy_Jay/addTemporaryActor JeremyJay 16 32 66 9 2 false/move farmer -4 0 0 true/speak Eloise \"{{i18n:57879905.01}}\"/pause 500/faceDirection Jas 3/textAboveHead Jas \"{{i18n:57879905.02}}\"/speak Jas \"{{i18n:57879905.03}}\"/faceDirection Eloise 1/speak Eloise \"{{i18n:57879905.04}}\"/speak Jas \"{{i18n:57879905.05}}\"/jump Eloise 5/emote Eloise 16/pause 500/speak Eloise \"{{i18n:57879905.06}}\"/pause 500/faceDirection Eloise 2/faceDirection Jas 2/textAboveHead Jas \"{{i18n:57879905.07}} {{PlayerName}}\"/pause 500/speak Eloise \"{{i18n:57879905.08}}\"/pause 500/emote farmer 28/quickQuestion #{{i18n:57879905.09}}#{{i18n:57879905.10}}#{{i18n:57879905.11}}#{{i18n:57879905.12}}(break)emote Jas 40\\textAboveHead Eloise \"{{i18n:57879905.13}}\"(break)emote Jas 32\\emote Eloise 40\\speak Eloise \"{{i18n:57879905.14}}\"(break)emote Jas 20\\emote Eloise 60\\speak Eloise \"{{i18n:57879905.15}}\"(break)emote Jas 28\\emote Eloise 60\\speak Eloise \"{{i18n:57879905.16}}\"/pause 500/ignoreCollisions BlueJay/ignoreCollisions JeremyJay/advancedMove BlueJay false -20 0 2 1000/pause 500/advancedMove JeremyJay false -21 0 2 1000/pause 2000/playSound crow/faceDirection Eloise 0/faceDirection Jas 0/textAboveHead Jas \"{{i18n:57879905.17}}\"/advancedMove farmer false -3 0 0 -1 4 1000/pause 1000/playSound crow/speak BlueJay \"{{i18n:57879905.18}}\"/emote Jas 20 true/emote Eloise 20 true/speak Jas \"{{i18n:57879905.19}}\"/pause 500/speak Eloise \"{{i18n:57879905.20}}\"/pause 500/emote Jas 12/pause 500/faceDirection Eloise 3/faceDirection farmer 1/speak Eloise \"{{i18n:57879905.21}}\"/pause 500/emote Jas 32/speak Jas \"{{i18n:57879905.22}}\"/faceDirection Eloise 0/pause 2000/end"
            }
        },
        {
            "Action": "EditData",
            "Target": "Data/Events/EastScarp_VillageInn",
            "Entries": {
                "57879906/n EastScarp.SpecialOrders.OliverLexiSurprise/p Rosa/k 57879907/w sunny": "SettlingIn/44 31/Rosa 45 31 2 farmer 44 36 0/skippable/advancedMove farmer false 0 -3 1 0 4 1000/textAboveHead Rosa \"{{i18n:57879906.01}}\"/pause 1000/emote farmer 8/speak Rosa \"{{i18n:57879906.02}}\"/pause 500/emote farmer 32/pause 500/speak Rosa \"{{i18n:57879906.03}}\"/pause 500/emote farmer 40/pause 500/speak Rosa \"{{i18n:57879906.04}}\"/pause 500/emote farmer 32/pause 1000/end",
            }
        },
        { //Lexi Events
            "Action": "EditData",
            "Target": "Data/Events/EastScarp_SeaCave",
            "Entries": {
                "57879907/n EastScarp.SpecialOrders.OliverLexiSurprise/p Leximonster": "SettlingIn/29 21/OliverK 29 21 1 Leximonster 30 21 3 farmer -100 -100 0/skippable/addObject 30 22 221 1/pause 1000/speak Leximonster \"{{i18n:57879907.01}}\"/pause 500/emote OliverK 60/pause 500/speak OliverK \"{{i18n:57879907.02}}\"/warp farmer 28 19/pause 500/faceDirection farmer 2/pause 500/advancedMove farmer false 0 1 1 0 2 1000/pause 500/faceDirection Leximonster 0/faceDirection OliverK 0/pause 500/textAboveHead OliverK \"{{i18n:57879907.03}} {{PlayerName}}!\"/pause 500/speak Leximonster \"{{i18n:57879907.04}}\"/pause 500/emote OliverK 60/pause 500/speak OliverK \"{{i18n:57879907.05}}\"/pause 500/faceDirection Leximonster 3/pause 500/speak Leximonster \"{{i18n:57879907.06}}\"/pause 500/emote Leximonster 40/pause 500/speak Leximonster \"{{i18n:57879907.07}}\"/faceDirection OliverK 1/pause 500/speak OliverK \"{{i18n:57879907.08}}\"/pause 500/faceDirection Leximonster 0/faceDirection OliverK 0/speak Leximonster \"{{i18n:57879907.09}}\"/pause 500/emote farmer 32/pause 1000/fade/viewport -1000 -1000/pause 500/playSound eat/farmerEat 221/message \"{{i18n:57879907.10}}\"/end"
            }
        },
        {
            "LogName": "Loads LanternRoom view",
            "Action": "Load",
            "Target": "Maps/ESLanternRoomDayTime",
            "FromFile": "assets/Maps/LanternRoom_Daytime.tmx"
        },
        { //Beatrice Events
            "Action": "EditData",
            "Target": "Data/Events/EastScarp_Lighthouse",
            "Entries": {
                "57879908/n EastScarp.SpecialOrders.BeatriceQuartzMail/t 1500 1900": "distantBanjo/6 12/Beatrice 6 10 0 farmer -100 -100 0/skippable/pause 1000/playSound doorOpen/pause 1000/warp farmer 5 15/pause 500/faceDirection Beatrice 2/speak Beatrice \"{{i18n:57879908.01}}\"/pause 500/emote farmer 32/pause 500/speak Beatrice \"{{i18n:57879908.02}}\"/pause 500/advancedMove farmer false 0 -2 1 0 0 -1 4 500/pause 500/emote farmer 8/move Beatrice 0 1 2/pause 1000/textAboveHead Beatrice \"{{i18n:57879908.03}}\"/pause 500/faceDirection Beatrice 1/pause 500/fade/viewport -1000 -1000/stopAdvancedMoves/warp Beatrice 19 4/faceDirection Beatrice 3/warp farmer 18 4/faceDirection farmer 0/viewport 18 5/pause 1500/faceDirection farmer 1/pause 500/emote farmer 8/pause 500/speak Beatrice \"{{i18n:57879908.04}}\"/pause 500/faceDirection farmer 0/pause 500/fade/viewport -1000 -1000/playSound stairsdown/changeLocation EastScarp_LanternRoom/viewport -1000 -1000/warp farmer 1 7/warp Beatrice -1000 -100/faceDirection Beatrice 2/viewport 4 8/advancedMove farmer false 0 1 1 0 1 500/pause 500/emote farmer 16/playSound stairsdown/pause 1000/warp Beatrice 1 7/pause 1000/textAboveHead Beatrice \"{{i18n:57879908.05}}\"/advancedMove Beatrice false 0 2 1 0 1 1000/pause 2000/speak Beatrice \"{{i18n:57879908.06}}\"/pause 2000/faceDirection farmer 2/faceDirection Beatrice 0/quickQuestion #{{i18n:57879908.07}}#{{i18n:57879908.08}}#{{i18n:57879908.09}}(break)emote Beatrice 20(break)emote Beatrice 40(break)emote Beatrice 12/pause 1000/speak Beatrice \"{{i18n:57879908.10}}\"/pause 500/emote farmer 32/advancedMove Beatrice false 0 1 4 0 2 1000/advancedMove farmer false 0 2 3 0 2 1000/pause 3000/speak Beatrice \"{{i18n:57879908.11}}\"/pause 500/speak Beatrice \"{{i18n:57879908.12}}\"/faceDirection Beatrice 3/faceDirection farmer 1/pause 500/speak Beatrice \"{{i18n:57879908.13}}\"/faceDirection Beatrice 2/faceDirection farmer 2/pause 1000/fade/viewport -1000 -1000/stopMusic/warp Beatrice -100 -100/warp farmer -100 -100/playMusic EmilyDream/addTemporaryActor ESFlyingGembirds 32 32 -100 -100 3 false Animal Gembird1/addTemporaryActor ESFlyingGembirds 32 32 -100 -100 3 false Animal Gembird2/changeToTemporaryMap ESLanternRoomDayTime/viewport -1000 -1000/fade unfade/viewport 7 8/viewport move 1 0 8000 true/pause 8000/warp Gembird1 28 6/advancedMove Gembird1 false -29 0/pause 1000/warp Gembird2 28 8/advancedMove Gembird2 false -29 0/pause 10000/end"
            }
        },
       
        {
            "Action": "Load",
            "Target": "Mods/EastScarpe/Emojis",
            "FromFile": "assets/Images/ESemojis.png"
        },
        {
            "Action": "EditData",
            "Target": "Mods/EastScarp/EmojiOverride",
            "Entries": {
                //ES Base NPCs
                "Aideen": {
                    "AssetName": "Mods/EastScarpe/Emojis",
                    "Location": {
                        "X": 0,
                        "Y": 0
                    }
                },
                "Eloise": {
                    "AssetName": "Mods/EastScarpe/Emojis",
                    "Location": {
                        "X": 9,
                        "Y": 0
                    }
                },
                "Jacob": {
                    "AssetName": "Mods/EastScarpe/Emojis",
                    "Location": {
                        "X": 18,
                        "Y": 0
                    }
                },
                "Josephine": {
                    "AssetName": "Mods/EastScarpe/Emojis",
                    "Location": {
                        "X": 27,
                        "Y": 0
                    }
                },
                "Kataryna": {
                    "AssetName": "Mods/EastScarpe/Emojis",
                    "Location": {
                        "X": 36,
                        "Y": 0
                    }
                },
                "Oliver": {
                    "AssetName": "Mods/EastScarpe/Emojis",
                    "Location": {
                        "X": 45,
                        "Y": 0
                    }
                },
                "Rosa": {
                    "AssetName": "Mods/EastScarpe/Emojis",
                    "Location": {
                        "X": 54,
                        "Y": 0
                    }
                },
                "Vivienne": {
                    "AssetName": "Mods/EastScarpe/Emojis",
                    "Location": {
                        "X": 63,
                        "Y": 0
                    }
                },
                "Lexi": {
                    "AssetName": "Mods/EastScarpe/Emojis",
                    "Location": {
                        "X": 72,
                        "Y": 0
                    }
                },
                "Beatrice": {
                    "AssetName": "Mods/EastScarpe/Emojis",
                    "Location": {
                        "X": 81,
                        "Y": 0
                    }
                },
                //Expansion NPCs
                "Eyvinder": {
                    "AssetName": "Mods/EastScarpe/Emojis",
                    "Location": {
                        "X": 0,
                        "Y": 9
                    }
                },
                "Jessie": {
                    "AssetName": "Mods/EastScarpe/Emojis",
                    "Location": {
                        "X": 9,
                        "Y": 9
                    }
                },
                "Juliet": {
                    "AssetName": "Mods/EastScarpe/Emojis",
                    "Location": {
                        "X": 18,
                        "Y": 9
                    }
                },
                "MisterGinger": {
                    "AssetName": "Mods/EastScarpe/Emojis",
                    "Location": {
                        "X": 27,
                        "Y": 9
                    }
                },
                "Tristan": {
                    "AssetName": "Mods/EastScarpe/Emojis",
                    "Location": {
                        "X": 36,
                        "Y": 9
                    }
                },
                "Jasper": {
                    "AssetName": "Mods/EastScarpe/Emojis",
                    "Location": {
                        "X": 45,
                        "Y": 9
                    }
                },
                "GirlChild": {
                    "AssetName": "Mods/EastScarpe/Emojis",
                    "Location": {
                        "X": 54,
                        "Y": 9
                    }
                },
                "BoyChild": {
                    "AssetName": "Mods/EastScarpe/Emojis",
                    "Location": {
                        "X": 63,
                        "Y": 9
                    }
                },
                "CameronFemale": {
                    "AssetName": "Mods/EastScarpe/Emojis",
                    "Location": {
                        "X": 72,
                        "Y": 9
                    }
                },
                "CameronMale": {
                    "AssetName": "Mods/EastScarpe/Emojis",
                    "Location": {
                        "X": 81,
                        "Y": 9
                    }
                },
            }
        },
        {
            "Action": "EditData",
            "Target": "Data/TriggerActions",
            "Entries": {
                "Lemurkat.Tori_PrismaticSlime.Active": {
                    "ID": "CT.Tori_PrismaticSlime.Active",
                    "Trigger": "LocationChanged",
                    "Location": "Farm",
                    "Condition": "PLAYER_SPECIAL_ORDER_ACTIVE Current Wizard2",
                    "Action": "AddConversationTopic Tori_PrismaticSlime.Active 6"
                },
                "Lemurkat.Tori_PrismaticSlime.Completed": {
                    "ID": "CT.Tori_PrismaticSlime.Completed",
                    "Trigger": "LocationChanged",
                    "Location": "Farm",
                    "Condition": "PLAYER_SPECIAL_ORDER_COMPLETE Current Wizard2",
                    "Action": "AddConversationTopic Tori_PrismaticSlime.Complete 6"
                },
                "Lemurkat.Juliet_JojaColaTakeOverQuest.Active": {
                    "ID": "CT.Juliet_JojaColaTakeOverQuest.Active",
                    "Trigger": "LocationChanged",
                    "Location": "Farm",
                    "Condition": "PLAYER_SPECIAL_ORDER_ACTIVE Current EastScarp.SpecialOrders.JojaCola",
                    "Actions": [
                        "AddConversationTopic Juliet_JojaColaTakeOver 6",
                        "AddMail Current EastScarp.JojaColaTakeOverMail Now"
                    ]
                },
                "Lemurkat.SpecialOrders.SlayCrabs.Active": {
                    "ID": "CT.Lemurkat.SpecialOrders.SlayCrabs.Active",
                    "Trigger": "LocationChanged",
                    "Location": "Farm",
                    "Condition": "PLAYER_SPECIAL_ORDER_ACTIVE Current EastScarp.SpecialOrders.SlayCrabs",
                    "Actions": [
                        "AddConversationTopic SpecialOrder_SlayCrabs 14"
                    ]
                }
            }
        }
        //PLAYER_SPECIAL_ORDER_ACTIVE <player> <order id> 	Whether the specified player(s) have the given special order active.
        //PLAYER_SPECIAL_ORDER_COMPLETE <player> <order id>
    ]
}