{
    "Changes": [
        {
            "LogName": "NPC Gift Tastes",
            "Action": "EditData",
            "Target": "Data/NPCGiftTastes",
            "When": {
                "HasSeenEvent |contains=57875000": true
            },
            "Entries": {
                "VivienneLK": "{{i18n:gifts.viviennelk.love}}/64 534 EastScarp_Vintage_Ruby_Ring/{{i18n:gifts.viviennelk.like}}/102/{{i18n:gifts.viviennelk.dislike}}//{{i18n:gifts.viviennelk.hate}}/638/{{i18n:gifts.viviennelk.neutral}}//"
            }
        },
        //VivienneLK
        {
            "LogName": "VivienneLK Portraits",
            "Action": "Load", "Priority":"Low",
            "Target": "Portraits/VivienneLK, Characters/VivienneLK",
            "FromFile": "assets/{{Target}}/VivienneLK.png"
        },
        {
            "LogName": "Dialogue",
            "Action": "Include",
            "FromFile": "assets/Characters/Dialogue/VivienneLK.json"
        },
        {
            "LogName": "Schedule",
            "Action": "Load",
            "Target": "Characters/schedules/VivienneLK",
            "FromFile": "assets/{{Target}}/{{TargetWithoutPath}}.json",
            "When": {
                "HasSeenEvent": "57875000"
            }
        },
        {
            "LogName": "Festivals",
            "Action": "Include",
            "FromFile": "assets/Festivals/VivienneLK.json",
            "When": {
                "HasSeenEvent": "57875000"
            }
        },
        {
            "LogName": "Animations",
            "Action": "EditData",
            "Target": "Data/animationDescriptions",
            "Entries": {
                "viviennelk_write": "16/19 19 19 19 19 18 18 17 17 18 18 17 17 18 18 19 19 19/16"
            }
        },
        {
            "LogName": "Subtly tweaks Clint's strings",
            "Action": "EditData",
            "Target": "Strings/StringsFromMaps",
            "Entries": {
                "Blacksmith.2": "{{i18n:strings.es.blacksmith}}",
                "Blacksmith.3": "{{i18n:strings.es.blacksmith}}",
            }
        },
        /*{
            "LogName": "Schedule",
            "Action": "EditData",
            "Target": "Characters/schedules/VivienneLK",
            "Entries": {
                "rain": "610 EastScarp_VetHouse 14 7 0/0730 EastScarp_VetHouse 31 16 0/900 Custom_DND_DialaCafe 22 9 2 viviennelk_write/1600 EastScarp_VetHouse 14 7 0/2200 EastScarp_VetHouse 17 7 3" //For D&D Cafe
            },
            "When": {
                "HasMod": "skellady.DNDCP"
            }
        },*/
        /*{
            "Action": "EditMap",
            "Target": "Maps/EastScarp_Village",
            "Update": "OnLocationChange",
            "MapTiles": [
                {
                    "Position": {
                        "X": 7,
                        "Y": 14
                    },
                    "Layer": "Buildings",
                    "SetProperties": {
                        "Action": "Message ESEnvelope"
                    }
                }
            ]
        },  */
        {
            "Action": "Load",
            "Target": "Mods/Lemurkat/ESDVMail",
            "FromFile": "assets/Images/stationery2.png"
        },
        {
            "Action": "EditMap",
            "Target": "Maps/EastScarp_Village",
             "Update": "OnLocationChange",
            "MapTiles": [
                {
                    "Position": {
                        "X": 7,
                        "Y": 14
                    },
                    "Layer": "Back",
                    "SetProperties": {
                        "MEEP_Letter": "{{i18n:MEEPLetter}}",
                        "MEEP_Letter_Type": "Mods/Lemurkat/ESDVMail"
                    }
                }
            ]
        },
        {
            "LogName": "VivienneLK letter",
            "Action": "Load",
            "Target": "Characters/ESEnvelope",
            "FromFile": "assets/Images/envelope.png"
        },
        {
            "LogName": "Schedule",
            "Action": "EditData",
            "Target": "Characters/Dialogue/VivienneLK",
            "Entries": {
                "winter_Sat6": "{{i18n:Vivienne_ClintEmily_winter_Sat6}}",
            },
            "When": {
                "HasMod": "nraittanna.LifeCycleEmilyClint",
                "HasSeenEvent": "59020012"
            }
        },
        {
            "LogName": "Schedule",
            "Action": "EditData",
            "Target": "Characters/Dialogue/VivienneLK",
            "Entries": {
                "winter_Sat6": "{{i18n:Vivienne_ClintLucikiel_winter_Sat6}}",
            },
            "When": {
                "HasMod": "Arknir.Lucikiel",
                "Relationship:Lucikiel |contains=dating, engaged, married": false
            }
        },
        {
            "LogName": "Sends dog park mail",
            "Action": "EditData",
            "Target": "Data/Events/Farm",
            "Entries": {
                "57870018/e 57874015/e 57874014/x EloisePuppyInvite": "null",
                "57875010/n VivienneRingReturn/f VivienneLK 2500/{{LavrilInstalled2}}/x Vivienne_LetterInviteOrchard": "null"
            }
        },
        {
            "Action": "EditData",
            "Target": "Characters/Dialogue/VivienneLK",
            "Entries": {
                "{{season}}_{{day}}": "$1 Vivienne_Introduction#{{i18n:Vivienne_Introduction}}"
            },
            "When": {
                "HasFlag|contains=Vivienne_Introduction": false
            }
        },
        {
            "LogName": "ES events",
            "Action": "EditData",
            "Target": "Data/Events/EastScarp_Village",
            "Entries": {
                "57875000/e 57870020/A PepperPupHome/w sunny/d Tue Wed Fri/t 900 1700": "breezy/19 30/Eloise 18 29 2 PepperPup 20 30 1 farmer 4 32 1/addTemporaryActor MidnightBlackKitty 32 32 16 30 2 false/skippable/showFrame Eloise 18/animate MidnightBlackKitty false false 120 20 21 22 23 21 22 23 21 22 23 21 22 23 21 22 23 21 22 23 21 22 23 19 19 19 19 19 19 19 19 19 19 19 19 19 19 19 19 19 19 19 19 19 19 19 19 19 19 19/advancedMove PepperPup false 3 0 0 2 -3 0 0 -2 3 0 0 2 -4 0 3 1000/move farmer 14 0 0/pause 500/showFrame Eloise 0/jump Eloise 3/textAboveHead Eloise \"{{i18n:57875000.01}} {{playerName}}!\"/pause 100/speak Eloise \"{{i18n:57875000.02}}\"/pause 500/faceDirection MidnightBlackKitty 1/playSound cat/faceDirection Eloise 3/pause 500/faceDirection MidnightBlackKitty 3/emote MidnightBlackKitty 12/pause 1000/advancedMove MidnightBlackKitty false -6 0 0 -2 -7 0 0 -7/move farmer 0 -1 3/pause 500/emote Eloise 28/pause 1000/faceDirection Eloise 2/textAboveHead Eloise \"{{i18n:57875000.03}}\"/faceDirection farmer 0/advancedMove PepperPup false 0 -1 4 1000/speak Eloise \"{{i18n:57875000.04}}\"/pause 1000/textAboveHead Eloise \"{{i18n:57875000.05}}\"/pause 500/emote farmer 8/speak Eloise \"{{i18n:57875000.06}}\"/emote farmer 16/pause 1000/speak Eloise \"{{i18n:57875000.07}}\"/pause 1000/emote farmer 36/pause 500/speak Eloise \"{{i18n:57875000.08}}\"/emote farmer 32/pause 500/speak Eloise \"{{i18n:57875000.09}}\"/emote farmer 56/pause 1500/end",
                //6 heart event - the real reason
                "57875006/e 57875002/t 800 1700/f VivienneLK 1500/d Mon Tue Wed Thu Fri/w sunny": "{{season}}{{random:1,2,3}}/13 71/Aideen 20 65 1 Eloise 20 66 1 VivienneLK 16 70 3 PepperPup 14 70 0 farmer 6 71 1 LadySheba -100 -100 1 {{57875006.J&G}}/addTemporaryActor MandarinDuck 16 32 28 64 3 false/swimming MandarinDuck/pause 500/skippable/speed MandarinDuck 2/advancedMove MandarinDuck true -5 0 0 3 2 1000 5 0 0 -3/showFrame Gremlin 16/playSound dog_pant/move farmer 7 0 1/textAboveHead VivienneLK \"{{i18n:57875006.01}}\"/move VivienneLK 0 1 3/pause 500/emote farmer 32/move farmer 2 0 1/speak VivienneLK \"{{i18n:57875006.02}}\"/emote farmer 56/faceDirection VivienneLK 0/textAboveHead VivienneLK \"{{i18n:57875006.03}}\"/jump PepperPup 5/playSound dog_bark/pause 50/playSound dog_bark/speed PepperPup 4/advancedMove PepperPup false 3 0 0 3 2 1000 0 4 2 1000 0 4 2 1000 0 4 2 1000/faceDirection VivienneLK 2/move VivienneLK 0 13 2 true/move farmer 0 13 2 true/viewport move 0 2 6500/speak VivienneLK \"{{i18n:57875006.04}}\"/emote farmer 40/pause 1500/textAboveHead VivienneLK \"{{i18n:57875006.05}}\"/pause 500/faceDirection VivienneLK 3/faceDirection farmer 1/speak VivienneLK \"{{i18n:57875006.06}}\"/pause 1000/faceDirection VivienneLK 2/faceDirection farmer 2/faceDirection VivienneLK 2/move VivienneLK 0 13 3 true/move farmer 0 13 1 true/viewport move 0 2 6500/advancedMove PepperPup false 0 13 3 1000 -7 0 1 1000 -7 0 4 1000/pause 1000/speak VivienneLK \"{{i18n:57875006.07}}\"/pause 1000/speak VivienneLK \"{{i18n:57875006.08}}\"/playSound dog_bark/pause 1000/textAboveHead VivienneLK \"{{i18n:57875006.09}}\"/speak VivienneLK \"{{i18n:57875006.10}}\"/faceDirection PepperPup 1/jump PepperPup 5/speed PepperPup 4/advancedMove PepperPup false 14 0 -2 0 4 1000/speak VivienneLK \"{{i18n:57875006.11}}\"/emote farmer 40/pause 1000/warp LadySheba 3 97/advancedMove LadySheba false 0 1 5 0 1 1000/jump PepperPup 5/playSound dog_bark/faceDirection VivienneLK 2/speak VivienneLK \"{{i18n:57875006.12}}\"/faceDirection PepperPup 3/playSound dog_bark/pause 1000/faceDirection VivienneLK 3/advancedMove PepperPup false -6 0 3 2000 6 0 4 1000/pause 500/speed LadySheba 5/advancedMove LadySheba false -6 0 1 1000 9 0 1 1000/pause 500/emote farmer 8/pause 1000/speak VivienneLK \"{{i18n:57875006.13}}\"/animate LadySheba false true 120 20 20 20 20 20 21 21 21 21 22 22 22 22 23 23 23 23 21 21 21 21 21 21 22 22 22 22 23 23 23 23 18 18 18 18 18 18 18 18 18 18 18 18 18 18 18 18 18 18 18 18 18 18 18 18 18 18 18/pause 500/emote farmer 56/pause 1000/faceDirection VivienneLK 2/speak VivienneLK \"{{i18n:57875006.14}}\"/pause 1000/faceDirection VivienneLK 3/speak VivienneLK \"{{i18n:57875006.15}}\"/pause 1000/emote farmer 60/pause 1000/end",
                //Vivienne love triangles discussion
                "57875008/e 57875006/f VivienneLK 2000/t 1000 1600/w sunny": "{{season}}_day_ambient/31 102/VivienneLK 31 102 2 PepperPup 30 100 1 farmer 33 94 2/skippable/advancedMove PepperPup true 2 0 0 -2 1 2000 -2 0 0 2 1 5000/move farmer 0 4 3/playSound dog_bark/emote farmer 32/pause 150/playSound dog_bark/faceDirection VivienneLK 0/textAboveHead VivienneLK \"{{playername}}\"/emote farmer 56/move farmer 0 4 3/faceDirection VivienneLK 1/move farmer -1 0 3/pause 500/faceDirection VivienneLK 2/faceDirection farmer 2/speak VivienneLK \"{{i18n:57875008.02}}\"/pause 500/emote farmer 32/pause 500/speak VivienneLK \"{{i18n:57875008.03}}\"/pause 500/emote VivienneLK 16/faceDirection VivienneLK 1/speak VivienneLK \"{{i18n:57875008.04}}\"/faceDirection farmer 3/emote farmer 8/pause 500/speak VivienneLK \"{{i18n:57875008.05}}\"/quickQuestion #{{i18n:57875008.06}}#{{i18n:57875008.07}}#{{i18n:57875008.08}}#{{i18n:57875008.09}}(break)textAboveHead VivienneLK \"{{i18n:57875008.10}}\"\\speak VivienneLK \"{{i18n:57875008.11}}\"(break)textAboveHead VivienneLK \"{{i18n:57875008.12}}\"\\speak VivienneLK \"{{i18n:57875008.13}}\"(break)textAboveHead VivienneLK \"{{i18n:57875008.14}}\"\\speak VivienneLK \"{{i18n:57875008.15}}\"\\faceDirection VivienneLK 2\\speak VivienneLK \"{{i18n:57875008.16}}\"(break)textAboveHead VivienneLK \"{{i18n:57875008.17}}\"\\speak VivienneLK \"{{i18n:57875008.18}}\"/emote farmer 56/faceDirection VivienneLK 2/faceDirection farmer 2/pause 500/textAboveHead VivienneLK \"{{i18n:57875008.19}}\"/speak VivienneLK \"{{i18n:57875008.20}}\"/faceDirection VivienneLK 1/faceDirection farmer 3/speak VivienneLK \"{{i18n:57875008.21}}\"/quickQuestion #{{i18n:57875008.22}}#{{i18n:57875008.23}}#{{i18n:57875008.24}}#{{i18n:57875008.25}}#{{i18n:57875008.26}}(break)speak VivienneLK \"{{i18n:57875008.27}}\"(break)speak VivienneLK \"{{i18n:57875008.28}}\"(break)speak VivienneLK \"{{i18n:57875008.29}}\"(break)speak VivienneLK \"{{i18n:57875008.30}}\"(break)speak VivienneLK \"{{i18n:57875008.31}}\"/pause 500/textAboveHead VivienneLK \"{{i18n:57875008.32}}\"/speak VivienneLK \"{{i18n:57875008.33}}\"/pause 1000/faceDirection VivienneLK 1/faceDirection farmer 3/speak VivienneLK \"{{i18n:57875008.34}}\"/emote farmer 56/pause 1000/faceDirection farmer 0/pause 500/textAboveHead VivienneLK \"{{i18n:57875008.35}}\"/pause 500/faceDirection farmer 3/speak VivienneLK \"{{i18n:57875008.36}}\"/pause 500/emote farmer 32/pause 1000/end",
                "57875013/e 57874022/A RosaMailsLilith/t 900 1400": "continue/23 36/VivienneLK 23 36 0 farmer 33 36 3 PepperPup 25 32 2/skippable/animate PepperPup true true 240 20 21/advancedMove farmer false -8 0 3 1000/pause 3500/shake VivienneLK 250/playSound openBox/faceDirection VivienneLK 1/pause 500/playSound leafrustle/addTemporaryActor ESEnvelope 16 16 24 36 2 false/textAboveHead VivienneLK \"{{i18n:57875013.01}}\"/emote farmer 8/pause 500/stopAdvancedMoves/animate farmer true false 500 500/pause 500/warp ESEnvelope -100 -100/faceDirection farmer 3/pause 1000/message \"{{i18n:MEEPLetter}}\"/pause 500/move VivienneLK 1 0 1/jump farmer 5/emote farmer 16/pause 1000/quickQuestion #{{i18n:57875013.02}}#{{i18n:57875013.03}}#{{i18n:57875013.04}}(break)emote VivienneLK 28\\pause 500\\speak VivienneLK \"{{i18n:57875013.05}}\"(break)emote VivienneLK 28\\speak VivienneLK \"{{i18n:57875013.06}}\"(break)pause 500\\message \"{{i18n:57875013.07}}\"/message \"{{i18n:57875013.08}}\"/pause 500/speak VivienneLK \"{{i18n:57875013.09}}\"/advancedMove VivienneLK false 0 -4 1 1000/pause 2000/faceDirection farmer 0/textAboveHead VivienneLK \"{{i18n:57875013.10}}\"/faceDirection PepperPup 3/jump PepperPup 4/emote farmer 8/advancedMove VivienneLK false -10 0 0 7/advancedMove PepperPup false -10 0 0 7 3 1000/pause 3000/end",
            }
        },
        {
            "LogName": "Town events",
            "Action": "EditData",
            "Target": "Data/Events/Town",
            "Entries": {
                //Evelyn recognises Vivienne?
                "57875001/f VivienneLK 25/w sunny/t 1000 1700/d Tue Wed Fri": "springtown/29 64/Evelyn 28 73 1 Gus 29 64 3 VivienneLK 28 63 2 Eloise 27 64 1 farmer 21 69 1/skippable/move farmer 5 0 0/speak Eloise \"{{i18n:57875001.01}}\"/textAboveHead VivienneLK \"{{i18n:57875001.02}}\"/pause 1000/textAboveHead Gus \"{{i18n:57875001.03}}\"/pause 2000/jump Eloise 5/speed Eloise 3/move Eloise 0 5 3 true/viewport move 0 2 2500 true/textAboveHead Eloise \"{{i18n:57875001.04}} {{playerName}}!\"/faceDirection farmer 1/speak Eloise \"{{i18n:57875001.05}}\"/emote farmer 32/emote Gus 40/move VivienneLK 0 1 1/pause 1000/emote VivienneLK 32/faceDirection Evelyn 0/emote Evelyn 8/pause 1500/move Evelyn 0 -4 0 true/pause 500/faceDirection Eloise 2/textAboveHead Eloise \"{{i18n:57875001.06}}\"/pause 500/faceDirection Eloise 0/speak Eloise \"{{i18n:57875001.07}}\"/faceDirection VivienneLK 2/textAboveHead VivienneLK \"{{i18n:57875001.08}}\"/pause 1000/faceDirection VivienneLK 1/speak VivienneLK \"{{i18n:57875001.09}}\"/textAboveHead Gus \"{{i18n:57875001.10}}\"/pause 1000/move VivienneLK 0 4 2/move Evelyn 1 0 3/advancedMove farmer false 0 -5 1 1000/move Gus -2 0 3/faceDirection Eloise 1/speak Eloise \"{{i18n:57875001.11}}\"/speak Evelyn \"{{i18n:57875001.12}}\"/move Evelyn 0 -1 3/faceDirection VivienneLK 1/pause 500/emote Evelyn 8/pause 1000/speak Evelyn \"{{i18n:57875001.13}}\"/jump Eloise 5/textAboveHead Eloise \"{{i18n:57875001.14}}\"/speak Eloise \"{{i18n:57875001.15}}\"/textAboveHead Evelyn \"{{i18n:57875001.16}}\"/faceDirection farmer 2/faceDirection Gus 2/speak Evelyn \"{{i18n:57875001.17}}\"/emote VivienneLK 28/textAboveHead Eloise \"{{i18n:57875001.18}}\"/pause 500/speak Evelyn \"{{i18n:57875001.19}}\"/emote VivienneLK 60/pause 500/speak Evelyn \"{{i18n:57875001.20}}\"/pause 500/speak VivienneLK \"{{i18n:57875001.21}}\"/faceDirection farmer 1/faceDirection Gus 3/emote farmer 8/pause 1000/end dialogue Eloise \"{{i18n:57875001.22}}\"",
                //2-heart event: people-watching
                "57875002/f VivienneLK 500/t 1000 1700": "continue/43 80/VivienneLK 43 77 2 Jodi 37 82 1 Caroline 38 82 3 farmer 49 80 1/skippable/showFrame VivienneLK 16/textAboveHead Jodi \"{{i18n:57875002.01}}\"/move farmer -5 0 3/emote Caroline 40/pause 500/emote farmer 8/faceDirection farmer 0/pause 50/faceDirection farmer 3/pause 50/faceDirection farmer 0/pause 100/move farmer 0 -2 3/question null \"{{i18n:57875002.02}}#{{i18n:57875002.03}}#{{i18n:57875002.04}}#\"/pause 500/speak VivienneLK \"{{i18n:57875002.05}}\"/emote farmer 8/pause 500/pause 500/move VivienneLK 0 1 1/speak VivienneLK \"{{i18n:57875002.06}}\"/pause 500/faceDirection farmer 2/faceDirection VivienneLK 2/textAboveHead Caroline \"{{i18n:57875002.07}}\"/pause 1000/faceDirection farmer 3/faceDirection VivienneLK 1/quickQuestion #{{i18n:57875002.08}}#{{i18n:57875002.09}}#{{i18n:57875002.10}}(break)pause 50\\textAboveHead VivienneLK \"{{i18n:57875002.11}}\"\\pause 1000\\speak VivienneLK \"{{i18n:57875002.12.{{GenderNeutral}} }}\"\\switchEvent Vivienne_FantasticalEnd(break)pause 50\\textAboveHead VivienneLK \"{{i18n:57875002.13}}\"\\pause 1000\\speak VivienneLK \"{{i18n:57875002.14}}\"\\switchEvent Vivienne_FantasticalEnd(break)pause 50\\textAboveHead VivienneLK \"{{i18n:57875002.15}}\"\\pause 1000\\speak VivienneLK \"{{i18n:57875002.16}}\"/Question null \"...#I don't believe that!#If you say so.\"/pause 500/speak VivienneLK \"{{i18n:57875002.17}}\"/pause 500/switchEvent Vivienne_eventEnd",
                "Vivienne_FantasticalEnd": "pause 1000/emote farmer 40/pause 500/speak VivienneLK \"{{i18n:57875002.Vivienne_FantasticalEnd.01}}\"/quickQuestion #{{i18n:57875002.Vivienne_FantasticalEnd.02}}#{{i18n:57875002.Vivienne_FantasticalEnd.03}}#{{i18n:57875002.Vivienne_FantasticalEnd.04}}(break)pause 500\\emote VivienneLK 20\\speak VivienneLK \"{{i18n:57875002.Vivienne_FantasticalEnd.05}}\"(break)pause 500\\emote VivienneLK 40\\speak VivienneLK \"{{i18n:57875002.Vivienne_FantasticalEnd.06}}\"(break)pause 500\\emote VivienneLK 60\\speak VivienneLK \"{{i18n:57875002.Vivienne_FantasticalEnd.07}}\"/switchEvent Vivienne_eventEnd",
                "Vivienne_eventEnd": "pause 500/faceDirection VivienneLK 2/pause 1000/faceDirection VivienneLK 1/speak VivienneLK \"{{i18n:57875002.Vivienne_eventEnd.01}}\"/pause 500/emote farmer 32/pause 1000/end"
            }
        },
        {
            "LogName": "Blank Blacksmith",
            "Action": "Load",
            "Target": "Data/Events/Blacksmith",
            "Priority":"Low",
            "FromFile": "assets/Blank.json"
        },
        {
            "LogName": "Blacksmith Events",
            "Action": "EditData",
            "Target": "Data/Events/Blacksmith",
            "When": {
                "HasMod |contains=aeki.ByeByeClintHelloClarice": false,
                "TrentonFamilyDrama": true
            },
            "Entries": {
                //4-heart event - talking to Clint
                "57875004/f VivienneLK 1000/t 1000 1600": "sappypiano/7 14/Clint 5 14 1 VivienneLK 6 14 3 farmer -100 -100 0/skippable/pause 500/speak Clint \"{{i18n:57875004.01}}\"/speak VivienneLK \"{{i18n:57875004.02}}\"/speak Clint \"{{i18n:57875004.03}}\"/playSound doorOpen/warp farmer 5 19/move farmer 0 -1 0/speak VivienneLK \"{{i18n:57875004.04}}\"/emote farmer 8/speak VivienneLK \"{{i18n:57875004.05}}\"/faceDirection Clint 0/emote Clint 40/pause 1000/faceDirection Clint 1/speak Clint \"{{i18n:57875004.06}}\"/textAboveHead VivienneLK \"{{i18n:57875004.07}}\"/pause 500/faceDirection VivienneLK 0/pause 500/faceDirection VivienneLK 1/pause 500/faceDirection VivienneLK 3/speak VivienneLK \"{{i18n:57875004.08}}\"/emote Clint 12/pause 1000/speak Clint \"{{i18n:57875004.09}}\"/speak VivienneLK \"{{i18n:57875004.10}}\"/pause 500/faceDirection Clint 0/speak Clint \"{{i18n:57875004.11}}\"/emote VivienneLK 28/advancedMove Clint false 0 -2 3 0 4 1000/pause 50/faceDirection VivienneLK 0/pause 1000/move VivienneLK -1 0 1/pause 1000/textAboveHead VivienneLK \"{{i18n:57875004.12}}\"/pause 500/emote Clint 12/pause 500/faceDirection VivienneLK 2/jump VivienneLK 5/emote VivienneLK 16/pause 500/speak VivienneLK \"{{i18n:57875004.13}}\"/emote farmer 28/move VivienneLK 0 3 2/speak VivienneLK \"{{i18n:57875004.14}}\"/quickQuestion #{{i18n:57875004.15}}#{{i18n:57875004.16}}#{{i18n:57875004.17}}#{{i18n:57875004.18}}(break)pause 500\\speak VivienneLK \"{{i18n:57875004.19}}\"(break)pause 500\\friendship VivienneLK -25\\speak VivienneLK \"{{i18n:57875004.20}}\"(break)pause 500\\friendship VivienneLK -15\\speak VivienneLK \"{{i18n:57875004.21}}\"(break)pause 500\\speak VivienneLK \"{{i18n:57875004.22}}\"/speak VivienneLK \"{{i18n:57875004.23}}\"/pause 500/faceDirection VivienneLK 0/pause 500/speak VivienneLK \"{{i18n:57875004.24}}\"/faceDirection VivienneLK 2/pause 500/speak VivienneLK \"{{i18n:57875004.25}}\"/pause 500/move farmer 1 0 3/pause 500/move VivienneLK 0 2 2/warp VivienneLK -100 -100/playSound doorClose/advancedMove Clint false -3 0 0 2 2 1000/pause 1000/move farmer 0 -3 3/pause 1000/speak Clint \"{{i18n:57875004.26}}\"/pause 1000/end",
                "57875015/e 57875004/e 57875008/p Clint": "cracklingFire/7 14/Clint 3 13 2 farmer 3 15 0/skippable/addConversationTopic ClintMomIssues 0/pause 500/speak Clint \"{{i18n:57875015.01}}\"/emote farmer 40/textAboveHead Clint \"{{i18n:57875015.02}}\"/speak Clint \"{{i18n:57875015.03}}\"/emote farmer 28/speak Clint \"{{i18n:57875015.04}}\"/quickQuestion #{{i18n:57875015.05}}#{{i18n:57875015.06}}#{{i18n:57875015.07}}#{{i18n:57875015.08}}(break)speak Clint \"{{i18n:57875015.09}}\"(break)speak Clint \"{{i18n:57875015.10}}\"(break)speak Clint \"{{i18n:57875015.11}}\"(break)speak Clint \"{{i18n:57875015.12}}\"/stopMusic/faceDirection Clint 0/playMusic desolate/speak Clint \"{{i18n:57875015.13}}\"/animate farmer false false 250 13 12/positionOffset farmer 0 16/pause 500/speak Clint \"{{i18n:57875015.14}}\"/animate farmer false false 250 14 12/positionOffset farmer 0 16/pause 500/speak Clint \"{{i18n:57875015.15}}\"/animate farmer false false 250 13 12/positionOffset farmer 0 16/pause 500/emote farmer 28/speak Clint \"{{i18n:57875015.16}}\"/animate farmer false false 250 14 12/positionOffset farmer 0 16/pause 500/speak Clint \"{{i18n:57875015.17}}\"/animate farmer false false 250 13 12/positionOffset farmer 0 16/pause 500/speak Clint \"{{i18n:57875015.18}}\"/animate farmer false false 250 14 12/positionOffset farmer 0 16/pause 500/playSound clank/jump Clint 3/faceDirection Clint 2/textAboveHead Clint \"{{i18n:57875015.19}}\"/pause 500/speak Clint \"{{i18n:57875015.20}}\"/emote farmer 60/pause 500/speak Clint \"{{i18n:57875015.21}}\"/pause 500/speed farmer 4/faceDirection farmer 2/advancedMove farmer false 2 0 0 2 2 1000/pause 1500/warp farmer -100 -100/playSound doorClose/emote Clint 28/stopAdvancedMoves/pause 1000/end",
            }
        },
        {
            "LogName": "Museum Events",
            "Action": "EditData",
            "Target": "Data/Events/ArchaeologyHouse",
            "Entries": { //9 hearts
                "57875007/f VivienneLK 2250/t 1000 1300": "Of Dwarves/11 11/VivienneLK 11 9 2 Penny 16 10 2 Jas 12 10 3 Vincent 10 10 1 Eloise 11 11 0 farmer 9 14 1 {{GuntherPosition}}/skippable/showFrame Vincent 24/showFrame Jas 22/showFrame Eloise 16/showFrame Penny 18/showFrame VivienneLK 18/viewport 11 10 clamp true/move farmer 3 0 0 true/pause 500/speak VivienneLK \"{{i18n:57875007.01}}\"/emote farmer 8/speak VivienneLK \"{{i18n:57875007.02}}\"/emote Jas 28 true/emote Vincent 28 true/speak VivienneLK \"{{i18n:57875007.03}}\"/pause 500/textAboveHead Eloise \"{{i18n:57875007.04}}\"/pause 1000/showFrame VivienneLK 16/pause 1000/speak VivienneLK \"{{i18n:57875007.05}}\"/stopMusic/faceDirection Jas 3 true/faceDirection Vincent 1 true/jump Jas 3 true/jump Vincent 3 true/showFrame Eloise 8/pause 500/faceDirection Jas 0 true/faceDirection Vincent 0 true/speak Jas \"{{i18n:57875007.06}}\"/textAboveHead Vincent \"{{i18n:57875007.07}}\"/pause 1000/textAboveHead Eloise \"{{i18n:57875007.08}}\"/showFrame VivienneLK 0/move VivienneLK 0 1 2/speak VivienneLK \"{{i18n:57875007.09}}\"/faceDirection VivienneLK 1/faceDirection Jas 1 true/faceDirection Vincent 1 true/faceDirection Eloise 1 true/speak VivienneLK \"{{i18n:57875007.10}}\"/showFrame Penny 0/move Penny -1 0 3/emote Penny 60/speak Penny \"{{i18n:57875007.11}}\"/speak VivienneLK \"{{i18n:57875007.12}}\"/faceDirection VivienneLK 2/faceDirection Jas 3/faceDirection Eloise 0/pause 500/speak VivienneLK \"{{i18n:57875007.13}}\"/emote Eloise 56/pause 500/playSound coin/pause 1000/move Eloise 1 0 3/pause 1000/advancedMove VivienneLK false 0 4 1 1000/pause 1000/advancedMove Eloise false -1 0 0 -2 2 50/pause 1500/animate Eloise false false 240 17 18 19 22 22 22 22 22 22/pause 1000/stopAnimation Eloise 22/showFrame Vincent 24/showFrame Jas 22/textAboveHead VivienneLK \"{{i18n:57875007.14}}\"/emote farmer 56/advancedMove VivienneLK false -4 0 0 -3 1 1000/advancedMove farmer false -4 0 0 -3 3 1000/viewport move -1 0 2000/textAboveHead Eloise \"{{i18n:57875007.15}}\"/speak VivienneLK \"{{i18n:57875007.16}}\"/playMusic desolate/pause 500/emote farmer 8/speak VivienneLK \"{{i18n:57875007.17}}\"/quickQuestion #{{i18n:57875007.18}}#{{i18n:57875007.19}}#{{i18n:57875007.20}}(break)speak VivienneLK \"{{i18n:57875007.21}}\"(break)speak VivienneLK \"{{i18n:57875007.22}}\"(break)speak VivienneLK \"{{i18n:57875007.23}}\"/speak VivienneLK \"{{i18n:57875007.24}}\"/faceDirection VivienneLK 2/emote VivienneLK 28/pause 1000/faceDirection VivienneLK 1/speak VivienneLK \"{{i18n:57875007.25}}\"/pause 500/emote farmer 40/speak VivienneLK \"{{i18n:57875007.26}}\"/emote farmer 8/pause 500/speak VivienneLK \"{{i18n:57875007.27}}\"/pause 500/jump farmer 3/emote farmer 16/speak VivienneLK \"{{i18n:57875007.28}}\"/faceDirection VivienneLK 0/emote VivienneLK 28/pause 500/faceDirection VivienneLK 1/speak VivienneLK \"{{i18n:57875007.29}}\"/pause 500/textAboveHead VivienneLK \"{{i18n:57875007.30}}\"/speak VivienneLK \"{{i18n:57875007.31}}\"/pause 500/emote farmer 60/pause 1000/textAboveHead Eloise \"{{i18n:57875007.32}}\"/pause 2000/end"
                //alternate dialogue if Eyvindr not installed?
                //With Vin: That's the final reason I came back here, @. After family, after health, after memoir.#$b#To see if he might still be alive, and to give him the books.
            }
        },
        {
            "Action": "EditData",
            "Target": "Data/mail",
            "Entries": {
                "Vivienne_LetterInviteOrchard": "{{i18n:Vivienne_LetterInvite}}[#]{{i18n:Vivienne_LetterInvite.Title}}"
            }
        },
        //Bonus events (basically Jacob talking with his mother, adds characterisation and some story, but not essential to the plot)
        {
            "LogName": "ES events",
            "Action": "EditData",
            "Target": "Data/Events/EastScarp_Village",
            "Entries": {
                //3 heart event - Jacob's unsolocited advice
                "57875003/f VivienneLK 750/f Jacob 1000/t 1000 1600/w sunny": "starshoot/48 41/Jacob 48 41 2 VivienneLK 49 37 2 farmer -100 -100 0/skippable/move VivienneLK 0 4 2/pause 1000/speak VivienneLK \"{{i18n:57875003.01}}\"/emote Jacob 40/pause 500/faceDirection Jacob 1/speak Jacob \"{{i18n:57875003.02}}\"/faceDirection VivienneLK 3/speak VivienneLK \"{{i18n:57875003.03}}\"/speak Jacob \"{{i18n:57875003.04}}\"/faceDirection Jacob 2/faceDirection VivienneLK 2/speak VivienneLK \"{{i18n:57875003.05}}\"/pause 1000/emote Jacob 12/pause 500/speak Jacob \"{{i18n:57875003.06}}\"/speak VivienneLK \"{{i18n:57875003.07}}\"/pause 1000/speak Jacob \"{{i18n:57875003.08}}\"/pause 500/move Jacob -3 0 3 true/pause 500/textAboveHead VivienneLK \"{{i18n:57875003.09}}\"/pause 1000/jump Jacob 3/faceDirection Jacob 1/textAboveHead Jacob \"{{i18n:57875003.10}}\"/pause 1000/end",
            },
            "When": {
                "TrentonFamilyDrama": true
            }
        },
        {
            "LogName": "VetHouse Events",
            "Action": "EditData",
            "Target": "Data/Events/EastScarp_VetHouse",
            "Entries": {
                //7 heart event - the C Word
                "57875009/e 57875006/f VivienneLK 1750/t 1900 2200": "none/-100 -100/VivienneLK 15 11 2 Jacob 21 15 3 farmer 12 27 0 RichieTheMacaw 8 21 2/skippable/viewport 14 22 clamp true/doAction 15 14/move farmer 0 -4 0/move farmer -2 0 0/move farmer 0 -1 0/textAboveHead RichieTheMacaw \"{{i18n:57875009.01}}\"/doAction 10 21/viewport move 0 -2 2000 true/move farmer 0 -4 0 true/move VivienneLK 0 4 1 true/move Jacob -4 0 3 true/pause 3000/showFrame farmer 15/speak Jacob \"{{i18n:57875009.02}}\"/playMusic desolate/pause 500/emote farmer 8/pause 500/showFrame farmer 37/speak Jacob \"{{i18n:57875009.03}}\"/faceDirection farmer 0/pause 500/move VivienneLK 1 0 1/textAboveHead VivienneLK \"{{i18n:57875009.04}}\"/emote Jacob 40/speak VivienneLK \"{{i18n:57875009.05}}\"/pause 500/pause 500/textAboveHead VivienneLK \"{{i18n:57875009.06}}\"/faceDirection VivienneLK 1/speak VivienneLK \"{{i18n:57875009.07}}\"/pause 500/emote Jacob 40/speak Jacob \"{{i18n:57875009.08}}\"/pause 500/emote VivienneLK 28/speak VivienneLK \"{{i18n:57875009.09}}\"/pause 500/faceDirection Jacob 1/textAboveHead Jacob \"{{i18n:57875009.10}}\"/pause 500/faceDirection Jacob 3/speak Jacob \"{{i18n:57875009.11}}\"/pause 500/faceDirection VivienneLK 3/emote VivienneLK 28/speak VivienneLK \"{{i18n:57875009.12}}\"/pause 500/faceDirection VivienneLK 1/speak VivienneLK \"{{i18n:57875009.13}}\"/textAboveHead Jacob \"{{i18n:57875009.14}}\"/speak Jacob \"{{i18n:57875009.15}}\"/pause 500/emote VivienneLK 20/speak VivienneLK \"{{i18n:57875009.16}}\"/pause 500/speak Jacob \"{{i18n:57875009.17}}\"/pause 500/emote VivienneLK 32/pause 500/textAboveHead VivienneLK \"{{i18n:57875009.18}}\"/message \"{{i18n:57875009.19}}\"/pause 1000/end",
            },
            "When": {
                "TrentonFamilyDrama": true
            }
        },
        {
            "LogName": "Orchard events",
            "Action": "EditData",
            "Target": "Data/Events/EastScarp_Orchard",
            "Entries": {
                "57875011/n Vivienne_LetterInviteOrchard/t 1000 1600/w sunny": "{{season}}2/18 16/VivienneLK 32 15 1 Lewis 33 15 3 Clint 34 16 0 Jacob 31 16 0 farmer 18 16 1/skippable/addConversationTopic OrchardHouseReveal 14/move farmer 12 0 1 true/viewport move 2 0 6500 true/pause 1500/emote VivienneLK 40/pause 1500/emote Lewis 40/pause 1000/textAboveHead Clint \"{{i18n:57875011.01}}\"/pause 1000/faceDirection Jacob 3/pause 1000/emote VivienneLK 28/pause 1000/faceDirection VivienneLK 3/speak VivienneLK \"{{i18n:57875011.02}}\"/faceDirection Clint 3/emote farmer 32/move farmer 0 1 1/faceDirection VivienneLK 2/faceDirection Jacob 2/move farmer 2 0 0/faceDirection Jacob 1/speak VivienneLK \"{{i18n:57875011.03}}\"/emote Clint 12/move Clint -1 0 3/faceDirection VivienneLK 1/textAboveHead VivienneLK \"{{i18n:57875011.04}}\"/pause 2000/emote Lewis 56/move Lewis 4 0 0 true/pause 1500/faceDirection VivienneLK 2/pause 1000/faceDirection Jacob 2/pause 500/faceDirection Jacob 1/pause 500/faceDirection Jacob 0/pause 500/emote Jacob 8/pause 500/speak VivienneLK \"{{i18n:57875011.05}}\"/faceDirection VivienneLK 2/faceDirection Jacob 1/speak VivienneLK \"{{i18n:57875011.06}}\"/pause 500/emote farmer 60/pause 500/faceDirection VivienneLK 0/faceDirection Jacob 0 true/faceDirection Clint 0 true/pause 1000/faceDirection VivienneLK 2/faceDirection Clint 3 true/faceDirection Jacob 1 true/speak VivienneLK \"{{i18n:57875011.07}}\"/textAboveHead Clint \"{{i18n:57875011.08}}\"/pause 1000/speak VivienneLK \"{{i18n:57875011.09}}\"/faceDirection VivienneLK 0/speak VivienneLK \"{{i18n:57875011.10}}\"/jump farmer 5/emote farmer 16/faceDirection VivienneLK 2/speak VivienneLK \"{{i18n:57875011.11}}\"/pause 1000/faceDirection VivienneLK 3/faceDirection Jacob 0/faceDirection Clint 0/pause 1000/faceDirection VivienneLK 1/faceDirection Clint 3/pause 1000/faceDirection VivienneLK 2/faceDirection Jacob 1/speak VivienneLK \"{{i18n:57875011.12}}\"/pause 500/textAboveHead VivienneLK \"{{i18n:57875011.13}}\"/pause 1000/faceDirection Jacob 0 true/faceDirection Clint 0 true/emote Jacob 16 true/emote Clint 16 true/jump Jacob 3 true/jump Clint 3 true/pause 1000/speak VivienneLK \"{{i18n:57875011.14}}\"/pause 1000/faceDirection VivienneLK 1/textAboveHead VivienneLK \"{{i18n:57875011.15}}\"/jump Lewis 5/move Lewis -4 0 3/speak VivienneLK \"{{i18n:57875011.16}}\"/emote Lewis 40/pause 500/move VivienneLK -9 0 1 true/move Lewis -9 0 3 true/pause 500/faceDirection Jacob 3/faceDirection Clint 3/pause 1000/faceDirection Jacob 2 true/faceDirection Clint 2 true/textAboveHead Jacob \"{{i18n:57875011.17}}\"/speak Clint \"{{i18n:57875011.18}}\"/jump farmer 5/emote farmer 36/pause 1000/faceDirection Jacob 1/faceDirection Clint 3/speak Jacob \"{{i18n:57875011.19}}\"/pause 500/speak Clint \"{{i18n:57875011.20}}\"/pause 1000/textAboveHead Jacob \"{{i18n:57875011.21}}\"/faceDirection Clint 2 true/faceDirection Jacob 2 true/emote farmer 28/pause 1000/faceDirection VivienneLK 2/textABoveHead VivienneLK \"{{playerName}}\"/jump farmer 5/speak VivienneLK \"{{i18n:57875011.23}}\"/faceDirection farmer 1/pause 50/faceDirection farmer 3/pause 50/speed farmer 4/advancedMove farmer false -9 0 0 -1 4 1000/faceDirection Jacob 3/faceDirection Clint 3/pause 1000/faceDirection Jacob 1/pause 1000/faceDirection Lewis 2/speak VivienneLK \"{{i18n:57875011.24}}\"/pause 1000/faceDirection farmer 1/textAboveHead Jacob \"{{i18n:57875011.25}}\"/pause 2000/textAboveHead Clint \"{{i18n:57875011.26}}\"/pause 2000/textAboveHead Jacob \"{{i18n:57875011.27}}\"/pause 2000/textAboveHead Clint \"{{i18n:57875011.28}}\"/viewport move -2 0 3000/faceDirection farmer 0/speak VivienneLK \"{{i18n:57875011.29}}\"/pause 500/emote Lewis 40/pause 1000/end",
            },
            "When": {
                "HasMod |contains=aeki.ByeByeClintHelloClarice": false,
                "TrentonFamilyDrama": true
            },
        },
        {
            "LogName": "Orchard events",
            "Action": "EditData",
            "Target": "Data/Events/EastScarp_Village",
            "Entries": {
                "57875016/f VivienneLK 2500/t 1600 1900": "{{season}}_day_ambient/-1000 -1000/VivienneLK 94 20 1 farmer 94 11 2 MrQi -100 -100 0/skippable/ignoreCollisions farmer/viewport 94 15 clamp true/move VivienneLK 3 0 2/pause 500/emote farmer 8/faceDirection VivienneLK 3/pause 500/faceDirection VivienneLK 2/move farmer 0 3 2/move VivienneLK 3 0 1/warp VivienneLK -100 -100/message \"{{i18n:57875016.01}}\"/pause 1000/end",
            }
        },
        {
            "LogName": "Orchard events",
            "Action": "EditData",
            "Target": "Data/Events/EastScarp_MineEntrance",
            "Entries": {
                "57875012/e 57875016/t 1600 1900": "{{season}}_day_ambient/22 13/VivienneLK 22 10 1 farmer 8 13 2 MrQi -100 -100 0/skippable/ignoreCollisions farmer/pause 500/advancedMove farmer false 8 0 1 1000/speak VivienneLK \"{{i18n:57875012.01}}\"/faceDirection VivienneLK 1/pause 500/addObject 23 10 102/faceDirection VivienneLK 0/emote farmer 8/playMusic desolate/speak VivienneLK \"{{i18n:57875012.02}}\"/pause 500/emote VivienneLK 28/pause 500/speak VivienneLK \"{{i18n:57875012.03}}\"/pause 500/textAboveHead VivienneLK \"{{i18n:57875012.04}}\"/pause 1500/stopMusic/playSound thunder/screenFlash .8/warp MrQi 22 13/pause 500/jump farmer 5/playMusic clubloop/textAboveHead MrQi \"{{i18n:57875012.05}}\"/speak MrQi \"{{i18n:57875012.06}}\"/jump VivienneLK 4/faceDirection VivienneLK 2/emote VivienneLK 16/pause 500/speak VivienneLK \"{{i18n:57875012.07}}\"/speak MrQi \"{{i18n:57875012.08}}\"/playSound thunder/screenFlash .8/warp MrQi 22 12/speak MrQi \"{{i18n:57875012.09}}\"/speed farmer 5/advancedMove farmer false 3 0 0 -1 2 0 1 1000/pause 500/faceDirection MrQi 3/textAboveHead MrQi \"{{i18n:57875012.10}}\"/speak MrQi \"{{i18n:57875012.11}}\"/quickQuestion #{{i18n:57875012.12}}#{{i18n:57875012.13}}(break)faceDirection MrQi 0\\pause 500\\emote VivienneLK 12\\pause 500\\faceDirection MrQi 3(break)textAboveHead MrQi \"{{i18n:57875012.14}}\"\\speak MrQi \"{{i18n:57875012.15}}\"/emote farmer 28/pause 500/faceDirection MrQi 0/pause 500/faceDirection MrQi 3/speak MrQi \"{{i18n:57875012.16}}\"/faceDirection MrQi 0/pause 500/speak MrQi \"{{i18n:57875012.17}}\"/pause 500/emote VivienneLK 12/pause 1000/faceDirection MrQi 3/speak MrQi \"{{i18n:57875012.18}}\"/emote farmer 60/pause 500/faceDirection MrQi 0/speak MrQi \"{{i18n:57875012.19}}\"/textAboveHead VivienneLK \"{{i18n:57875012.20}}\"/pause 500/faceDirection MrQi 3/pause 500/speak MrQi \"{{i18n:57875012.21}}\"/faceDirection MrQi 0/pause 500/speak MrQi \"{{i18n:57875012.22}}\"/faceDirection MrQi 3/pause 500/speak MrQi \"{{i18n:57875012.23}}\"/advancedMove VivienneLK false -1 0 0 1 2 500 0 1 -2 0 3 1000/pause 500/speed farmer 2/advancedMove farmer false -3 0 0 1 1 1000/pause 2500/textAboveHead MrQi \"{{i18n:57875012.24}}\"/pause 500/faceDirection VivienneLK 1/speak MrQi \"{{i18n:57875012.25}}\"/emote VivienneLK 16/emote farmer 8/pause 500/playSound thunder/screenFlash .8/removeSprite 23 10/warp MrQi -100 -100/pause 1000/faceDirection VivienneLK 2/pause 500/faceDirection VivienneLK 1/pause 500/faceDirection VivienneLK 2/pause 1000/speak VivienneLK \"{{i18n:57875012.26}}\"/end"
            }
        },
    ]
}