{
    "rain": "700 Custom_LK_LodgingHouse 21 21 3/1100 Custom_LK_LodgingHouse 7 18 0/1300 Custom_LK_LodgingHouse 28 7 0 Juliet_drums/a1700 JojaMart 9 25 1 Juliet_work/2300 Custom_LK_LodgingHouse 22 6 2 Juliet_sleep",
    "GreenRain": "700 Custom_LK_LodgingHouse 21 21 3/1100 Custom_LK_LodgingHouse 7 18 0/1300 Custom_LK_LodgingHouse 28 7 0 Juliet_drums/2300 Custom_LK_LodgingHouse 22 6 2 Juliet_sleep",
    "spring": "620 Custom_LK_LodgingHouse 21 21 3/a850 JojaMart 9 25 1 Juliet_work/1700 Town 25 22 2 Juliet_yoyo/2400 Custom_LK_LodgingHouse 22 6 2 Juliet_sleep",
    "spring_15": "700 Custom_LK_LodgingHouse 21 21 3/900 Custom_LK_LodgingHouse 28 7 0 Juliet_drums/1100 Custom_LK_ClearingHouse 23 27 3/1300 Beach 44 35 2 \"Strings\\schedules\\Juliet:spring_17.000\"/1800 Saloon 42 20 3/2400 Custom_LK_LodgingHouse 22 6 2 Juliet_sleep",
    "winter_17": "620 Custom_LK_LodgingHouse 21 21 3/a850 JojaMart 9 25 1 Juliet_work/1700 Beach 29 36 2 \"Strings\\schedules\\Juliet:winter_17.000\"/2400 Custom_LK_LodgingHouse 22 6 2 Juliet_sleep",
    "Wed": "620 Custom_LK_LodgingHouse 21 21 3/a850 JojaMart 9 25 1 Juliet_work/1700 Town 26 22 2 Juliet_yoyo/2400 Custom_LK_LodgingHouse 22 6 2 Juliet_sleep",
    "Sat": "700 Custom_LK_LodgingHouse 21 21 3/900 Custom_LK_LodgingHouse 28 7 0 Juliet_drums/1100 Custom_LK_ClearingHouse 23 27 3/1300 Beach 44 35 2/1800 Saloon 42 20 3/2400 Custom_LK_LodgingHouse 22 6 2 Juliet_sleep",
    "Sun": "700 Custom_LK_LodgingHouse 21 21 3/900 Custom_LK_LodgingHouse 28 7 0 Juliet_drums/1100 SeedShop 38 22 0/a1700 JojaMart 9 25 1 Juliet_work/2300 Town 35 21 2/2400 Custom_LK_LodgingHouse 22 6 2 Juliet_sleep",
    "JojaMart_Replacement": "Town 26 22 2 Juliet_yoyo"
}