{
    "Changes": [
        {
            "Action": "Load",
            "Target": "Characters/albinoRabbit",
            "FromFile": "assets/img/albinoRabbit.png"
        },
        {
            "Action": "Load",
            "Target": "Characters/ClintMagician",
            "FromFile": "assets/img/Clint_magician.png"
        },
        {
            "Action": "Load",
            "Target": "Characters/ClintTophat",
            "FromFile": "assets/img/Clint_Tophat.png"
        },
        {
            "Action": "Load",
            "Target": "Maps/CommunityCenterJuliet",
            "FromFile": "assets/Maps/TempMaps/CommunityCenter_Juliet.tmx"
        },
        //Juliet tells you about her new "promotion"
        {
            "LogName": "14-heart event starts",
            "Action": "EditData",
            "Target": "Data/Events/FarmHouse",
            "Entries": {
                "6398443/f Juliet 3500/O Juliet/t 1800 2200/L": "playful/12 17/Juliet -100 -100 0 farmer 27 28 0/addConversationTopic Juliet_TalentShow 7/skippable/pause 500/playSound doorOpen/warp Juliet 27 30/jump farmer 5/pause 500/faceDirection farmer 2/speak Juliet \"{{i18n:6398443.01}}\"/emote farmer 8/pause 500/speak Juliet \"{{i18n:6398443.02}}\"/emote farmer 16/speak Juliet \"{{i18n:6398443.03}}\"/quickQuestion #{{i18n:6398443.04}}#{{i18n:6398443.05}}#{{i18n:6398443.06}}(break)emote Juliet 20\\speak Juliet \"{{i18n:6398443.07}}\"(break)emote Juliet 12\\speak Juliet \"{{i18n:6398443_1.08}}\"(break)emote Juliet 40\\speak Juliet \"{{i18n:6398443.09}}\"/speak Juliet \"{{i18n:6398443.10}}\"/emote farmer 60/speak Juliet \"{{i18n:6398443.11}}\"/emote farmer 56/pause 1500/end"
            }
        },
        {
            "LogName": "Juliet reminds you of the event",
            "Action": "EditData",
            "Target": "Characters/Dialogue/MarriageDialogueJuliet",
            "When": {
                "HasSeenEvent": "6398443",
                "HasConversationTopic |contains=Juliet_TalentShow": false,
                "HasFlag |contains=Juliet_TalentShowReminder": false,
                "Relationship:Juliet": "Dating,Engaged, Married"
            },
            "Entries": {
                "{{season}}_{{day}}": "$1 Juliet_TalentShowReminder#{{i18n:talentshowreminder}}",
            }
        },
        {
            "LogName": "14 heart event",
            "Action": "EditData",
            "Target": "Data/Events/CommunityCenter",
            "Entries": {
                "6398444/A Juliet_TalentShow/e 6398443/t 1200 1800": "playful/-100 -100/{{Juliet_SetUp}}/addConversationTopic Juliet_TalentShow2 7/skippable/changeToTemporaryMap CommunityCenterJuliet/viewport 32 13 true/faceDirection Juliet 2/textAboveHead Juliet \"{{i18n:6398444.01}}\"/faceDirection Lewis 2/speed Juliet 5/advancedMove Juliet false 0 5 2 100/speed farmer 5/advancedMove farmer false 0 -5 4 100/speak Juliet \"{{i18n:6398444.02}}\"/emote farmer 56/speak Juliet \"{{i18n:6398444.03}}\"/fade/viewport -1000 -1000/message \"{{i18n:6398444.04}}\"/{{Juliet_MainEvent}}/viewport 32 13 true/pause 1000/speak Juliet \"{{i18n:6398444.05}}\"/textAboveHead Abigail \"{{i18n:6398444.06}}\"/pause 1000/textAboveHead Sebastian \"{{i18n:6398444.07}}\"/speak Juliet \"{{i18n:6398444.08}}\"/jump Gus 5/emote Evelyn 32/speak Juliet \"{{i18n:6398444.09}}\"/jump Clint 5/advancedMove Juliet false 0 2 4 100/stopMusic/advancedMove Clint false 0 -1 4 100/playMusic WizardSong/fade/viewport -1000 -1000/warp Clint -50 -50/addTemporaryActor ClintMagician 16 32 32 11 2 true/addTemporaryActor ClintTophat 16 16 32 12 2 false/addTemporaryActor albinoRabbit 16 16 -50 -50 2 false/showFrame Haley 25/viewport 32 13 true/pause 500/emote ClintMagician 28/pause 500/textAboveHead Emily \"{{i18n:6398444.10}}\"/pause 3000/{{Clint_Heckle}}/shake ClintMagician 350/textAboveHead ClintMagician \"{{i18n:6398444.11}}\"/pause 500/animate ClintMagician false false 240 0 1 2 3/pause 1000/playSound healSound/screenFlash 2/warp ClintTophat -50 -50/warp albinoRabbit 32 12/pause 500/textAboveHead Vincent \"{{i18n:6398444.12}}\"/emote Jas 20/jump albinoRabbit/emote albinoRabbit 16/faceDirection albinoRabbit 3/pause 500/faceDirection albinoRabbit 1/speed albinoRabbit 5/advancedMove albinoRabbit false 5 0 3 100/proceedPosition albinoRabbit/warp albinoRabbit -50 -50/speak Jas \"{{i18n:6398444.13}}\"/pause 500/{{Clint_Heckle2}}/pause 500/textAboveHead Wizard \"{{i18n:6398444.14}}\"/stopMusic/fade/viewport -1000 -1000/warp albinoRabbit 36 12/warp ClintMagician -50 -50/warp Clint 29 15/speak Juliet \"{{i18n:6398444.15}}\"/playMusic sadpiano/warp Elliott 32 11/faceDirection Elliott 2/viewport 32 13 true/faceDirection Clint 1/faceDirection Emily 3/{{Clint_Heckle3}}/faceDirection Clint 0/faceDirection Emily 0/pause 500/speak Elliott \"{{i18n:6398444.16}}\"/pause 500/speak Elliott \"{{i18n:6398444.17}}\"/fade/emote Marnie 20/emote Maru 24/speak Elliott \"{{i18n:6398444.18}}\"/pause 2000/jump Juliet 5/advancedMove Juliet false 0 -2 2 100/speak Juliet \"{{i18n:6398444.19}}\"/emote Elliott 40/pause 500/fade/stopMusic/viewport -1000 -1000/warp Elliott 36 15/faceDirection Elliott 0/fade/viewport -1000 -1000/warp Emily 32 11/animate Emily false true 250 16 17 16 17 20 21 20 21 18 19 18 19 22 23 22 23/warp Leah 33 11/animate Leah false true 250 30 31/warp Juliet 34 13/faceDirection Juliet 0/viewport 32 13 true/playMusic event2/pause 4000/emote Clint 20/emote Elliott 56/animate Vincent false true 250 20 8 21 8/pause 2000/fade/stopMusic/viewport -1000 -1000/stopAnimation Emily/stopAnimation Leah/stopAnimation Vincent/warp Emily 30 15/faceDirection Emily 0/warp Leah 37 15/faceDirection Leah 0/warp Vincent 32 11/faceDirection Vincent 2/viewport 32 13 true/pause 500/speak Vincent \"{{i18n:6398444.20}}\"/animate Marnie false true 200 33 34/emote Jodi 20/textAboveHead Kent \"{{i18n:6398444.21}}\"/pause 1000/fade/viewport -1000 -1000/stopAnimation Marnie/warp Vincent 26 11/faceDirection Vincent 1/warp Willy 32 11/playMusic desolate/faceDirection Willy 2/viewport 32 13 true/pause 500/speak Willy \"{{i18n:6398444.22}}\"/pause 1000/emote Jessie 20/faceDirection Vincent 1/textAboveHead Vincent \"{{i18n:6398444.23}}\"/pause 2500/emote Jodi 40/pause 1000/fade/stopMusic/viewport -1000 -1000/warp Willy 43 11/faceDirection Willy 3/warp Sam 32 11/faceDirection Sam 2 true/warp Sebastian 34 10/positionOffset Sebastian 20 -20/faceDirection Sebastian 2/warp Abigail 30 10/positionOffset Abigail 40 -24/faceDirection Abigail 2/speak Juliet \"{{i18n:6398444.24}}\"/viewport 32 13 true/speak Sam \"{{i18n:6398444.25}}\"/pause 500/emote Juliet 60/pause 500/faceDirection Juliet 1 true/faceDirection farmer 3 true/emote farmer 32/pause 1500/advancedMove Juliet false -1 0 0 -2 2 100/textAboveHead Pam \"{{i18n:6398444.26}}\"/pause 500/emote Juliet 40/speak Juliet \"{{i18n:6398444.27}}\"/faceDirection Juliet 3 true/faceDirection Sam 1 true/emote Juliet 56/pause 500/faceDirection Sam 2/speak Sam \"{{i18n:6398444.28}}\"/faceDirection Juliet 2/pause 500/playMusic heavy/textAboveHead Sam \"{{i18n:6398444.29}}\"/animate Abigail false true 125 49 34 35 48/pause 2500/animate Sam false true 250 20 21/animate Sebastian false true 125 42 43 52 53/animate Vincent false true 250 20 8 21 8/animate Emily false true 250 16 17/animate Leah false true 250 30 31/animate Elliott false true 250 36 37/animate Maru false true 250 29 30/animate Robin false true 250 20 21 22/animate Demetrius false true 240 24 25 26/pause 7000/fade/viewport -1000 -1000/stopMusic/speak Juliet \"{{i18n:6398444.30}}\"/end"
                //jump Sam/pause 500/animate Sam false true 236 22 23/pause 2000/fade/stopAnimation Sam/stopAnimation Sebastian/stopAnimation Abigail/pause 700/animate Abigail false true 250 49 34 35 48/animate Sam false true 500 20 21/animate Sebastian false true 250 42 43 52 53/pause 3000/stopAnimation Demetrius/stopAnimation Robin/stopAnimation Sam/stopAnimation Sebastian/stopAnimation Abigail/pause 800/stopAnimation Vincent/stopAnimation Elliott/stopAnimation Leah/stopAnimation Maru/stopAnimation Emily/pause 1500/end"
            }
        },
        // Tell Everyone about the event   
        {
            "LogName": "Tell Abigail",
            "Action": "EditData",
            "Target": "Characters/Dialogue/Abigail",
            "Entries": {
                "Juliet_TalentShow": "{{i18n:abigail_Juliet_TalentShow}}",
                "Juliet_TalentShow2": "{{i18n:abigail_Juliet_TalentShow2}}"
            }
        },
        {
            "LogName": "Tell Alex",
            "Action": "EditData",
            "Target": "Characters/Dialogue/Alex",
            "Entries": {
                "Juliet_TalentShow": "{{i18n:alex_Juliet_TalentShow}}"
            }
        },
        {
            "LogName": "Tell Caroline",
            "Action": "EditData",
            "Target": "Characters/Dialogue/Caroline",
            "Entries": {
                "Juliet_TalentShow": "$1 Pierre_Opera#{{i18n:caroline_Juliet_TalentShow}}"
            }
        },
        {
            "LogName": "Tell Clint",
            "Action": "EditData",
            "Target": "Characters/Dialogue/Clint",
            "Entries": {
                "Juliet_TalentShow": "{{i18n:clint_Juliet_TalentShow}}",
                "Juliet_TalentShow2": "{{i18n:clint_Juliet_TalentShow2}}"
            }
        },
        {
            "LogName": "Tell Demetrius",
            "Action": "EditData",
            "Target": "Characters/Dialogue/Demetrius",
            "Entries": {
                "Juliet_TalentShow": "{{i18n:demetrius_Juliet_TalentShow}}"
            }
        },
        {
            "LogName": "Tell Emily",
            "Action": "EditData",
            "Target": "Characters/Dialogue/Emily",
            "Entries": {
                "Juliet_TalentShow": "{{i18n:emily_Juliet_TalentShow}}"
            }
        },
        {
            "LogName": "Tell Elliot",
            "Action": "EditData",
            "Target": "Characters/Dialogue/Elliot",
            "Entries": {
                "Juliet_TalentShow": "{{i18n:elliott_Juliet_TalentShow}}"
            }
        },
        {
            "LogName": "Tell Evelyn",
            "Action": "EditData",
            "Target": "Characters/Dialogue/Evelyn",
            "Entries": {
                "Juliet_TalentShow": "{{i18n:evelyn_Juliet_TalentShow}}",
                "Juliet_TalentShow2": "{{i18n:evelyn_Juliet_TalentShow2}}"
            }
        },
        {
            "LogName": "Tell George",
            "Action": "EditData",
            "Target": "Characters/Dialogue/George",
            "Entries": {
                "Juliet_TalentShow": "{{i18n:george_Juliet_TalentShow}}",
                "Juliet_TalentShow2": "{{i18n:george_Juliet_TalentShow2}}"
            }
        },
        {
            "LogName": "Tell Harvey",
            "Action": "EditData",
            "Target": "Characters/Dialogue/Harvey",
            "Entries": {
                "Juliet_TalentShow": "{{i18n:harvey_Juliet_TalentShow}}",
                "Juliet_TalentShow2": "{{i18n:harvey_Juliet_TalentShow2}}"
            }
        },
        {
            "LogName": "Tell Haley",
            "Action": "EditData",
            "Target": "Characters/Dialogue/Haley",
            "Entries": {
                "Juliet_TalentShow": "{{i18n:haley_Juliet_TalentShow}}",
                "Juliet_TalentShow2": "{{i18n:haley_Juliet_TalentShow2}}"
            }
        },
        {
            "LogName": "Tell Gus",
            "Action": "EditData",
            "Target": "Characters/Dialogue/Gus",
            "Entries": {
                "Juliet_TalentShow": "{{i18n:gus_Juliet_TalentShow}}",
                "Juliet_TalentShow2": "{{i18n:gus_Juliet_TalentShow2}}"
            }
        },
        {
            "LogName": "Tell Leah",
            "Action": "EditData",
            "Target": "Characters/Dialogue/Leah",
            "Entries": {
                "Juliet_TalentShow": "{{i18n:leah_Juliet_TalentShow}}",
                "Juliet_TalentShow2": "{{i18n:leah_Juliet_TalentShow2}}"
            }
        },
        {
            "LogName": "Tell Linus",
            "Action": "EditData",
            "Target": "Characters/Dialogue/Linus",
            "Entries": {
                "Juliet_TalentShow": "{{i18n:linus_Juliet_TalentShow}}",
                "Juliet_TalentShow2": "{{i18n:linus_Juliet_TalentShow2}}"
            }
        },
        {
            "LogName": "Tell Jodi",
            "Action": "EditData",
            "Target": "Characters/Dialogue/Jodi",
            "Entries": {
                "Juliet_TalentShow": "{{i18n:jodi_Juliet_TalentShow}}",
                "Juliet_TalentShow2": "{{i18n:jodi_Juliet_TalentShow2}}"
            }
        },
        {
            "LogName": "Tell Kent",
            "Action": "EditData",
            "Target": "Characters/Dialogue/Kent",
            "Entries": {
                "Juliet_TalentShow": "{{i18n:kent_Juliet_TalentShow}}"
            }
        },
        {
            "LogName": "Tell Maru",
            "Action": "EditData",
            "Target": "Characters/Dialogue/Maru",
            "Entries": {
                "Juliet_TalentShow": "{{i18n:maru_Juliet_TalentShow}}"
            }
        },
        {
            "LogName": "Tell Pam",
            "Action": "EditData",
            "Target": "Characters/Dialogue/Pam",
            "Entries": {
                "Juliet_TalentShow": "{{i18n:pam_Juliet_TalentShow}}",
                "Juliet_TalentShow2": "{{i18n:pam_Juliet_TalentShow2}}"
            }
        },
        {
            "LogName": "Tell Pierre",
            "Action": "EditData",
            "Target": "Characters/Dialogue/Pierre",
            "Entries": {
                "Juliet_TalentShow": "{{i18n:pierre_Juliet_TalentShow}}"
            }
        },
        {
            "LogName": "Tell Pierre",
            "Action": "EditData",
            "Target": "Characters/Dialogue/Pierre",
            "Entries": {
                "Juliet_TalentShow": "{{i18n:pierre_Juliet_TalentShow2}}"
            },
            "When": {
                "HasFlag": "Pierre_Opera"
            }
        },
        {
            "LogName": "Lewis reacts",
            "Action": "EditData",
            "Target": "Characters/Dialogue/Lewis",
            "Entries": {
                "Juliet_TalentShow": "{{i18n:lewis_Juliet_TalentShow}}",
                "Juliet_TalentShow2": "{{i18n:lewis_Juliet_TalentShow2}}",
                "JulietParents": "{{i18n:lewis_Juliet_julietparents}}"
            }
        },
        {
            "LogName": "Marnie reacts",
            "Action": "EditData",
            "Target": "Characters/Dialogue/Marnie",
            "Entries": {
                "Juliet_TalentShow": "{{i18n:marnie_Juliet_TalentShow}}",
                "Juliet_TalentShow2": "{{i18n:marnie_Juliet_TalentShow2}}"
            }
        },
        {
            "LogName": "Tell Penny",
            "Action": "EditData",
            "Target": "Characters/Dialogue/Penny",
            "Entries": {
                "Juliet_TalentShow": "{{i18n:penny_Juliet_TalentShow}}",
                "Juliet_TalentShow2": "{{i18n:penny_Juliet_TalentShow2}}"
            }
        },
        {
            "LogName": "Tell Robin",
            "Action": "EditData",
            "Target": "Characters/Dialogue/Robin",
            "Entries": {
                "Juliet_TalentShow": "{{i18n:robin_Juliet_TalentShow}}",
                "Juliet_TalentShow2": "{{i18n:robin_Juliet_TalentShow2}}"
            }
        },
        {
            "LogName": "Tell Sam",
            "Action": "EditData",
            "Target": "Characters/Dialogue/Sam",
            "Entries": {
                "Juliet_TalentShow": "{{i18n:sam_Juliet_TalentShow}}",
                "Juliet_TalentShow2": "{{i18n:sam_Juliet_TalentShow2}}"
            }
        },
        {
            "LogName": "Tell Sebastian",
            "Action": "EditData",
            "Target": "Characters/Dialogue/Sebastian",
            "Entries": {
                "Juliet_TalentShow": "Yeh, of course we'll play at your talent show. I wasn't too keen, but Abby and Sam twisted my arm.$2",
                "Juliet_TalentShow2": "Okay, I admit it. It was quite fun playing for an audience again."
            }
        },
        {
            "LogName": "Tell Shane",
            "Action": "EditData",
            "Target": "Characters/Dialogue/Shane",
            "Entries": {
                "Juliet_TalentShow": "Hidden talents? Hah. No. I don't think so.$2",
                "Juliet_TalentShow2": "Jas had fun. Me? Well, the food was good."
            },
            "When": {
                "HasSeenEvent |contains=3900074": false
            }
        },
        {
            "LogName": "Tell Shane",
            "Action": "EditData",
            "Target": "Characters/Dialogue/Shane",
            "Entries": {
                "Juliet_TalentShow": "Hidden talents? Well, maybe. But I don't think Charlie would like all the attention.$3",
                "Juliet_TalentShow2": "You know, I worked with Jules for ages, but never really got to know her.#$b#Kinda now feel like I missed out. She seems pretty alright."
            },
            "When": {
                "HasSeenEvent |contains=3900074": true
            }
        },
        {
            "LogName": "Tell Willy",
            "Action": "EditData",
            "Target": "Characters/Dialogue/Willy",
            "Entries": {
                "Juliet_TalentShow": "You need entertainers? Oh, I'm sure I've got just the story!#$b#Have I told you about my friend who fell in love with a mermaid?#$b#No? Well, I've got quite the treat for you!",
                "Juliet_TalentShow2": "What happened to the fisherman and his fish-wife? Oh... that's a tale for another day!"
            }
        },
        {
            "LogName": "Tell Wizard",
            "Action": "EditData",
            "Target": "Characters/Dialogue/Wizard",
            "Entries": {
                "Juliet_TalentShow": "I am not a wizard-for-hire you know....$1"
            }
        },
        {
            "LogName": "Tell Marlon",
            "Action": "EditData",
            "Target": "Characters/Dialogue/MarlonFay",
            "Entries": {
                "Juliet_TalentShow": "Thanks for the invitation, @, but I'm going to have to decline.#$b#I don't think my skills would go down too well in the Community Center. "
            }
        },
        {
            "LogName": "Tell Marlon",
            "Action": "EditData",
            "Target": "Characters/Dialogue/Marlon",
            "Entries": {
                "Juliet_TalentShow": "Thanks for the invitation, kid, but I'm going to have to decline.#$b#I don't think my skills would go down too well in the Community Center.",
                "Juliet_TalentShow2": "Can't fault the company. Performances were a little lacklustre though."
            }
        },
        {
            "LogName": "Tell Gunther",
            "Action": "EditData",
            "Target": "Characters/Dialogue/Gunther",
            "Entries": {
                "Juliet_TalentShow": "I don't have any hidden talents, but I do have a nice standing geode. Juliet suggested I help with the decorations."
            }
        },
        {
            "LogName": "Tell Juliet",
            "Action": "EditData",
            "Target": "Characters/Dialogue/Juliet",
            "Entries": {
                "Juliet_TalentShow": "Okay... The Mayor's letting us use the community center... so... I've gotta get onto the decorations, talk to Gus about catering...#$b#Gah, this organizing lark is so complicated, isn't it!",
                "Juliet_TalentShow2": "The Mayor wants me to organize it again next year. I guess that means it was a success, right?$1"
            }
        },
        {
            "LogName": "Tell Jasper",
            "Action": "EditData",
            "Target": "Characters/Dialogue/Jasper",
            "Entries": {
                "Juliet_TalentShow": "Ms Juliet is seeking our secret talents? Oh, I am sure my skills are much too mundane.#$b#Well, I could tell a tale of the goblins, I guess... Or maybe hunt out that old bone flute...",
            }
        },
        {
            "LogName": "Tell Jessie",
            "Action": "EditData",
            "Target": "Characters/Dialogue/Jessie",
            "Entries": {
                "Juliet_TalentShow": "Our Juliet is organizing a talent show? Oh, I always knew one day she'd shine.#$b#Oh, no, no-one wants to see my secret talent. But I'll support her from the side line!$1"
            }
        },
        {
            "LogName": "Tell Vincent",
            "Action": "EditData",
            "Target": "Characters/Dialogue/Vincent",
            "Entries": {
                "Juliet_TalentShow": "Oh cool! I wonder if I can teach my snail a few tricks. Oooh, or I could tell jokes!$1#$b#What do you call a fake noodle?$3#$b#An im-pasta! Get it!$1",
                "Juliet_TalentShow2": "That was so much fun! But if we do it again, can we have prizes next time?$1"
            }
        },
        {
            "LogName": "Tell Jas",
            "Action": "EditData",
            "Target": "Characters/Dialogue/Jas",
            "Entries": {
                "Juliet_TalentShow": "Oh! Performing in front of everyone sounds a bit scary.",
                "Juliet_TalentShow2": "Mr Clint said Mr. Snuffles could come live with me!$1#$b#We made him a house in the barn!"
            }
        },
        {
            "LogName": "Tell Mr Ginger",
            "Action": "EditData",
            "Target": "Characters/Dialogue/MisterGinger",
            "Entries": {
                "Juliet_TalentShow": "Oh yes, your talent show. How droll. I'd do anything for Jas, but tricks? Well... maybe if cheese were involved.$3",
                "Juliet_TalentShow2": "Great... so Jas has a rabbit now. It doesn't like me much. Keeps staring at me with those creepy pink eyes.#$b#Also, I think it could be a vampire."
            },
            "When": {
                "HasSeenEvent": "50706121",
                "HasSeenEvent |contains=5295000": false
            }
        },
        {
            "LogName": "Tell Lucikiel",
            "Action": "EditData",
            "Target": "Characters/Dialogue/Lucikiel",
            "Entries": {
                "Juliet_TalentShow": "My hidden talents could flatten the town, and leave the villagers cowering like the frightened animals they once were.#$b#I believe you'd prefer I merely spectate.",
                "Juliet_TalentShow2": "They all believe the hat into rabbit was an illusion, clever trickery.#$b#How naive, how innocent, they are."
            }
        }
    ]
}