{
    "Changes": [

		//TODO: BIRTHDAY RESPONSES!

	{
		//Eli's responses
		
		"LogName": "Eli Gifts",
        "Action": "EditData",
        "Target": "Characters/Dialogue/Nova.Eli",
        "Entries": {

			//Winter Star

			"WinterStar_ReceiveGift_(O)206": "{{i18n:Gifts.NovaEli.GiftReaction.Pizza.WinterStar{{GeneralDialogueTokens}}}}",
			"WinterStar_ReceiveGift_(O)107": "{{i18n:Gifts.NovaEli.GiftReaction.DinosaurEgg.WinterStar{{GeneralDialogueTokens}}}}",
			"WinterStar_ReceiveGift_(O)565": "{{i18n:Gifts.NovaEli.GiftReaction.FireOpal.WinterStar{{GeneralDialogueTokens}}}}",
			"WinterStar_ReceiveGift_(O)253": "{{i18n:Gifts.NovaEli.GiftReaction.TripleShotEspresso.WinterStar{{GeneralDialogueTokens}}}}",
			"WinterStar_ReceiveGift_(O)773": "{{i18n:Gifts.NovaEli.GiftReaction.LifeElixir.WinterStar{{GeneralDialogueTokens}}}}",
			"WinterStar_ReceiveGift_(O)74": "{{i18n:Gifts.NovaEli.GiftReaction.PrismaticShard.WinterStar{{GeneralDialogueTokens}}}}",
			"WinterStar_ReceiveGift_(O)446": "{{i18n:Gifts.NovaEli.GiftReaction.Rabbit'sFoot.WinterStar{{GeneralDialogueTokens}}}}",
			"WinterStar_ReceiveGift_(O)373": "{{i18n:Gifts.NovaEli.GiftReaction.GoldenPumpkin.WinterStar{{GeneralDialogueTokens}}}}",
			"WinterStar_ReceiveGift_(O)279": "{{i18n:Gifts.NovaEli.GiftReaction.MagicRockCandy.WinterStar{{GeneralDialogueTokens}}}}",
			"WinterStar_ReceiveGift_(O)797": "{{i18n:Gifts.NovaEli.GiftReaction.Pearl.WinterStar{{GeneralDialogueTokens}}}}",

			//Birthday

			"AcceptBirthdayGift_Loved": "{{i18n:Gifts.NovaEli.GiftReaction.Loved.Birthday{{GeneralDialogueTokens}}}}",
        	"AcceptBirthdayGift_Liked": "{{i18n:Gifts.NovaEli.GiftReaction.Liked.Birthday{{GeneralDialogueTokens}}}}",
        	"AcceptBirthdayGift_Disliked": "{{i18n:Gifts.NovaEli.GiftReaction.Disliked.Birthday{{GeneralDialogueTokens}}}}",
        	"AcceptBirthdayGift_Hated": "{{i18n:Gifts.NovaEli.GiftReaction.Hated.Birthday{{GeneralDialogueTokens}}}}",
        	"AcceptBirthdayGift_Neutral": "{{i18n:Gifts.NovaEli.GiftReaction.Neutral.Birthday{{GeneralDialogueTokens}}}}",

            //Loves
			
			"AcceptGift_(O)206": "{{i18n:Gifts.NovaEli.GiftReaction.Pizza.{{Random:{{Range:1, 2}}}}{{GeneralDialogueTokens}}}}",
			"AcceptGift_(O)107": "{{i18n:Gifts.NovaEli.GiftReaction.DinosaurEgg.{{Random:{{Range:1, 2}}}}{{GeneralDialogueTokens}}}}",
			"AcceptGift_(O)565": "{{i18n:Gifts.NovaEli.GiftReaction.FireOpal.{{Random:{{Range:1, 2}}}}{{GeneralDialogueTokens}}}}",
			"AcceptGift_(O)253": "{{i18n:Gifts.NovaEli.GiftReaction.TripleShotEspresso.{{Random:{{Range:1, 4}}}}{{GeneralDialogueTokens}}}}",
			"AcceptGift_(O)773": "{{i18n:Gifts.NovaEli.GiftReaction.LifeElixir.{{Random:{{Range:1, 2}}}}{{GeneralDialogueTokens}}}}",
			"AcceptGift_(O)74": "{{i18n:Gifts.NovaEli.GiftReaction.PrismaticShard.{{Random:{{Range:1, 2}}}}{{GeneralDialogueTokens}}}}",
			"AcceptGift_(O)446": "{{i18n:Gifts.NovaEli.GiftReaction.Rabbit'sFoot.{{Random:{{Range:1, 2}}}}{{GeneralDialogueTokens}}}}",
			"AcceptGift_(O)373": "{{i18n:Gifts.NovaEli.GiftReaction.GoldenPumpkin.{{Random:{{Range:1, 2}}}}{{GeneralDialogueTokens}}}}",
			"AcceptGift_(O)279": "{{i18n:Gifts.NovaEli.GiftReaction.MagicRockCandy.{{Random:{{Range:1, 2}}}}{{GeneralDialogueTokens}}}}",
			"AcceptGift_(O)797": "{{i18n:Gifts.NovaEli.GiftReaction.Pearl.{{Random:{{Range:1, 2}}}}{{GeneralDialogueTokens}}}}",
			"AcceptGift_(O)WWWA.GenuineAutograph": "{{i18n:Gifts.NovaEli.GiftReaction.GenuineAutographedPhoto{{GeneralDialogueTokens}}}}",
			"AcceptGift_(O)sapphicsaph_pitv.PridePop": "{{i18n:Gifts.NovaEli.GiftReaction.sapphicsaph_pitv.PridePop{{GeneralDialogueTokens}}}}",
			"AcceptGift_(O)sapphicsaph_pitv.GaylacticCookie": "{{i18n:Gifts.NovaEli.GiftReaction.sapphicsaph_pitv.GaylacticCookie{{GeneralDialogueTokens}}}}",

			//Likes
			
			"AcceptGift_(O)260": "{{i18n:Gifts.NovaEli.GiftReaction.HotPepper.{{Random:{{Range:1, 2}}}}{{GeneralDialogueTokens}}}}",
			"AcceptGift_(O)395": "{{i18n:Gifts.NovaEli.GiftReaction.Coffee.{{Random:{{Range:1, 2}}}}{{GeneralDialogueTokens}}}}",
			"AcceptGift_(O)552": "{{i18n:Gifts.NovaEli.GiftReaction.Malachite.{{Random:{{Range:1, 2}}}}{{GeneralDialogueTokens}}}}",
			"AcceptGift_(O)258": "{{i18n:Gifts.NovaEli.GiftReaction.Blueberry.{{Random:{{Range:1, 2}}}}{{GeneralDialogueTokens}}}}",
			"AcceptGift_(O)286": "{{i18n:Gifts.NovaEli.GiftReaction.CherryBomb.{{Random:{{Range:1, 2}}}}{{GeneralDialogueTokens}}}}",
			"AcceptGift_(O)287": "{{i18n:Gifts.NovaEli.GiftReaction.Bomb.{{Random:{{Range:1, 2}}}}{{GeneralDialogueTokens}}}}",
			"AcceptGift_(O)289": "{{i18n:Gifts.NovaEli.GiftReaction.MegaBomb.{{Random:{{Range:1, 2}}}}{{GeneralDialogueTokens}}}}",
			"AcceptGift_(O)772": "{{i18n:Gifts.NovaEli.GiftReaction.OilOfGarlic.{{Random:{{Range:1, 2}}}}{{GeneralDialogueTokens}}}}",
			"AcceptGift_(O)881": "{{i18n:Gifts.NovaEli.GiftReaction.BoneFragments.{{Random:{{Range:1, 2}}}}{{GeneralDialogueTokens}}}}",
			"AcceptGift_(O)681": "{{i18n:Gifts.NovaEli.GiftReaction.RainTotem{{GeneralDialogueTokens}}}}",
			"AcceptGift_(O)688": "{{i18n:Gifts.NovaEli.GiftReaction.FarmTotem{{GeneralDialogueTokens}}}}",
            "AcceptGift_(O)690": "{{i18n:Gifts.NovaEli.GiftReaction.BeachTotem{{GeneralDialogueTokens}}}}",
            "AcceptGift_(O)689": "{{i18n:Gifts.NovaEli.GiftReaction.MountainsTotem{{GeneralDialogueTokens}}}}",
            "AcceptGift_(O)261": "{{i18n:Gifts.NovaEli.GiftReaction.DesertTotem{{GeneralDialogueTokens}}}}",
            "AcceptGift_(O)886": "{{i18n:Gifts.NovaEli.GiftReaction.IslandTotem{{GeneralDialogueTokens}}}}",
			"AcceptGift_(O)EastScarp_Scarp_Warp_Totem": "{{i18n:Gifts.NovaEli.GiftReaction.EastScarpTotem{{GeneralDialogueTokens}}}}",
			"AcceptGift_(O){{ModID}}_JunimoTotem": "{{i18n:Gifts.NovaEli.OldWoodsTotem{{GeneralDialogueTokens}}}}",
			"AcceptGift_(O){{ModID}}_ChaosTotem": "{{i18n:Gifts.NovaEli.ChaosTotem{{GeneralDialogueTokens}}}}",
			"AcceptGift_(O)sapphicsaph_pitv.BiBerryMuffin": "{{i18n:Gifts.NovaEli.GiftReaction.sapphicsaph_pitv.BiBerryMuffin{{GeneralDialogueTokens}}}}",
			"AcceptGift_(O)sapphicsaph_pitv.LesbianLollipop": "{{i18n:Gifts.NovaEli.GiftReaction.sapphicsaph_pitv.LesbianLollipop{{GeneralDialogueTokens}}}}",
			"AcceptGift_(O)sapphicsaph_pitv.EnbyEclair": "{{i18n:Gifts.NovaEli.GiftReaction.sapphicsaph_pitv.EnbyEclair{{GeneralDialogueTokens}}}}",
			"AcceptGift_(O)sapphicsaph_pitv.TastyAceCookie": "{{i18n:Gifts.NovaEli.GiftReaction.sapphicsaph_pitv.TastyAceCookie{{GeneralDialogueTokens}}}}",
			"AcceptGift_(O)sapphicsaph_pitv.ARomanticCookie": "{{i18n:Gifts.NovaEli.GiftReaction.sapphicsaph_pitv.ARomanticCookie{{GeneralDialogueTokens}}}}",
			"AcceptGift_(O)sapphicsaph_pitv.TransTart": "{{i18n:Gifts.NovaEli.GiftReaction.sapphicsaph_pitv.TransTart{{GeneralDialogueTokens}}}}",
			
			//Neutral

			"AcceptGift_(O)WWWA.AutographedPhoto": "{{i18n:Gifts.NovaEli.GiftReaction.AnAutographedPhoto{{GeneralDialogueTokens}}}}",
			
			"AcceptGift_(O)96": "{{i18n:Gifts.NovaEli.GiftReaction.DwarfScrollI{{GeneralDialogueTokens}}}}",
			"AcceptGift_(O)97": "{{i18n:Gifts.NovaEli.GiftReaction.DwarfScrollII{{GeneralDialogueTokens}}}}",
			"AcceptGift_(O)98": "{{i18n:Gifts.NovaEli.GiftReaction.DwarfScrollIII{{GeneralDialogueTokens}}}}",
			"AcceptGift_(O)99": "{{i18n:Gifts.NovaEli.GiftReaction.DwarfScrollIV{{GeneralDialogueTokens}}}}",
			"AcceptGift_(O)121": "{{i18n:Gifts.NovaEli.GiftReaction.DwarvishHelm{{GeneralDialogueTokens}}}}",
			"AcceptGift_(O)122": "{{i18n:Gifts.NovaEli.GiftReaction.DwarfGadget{{GeneralDialogueTokens}}}}",
			"AcceptGift_(O)112": "{{i18n:Gifts.NovaEli.GiftReaction.RustyCog{{GeneralDialogueTokens}}}}",
			"AcceptGift_(O)104": "{{i18n:Gifts.NovaEli.GiftReaction.ElvishJewelry{{GeneralDialogueTokens}}}}",
			"AcceptGift_(O)108": "{{i18n:Gifts.NovaEli.GiftReaction.RareDisc{{GeneralDialogueTokens}}}}",
			"AcceptGift_(O)103": "{{i18n:Gifts.NovaEli.GiftReaction.AncientDoll{{GeneralDialogueTokens}}}}",
			"AcceptGift_582(O)": "{{i18n:Gifts.NovaEli.GiftReaction.SkeletalHand{{GeneralDialogueTokens}}}}",
			"AcceptGift_(O)589": "{{i18n:Gifts.NovaEli.GiftReaction.Trilobite{{GeneralDialogueTokens}}}}",
			"AcceptGift_(O)586": "{{i18n:Gifts.NovaEli.GiftReaction.NautilusFossil{{GeneralDialogueTokens}}}}",
			"AcceptGift_(O)117": "{{i18n:Gifts.NovaEli.GiftReaction.Anchor{{GeneralDialogueTokens}}}}",
			"AcceptGift_(O)118": "{{i18n:Gifts.NovaEli.GiftReaction.GlassShards{{GeneralDialogueTokens}}}}",
			"AcceptGift_(O)106": "{{i18n:Gifts.NovaEli.GiftReaction.OrnamentalFan{{GeneralDialogueTokens}}}}",
			"AcceptGift_(O)116": "{{i18n:Gifts.NovaEli.GiftReaction.DriedStarfish{{GeneralDialogueTokens}}}}",
			"AcceptGift_(O)557": "{{i18n:Gifts.NovaEli.GiftReaction.PetrifiedSlime{{GeneralDialogueTokens}}}}",
			"AcceptGift_(O)584": "{{i18n:Gifts.NovaEli.GiftReaction.PrehistoricVertebra{{GeneralDialogueTokens}}}}",
			"AcceptGift_(O)123": "{{i18n:Gifts.NovaEli.GiftReaction.AncientDrum{{GeneralDialogueTokens}}}}",
			"AcceptGift_(O)115": "{{i18n:Gifts.NovaEli.GiftReaction.PrehistoricTool{{GeneralDialogueTokens}}}}",
			"AcceptGift_(O)120": "{{i18n:Gifts.NovaEli.GiftReaction.PrehistoricHandaxe{{GeneralDialogueTokens}}}}",
			"AcceptGift_(O)124": "{{i18n:Gifts.NovaEli.GiftReaction.GoldenMask{{GeneralDialogueTokens}}}}",
			"AcceptGift_(O)125": "{{i18n:Gifts.NovaEli.GiftReaction.GoldenRelic{{GeneralDialogueTokens}}}}",
			"AcceptGift_(O)588": "{{i18n:Gifts.NovaEli.GiftReaction.PalmFossil{{GeneralDialogueTokens}}}}",
			"AcceptGift_(O)126": "{{i18n:Gifts.NovaEli.GiftReaction.StrangeDoll{{GeneralDialogueTokens}}}}",
			"AcceptGift_(O)127": "{{i18n:Gifts.NovaEli.GiftReaction.StrangeDoll{{GeneralDialogueTokens}}}}",
			"AcceptGift_(O)113": "{{i18n:Gifts.NovaEli.GiftReaction.ChickenStatue{{GeneralDialogueTokens}}}}",
			"AcceptGift_(O)111": "{{i18n:Gifts.NovaEli.GiftReaction.RustySpur{{GeneralDialogueTokens}}}}",
			"AcceptGift_(O)587": "{{i18n:Gifts.NovaEli.GiftReaction.AmphibianFossil{{GeneralDialogueTokens}}}}",
			"AcceptGift_(O)109": "{{i18n:Gifts.NovaEli.GiftReaction.AncientSword{{GeneralDialogueTokens}}}}",
			"AcceptGift_(O)114": "{{i18n:Gifts.NovaEli.GiftReaction.AncientSeed{{GeneralDialogueTokens}}}}",
			"AcceptGift_(O)119": "{{i18n:Gifts.NovaEli.GiftReaction.BoneFlute{{GeneralDialogueTokens}}}}",
			"AcceptGift_(O)579": "{{i18n:Gifts.NovaEli.GiftReaction.PrehistoricScapula{{GeneralDialogueTokens}}}}",
			"AcceptGift_(O)581": "{{i18n:Gifts.NovaEli.GiftReaction.PrehistoricSkull{{GeneralDialogueTokens}}}}",
			"AcceptGift_(O)105": "{{i18n:Gifts.NovaEli.GiftReaction.ChewingStick{{GeneralDialogueTokens}}}}",
			"AcceptGift_(O)101": "{{i18n:Gifts.NovaEli.GiftReaction.Arrowhead{{GeneralDialogueTokens}}}}",
			"AcceptGift_(O)580": "{{i18n:Gifts.NovaEli.GiftReaction.PrehistoricTibia{{GeneralDialogueTokens}}}}",
			"AcceptGift_(O)583": "{{i18n:Gifts.NovaEli.GiftReaction.PrehistoricRib{{GeneralDialogueTokens}}}}",
			"AcceptGift_(O)585": "{{i18n:Gifts.NovaEli.GiftReaction.SkeletalTail{{GeneralDialogueTokens}}}}",
			"AcceptGift_(O)110": "{{i18n:Gifts.NovaEli.GiftReaction.RustySpoon{{GeneralDialogueTokens}}}}",
			"AcceptGift_(O)100": "{{i18n:Gifts.NovaEli.GiftReaction.ChippedAmphora{{GeneralDialogueTokens}}}}",
			
			//Dislikes
			
			"AcceptGift_(O)346": "{{i18n:Gifts.NovaEli.GiftReaction.Alcohol.{{Random:{{Range:1, 2}}}}{{GeneralDialogueTokens}}}}",
			"AcceptGift_(O)303": "{{i18n:Gifts.NovaEli.GiftReaction.Alcohol.{{Random:{{Range:1, 2}}}}{{GeneralDialogueTokens}}}}",
			"AcceptGift_(O)348": "{{i18n:Gifts.NovaEli.GiftReaction.Alcohol.{{Random:{{Range:1, 2}}}}{{GeneralDialogueTokens}}}}",
			"AcceptGift_(O)459": "{{i18n:Gifts.NovaEli.GiftReaction.Alcohol.{{Random:{{Range:1, 2}}}}{{GeneralDialogueTokens}}}}",
			"AcceptGift_(O)873": "{{i18n:Gifts.NovaEli.GiftReaction.Alcohol.{{Random:{{Range:1, 2}}}}{{GeneralDialogueTokens}}}}",
			
			//Hates
			
			"AcceptGift_(O)167": "{{i18n:Gifts.NovaEli.GiftReaction.JojaCola.{{Random:{{Range:1, 2}}}}{{GeneralDialogueTokens}}}}",
			"AcceptGift_(O)789": "{{i18n:Gifts.NovaEli.GiftReaction.LuckyPurpleShorts{{GeneralDialogueTokens}}}}", //You monster.
			"RejectItem_(O)169": "{{i18n:Gifts.NovaEli.GiftReaction.Driftwood{{GeneralDialogueTokens}}}}",
			"RejectItem_(O)170": "{{i18n:Gifts.NovaEli.GiftReaction.BrokenGlasses{{GeneralDialogueTokens}}}}",
			"RejectItem_(O)171": "{{i18n:Gifts.NovaEli.GiftReaction.BrokenCD{{GeneralDialogueTokens}}}}",
			"RejectItem_(O)172": "{{i18n:Gifts.NovaEli.GiftReaction.SoggyNewspaper.{{Random:1++2++3|InputSeparator=++}}{{GeneralDialogueTokens}}}}",
			
			//Can categories still be reacted to with the new format??

			//Artisan Goods (with the exception of alcohol!)
			
			"AcceptGift_category_artisan_goods": "{{i18n:Gifts.NovaEli.GiftReaction.ArtisanGoods{{GeneralDialogueTokens}}}}",
			
			//Fish
			
			"AcceptGift_category_fish": "{{i18n:Gifts.NovaEli.GiftReaction.Fish{{GeneralDialogueTokens}}}}",

			//Eli will reject the Ruby Ring when given to him.
			
			"reject_EastScarp_Vintage_Ruby_Ring": "{{i18n:Gifts.NovaEli.GiftReaction.534}}"
			
        }
	},
	{
		"LogName": "Dylan Gifts",
		"Action": "EditData",
		"Target": "Characters/Dialogue/Nova.Dylan",
		"Entries": {

			//Winter Star

			"WinterStar_ReceiveGift_(O)149": "{{i18n:Gifts.NovaDylan.GiftReaction.Octopus.WinterStar{{GeneralDialogueTokens}}}}",
			"WinterStar_ReceiveGift_(O)265": "{{i18n:Gifts.NovaDylan.GiftReaction.SeafoamPudding.WinterStar{{GeneralDialogueTokens}}}}",
			"WinterStar_ReceiveGift_(O)155": "{{I18n:Gifts.NovaDylan.GiftReaction.SuperCucumber.WinterStar{{GeneralDialogueTokens}}}}",
			"WinterStar_ReceiveGift_(O)560": "{{i18n:Gifts.NovaDylan.GiftReaction.OceanStone.WinterStar{{GeneralDialogueTokens}}}}",
			"WinterStar_ReceiveGift_(O)235": "{{i18n:Gifts.NovaDylan.GiftReaction.Autumn'sBounty.WinterStar{{GeneralDialogueTokens}}}}",
			"WinterStar_ReceiveGift_(O)206": "{{i18n:Gifts.NovaDylan.GiftReaction.Pizza.WinterStar{{GeneralDialogueTokens}}}}",
			"WinterStar_ReceiveGift_(O)797": "{{i18n:Gifts.NovaDylan.GiftReaction.Pearl.WinterStar{{GeneralDialogueTokens}}}}",

			//Birthday

			"AcceptBirthdayGift_Loved": "{{i18n:Gifts.NovaDylan.GiftReaction.Loved.Birthday{{GeneralDialogueTokens}}}}",
        	"AcceptBirthdayGift_Liked": "{{i18n:Gifts.NovaDylan.GiftReaction.Liked.Birthday{{GeneralDialogueTokens}}}}",
        	"AcceptBirthdayGift_Disliked": "{{i18n:Gifts.NovaDylan.GiftReaction.Disliked.Birthday{{GeneralDialogueTokens}}}}",
        	"AcceptBirthdayGift_Hated": "{{i18n:Gifts.NovaDylan.GiftReaction.Hated.Birthday{{GeneralDialogueTokens}}}}",
        	"AcceptBirthdayGift_Neutral": "{{i18n:Gifts.NovaDylan.GiftReaction.Neutral.Birthday{{GeneralDialogueTokens}}}}",
			
			//Loves

			"AcceptGift_(O)149": "{{i18n:Gifts.NovaDylan.GiftReaction.Octopus.{{Random:{{Range:1, 2}}}}{{GeneralDialogueTokens}}}}",
			"AcceptGift_(O)265": "{{i18n:Gifts.NovaDylan.GiftReaction.SeafoamPudding{{GeneralDialogueTokens}}}}",
			"AcceptGift_(O)155": "{{i18n:Gifts.NovaDylan.GiftReaction.SuperCucumber.{{Random:{{Range:1, 2}}}}{{GeneralDialogueTokens}}}}",
			"AcceptGift_(O)560": "{{i18n:Gifts.NovaDylan.GiftReaction.OceanStone{{GeneralDialogueTokens}}}}",
			"AcceptGift_(O)235": "{{i18n:Gifts.NovaDylan.GiftReaction.Autumn'sBounty{{GeneralDialogueTokens}}}}",
			"AcceptGift_(O)206": "{{i18n:Gifts.NovaDylan.GiftReaction.Pizza.{{Random:{{Range:1, 2}}}}{{GeneralDialogueTokens}}}}",
			"AcceptGift_(O)797": "{{i18n:Gifts.NovaDylan.GiftReaction.Pearl{{GeneralDialogueTokens}}}}",
			"AcceptGift_(O)WWWA.GenuineAutograph": "{{i18n:Gifts.NovaDylan.GiftReaction.GenuineAutographedPhoto{{GeneralDialogueTokens}}}}",
			"AcceptGift_(O)sapphicsaph_pitv.PridePop": "{{i18n:Gifts.NovaDylan.GiftReaction.sapphicsaph_pitv.PridePop{{GeneralDialogueTokens}}}}",
			"AcceptGift_(O)sapphicsaph_pitv.TastyAceCookie": "{{i18n:Gifts.NovaDylan.GiftReaction.sapphicsaph_pitv.TastyAceCookie{{GeneralDialogueTokens}}}}",

			//Likes

			"AcceptGift_(O)394": "{{i18n:Gifts.NovaDylan.GiftReaction.RainbowShell{{GeneralDialogueTokens}}}}",
			"AcceptGift_(O)116": "{{i18n:Gifts.NovaDylan.GiftReaction.DriedStarfish{{GeneralDialogueTokens}}}}",
			"AcceptGift_(O)128": "{{i18n:Gifts.NovaDylan.GiftReaction.Pufferfish{{GeneralDialogueTokens}}}}",
			"AcceptGift_(O)129": "{{i18n:Gifts.NovaDylan.GiftReaction.Anchovy{{GeneralDialogueTokens}}}}",
			"AcceptGift_(O)130": "{{i18n:Gifts.NovaDylan.GiftReaction.Tuna{{GeneralDialogueTokens}}}}",
			"AcceptGift_(O)705": "{{i18n:Gifts.NovaDylan.GiftReaction.Albacore{{GeneralDialogueTokens}}}}",
			"AcceptGift_(O)717": "{{i18n:Gifts.NovaDylan.GiftReaction.Crab{{GeneralDialogueTokens}}}}",
			"AcceptGift_(O)sapphicsaph_pitv.BiBerryMuffin": "{{i18n:Gifts.NovaDylan.GiftReaction.sapphicsaph_pitv.BiBerryMuffin{{GeneralDialogueTokens}}}}",
			"AcceptGift_(O)sapphicsaph_pitv.LesbianLollipop": "{{i18n:Gifts.NovaDylan.GiftReaction.sapphicsaph_pitv.LesbianLollipop{{GeneralDialogueTokens}}}}",
			"AcceptGift_(O)sapphicsaph_pitv.GaylacticCookie": "{{i18n:Gifts.NovaDylan.GiftReaction.sapphicsaph_pitv.GaylacticCookie{{GeneralDialogueTokens}}}}",
			"AcceptGift_(O)sapphicsaph_pitv.EnbyEclair": "{{i18n:Gifts.NovaDylan.GiftReaction.AcceptGift_(O)sapphicsaph_pitv.EnbyEclair{{GeneralDialogueTokens}}}}",
			"AcceptGift_(O)sapphicsaph_pitv.ARomanticCookie": "{{i18n:Gifts.NovaDylan.GiftReaction.AcceptGift_(O)sapphicsaph_pitv.ARomanticCookie{{GeneralDialogueTokens}}}}",
			"AcceptGift_(O)sapphicsaph_pitv.TransTart": "{{i18n:Gifts.NovaDylan.GiftReaction.AcceptGift_(O)sapphicsaph_pitv.TransTart{{GeneralDialogueTokens}}}}",

			//Neutral

			"AcceptGift_(O)WWWA.AutographedPhoto": "{{i18n:Gifts.NovaDylan.GiftReaction.AnAutographedPhoto{{GeneralDialogueTokens}}}}",

			//Hates

			"AcceptGift_(O)789": "{{i18n:Gifts.NovaDylan.GiftReaction.LuckyPurpleShorts{{GeneralDialogueTokens}}}}",

			//Dylan will reject the Ruby Ring when given to him.
			
			"reject_EastScarp_Vintage_Ruby_Ring": "{{i18n:Gifts.NovaDylan.GiftReaction.534{{GeneralDialogueTokens}}}}"
		}
	}
]
}