{
  "Changes": [

    //Texture Load

    {
      "Action": "Load",
      "Target": "Mods/EnD/Objects",
      "FromFile": "Assets/EnDObjects.png"
    },
    {
      "Action": "Load",
      "Target": "Mods/EnD/Crops",
      "FromFile": "Assets/EnDCrops.png"
    },
    {
      "Action": "Load",
      "Target": "Mods/EnD/GiantCrops",
      "FromFile": "Assets/EnDGiantCrops.png"
    },

    //Replace CC Aquarium

    {
      "LogName": "CC Tank Animation",
      "Action": "EditData",
      "Target": "spacechase0.SpaceCore/TextureOverrides",
      "Entries": {
        "CCTankAnimation": {
          "TargetTexture": "TileSheets\\furniture_2",
          "TargetRect": { "X": 0, "Y": 256, "Width": 96, "Height": 48 },
          "SourceTexture": "{{InternalAssetKey: Assets/Images/CCAquarium.png}}:0..29@12"
        }
      },
      "When": {
        "HasSeenEvent": "191393"
      },
      "Update": "OnLocationChange"
    },

    {
      "LogName": "Chaos Totem Animation",
      "Action": "EditData",
      "Target": "spacechase0.SpaceCore/TextureOverrides",
      "Entries": {
        "ChaosTotemAnimation": {
          "TargetTexture": "Mods\\EnD\\Objects",
          "TargetRect": { "X": 32, "Y": 112, "Width": 16, "Height": 16 },
          "SourceTexture":"{{InternalAssetKey: Assets/Images/ChaosTotem.png}}:0..7@12"
        }
      }
    },

    //Items

    {
      "Action": "EditData",
      "Target": "Data/Objects",
      "Entries": {
        "{{ModID}}_ChaosTotem": {
          "Name": "{{ModID}}_ChaosTotem",
          "DisplayName": "{{i18n:Core.Items.ChaosTotem}}",
          "Description": "{{i18n:Core.Items.ChaosTotem.Description}}",
          "Type": "Crafting",
          "Category": 0,
          "ExcludeFromRandomSale": true,
          "ExcludeFromShippingCollection": "{{Exclude From Perfection}}",
          "Price": "250",
          "Texture": "Mods/EnD/Objects",
          "SpriteIndex": 30,
          "Edibility": -300,
          "IsDrink": false,
          "ContextTags": [
            "not_placeable",
            "totem_item"
          ]
        },
        "{{ModID}}_JunimoTotem": {
          "Name": "{{ModID}}_JunimoTotem",
          "DisplayName": "{{i18n:Core.Items.JunimoTotem}}",
          "Description": "{{i18n:Core.Items.JunimoTotem.Description}}",
          "Type": "Crafting",
          "Category": 0,
          "ExcludeFromRandomSale": true,
          "ExcludeFromShippingCollection": "{{Exclude From Perfection}}",
          "Price": "250",
          "Texture": "Mods/EnD/Objects",
          "SpriteIndex": 31,
          "Edibility": -300,
          "IsDrink": false,
          "ContextTags": [
            "not_placeable",
            "totem_item"
          ]
        }
      }
    },

    {
      "Action": "EditData",
      "Target": "Data/CraftingRecipes",
      "Entries": {
        "{{ModID}}_JunimoTotem": "{{ModID}}_MandrakeRoot 1 709 5 768 1//{{ModID}}_JunimoTotem 1/false/{{i18n:Core.Items.JunimoTotem}}"
      }
    },

    {
      "Action": "EditData",
      "Target": "spacechase0.SpaceCore/ObjectExtensionData",
      "Update": "OnLocationChange, OnTimeChange",
      "Entries": {
        "{{ModID}}_JunimoTotem": {
          "TotemWarp": {
            "Location": "{{ModID}}_OldWoods",
            "Position": "29, 45",
            "Color": {
              "R": "3",
              "G": "252",
              "B": "127",
              "A": "255"
            }
          }
        }
      }
    },

    //Crops

    {
      "Action": "EditData",
      "Target": "Data/Objects",
      "Entries": {
        "{{ModID}}_MandrakeRoot": {
          "Name": "{{ModID}}_MandrakeRoot",
          "DisplayName": "{{i18n:Core.Items.MandrakeRoot}}",
          "Description": "{{i18n:Core.Items.MandrakeRoot.Description}}",
          "Type": "Vegetable",
          "Category": -75,
          "ExcludeFromRandomSale": true,
          "ExcludeFromShippingCollection": "{{Exclude From Perfection}}",
          "Price": 200,
          "Edibility": 30,
          "IsDrink": false,
          "Texture": "Mods/EnD/Objects",
          "SpriteIndex": 0,
          "ContextTags": [
            "color_green",
            "crop_mandrakeroot"
          ]
        },
        "{{ModID}}_MandrakeRootSeeds": {
          "Name": "{{ModID}}_MandrakeRootSeeds",
          "DisplayName": "{{i18n:Core.Items.MandrakeRootSeeds}}",
          "Description": "{{i18n:Core.Items.MandrakeRootSeeds.Description}}",
          "Type": "Seeds",
          "Category": -74,
          "ExcludeFromRandomSale": true,
          "Price": 30,
          "Texture": "Mods/EnD/Objects",
          "SpriteIndex": 1
        },
        "{{ModID}}_SanguineHeart": {
          "Name": "{{ModID}}_SanguineHeart",
          "DisplayName": "{{i18n:Core.Items.SanguineHeart}}",
          "Description": "{{i18n:Core.Items.SanguineHeart.Description}}",
          "Type": "Fruit",
          "Category": -79,
          "ExcludeFromRandomSale": true,
          "ExcludeFromShippingCollection": "{{Exclude From Perfection}}",
          "Price": 250,
          "Edibility": 30,
          "IsDrink": false,
          "Texture": "Mods/EnD/Objects",
          "SpriteIndex": 2,
          "ContextTags": [
            "color_red",
            "crop_sanguineheart"
          ]
        },
        "{{ModID}}_SanguineHeartSeeds": {
          "Name": "{{ModID}}_SanguineHeartSeeds",
          "DisplayName": "{{i18n:Core.Items.SanguineHeartSeeds}}",
          "Description": "{{i18n:Core.Items.SanguineHeartSeeds.Description}}",
          "Type": "Seeds",
          "Category": -74,
          "ExcludeFromRandomSale": true,
          "Price": 40,
          "Texture": "Mods/EnD/Objects",
          "SpriteIndex": 3
        },
        "{{ModID}}_BeholderFruit": {
          "Name": "{{ModID}}_BeholderFruit",
          "DisplayName": "{{i18n:Core.Items.BeholderFruit}}",
          "Description": "{{i18n:Core.Items.BeholderFruit.Description}}",
          "Type": "Fruit",
          "Category": -79,
          "ExcludeFromRandomSale": true,
          "ExcludeFromShippingCollection": "{{Exclude From Perfection}}",
          "Price": 100,
          "Edibility": 25,
          "IsDrink": false,
          "Texture": "Mods/EnD/Objects",
          "SpriteIndex": 4,
          "ContextTags": [
            "color_red",
            "crop_beholderfruit"
          ]
        },
        "{{ModID}}_BeholderFruitSeeds": {
          "Name": "{{ModID}}_BeholderFruitSeeds",
          "DisplayName": "{{i18n:Core.Items.BeholderFruitSeeds}}",
          "Description": "{{i18n:Core.Items.BeholderFruitSeeds.Description}}",
          "Type": "Seeds",
          "Category": -74,
          "ExcludeFromRandomSale": true,
          "Price": 50,
          "Texture": "Mods/EnD/Objects",
          "SpriteIndex": 5
        },
        "{{ModID}}_DragonEye": {
          "Name": "{{ModID}}_DragonEye",
          "DisplayName": "{{i18n:Core.Items.DragonEye}}",
          "Description": "{{i18n:Core.Items.DragonEye.Description}}",
          "Type": "Fruit",
          "Category": -79,
          "ExcludeFromRandomSale": true,
          "ExcludeFromShippingCollection": "{{Exclude From Perfection}}",
          "Price": 100,
          "Edibility": 20,
          "IsDrink": false,
          "Texture": "Mods/EnD/Objects",
          "SpriteIndex": 6
        },
        "{{ModID}}_DragonEyeSeeds": {
          "Name": "{{ModID}}_DragonEyeSeeds",
          "DisplayName": "{{i18n:Core.Items.DragonEyeSeeds}}",
          "Description": "{{i18n:Core.Items.DragonEyeSeeds.Description}}",
          "Type": "Seeds",
          "Category": -74,
          "ExcludeFromRandomSale": true,
          "Price": 50,
          "Texture": "Mods/EnD/Objects",
          "SpriteIndex": 7
        },
        "{{ModID}}_CrystallineLily": {
          "Name": "{{ModID}}_CrystallineLily",
          "DisplayName": "{{i18n:Core.Items.CrystallineLily}}",
          "Description": "{{i18n:Core.Items.CrystallineLily.Description}}",
          "Type": "Flower",
          "Category": -80,
          "ExcludeFromRandomSale": true,
          "ExcludeFromShippingCollection": "{{Exclude From Perfection}}",
          "Price": 180,
          "Texture": "Mods/EnD/Objects",
          "SpriteIndex": 8
        },
        "{{ModID}}_CrystallineLilySeeds": {
          "Name": "{{ModID}}_CrystallineLilySeeds",
          "DisplayName": "{{i18n:Core.Items.CrystallineLilySeeds}}",
          "Description": "{{i18n:Core.Items.CrystallineLilySeeds.Description}}",
          "Type": "Seeds",
          "Category": -74,
          "ExcludeFromRandomSale": true,
          "Price": 60,
          "Texture": "Mods/EnD/Objects",
          "SpriteIndex": 9
        },
        "{{ModID}}_PixieBloom": {
          "Name": "{{ModID}}_PixieBloom",
          "DisplayName": "{{i18n:Core.Items.PixieBloom}}",
          "Description": "{{i18n:Core.Items.PixieBloom.Description}}",
          "Type": "Flower",
          "Category": -80,
          "ExcludeFromRandomSale": true,
          "ExcludeFromShippingCollection": "{{Exclude From Perfection}}",
          "Price": 90,
          "Texture": "Mods/EnD/Objects",
          "SpriteIndex": 10
        },
        "{{ModID}}_PixieBloomSeeds": {
          "Name": "{{ModID}}_PixieBloomSeeds",
          "DisplayName": "{{i18n:Core.Items.PixieBloomSeeds}}",
          "Description": "{{i18n:Core.Items.PixieBloomSeeds.Description}}",
          "Type": "Seeds",
          "Category": -74,
          "ExcludeFromRandomSale": true,
          "Price": 60,
          "Texture": "Mods/EnD/Objects",
          "SpriteIndex": 11
        },
        "{{ModID}}_Bluffshroom": {
          "Name": "{{ModID}}_Bluffshroom",
          "DisplayName": "{{i18n:Core.Items.Bluffshroom}}",
          "Description": "{{i18n:Core.Items.Bluffshroom.Description}}",
          "Type": "Forage",
          "Category": -75,
          "ExcludeFromRandomSale": true,
          "ExcludeFromShippingCollection": "{{Exclude From Perfection}}",
          "Price": 75,
          "Edibility": 15,
          "IsDrink": false,
          "Texture": "Mods/EnD/Objects",
          "SpriteIndex": 12,
          "ContextTags": [
            "edible_mushroom"
          ]
        },
        "{{ModID}}_BluffshroomStarter": {
          "Name": "{{ModID}}_BluffshroomStarter",
          "DisplayName": "{{i18n:Core.Items.BluffshroomStarter}}",
          "Description": "{{i18n:Core.Items.BluffshroomStarter.Description}}",
          "Type": "Seeds",
          "Category": -74,
          "ExcludeFromRandomSale": true,
          "Price": 50,
          "Texture": "Mods/EnD/Objects",
          "SpriteIndex": 13
        }
      }
    },

    {
      "Action": "EditData",
      "Target": "Data/Crops",
      "Entries": {
        "{{ModID}}_MandrakeRootSeeds": {
          "Seasons": [ "fall" ],
          "DaysInPhase": [ 1, 1, 2, 2, 3, 3 ],
          "RegrowDays": -1,
          "HarvestItemID": "{{ModID}}_MandrakeRoot",
          "Texture": "Mods/EnD/Crops",
          "SpriteIndex": 0
        },
        "{{ModID}}_SanguineHeartSeeds": {
          "Seasons": [ "fall" ],
          "DaysInPhase": [ 1, 1, 2, 2, 2, 2 ],
          "RegrowDays": -1,
          "HarvestItemID": "{{ModID}}_SanguineHeart",
          "Texture": "Mods/EnD/Crops",
          "SpriteIndex": 2
        },
        "{{ModID}}_BeholderFruitSeeds": {
          "Seasons": [ "fall" ],
          "DaysInPhase": [ 1, 3, 3, 3, 3 ],
          "RegrowDays": 4,
          "HarvestItemID": "{{ModID}}_BeholderFruit",
          "Texture": "Mods/EnD/Crops",
          "SpriteIndex": 4
        },
        "{{ModID}}_DragonEyeSeeds": {
          "Seasons": [ "summer" ],
          "DaysInPhase": [ 1, 3, 3, 3, 3 ],
          "RegrowDays": 4,
          "HarvestMinStack": 1,
          "HarvestMaxStack": 2,
          "HarvestItemID": "{{ModID}}_DragonEye",
          "Texture": "Mods/EnD/Crops",
          "SpriteIndex": 6
        },
        "{{ModID}}_CrystallineLilySeeds": {
          "Seasons": [ "winter" ],
          "DaysInPhase": [ 1, 3, 3, 3, 4 ],
          "RegrowDays": -1,
          "HarvestItemID": "{{ModID}}_CrystallineLily",
          "Texture": "Mods/EnD/Crops",
          "SpriteIndex": 8
        },
        "{{ModID}}_PixieBloomSeeds": {
          "Seasons": [ "spring", "summer" ],
          "DaysInPhase": [ 1, 2, 2, 3, 3, 3 ],
          "RegrowDays": -1,
          "HarvestMinStack": 1,
          "HarvestMaxStack": 3,
          "HarvestMaxIncreasePerFarmingLevel": 0.2,
          "HarvestItemID": "{{ModID}}_PixieBloom",
          "Texture": "Mods/EnD/Crops",
          "SpriteIndex": 10
        },
        "{{ModID}}_BluffshroomStarter": {
          "Seasons": [ "spring", "winter" ],
          "DaysInPhase": [ 2, 2, 2, 1, 1 ],
          "RegrowDays": 4,
          "IsRaised": true,
          "HarvestMinStack": 1,
          "HarvestMaxStack": 3,
          "HarvestMaxIncreasePerFarmingLevel": 0.2,
          "HarvestItemID": "{{ModID}}_Bluffshroom",
          "Texture": "Mods/EnD/Crops",
          "SpriteIndex": 12
        }
      }
    },

    //Giant Crops

    {
      "LogName": "EnD Giant Crops",
      "Action": "EditData",
      "Target": "Data/GiantCrops",
      "Entries": {
        "{{ModID}}_GiantMandrakeRoot": {
          "FromItemID": "{{ModID}}_MandrakeRoot",
          "HarvestItems": [
            {
							"Chance": 1.0,
							"ItemID": "{{ModID}}_MandrakeRoot",
							"Quality": 0,
							"MinStack": 5,
							"MaxStack": 7
						},
						{
							"Chance": 1.0,
							"ItemID": "{{ModID}}_MandrakeRoot",
							"Quality": 1,
							"MinStack": 5,
							"MaxStack": 7
						},
						{
							"Chance": 1.0,
							"ItemID": "{{ModID}}_MandrakeRoot",
							"Quality": 2,
							"MinStack": 5,
							"MaxStack": 7
						},
						{
							"Chance": 0.5,
							"ItemID": "{{ModID}}_MandrakeRoot",
							"Quality": 4,
							"MinStack": 1,
							"MaxStack": 2
						}
          ],
          "Texture": "Mods/EnD/GiantCrops",
          "TexturePosition": {
            "X": 0,
            "Y": 0
          },
          "TileSize": {
            "X": 3,
            "Y": 3
          },
          "Chance": 0.01
        },
        "{{ModID}}_GiantCrystallineLily": {
          "FromItemID": "{{ModID}}_CrystallineLily",
          "HarvestItems": [
            {
							"Chance": 1.0,
							"ItemID": "{{ModID}}_CrystallineLily",
							"Quality": 0,
							"MinStack": 5,
							"MaxStack": 7
						},
						{
							"Chance": 1.0,
							"ItemID": "{{ModID}}_CrystallineLily",
							"Quality": 1,
							"MinStack": 5,
							"MaxStack": 7
						},
						{
							"Chance": 1.0,
							"ItemID": "{{ModID}}_CrystallineLily",
							"Quality": 2,
							"MinStack": 5,
							"MaxStack": 7
						},
						{
							"Chance": 0.5,
							"ItemID": "{{ModID}}_CrystallineLily",
							"Quality": 4,
							"MinStack": 1,
							"MaxStack": 2
						},
            {
              "Chance": "1.0",
              "ItemID": "80",
              "MinStack": 2,
              "MaxStack": 5
            }
          ],
          "Texture": "Mods/EnD/GiantCrops",
          "TexturePosition": {
            "X": 48,
            "Y": 0
          },
          "TileSize": {
            "X": 3,
            "Y": 3
          },
          "Chance": 0.01
        }
      }
    },

    //Fish
    {
      "Action": "EditData",
      "Target": "Data/Objects",
      "Entries": {
        "{{ModID}}_LambentHyphafin": { //identity of the fish
          "Name": "{{ModID}}_LambentHyphafin", //ditto
          "DisplayName": "{{i18n:Core.Items.LambentHyphafin}}", //i18n
          "Description": "{{i18n:Core.Items.LambentHyphafin.Description}}",
          "Type": "Fish", //what it is
          "Category": -4, //fish category is 4
          "ExcludeFromRandomSale": true, //no one can randomly sell my fish
          "ExcludeFromShippingCollection": "{{Exclude From Perfection}}", //perfection exclusion
          "ExcludeFromFishingCollection": "{{Exclude From Perfection}}", //perfection exclusion
          "Price": 150, //price fish is worth
          "Edibility": 50, //positive number provides life
          "IsDrink": false, //do not drink fish
          "Texture": "Mods/EnD/Objects", //where to find my fish sprite
          "SpriteIndex": 14, //spot on the sheet it is located
          "ContextTags": [ //these are what can be referenced so the fish kind, where it can be caught, and it's color for dying things
            "color_blue",
            "fish_lambenthyphafin",
            "fish_semi_rare",
            "fish_cave",
            "fish_difficulty_hard"
          ]
        },
        "{{ModID}}_Junimeel": {
          "Name": "{{ModID}}_Junimeel",
          "DisplayName": "{{i18n:Core.Items.Junimeel}}",
          "Description": "{{i18n:Core.Items.Junimeel.Description}}",
          "Type": "Fish",
          "Category": -4,
          "ExcludeFromRandomSale": true,
          "ExcludeFromShippingCollection": "{{Exclude From Perfection}}",
          "ExcludeFromFishingCollection": "{{Exclude From Perfection}}",
          "Price": 200,
          "Edibility": 70,
          "IsDrink": false,
          "Texture":"Mods/EnD/Objects",
          "SpriteIndex": 15,
          "ContextTags": [
            "color_green",
            "fish_junimeel",
            "fish_semi_rare",
            "fish_lake",
            "fish_difficulty_extremely_hard",
            "fish_favor_weather_sunny"
          ]
        },
        "{{ModID}}_CombJelly": {
          "Name": "{{ModID}}_CombJelly",
          "DisplayName": "{{i18n:Core.Items.CombJelly}}",
          "Description": "{{i18n:Core.Items.CombJelly.Description}}",
          "Type": "Fish",
          "Category": -4,
          "ExcludeFromRandomSale": true,
          "ExcludeFromShippingCollection": "{{Exclude From Perfection}}",
          "ExcludeFromFishingCollection": "{{Exclude From Perfection}}",
          "Price": 50,
          "Edibility": 1,
          "IsDrink": false,
          "Texture": "Mods/EnD/Objects",
          "SpriteIndex": 16,
          "ContextTags": [
            "color_white",
            "fish_combjelly"
          ]
        },
        "{{ModID}}_BloodybellyCombJelly": {
          "Name": "{{ModID}}_BloodybellyCombJelly",
          "DisplayName": "{{i18n:Core.Items.BloodybellyCombJelly}}",
          "Description": "{{i18n:Core.Items.BloodybellyCombJelly.Description}}",
          "Type": "Fish",
          "Category": -4,
          "ExcludeFromRandomSale": true,
          "ExcludeFromShippingCollection": "{{Exclude From Perfection}}",
          "ExcludeFromFishingCollection": "{{Exclude From Perfection}}",
          "Price": 70,
          "Edibility": 2,
          "IsDrink": false,
          "Texture": "Mods/EnD/Objects",
          "SpriteIndex": 17,
          "ContextTags": [
            "color_white",
            "fish_bloodybellycombjelly"
          ]
        },
        "{{ModID}}_Marimo": {
          "Name": "{{ModID}}_Marimo",
          "DisplayName": "{{i18n:Core.Items.Marimo}}",
          "Description": "{{i18n:Core.Items.Marimo.Description}}",
          "Type": "Forage",
          "Category": -81,
          "ExcludeFromRandomSale": true,
          "ExcludeFromShippingCollection": "{{Exclude From Perfection}}",
          "Price": 50,
          "Edibility": 10,
          "IsDrink": false,
          "Texture": "Mods/EnD/Objects",
          "SpriteIndex": 18,
          "ContextTags": [
            "color_green",
            "forage_marimo"
          ]
        },
        "{{ModID}}_StarlightWeaver": {
          "Name": "{{ModID}}_StarlightWeaver",
          "DisplayName": "{{i18n:Core.Items.StarlightWeaver}}",
          "Description": "{{i18n:Core.Items.StarlightWeaver.Description}}",
          "Type": "Fish",
          "Category": -4,
          "ExcludeFromRandomSale": true,
          "ExcludeFromShippingCollection": "{{Exclude From Perfection}}",
          "ExcludeFromFishingCollection": "{{Exclude From Perfection}}",
          "Price": 160,
          "Edibility": 60,
          "IsDrink": false,
          "Texture": "Mods/EnD/Objects",
          "SpriteIndex": 32,
          "ContextTags": [
            "color_purple",
            "fish_starlightweaver"
          ]
        },
        "{{ModID}}_SeaAngel": {
          "Name": "{{ModID}}_SeaAngel",
          "DisplayName": "{{i18n:Core.Items.SeaAngel}}",
          "Description": "{{i18n:Core.Items.SeaAngel.Description}}",
          "Type": "Fish",
          "Category": -4,
          "ExcludeFromRandomSale": true,
          "ExcludeFromShippingCollection": "{{Exclude From Perfection}}",
          "ExcludeFromFishingCollection": "{{Exclude From Perfection}}",
          "Price": 90,
          "Edibility": 15,
          "IsDrink": false,
          "Texture": "Mods/EnD/Objects",
          "SpriteIndex": 33,
          "ContextTags": [
            "color_light_cyan",
            "fish_seaangel"
          ]
        },
        "{{ModID}}_FrogspawnCoral": {
          "Name": "{{ModID}}_FrogspawnCoral",
          "DisplayName": "{{i18n:Core.Items.FrogspawnCoral}}",
          "Description": "{{i18n:Core.Items.FrogspawnCoral.Description}}",
          "Type": "Forage",
          "Category": -81,
          "ExcludeFromRandomSale": true,
          "ExcludeFromShippingCollection": "{{Exclude From Perfection}}",
          "Price": 80,
          "Edibility": -300,
          "IsDrink": false,
          "Texture": "Mods/EnD/Objects",
          "SpriteIndex": 19,
          "ContextTags": [
            "color_green",
            "forage_frogspawncoral",
            "forage_item_beach"
          ]
        },
        "{{ModID}}_TorchCoral": {
          "Name": "{{ModID}}_TorchCoral",
          "DisplayName": "{{i18n:Core.Items.TorchCoral}}",
          "Description": "{{i18n:Core.Items.TorchCoral.Description}}",
          "Type": "Forage",
          "Category": -81,
          "ExcludeFromRandomSale": true,
          "ExcludeFromShippingCollection": "{{Exclude From Perfection}}",
          "Price": 80,
          "Edibility": -300,
          "IsDrink": false,
          "Texture": "Mods/EnD/Objects",
          "SpriteIndex": 20,
          "ContextTags": [
            "color_purple",
            "forage_torchcoral",
            "forage_item_beach"
          ]
        },
        "{{ModID}}_DuncanCoral": {
          "Name": "{{ModID}}_DuncanCoral",
          "DisplayName": "{{i18n:Core.Items.DuncanCoral}}",
          "Description": "{{i18n:Core.Items.DuncanCoral.Description}}",
          "Type": "Forage",
          "Category": -81,
          "ExcludeFromRandomSale": true,
          "ExcludeFromShippingCollection": "{{Exclude From Perfection}}",
          "Price": 85,
          "Edibility": -300,
          "IsDrink": false,
          "Texture": "Mods/EnD/Objects",
          "SpriteIndex": 21,
          "ContextTags": [
            "color_cyan",
            "forage_duncancoral",
            "forage_item_beach"
          ]
        },
        "{{ModID}}_Trachyphyllia": {
          "Name": "{{ModID}}_Trachyphyllia",
          "DisplayName": "{{i18n:Core.Items.Trachyphyllia}}",
          "Description": "{{i18n:Core.Items.Trachyphyllia.Description}}",
          "Type": "Forage",
          "Category": -81,
          "ExcludeFromRandomSale": true,
          "ExcludeFromShippingCollection": "{{Exclude From Perfection}}",
          "Price": 90,
          "Edibility": -300,
          "IsDrink": false,
          "Texture": "Mods/EnD/Objects",
          "SpriteIndex": 22,
          "ContextTags": [
            "color_blue",
            "forage_trachyphyllia",
            "forage_item_beach"
          ]
        },
        "{{ModID}}_Scolymia": {
          "Name": "{{ModID}}_Scolymia",
          "DisplayName": "{{i18n:Core.Items.Scolymia}}",
          "Description": "{{i18n:Core.Items.Scolymia.Description}}",
          "Type": "Forage",
          "Category": -81,
          "ExcludeFromRandomSale": true,
          "ExcludeFromShippingCollection": "{{Exclude From Perfection}}",
          "Price": 150,
          "Edibility": -300,
          "IsDrink": false,
          "Texture": "Mods/EnD/Objects",
          "SpriteIndex": 23,
          "ContextTags": [
            "color_red",
            "forage_scolymia",
            "forage_item_beach"
          ]
        },
        "{{ModID}}_AcanCoral": {
          "Name": "{{ModID}}_AcanCoral",
          "DisplayName": "{{i18n:Core.Items.AcanCoral}}",
          "Description": "{{i18n:Core.Items.AcanCoral.Description}}",
          "Type": "Forage",
          "Category": -81,
          "ExcludeFromRandomSale": true,
          "ExcludeFromShippingCollection": "{{Exclude From Perfection}}",
          "Price": 80,
          "Edibility": -300,
          "IsDrink": false,
          "Texture": "Mods/EnD/Objects",
          "SpriteIndex": 24,
          "ContextTags": [
            "color_purple",
            "forage_acancoral",
            "forage_item_beach"
          ]
        },
        "{{ModID}}_ToadstoolCoral": {
          "Name": "{{ModID}}_ToadstoolCoral",
          "DisplayName": "{{i18n:Core.Items.ToadstoolCoral}}",
          "Description": "{{i18n:Core.Items.ToadstoolCoral.Description}}",
          "Type": "Forage",
          "Category": -81,
          "ExcludeFromRandomSale": true,
          "ExcludeFromShippingCollection": "{{Exclude From Perfection}}",
          "Price": 80,
          "Edibility": -300,
          "IsDrink": false,
          "Texture": "Mods/EnD/Objects",
          "SpriteIndex": 25,
          "ContextTags": [
            "color_orange",
            "forage_toadstoolcoral",
            "forage_item_beach"
          ]
        },
        "{{ModID}}_CandycaneCoral": {
          "Name": "{{ModID}}_CandycaneCoral",
          "DisplayName": "{{i18n:Core.Items.CandycaneCoral}}",
          "Description": "{{i18n:Core.Items.CandycaneCoral.Description}}",
          "Type": "Forage",
          "Category": -81,
          "ExcludeFromRandomSale": true,
          "ExcludeFromShippingCollection": "{{Exclude From Perfection}}",
          "Price": 80,
          "Edibility": -300,
          "IsDrink": false,
          "Texture": "Mods/EnD/Objects",
          "SpriteIndex": 26,
          "ContextTags": [
            "color_brown",
            "forage_Candycanecoral",
            "forage_item_beach"
          ]
        },
        "{{ModID}}_AcroporaCoral": {
          "Name": "{{ModID}}_AcroporaCoral",
          "DisplayName": "{{i18n:Core.Items.AcroporaCoral}}",
          "Description": "{{i18n:Core.Items.AcroporaCoral.Description}}",
          "Type": "Forage",
          "Category": -81,
          "ExcludeFromRandomSale": true,
          "ExcludeFromShippingCollection": "{{Exclude From Perfection}}",
          "Price": 80,
          "Edibility": -300,
          "IsDrink": false,
          "Texture": "Mods/EnD/Objects",
          "SpriteIndex": 27,
          "ContextTags": [
            "color_yellow",
            "forage_acroporacoral",
            "forage_item_beach"
          ]
        },
        "{{ModID}}_EleganceCoral": {
          "Name": "{{ModID}}_EleganceCoral",
          "DisplayName": "{{i18n:Core.Items.EleganceCoral}}",
          "Description": "{{i18n:Core.Items.EleganceCoral.Description}}",
          "Type": "Forage",
          "Category": -81,
          "ExcludeFromRandomSale": true,
          "ExcludeFromShippingCollection": "{{Exclude From Perfection}}",
          "Price": 120,
          "Edibility": -300,
          "IsDrink": false,
          "Texture": "Mods/EnD/Objects",
          "SpriteIndex": 28,
          "ContextTags": [
            "color_blue",
            "forage_elegancecoral",
            "forage_item_beach"
          ]
        },
        "{{ModID}}_Gorgonian": {
          "Name": "{{ModID}}_Gorgonian",
          "DisplayName": "{{i18n:Core.Items.Gorgonian}}",
          "Description": "{{i18n:Core.Items.Gorgonian.Description}}",
          "Type": "Forage",
          "Category": -81,
          "ExcludeFromRandomSale": true,
          "ExcludeFromShippingCollection": "{{Exclude From Perfection}}",
          "Price": 80,
          "Edibility": -300,
          "IsDrink": false,
          "Texture": "Mods/EnD/Objects",
          "SpriteIndex": 29,
          "ContextTags": [
            "color_red",
            "forage_gorgonian",
            "forage_item_beach"
          ]
        }
      }
    }
  ]
 }

 