{
	"Format": "2.0",
	"ConfigSchema": {
		"EnableSpecialOrders": {
			"AllowValues": "true,false",
			"Default": "true"
		},
		"KatarynaDatability": {
			"AllowValues": "true,false",
			"Default": "true"
		},
		"TrentonFamilyDrama": {
			"AllowValues": "true,false",
			"Default": "true"
		},
		"FriendableAnimals": {
			"AllowValues": "EmperorDuck, EmpressDuck, LadyShebaCat,LittleGruff",
			"AllowMultiple": true,
			"AllowBlank": true,
			"Default": "EmperorDuck, EmpressDuck, LadyShebaCat, LittleGruff"
		},
		"RivalHearts": {
			"AllowValues": "RosaJuliet, AideenMateo",
			"AllowMultiple": true,
			"AllowBlank": true,
			"Default": "RosaJuliet, AideenMateo"
		},
		"GenderNeutral": {
			"AllowValues": "true,false",
			"Default": "false"
		}
	},
	"DynamicTokens": [
		{
			"Name": "IsEvenYear",
			"Value": "{{Query: {{Year}} % 2 = 0}}"
		},
		{
			"Name": "SVEInstalled",
			"Value": "false"
		},
		{
			"Name": "ShipInTown",
			"Value": "false"
		},
		{
			"Name": "ShipInTown",
			"Value": "true",
			"When": {
				"Season": "spring",
				"Day": "23"
			}
		},
		{
			"Name": "ShipInTown",
			"Value": "true",
			"When": {
				"Season": "summer",
				"Day": "10"
			}
		},
		{
			"Name": "ShipInTown",
			"Value": "true",
			"When": {
				"Season": "summer",
				"Day": "27"
			}
		},
		{
			"Name": "SVEInstalled",
			"Value": "sve",
			"When": {
				"HasMod": "FlashShifter.StardewValleyExpandedCP"
			}
		},
		{
			"Name": "LexiNameForYou",
			"Value": "@"
		},
		{
			"Name": "LexiNameForYou",
			"Value": "{{i18n:lexi.None-of-your-business}}",
			"When": {
				"HasFlag": "LexiNoneBusiness"
			}
		},
		//Do cats talk?
		{
			"Name": "cattalk",
			"Value": "false",
			"When": {
				"HasSeenEvent |contains=50706121": false
			}
		},
		{
			"Name": "cattalk",
			"Value": "true",
			"When": {
				"HasSeenEvent |contains=50706121": true
			}
		},
		{
			"Name": "LavrilInstalled",
			"Value": "e 57874004"
		},
		{
			"Name": "LavrilInstalled",
			"Value": "k 63070010",
			"When": {
				"HasMod |contains=Arknir27.Lavril": true
			}
		},
		{
			"Name": "LavrilInstalled2",
			"Value": "e 57874004"
		},
		{
			"Name": "LavrilInstalled2",
			"Value": "e 63070010/f VivienneLK 2500",
			"When": {
				"HasMod |contains=Arknir27.Lavril": true
			}
		},
		{
			"Name": "LexiOllyFriend",
			"Value": "false",
			"When": {
				"HasSeenEvent |contains=57872012": false
			}
		},
		{
			"Name": "LexiOllyFriend",
			"Value": "true",
			"When": {
				"HasSeenEvent |contains=57872012": true
			}
		},
		{
			"Name": "AideenDating",
			"Value": "single"
		},
		{
			"Name": "AideenDating",
			"Value": "farmer",
			"When": {
				"Relationship:Aideen": "dating"
			}
		},
		{
			"Name": "AideenDating",
			"Value": "mateo",
			"When": {
				"HasFlag |contains=RivalHearts_AideenMateo": true
			}
		},
		//Sheba schedule
		{
			"Name": "Sheba.nap",
			"Value": "{{Random:EastScarp_Village 8 85 2 sheba_nap,EastScarp_Village 65 76 2 sheba_nap,EastScarp_Village 23 79 2 sheba_nap,EastScarp_Village 3 101 2 sheba_nap}}"
		},
		{
			"Name": "Sheba.sit",
			"Value": "{{Random:EastScarp_Village 11 86 2 sheba_sit,EastScarp_Village 28 104 2 sheba_sit,EastScarp_Village 1 12 2 sheba_sit,EastScarp_Village 20 102 2 sheba_sit,EastScarp_Orchard 2 15 sheba_sit}}"
		},
		{
			"Name": "Sheba.wander",
			"Value": "{{Random:EastScarp_Village 75 80 2 square_5_5,EastScarp_Village 26 70 0 square_7_0_0,EastScarp_Village 22 16 2 square_5_4,EastScarp_Village 45 110 0 square_5_0_0,EastScarp_Village 16 102 square_5_5,EastScarp_Village 45 66 0 square 5_0}}"
		},
		{
			"Name": "Sheba.groom",
			"Value": "{{Random:EastScarp_Village 11 62 2 sheba_grooming,EastScarp_Village 8 53 2 sheba_grooming,EastScarp_Village 29 98 2 sheba_grooming,EastScarp_Village 53 61 2 sheba_grooming,EastScarp_Village 13 92 2 sheba_grooming}}"
		},
		//MunchingtonLocation
		{
			"Name": "MunchieLocation",
			"Value": "{{Random:bedroom,livingroom,garden}}",
			"When": {
				"weather:valley": "sun,wind"
			}
		},
		{
			"Name": "MunchieLocation",
			"Value": "{{Random:bedroom,livingroom}}",
			"When": {
				"weather:valley": "rain,storm,snow"
			}
		},
		//Seasonal crops
		/*{
			"Name": "ESCrop",
			"Value": "A"
		},
		{
			"Name": "ESCrop",
			"Value": "B",
			"When": {
				"Day": "{{range:15,28}}"
			}
		},*/
		//Eyvinder name known?
		{
			"Name": "EyvinderName",
			"Value": "false"
		},
		{
			"Name": "EyvinderName",
			"Value": "true",
			"When": {
				"HasSeenEvent": "57877008"
			}
		},
		//Compatibililty with Piper mod
		{
			"Name": "pierreorpiper",
			"Value": "pierre",
		},
		{
			"Name": "pierreorpiper",
			"Value": "piper",
			"When": {
				"HasMod": "piper.holychurros"
			}
		},
		//Joja event with and without SVE chars
		{
			"Name": "JojaMartActors",
			"Value": "farmer 13 17 3"
		},
		{
			"Name": "JojaMartActors",
			"Value": "farmer 13 17 3 MorrisTod 24 26 3 Claire 22 26 1",
			"When": {
				"HasMod": "FlashShifter.StardewValleyExpandedCP"
			}
		},
		//Rosa Event with and without Juliet
		{
			"Name": "JulietRef",
			"Value": "false"
		},
		{
			"Name": "JulietRef",
			"Value": "juliet",
			"When": {
				"HasMod": "LemurKat.JulietHouse.NPC"
			}
		},
		{
			"Name": "57874008Actors",
			"Value": "Gunther 3 8 2 Rosa 3 10 0 farmer -1000 -1000 0",
		},
		{
			"Name": "57874008Actors",
			"Value": "Gunther 4 8 2 Rosa 4 10 0 farmer -1000 -1000 0",
			"When": {
				"HasMod": "FlashShifter.StardewValleyExpandedCP"
			}
		},
		{
			"Name": "57874008Actors",
			"Value": "{{57874008Actors}} Juliet -1000 -1000 2",
			"When": {
				"HasMod": "LemurKat.JulietHouse.NPC"
			}
		},
		{
			"Name": "57874008Actors",
			"Value": "{{57874008Actors}} Alex 88 91 2",
			"When": {
				"Season": "summer"
			}
		},
		{
			"Name": "57874008.moveRosa",
			"Value": "move Rosa 0 2 2",
			"When": {
				"HasMod |contains=FlashShifter.StardewValleyExpandedCP": false
			}
		},
		{
			"Name": "57874008.moveRosa",
			"Value": "move Rosa 0 1 2/move Rosa -1 0 2/move Rosa 0 1 2",
			"When": {
				"HasMod": "FlashShifter.StardewValleyExpandedCP"
			}
		},
		{
			"Name": "jojaORcc",
			"Value": "jj"
		},
		{
			"Name": "jojaORcc",
			"Value": "cc",
			"When": {
				"IsCommunityCenterComplete": true
			}
		},
		{
			"Name": "ruinsORrepair",
			"Value": "ruins"
		},
		{
			"Name": "ruinsORrepair",
			"Value": "repair",
			"When": {
				"HasSeenEvent": "63078003"
			}
		},
		{
			"Name": "GuntherPosition",
			"Value": "Gunther 3 8 2",
		},
		{
			"Name": "GuntherPosition",
			"Value": "Gunther 4 8 2",
			"When": {
				"HasMod": "FlashShifter.StardewValleyExpandedCP"
			}
		},
		//Rosa's 10 heart event in all its enormous dynamic glory *********************************************************
		{ //The Actors
			"Name": "57874015Actors",
			"Value": "Rosa 22 21 1 Aideen 15 19 0 Jacob 12 21 3 Eloise 19 24 2 LadySheba 10 20 2 Jas 20 25 3 farmer 14 12 2"
		},
		{
			"Name": "57874015Actors",
			"Value": "{{57874015Actors}} MisterGinger 11 21 1",
			"When": {
				"HasMod": "LemurKat.Mr.Ginger.NPC"
			}
		},
		{
			"Name": "57874015Actors",
			"Value": "{{57874015Actors}} Gremlin 19 25 1 Juliet 23 21 3 Jessie 19 14 1 Linus 20 14 3",
			"When": {
				"HasMod": "LemurKat.JulietHouse.NPC",
				"HasSeenEvent": "86571141"
			}
		},
		//Loads in the ACTIONS
		{
			"Name": "57874015.JulietGremlin.0",
			"Value": "faceDirection Rosa 0/textAboveHead Eloise \"{{i18n:57874015.03}}\"/speak Jas \"{{i18n:57874015.04.alt}}\"/move farmer 0 1 2/pause 500/faceDirection Eloise 3/pause 500/speak Eloise \"{{i18n:57874015.05.alt}}\"/faceDirection Jacob 1/pause 500"
		},
		{
			"Name": "57874015.JulietGremlin.0",
			"Value": "playSound dog_bark/textAboveHead Eloise \"{{i18n:57874015.03}}\"/speak Jas \"{{i18n:57874015.04}}\"/move farmer 0 1 2/pause 500/faceDirection Eloise 3/pause 500/speak Eloise \"{{i18n:57874015.05}}\"/faceDirection Jacob 1/emote Jacob 40/pause 500",
			"When": {
				"HasMod": "LemurKat.JulietHouse.NPC",
				"HasSeenEvent": "86571141"
			}
		},
		{
			"Name": "57874015.JulietGremlin.1",
			"Value": "pause 1000"
		},
		{
			"Name": "57874015.JulietGremlin.1",
			"Value": "pause 1000/emote Juliet 40/animate Rosa false true 200 20 21",
			"When": {
				"HasMod": "LemurKat.JulietHouse.NPC",
				"HasSeenEvent": "86571141"
			}
		},
		{
			"Name": "57874015.JulietGremlin.2",
			"Value": "textAboveHead Eloise \"{{i18n:57874015.08.alt}}\"/emote Jas 56/emote Jacob 32/pause 1000/faceDirection Jacob 3"
		},
		{
			"Name": "57874015.JulietGremlin.2",
			"Value": "textAboveHead Eloise \"{{i18n:57874015.08}}\"/playSound dog_pant/emote Jacob 32/pause 1000/faceDirection Jacob 3",
			"When": {
				"HasMod": "LemurKat.JulietHouse.NPC",
				"HasSeenEvent": "86571141"
			}
		},
		{
			"Name": "57874015.JulietGremlin.3",
			"Value": "pause 500/speak Rosa \"{{i18n:57874015.10.alt}}\"/faceDirection Eloise 0/pause 500/textAboveHead Eloise \"{{i18n:57874015.11.alt}}\"/pause 1000"
		},
		{
			"Name": "57874015.JulietGremlin.3",
			"Value": "pause 500/move Juliet -4 0 2/speak Rosa \"{{i18n:57874015.10}}\"/faceDirection Rosa 0/pause 500/textAboveHead Juliet \"{{i18n:57874015.11}}\"/pause 1000",
			"When": {
				"HasMod": "LemurKat.JulietHouse.NPC",
				"HasSeenEvent": "86571141"
			}
		},
		{
			"Name": "57874015.JulietGremlin.4",
			"Value": "faceDirection Eloise 2"
		},
		{
			"Name": "57874015.JulietGremlin.4",
			"Value": "move Juliet 0 1 2/emote Juliet 56/faceDirection Eloise 0/move Eloise 1 0 3/move Juliet 0 1 2/faceDirection Gremlin 0/jump Gremlin 2/move Gremlin 0 -1 0/playSound dog_bark/emote LadySheba 12",
			"When": {
				"HasMod": "LemurKat.JulietHouse.NPC",
				"HasSeenEvent": "86571141"
			}
		},
		{
			"Name": "57874015.JulietGremlin.5",
			"Value": "faceDirection Aideen 2 true"
		},
		{
			"Name": "57874015.JulietGremlin.5",
			"Value": "faceDirection Juliet 0 true",
			"When": {
				"HasMod": "LemurKat.JulietHouse.NPC",
				"HasSeenEvent": "86571141"
			}
		},
		{
			"Name": "57874015.JulietGremlin.6",
			"Value": "pause 50"
		},
		{
			"Name": "57874015.JulietGremlin.6",
			"Value": "playSound dog_bark",
			"When": {
				"HasMod": "LemurKat.JulietHouse.NPC",
				"HasSeenEvent": "86571141"
			}
		},
		{
			"Name": "57874015.MrGinger.1",
			"Value": "textAboveHead Jacob \"{{i18n:57874015.06.alt}}\"/pause 1000/faceDirection Jacob 3/pause 2000/emote LadySheba 12/pause 1000/faceDirection Jacob 1"
		},
		{
			"Name": "57874015.MrGinger.1",
			"Value": "textAboveHead MisterGinger \"{{i18n:57874015.06}}\"/faceDirection MisterGinger 0/pause 2000/emote LadySheba 20/pause 1000/faceDirection MisterGinger 1",
			"When": {
				"HasMod": "LemurKat.Mr.Ginger.NPC",
				"HasSeenEvent": "50706121"
			}
		},
		{
			"Name": "57874015.MrGinger.2",
			"Value": "move Aideen -2 0 2/move Aideen 0 2 3/faceDirection Jacob 1/emote Aideen 40/pause 1000/emote Jacob 32/pause 500"
		},
		{
			"Name": "57874015.MrGinger.2",
			"Value": "move Aideen 3 0 0/textAboveHead MisterGinger \"{{i18n:57874015.09}}\"/pause 50",
			"When": {
				"HasMod": "LemurKat.Mr.Ginger.NPC",
				"HasSeenEvent": "50706121"
			}
		},
		{
			"Name": "57874015.MrGinger.3",
			"Value": "faceDirection Aideen 1"
		},
		{
			"Name": "57874015.MrGinger.3",
			"Value": "textAboveHead MisterGinger \"{{i18n:57874015.26}}\"/faceDirection Aideen 2 true",
			"When": {
				"HasMod": "LemurKat.Mr.Ginger.NPC",
				"HasSeenEvent": "50706121"
			}
		},
		//Kat's 10-heart with its Dynamic additions:
		{
			"Name": "57876033.addNPC",
			"Value": " OliverK -100 -100 3"
		},
		{
			"Name": "57876033.addNPC",
			"Value": "{{57876033.addNPC}} Juliet -100 -100 3",
			"When": {
				"HasMod": "LemurKat.JulietHouse.NPC"
			}
		},
		{
			"Name": "57876033.addNPC",
			"Value": "{{57876033.addNPC}} Jasper -100 -100 3",
			"When": {
				"HasMod": "Lemurkat.NPCJasper"
			}
		},
		{
			"Name": "57876033.action1",
			"Value": "warp OliverK 35 25 true"
		},
		{
			"Name": "57876033.action1",
			"Value": "{{57876033.action1}}/warp Juliet 40 22 true",
			"When": {
				"HasMod": "LemurKat.JulietHouse.NPC"
			}
		},
		{
			"Name": "57876033.action1",
			"Value": "{{57876033.action1}}/warp Jasper 36 22",
			"When": {
				"HasMod": "Lemurkat.NPCJasper"
			}
		},
		{
			"Name": "57876033.action2",
			"Value": "move OliverK -13 0 0 true"
		},
		{
			"Name": "57876033.action2",
			"Value": "{{57876033.action2}}/move Juliet -13 0 0 true",
			"When": {
				"HasMod": "LemurKat.JulietHouse.NPC"
			}
		},
		{
			"Name": "57876033.action2",
			"Value": "{{57876033.action2}}/move Jasper -13 0 0 true",
			"When": {
				"HasMod": "Lemurkat.NPCJasper"
			}
		},
		{
			"Name": "57876033.action3",
			"Value": "pause 50"
		},
		{
			"Name": "57876033.action3",
			"Value": "pause 500/speak Juliet \"{{i18n:57876033.12}}\"/faceDirection Rosa 1/textAboveHead Rosa \"{{i18n:57876033.13}}\"/pause 500/faceDirection Rosa 0",
			"When": {
				"HasMod": "LemurKat.JulietHouse.NPC"
			}
		},
		{
			"Name": "LKspouse",
			"Value": "false"
		},
		{
			"Name": "LKspouse",
			"Value": "jasper",
			"When": {
				"Spouse": "Jasper"
			}
		},
		//Dynamic stuff for Vivienne
		{
			"Name": "57875006.J&G",
			"Value": "Rosa 21 100 2"
		},
		{
			"Name": "57875006.J&G",
			"Value": "Rosa 21 100 2 Juliet 20 102 0 Gremlin 19 102 1",
			"When": {
				"HasMod": "LemurKat.JulietHouse.NPC",
				"HasSeenEvent": "86571101"
			}
		},
		//SpiritsEveAtScarpInn
		{
			"Name": "ESTownMap",
			"Value": "EastScarp_LodgingHouse"
		},
		{
			"Name": "ESTownMap",
			"Value": "Custom_ShearwaterBridge",
			"When": {
				"HasMod": "FlashShifter.StardewValleyExpandedCP"
			}
		},
		{
			"Name": "MusicalTrackESSE",
			"Value": "spirits_eve"
		},
		{
			"Name": "MusicalTrackESSE",
			"Value": "ESGoblinDance",
			"When": {
				"HasMod |contains=Lemurkat.ESSpiritsEve.SAAT": true
			}
		}
	],
	"Changes": [
		{
			"LogName": "Loads Blank Dialogues",
			"Action": "Load",
			"Target": "Characters/Dialogue/Aideen, Characters/Dialogue/MarriageDialogueAideen, Characters/Dialogue/Eloise, Strings/schedules/Eloise, Characters/Dialogue/Jacob, Strings/schedules/Jacob, Characters/Dialogue/Eyvinder, Characters/Dialogue/LittleGruff, Characters/Dialogue/JosephineK, Characters/Dialogue/KatarynaLK, Characters/Dialogue/MarriageDialogueKatarynaLK, Strings/schedules/KatarynaLK, Characters/Dialogue/Leximonster, Characters/Dialogue/LumaJunimo, Characters/Dialogue/OliverK, Characters/Dialogue/Rosa, Characters/Dialogue/ToriLK, Characters/Dialogue/VivienneLK, Characters/Dialogue/Beatrice, Strings/schedules/Beatrice, Data/Events/EastScarp_VillageInn_SpiritEve",
			"FromFile": "assets/blank.json"
		},
		{
			"Action": "Include",
			"FromFile": "assets/Locations.json"
		},
		{
			"Action": "Include",
			"FromFile": "assets/CharacterData.json"
		},
		{ //0000
			"Action": "Include",
			"FromFile": "assets/JacobEloise.json"
		},
		{ //1000
			"Action": "Include",
			"FromFile": "assets/Aideen.json"
		},
		{
			"Action": "Include",
			"FromFile": "assets/Leximonster.json"
		},
		{
			"Action": "Include",
			"FromFile": "assets/Rosa.json"
		},
		{
			"Action": "Include",
			"FromFile": "assets/VivienneLK.json",
		},
		{
			"Action": "Include",
			"FromFile": "assets/Eyvinder.json",
		},
		{
			"Action": "Include",
			"FromFile": "assets/LumaJunimo.json",
		},
		{
			"Action": "Include",
			"FromFile": "assets/ToriLK.json",
		},
		{
			"Action": "Include",
			"FromFile": "assets/Beatrice.json",
		},
		{ // The animal NPCs
			"Action": "Include",
			"FromFile": "assets/Menagerie.json"
		},
		//Movie Tastes
		{
			"Action": "Include",
			"FromFile": "assets/Movies.json"
		},
		{
			"Action": "Include",
			"FromFile": "assets/OliverJosephine.json"
		},
		{
			"Action": "Include",
			"FromFile": "assets/Kataryna.json"
		},
		//Festivals
		{
			"Action": "Include",
			"FromFile": "assets/Festivals/FestivalPatches.json"
		},
		{
			"Action": "Include",
			"FromFile": "assets/Festivals/FestivalsDialogue.json"
		},
		{
			"Action": "Include",
			"FromFile": "assets/Festivals/Festivals_y1.json",
			"When": {
				"HasMod |contains=FlashShifter.StardewValleyExpandedCP": false
			}
		},
		{
			"Action": "Include",
			"FromFile": "assets/Festivals/Festivals_y2.json",
			"When": {
				"HasMod |contains=FlashShifter.StardewValleyExpandedCP": false
			}
		},
		{
			"Action": "Include",
			"FromFile": "assets/Festivals/Festivals_y1_SVE.json",
			"When": {
				"HasMod |contains=FlashShifter.StardewValleyExpandedCP": true
			}
		},
		{
			"Action": "Include",
			"FromFile": "assets/Festivals/Festivals_y2_SVE.json",
			"When": {
				"HasMod |contains=FlashShifter.StardewValleyExpandedCP": true
			}
		},
		{
			"Action": "EditMap",
			"Target": "Maps/EastScarp_Village",
			"FromFile": "assets/Maps/EastScarpVillage_Ship.tmx",
			"ToArea": {
				"X": 39,
				"Y": 122,
				"Width": 22,
				"Height": 18
			},
			"When": {
				"ShipInTown": "true"
			}
		},
		{ //Moves Oliver and Josephine into the inn
			"Action": "EditMap",
			"Target": "Maps/EastScarp_VillageInn, Maps/EastScarpeInn_SpiritEve",
			"FromFile": "assets/Maps/OliverRoom.tmx",
			"Update": "OnLocationChange",
			"ToArea": {
				"X": 12,
				"Y": 4,
				"Width": 9,
				"Height": 9
			},
			"When": {
				"HasSeenEvent |contains=57873000": "True",
				"HasSeenEvent |contains=57873005": "false"
			}
		},
		{
			"Action": "EditMap",
			"Target": "Maps/EastScarp_VillageInn, Maps/EastScarpeInn_SpiritEve",
			"MapTiles": [
				{
					"Position": {
						"X": 8,
						"Y": 16
					},
					"Layer": "Buildings",
					"SetProperties": {
						"Action": "Door JosephineK"
					}
				},
				{
					"Position": {
						"X": 15,
						"Y": 16
					},
					"Layer": "Buildings",
					"SetProperties": {
						"Action": "Door OliverK"
					}
				}
			],
			"When": {
				"HasSeenEvent |contains=57873000": "True",
				"HasSeenEvent |contains=57873005": "false"
			}
		},
		{
			"Action": "EditMap",
			"Target": "Maps/EastScarp_VetHouse",
			"FromFile": "assets/Maps/VetHouse_Oliver.tmx",
			"ToArea": {
				"X": 17,
				"Y": 17,
				"Width": 8,
				"Height": 11
			},
			"When": {
				"HasSeenEvent |contains=57873005": "true"
			}
		},
		/***************************
		EXCLUSIONS 
		****************************/
		{
			"LogName": "NPC Exclusion NPCs to avoid Perfection issues",
			"Action": "EditData",
			"Target": "Data/CustomNPCExclusions",
			"Entries": {
				"DuckNPC": "All",
				"Duck2NPC": "All",
				"RichieTheMacaw": "All",
				"Leximonster": "PerfectFriend,IslandVisit,TownQuest,WinterStar",
				"KatarynaLK": "PerfectFriend, TownQuest, WinterStar",
				"LadySheba": "All",
				"Rosa": "WinterStar",
				"Abyssrooster": "All",
				"PepperPup": "All",
				"LittleGruff": "All"
			}
		},
		{
			"LogName": "NPC Exclusion NPCs to avoid Perfection issues",
			"Action": "EditData",
			"Target": "Data/CustomNPCExclusions",
			"When": {
				"HasSeenEvent |contains=57873000": false
			},
			"Entries": {
				"OliverK": "All",
				"JosephineK": "All",
			}
		},
		{
			"LogName": "NPC Exclusion NPCs to avoid Perfection issues",
			"Action": "EditData",
			"Target": "Data/CustomNPCExclusions",
			"When": {
				"HasSeenEvent": "57873000"
			},
			"Entries": {
				"OliverK": "PerfectFriend",
				"JosephineK": "PerfectFriend,TownQuest,WinterStar"
			}
		},
		//Temp Actors and sprite replacements
		{
			"LogName": "Governor",
			"Action": "Load",
			"Target": "Characters/Governor_walking",
			"FromFile": "assets/Images/GovernorK.png"
		},
		{
			"Action": "Load",
			"Target": "Characters/Gunther_walking",
			"FromFile": "assets/Images/Gunther_walking.png"
		},
		//Monster sprite replacements
		{
			"Action": "Load",
			"Target": "Characters/Monsters/ESMineBat",
			"FromFile": "assets/Images/ESMineBats.png"
		},
		{
			"Action": "Load",
			"Target": "Characters/Monsters/ESMineBatIridium",
			"FromFile": "assets/Images/ESMineBatsIridium.png"
		},
		//Special Orders
		{
			"Action": "Include",
			"FromFile": "assets/SpecialOrders.json",
			"When": {
				"EnableSpecialOrders": "true"
			}
		},
		/*{ // Fixes Leo to stop him heading back to Ginger Island - non ES specific
			"Action": "Include",
			"FromFile": "assets/LeoFix.json"
		},*/
		// *** East Scarpe Events ***
		//For individual Heart events, see related sub-file
		{
			"Action": "EditData",
			"Target": "Data/Events/Farm",
			"Entries": {
				"57870000/x EastScarp_IntroMail true": "null",
				//Lewis visits to tell you of pending visitors
				"57873000/z summer/z winter/z spring/u 28": "continue/64 15/farmer 64 16 2 Lewis 64 18 0/addConversationTopic Josephine_Arrives 1/addConversationTopic Josephine_Introduction 7/pause 1500/speak Lewis \"{{i18n:57873000.01}}\"/pause 500/emote farmer 8/pause 1500/speak Lewis \"{{i18n:57873000.02}}\"/pause 500/jump farmer 3/emote farmer 16/pause 1500/speak Lewis \"{{i18n:57873000.03}}\"/emote farmer 60/speak Lewis \"{{i18n:57873000.04}}\"/pause 500/emote farmer 40/quickQuestion #{{i18n:57873000.q1}}#{{i18n:57873000.q2}}#{{i18n:57873000.q3}}#{{i18n:57873000.q4}}(break)emote Lewis 32\\pause 1000\\speak Lewis \"{{i18n:57873000.r1}}\"(break)emote Lewis 40\\pause 500\\speak Lewis \"{{i18n:57873000.r2}}\"(break)emote Lewis 28\\pause 500\\speak Lewis \"{{i18n:57873000.r3}}\"(break)emote Lewis 12\\speak Lewis \"{{i18n:57873000.r4}}\"/pause 1000/speak Lewis \"{{i18n:57873000.05}}\"/pause 1500/faceDirection Lewis 2/emote farmer 28/pause 1000/end",
			}
		},
		{
			"Action": "EditData",
			"Target": "Data/Events/EastScarp_MeadowFarm",
			"Entries": { // Jacob explains Meadow Farm
				"57879002/t 0600 1800": "continue/-100 -100/farmer -1000 -1000 0 Jacob 31 38 1/skippable/addTemporaryActor MidnightBlackKitty 32 32 -1000 -1000 3 false/viewport 31 34 clamp true/pause 500/textAboveHead Jacob \"{{i18n:57879002.01}}\"/pause 1000/move Jacob 5 0 0/textAboveHead Jacob \"{{i18n:57879002.02}}\"/pause 500/warp farmer 30 40/move farmer 0 -2 1/emote farmer 56/faceDirection Jacob 3/pause 500/speak Jacob \"{{i18n:57879002.03}}\"/pause 500/emote farmer 36/pause 2000/move Jacob -4 0 3/emote Jacob 40/speak Jacob \"{{i18n:57879002.04}}\"/pause 500/emote farmer 28/pause 500/speak Jacob \"{{i18n:57879002.05}}\"/faceDirection Jacob 0/speak Jacob \"{{i18n:57879002.06}}\"/faceDirection farmer 0/pause 500/speak Jacob \"{{i18n:57879002.07}}\"/move farmer 1 0 0/speak Jacob \"{{i18n:57879002.08}}\"/faceDirection Jacob 3/emote Jacob 40/playSound cat/jump Jacob 5 true/jump farmer 5 true/faceDirection farmer 0 true/faceDirection Jacob 0 true/warp MidnightBlackKitty 36 36/pause 500/playSound cat/move MidnightBlackKitty -5 0 2/pause 500/animate MidnightBlackKitty false false 120 16 17 18 18 18/textAboveHead Jacob \"{{i18n:57879002.09}}\"/animate MidnightBlackKitty false true 1000 18/pause 3000/emote farmer 32/pause 1000/playSound cat/pause 1000/end"
			}
		},
		{
			"Action": "EditData",
			"Target": "Data/Events/EastScarp_Village",
			"Entries": { // ??? Cats ???
				"57879000/t 2200 2600/r 0.3/w sunny": "junimoKart_ghostMusic/12 69/farmer 2 72 1 LadySheba 13 67 0/skippable/addTemporaryActor MidnightBlackKitty 32 32 15 66 3 false/addTemporaryActor MunchBoi 32 32 12 65 2 false/move farmer 10 0 0 true/pause 2000/playSound cat/pause 500/emote MunchBoi 8/playSound cat/pause 1000/emote MidnightBlackKitty 56/pause 1000/playSound cat/emote LadySheba 16/playSound cat/pause 2000/emote farmer 56/pause 500/faceDirection LadySheba 2/jump LadySheba/emote LadySheba 16/showFrame MidnightBlackKitty 18/pause 500/speed LadySheba 5/move LadySheba 0 15 0 true/faceDirection farmer 1/pause 3000/advancedMove MunchBoi false 0 2/pause 2000/move farmer 1 0 0/move farmer 0 -2 0/showFrame MunchBoi 18/pause 1000/playSound cat/faceDirection farmer 0/emote MunchBoi 56/emote farmer 40/pause 2000/end",
			}
		},
		{
			"Action": "EditData",
			"Target": "Data/mail",
			"Entries": {
				"EastScarp_IntroMail": "{{i18n:ES_IntroMail}}[letterbg Mods/LemurKat.EastScarpe.CP/LetterBackgrounds 0][textcolor black][#]{{i18n:ES_IntroMail.Title}}",
				"Rosa_10HeartInvite": "{{i18n:ES_Rosa10HeartMail}}[letterbg Mods/LemurKat.EastScarpe.CP/LetterBackgrounds 1][textcolor black][#]{{i18n:ES_Rosa10HeartMail.Title}}",
				"fall_25": "{{i18n:ES_SpiritsEve_Invite_1}}[letterbg Mods/LemurKat.EastScarpe.CP/LetterBackgrounds 2][textcolor black][#]{{i18n:ES_SpiritsEve_Invite.Title_1}}",
				"passedOutScarp": "{{i18n:passedOut.mail}}[#]{{i18n:passedOut.mail.name}}",
				"passedOutEyvind": "{{i18n:passedOut.mailEyvind}}[#]{{i18n:passedOut.mail.name}}",
			}
		},
		{ //loads stationery
			"Action": "Load",
			"Target": "Mods/LemurKat.EastScarpe.CP/LetterBackgrounds",
			"FromFile": "assets/Images/Stationery.png"
		},
		//Parallax Sunset Background by DigitalMoons from itch.io (Palm trees)
		{ //edits in spouse rooms and patios
			"LogName": "Spouse stuff",
			"Action": "Include",
			"FromFile": "assets/Spouses.json"
		},
		/*{ //edits in additional dialogue and/or translations < THIS IS NOW HANDLED IN THE i18n.
			"LogName": "Translated Dialogue",
			"Action": "Include",
			"FromFile": "assets/Translations/{{Language}}.json",
			"When": {
				"HasFile:{{FromFile}}": true
			}
		},*/
		{ // Adjustment for when Eyvinder is released: moves the garden
			"Action": "EditMap",
			"Target": "Maps/EastScarp_DeepMountains",
			"FromFile": "assets/Maps/{{season}}_TrollGarden.tmx",
			"PatchMode": "Overlay",
			"FromArea": {
				"X": 0,
				"Y": 0,
				"Width": 12,
				"Height": 12
			},
			"ToArea": {
				"X": 74,
				"Y": 9,
				"Width": 12,
				"Height": 12
			}
		},
		/* Event Key:
				57870000+ = Jacob and Eloise
				57871000+ = Aideen
				57872000+ = Lexi
				57873000+ = Oliver and Josephine
				57874000+ = Rosa
				57875000+ = Vivienne
				57876000+ = Kataryna
				57879000+ = animal NPCs
				*/
		// Rejection dialogue for the Ruby Ring
		{ // vanilla NPCs
			"Action": "EditData",
			"Target": "Characters/Dialogue/Alex, Characters/Dialogue/Elliott, Characters/Dialogue/Harvey, Characters/Dialogue/Sam, Characters/Dialogue/Sebastian, Characters/Dialogue/Shane, Characters/Dialogue/Abigail, Characters/Dialogue/Emily, Characters/Dialogue/Haley, Characters/Dialogue/Leah, Characters/Dialogue/Maru, Characters/Dialogue/Penny, Characters/Dialogue/Caroline, Characters/Dialogue/Clint, Characters/Dialogue/Demetrius, Characters/Dialogue/Dwarf, Characters/Dialogue/Evelyn, Characters/Dialogue/George, Characters/Dialogue/Gus, Characters/Dialogue/Jas, Characters/Dialogue/Jodi, Characters/Dialogue/Kent, Characters/Dialogue/Krobus, Characters/Dialogue/Leo, Characters/Dialogue/Linus, Characters/Dialogue/Marnie, Characters/Dialogue/Pam, Characters/Dialogue/Pierre, Characters/Dialogue/Robin, Characters/Dialogue/Sandy, Characters/Dialogue/Vincent, Characters/Dialogue/Willy, Characters/Dialogue/Wizard, Characters/Dialogue/Lewis, Characters/Dialogue/Marlon, Characters/Dialogue/Gunther, Characters/Dialogue/Gil",
			"Entries": {
				"reject_EastScarp_Vintage_Ruby_Ring": "{{i18n:reject_534.vanilla}}"
			}
		},
		{ //Other expansion and standalone NPCs
			"Action": "EditData",
			"Target": "Characters/Dialogue/Sophia, Characters/Dialogue/Olivia, Characters/Dialogue/Victor, Characters/Dialogue/Andy, Characters/Dialogue/Susan, Characters/Dialogue/Morgan, Characters/Dialogue/Apples, Characters/Dialogue/MarlonFay, Characters/Dialogue/GuntherSilvian, Characters/Dialogue/Claire, Characters/Dialogue/Martin,  Characters/Dialogue/Lance, Characters/Dialogue/Scarlett, Characters/Dialogue/Denver, Characters/Dialogue/Cecilia, Characters/Dialogue/Herbert, Characters/Dialogue/Isla, Characters/Dialogue/Alecto, Characters/Dialogue/Blanche, Characters/Dialogue/Carnelian, Characters/Dialogue/Jade, Characters/Dialogue/John, Characters/Dialogue/Lyell, Characters/Dialogue/Lunna, Characters/Dialogue/Juna, Characters/Dialogue/Dianna, Characters/Dialogue/Bianka, Characters/Dialogue/Raphael, Characters/Dialogue/Esmeralda, Characters/Dialogue/Salvador, Characters/Dialogue/Witch, Characters/Dialogue/Eugene, Characters/Dialogue/Joel, Characters/Dialogue/Sheila, Characters/Dialogue/Gregory, Characters/Dialogue/Gabriel, Characters/Dialogue/Zinnia, Characters/Dialogue/Silly, Characters/Dialogue/Lucikiel, Characters/Dialogue/Aurelia, Characters/Dialogue/Si_MR_Morris, Characters/Dialogue/Shiko, Characters/Dialogue/Sorren, Characters/Dialogue/Alissa, Characters/Dialogue/Aguar, Characters/Dialogue/Bert, Characters/Dialogue/Corine, Characters/Dialogue/Ezekiel, Characters/Dialogue/Flor, Characters/Dialogue/Freddie,Characters/Dialogue/Ian, Characters/Dialogue/Jeric, Characters/Dialogue/Jio, Characters/Dialogue/Keahi, Characters/Dialogue/Kenneth, Characters/Dialogue/Kiwi, Characters/Dialogue/Lenny, Characters/Dialogue/Lola, Characters/Dialogue/Maddie, Characters/Dialogue/Olga, Characters/Dialogue/Philip, Characters/Dialogue/Pika, Characters/Dialogue/Richard, Characters/Dialogue/Shiro, Characters/Dialogue/Trinnie, Characters/Dialogue/Ysabelle, Characters/Dialogue/Yuuma, Characters/Dialogue/Undreya, Characters/Dialogue/Helen, Characters/Dialogue/Daia, Characters/Dialogue/Belinda, Characters/Dialogue/Bliss, Characters/Dialogue/Sari, Characters/Dialogue/Pipo, Characters/Dialogue/Acorn, Characters/Dialogue/Naomi, Characters/Dialogue/Malaya, Characters/Dialogue/Kimpoi, Characters/Dialogue/Anton, Characters/Dialogue/Ariah, Characters/Dialogue/Blair, Characters/Dialogue/Bryle, Characters/Dialogue/Carmen, Characters/Dialogue/Faye, Characters/Dialogue/Irene, Characters/Dialogue/Kiarra, Characters/Dialogue/Lorenzo, Characters/Dialogue/Louie, Characters/Dialogue/Maive, Characters/Dialogue/Paula, Characters/Dialogue/Raeriyala, Characters/Dialogue/Sean, Characters/Dialogue/Shanice, Characters/Dialogue/Sonny, Characters/Dialogue/Zayne, Characters/Dialogue/TreehouseGirl, Characters/Dialogue/RelicSpirit, Characters/Dialogue/Torts, Characters/Dialogue/Althea, Characters/Dialogue/Lorraine, Characters/Dialogue/Nadaline, Characters/Dialogue/Zachary",
			"Entries": {
				"reject_EastScarp_Vintage_Ruby_Ring": "{{i18n:reject_534.nonES}}"
			}
		},
		{ //Animal NPCs
			"Action": "EditData",
			"Target": "Characters/Dialogue/DuckNPC, Characters/Dialogue/Duck2NPC, Characters/Dialogue/LadySheba, Characters/Dialogue/Marigold, Characters/Dialogue/JortsCat, Characters/Dialogue/JeanCat,",
			"Entries": {
				"reject_EastScarp_Vintage_Ruby_Ring": "{{i18n:reject_534.animals}}"
			}
		},
		{ // East Scarp NPCs
			"Action": "EditData",
			"Target": "Characters/Dialogue/Dao, Characters/Dialogue/Sterling, Characters/Dialogue/Mateo, Characters/Dialogue/RinnyAro, Characters/Dialogue/Diala,Characters/Dialogue/Derya, Characters/Dialogue/Moon, Characters/Dialogue/PlumForrest, Characters/Dialogue/Lavril, Characters/Dialogue/Jessie, Characters/Dialogue/Jasper, Characters/Dialogue/MisterGinger, Characters/Dialogue/Trace, Characters/Dialogue/Anew, Characters/Dialogue/SenS,Characters/Dialogue/Yri, Characters/Dialogue/Charles, Characters/Dialogue/Beatrice, Characters/Dialogue/Nagito, Characters/Dialogue/",
			"Entries": {
				"reject_EastScarp_Vintage_Ruby_Ring": "{{i18n:reject_534.ESexp}}"
			}
		},
		{ //Juliet
			"Action": "EditData",
			"Target": "Characters/Dialogue/Juliet",
			"Entries": {
				"reject_EastScarp_Vintage_Ruby_Ring": "{{i18n:reject_534.juliet}}"
			}
		},
		//Write an event if you carry it into the forge, where Clint sees it in your hands and compares it to the one his mother's wearing in the photograph - a photograph of her as a young woman.
		//Mainland Adjustment Groups
		{
			"LogName": "Groups",
			"Action": "EditData",
			"Target": "Mods/atravita_Ginger_Island_Adjustments_groups",
			"Entries": {
				"TrentonFamily": "Jacob, Eloise, VivienneLK",
				"FatherAndDaughter": "Jacob, Eloise",
				"ESLovebirds1": "Juliet, Rosa",
				"ESLovebirds2": "Mateo, Aideen",
				"CryptidHunters": "KatarynaLK, Jasper",
				"GuvFamily": "JosephineK, OliverK"
			},
			"When": {
				"HasMod": "atravita.GingerIslandMainlandAdjustments"
			}
		},
		{ // Prevent Pam from going on vacation on her therapy days.
			// For GIMA's exclusion system
			"Action": "EditData",
			"Target": "Mods/atravita_Ginger_Island_Adjustments_exclusions",
			"Entries": {
				"Jacob": "neveralone"
			},
			"When": {
				"HasMod": "atravita.GingerIslandMainlandAdjustments",
				"DayOfWeek": "Monday, Thursday, Saturday, Sunday"
			}
		},
	
		{
			"Action": "Include",
			"FromFile": "assets/PassiveFestivals.json",
			/*"When": {
				"DayEvent": "spirit's eve"
			}
			assets/SpiritsEve.json*/
		},
		/*{
			"Action": "Include",
			"FromFile": "assets/MEEP.json",
			"When": {
				"HasMod": "MEEP"
			}
		},*/
		{
			"Action": "EditData",
			"Target": "Data/Minecarts",
			"Entries": {
				"EastScarp": {
					"UnlockCondition": "PLAYER_HAS_MAIL Host ccBoilerRoom Received",
					"Destinations": [
						{
							"ID": "EastScarp_DeepDark",
							"DisplayName": "{{i18n:minecart.UnderScarp}}",
							"TargetLocation": "EastScarp_DeepDark",
							"TargetTile": {
								"X": 4,
								"Y": 66
							},
							"TargetDirection": "left",
							//"Network": "EastScarp",
						},
						{
							"ID": "EastScarp_DeepMountains",
							"TargetLocation": "EastScarp_DeepMountains",
							"DisplayName": "{{i18n:minecart.DeepMount}}",
							"TargetTile": {
								"X": 55,
								"Y": 38
							},
							"TargetDirection": "down",
							//"Network": "EastScarp",
						},
						{
							"ID": "EastScarp_Village",
							"DisplayName": "{{i18n:minecart.EastScarp}}",
							"TargetLocation": "EastScarp_Village",
							"TargetTile": {
								"X": 67,
								"Y": 17
							},
							"TargetDirection": "down",
							//"Network": "EastScarp",
						},
						{
							"ID": "EastScarp_ClearingHouse",
							"DisplayName": "{{i18n:minecart.ESClearingHouse}}",
							"TargetLocation": "EastScarp_ClearingHouse",
							"TargetTile": {
								"X": 3,
								"Y": 25
							},
							"TargetDirection": "left",
							//"Network": "EastScarp",
						},
					]
				}
			}
		},
		{
			"Action": "EditMap",
			"Target": "Maps/EastScarp_Village",
			"FromFile": "assets/Maps/MineCartSteam.tmx",
			"PatchMode": "Overlay",
			"ToArea": {
				"X": 69,
				"Y": 15,
				"Width": 1,
				"Height": 1
			},
			"When": {
				"HasFlag": "ccBoilerRoom"
			}
		},
		{
			"Action": "EditMap",
			"Target": "Maps/EastScarp_ClearingHouse",
			"FromFile": "assets/Maps/MineCartSteam.tmx",
			"PatchMode": "Overlay",
			"ToArea": {
				"X": 4,
				"Y": 25,
				"Width": 1,
				"Height": 1
			},
			"When": {
				"HasFlag": "ccBoilerRoom"
			}
		},
		{
			"Action": "EditMap",
			"Target": "Maps/EastScarp_DeepMountains",
			"FromFile": "assets/Maps/MineCartSteam.tmx",
			"PatchMode": "Overlay",
			"ToArea": {
				"X": 57,
				"Y": 36,
				"Width": 1,
				"Height": 1
			},
			"When": {
				"HasFlag": "ccBoilerRoom"
			}
		},
		{
			"Action": "EditData",
			"Target": "Data/Minecarts",
			"When": {
				"HasFlag": "ccBoilerRoom",
				"HasMod |contains=FlashShifter.StardewValleyExpandedCP": false
			},
			"TargetField": [
				"Default",
				"Destinations"
			],
			"Entries": {
				"EastScarp_ClearingHouse2": {
					"ID": "EastScarp_ClearingHouse",
					"DisplayName": "{{i18n:minecart.ESClearingHouse}}",
					"TargetLocation": "EastScarp_ClearingHouse",
					"TargetTile": {
						"X": 1,
						"Y": 27
					},
					"TargetDirection": "left",
				},
			}
		},
		{
			"Action": "EditData",
			"Target": "Data/Minecarts",
			"When": {
				"HasFlag": "ccBoilerRoom",
				"HasMod |contains=FlashShifter.StardewValleyExpandedCP": true,
				"HasMod": "LemurKat.JulietHouse.NPC"
			},
			"TargetField": [
				"Default",
				"Destinations"
			],
			"Entries": {
				"Custom_LK_ClearingHouse": {
					"ID": "Lemurkat_ClearingHouse",
					"TargetLocation": "Custom_LK_ClearingHouse",
					"TargetTile": {
						"X": 55,
						"Y": 7
					},
					"Direction": "down",
					"DisplayName": "{{i18n:minecart.LKClearingHouse}}",
					//"Network": "EastScarp",
				}
			}
		},
		//Removes Events Seen/Mail Flags if you regret Aideen and Mateo dating. Use sparingly, as may cause distress to NPCs.
		{
			"Action": "EditData",
			"Target": "Data/TriggerActions",
			"When": {
				"RivalHearts |contains=AideenMateo": false
			},
			"Entries": {
				"Lemurkat.EastScarp_RemoveAideenMateoDating": {
					"ID": "mail.Lemurkat.EastScarp_RemoveAideenMateoDating",
					"Trigger": "DayStarted",
					"Condition": "PLAYER_HAS_MAIL Current RivalHearts_AideenMateo Received",
					"Actions": [
						"RemoveMail Current RivalHearts_AideenMateo Received",
						"MarkEventSeen Current 57871054 false"
					]
				},
			}
		},
		/*{
			"LogName": "Seasonal events",
			"Action": "EditData",
			"Target": "Mods/EventRepeater/EventstoRepeat",
			"When": {
				"RivalHearts |contains=AideenMateo": false
			},
			"Entries": {
				"57871054": "null",
			}
		},
		{
			"Action": "EditData",
			"Target": "Mods/EventRepeater/MailToRepeat",
			"Entries": {
				"RivalHearts_AideenMateo": "null"
			},
			"When": {
				"RivalHearts |contains=AideenMateo": false
			}
		},*/
		{
			"Action": "Include",
			"FromFile": "assets/GenderNeutralDialogue.json",
			"When": {
				"GenderNeutral": "true"
			}
		},
		{ // Adds MEEP critters
			"Action": "Include",
			"FromFile": "assets/MEEP_Animals.json"
		},
		/*{
			"LogName": "Rival Hearts Mateo Armor for Aideen",
			"Action": "EditData",
			"Target": "Data/Characters",
			"Priority": "Late",
			"TargetField": [
				"Mateo",
				"Appearance"
			],
			"Entries": {
				"LemurKat.EastScarpe.RivalMateoArmor": {
					"Id": "LemurKat.EastScarpe.RivalMateoArmor",
					"Condition": "IS_EVENT 57871051",
					"Portrait": "Portraits/Armor_Mateo",
					"Sprite": "Characters/Armor_Mateo",
					"Precedence": -777
				},
			}
		},*/
	]
}