{
  "Changes": [
    {
      "LogName": "Custom Scarp Weddings",
      "Action": "EditData",
      "Target": "Data/Weddings",
      "TargetField": [
        "EventScript"
      ],
      "Entries": {
        "Mateo": "sweet/-1000 -1000/farmer -100 -100 0 Mateo -100 -100 0 Juliet -100 -100 0 Rosa -100 -100 0 Jessie -100 -100 0 MadDog.HashtagBearFam.Sigurd? -100 -100 0 MadDog.HashtagBearFam.Teren? -100 -100 0 MadDog.HashtagBearFam.Gunnar? -100 -100 0 RodneyOBrien? -100 -100 0 SenS? -100 -100 0 Krobus -100 -100 0 Nova.Eli? -100 -100 0 Nova.Dylan? -100 -100 0 Aideen -100 -100 0 Jacob -100 -100 0 Eloise -100 -100 0 ToriLK -100 -100 0 Nora? -100 -100 0 FC.Barron? -100 -100 0 FC.John? -100 -100 0 Fievel? -100 -100 0 OliverK -100 -100 0 JosephineK -100 -100 0 Beatrice -100 -100 0 Jasper -100 -100 0 VivienneLK -100 -100 0 Eyvinder -100 -100 3 KennedyLK? -100 -100 0 EnderTedi.JSE.Toil? -100 -100 1 EnderTedi.JSE.Trouble? -100 -100 1/changeToTemporaryMap EastScarp_Village/viewport -1000 -1000/addTemporaryActor WeddingArch 125 80 17 106 0 false Character/positionOffset WeddingArch 8 0/addTemporaryActor MateoEmeritus 32 32 16 108 1 true Character/addTemporaryActor MateoGunther 16 32 -100 -100 0 true Character/addTemporaryActor MateoMarlon 16 32 20 113 0 true Character/changeName MateoMarlon Marlon/positionOffset MateoMarlon 32 0/warp farmer 20 107/warp Mateo 21 107/faceDirection farmer 1 true/showFrame Mateo 37/positionOffset farmer 0 16/warp Jessie 24 110/warp ToriLK 24 111/warp Nova.Dylan? 24 112/warp Beatrice 24 113/warp Rosa 23 110/warp Jasper 23 111/warp Fievel? 23 112/warp RodneyOBrien? 23 113/warp Juliet 22 110/warp VivienneLK 22 111/warp Nova.Eli? 22 112/warp SenS? 22 113/warp MateoGunther 19 110/warp MadDog.HashtagBearFam.Teren? 19 111/warp Eloise 19 112/warp FC.John? 19 113/warp Aideen 18 110/warp Krobus 18 111/warp Jacob 18 112/warp Nora? 18 113/warp KennedyLK? 18 114/warp JosephineK 17 110/warp MadDog.HashtagBearFam.Sigurd? 17 111/warp FC.Barron? 17 112/warp MadDog.HashtagBearFam.Gunnar? 17 113/warp OliverK 17 114/positionOffset FC.Barron? -32 0/warp Eyvinder 30 102/warp EnderTedi.JSE.Toil? 5 106/warp EnderTedi.JSE.Trouble? 5 107/viewport 20 110 true/advancedMove MateoMarlon false 0 -5 4 1000 2 1/globalFadeToClear/proceedPosition MateoMarlon/emote MateoMarlon 40/pause 500/faceDirection farmer 2/showFrame Mateo 36/emote Mateo 32 true/pause 100/emote farmer 32 true/pause 600/showFrame MateoMarlon 41/pause 500/speak MateoMarlon \"{{i18n:MateoWedding.1}}\"/pause 500/emote Jessie 20 true/pause 500/emote Fievel? 32 true/emote SenS? 20 true/pause 500/emote Nora? 32 true/pause 750/emote FC.Barron? 32 true/showFrame MateoMarlon 43/pause 500/speak MateoMarlon \"{{i18n:MateoWedding.2}}\"/emote Mateo 32 true/pause 500/textAboveHead Mateo \"{{i18n:MateoWedding.3}}\"/pause 500/emote MateoMarlon 20 true/pause 500/emote MateoGunther 32 true/pause 500/emote Nova.Eli? 20 true/emote MateoEmeritus 20 true/emote Aideen 32 true/pause 300/showFrame Mateo 37/pause 200/textAboveHead Mateo \"{{i18n:MateoWedding.4}}\"/faceDirection farmer 1/emote farmer 20/advancedMove MateoMarlon false 0 1 2 1/proceedPosition MateoMarlon/emote MateoMarlon 40/speak MateoMarlon \"{{i18n:MateoWedding.5}}\"/advancedMove MateoMarlon false 0 2 4 1/pause 200/positionOffset Mateo -16 0/showFrame farmer 101/showFrame Mateo 38/specificTemporarySprite heart 21 106/pause 2000/viewport move 0 -1 6000/globalFade/viewport -1000 -1000/end wedding",
        "Hector": "sweet/-1000 -1000/farmer -100 -100 0 Hector -100 -100 0 Mateo -100 -100 0 Juliet -100 -100 0 Rosa -100 -100 0 Jessie -100 -100 0 MadDog.HashtagBearFam.Sigurd? -100 -100 0 MadDog.HashtagBearFam.Teren? -100 -100 0 MadDog.HashtagBearFam.Gunnar? -100 -100 0 RodneyOBrien? -100 -100 0 SenS? -100 -100 0 Krobus -100 -100 0 Nova.Eli? -100 -100 0 Nova.Dylan? -100 -100 0 Aideen -100 -100 0 Jacob -100 -100 0 Eloise -100 -100 0 ToriLK -100 -100 0 Nora? -100 -100 0 FC.Barron? -100 -100 0 FC.John? -100 -100 0 Fievel? -100 -100 0 OliverK -100 -100 0 JosephineK -100 -100 0 Beatrice -100 -100 0 Jasper -100 -100 0 VivienneLK -100 -100 0 KennedyLK? -100 -100 0 EnderTedi.JSE.Toil? -100 -100 2 EnderTedi.JSE.Trouble? -100 -100 2/changeToTemporaryMap EastScarp_Village/viewport -1000 -1000/addTemporaryActor WeddingArch 125 80 17 106 0 false Character/positionOffset WeddingArch 8 0/addTemporaryActor MateoEmeritus 32 32 16 108 1 true Character/addTemporaryActor BookDryad 1 1 21 105 2 true Character/positionOffset BookDryad 24 0/hideShadow BookDryad true/warp farmer 21 107/warp Hector 20 107/faceDirection farmer 3 true/faceDirection Hector 1 true/positionOffset farmer 0 16/warp Jessie 24 110/warp ToriLK 24 111/warp Nova.Dylan? 24 112/warp Beatrice 24 113/warp Rosa 23 110/warp Jasper 23 111/warp Fievel? 23 112/warp RodneyOBrien? 23 113/warp Juliet 22 110/warp VivienneLK 22 111/warp Nova.Eli? 22 112/warp SenS? 22 113/warp Mateo 19 110/warp MadDog.HashtagBearFam.Teren? 19 111/warp FC.John? 19 112/warp KennedyLK? 19 113/warp Aideen 18 110/warp Krobus 18 111/warp Jacob 18 112/warp OliverK 18 113/warp JosephineK 17 110/warp MadDog.HashtagBearFam.Sigurd? 17 111/warp FC.Barron? 17 112/warp MadDog.HashtagBearFam.Gunnar? 17 113/warp Nora? 17 114//warp Eloise 24 108/faceDirection Eloise 3 true/positionOffset Eloise -32 0/positionOffset FC.Barron? -32 0/warp EnderTedi.JSE.Toil? 26 103/warp EnderTedi.JSE.Trouble? 25 103/faceDirection Rosa 3 true/faceDirection Juliet 1 true/faceDirection Nova.Eli? 1 true/faceDirection Nova.Dylan? 3 true/faceDirection FC.John? 3 true/faceDirection Jacob 1 true/changePortrait Hector HoodDown/changeSprite Hector HoodDown/viewport 20 110 true/emote Juliet 40 true/globalFadeToClear/pause 200/emote Jacob 40 true/emote Nova.Eli? 40 true/pause 500/emote Eloise 32 true/pause 500/emote FC.John? 40 true/emote Nova.Eli? 40/textAboveHead Nova.Dylan? \"{{i18n:HectorWedding.4}}\"/emote Aideen 40 true/pause 1000/speak Juliet \"{{i18n:HectorWedding.5}}\"/emote Rosa 40 true/pause 500/speak Rosa \"{{i18n:HectorWedding.6{{HectorPronouns}}}}\"/emote Nova.Eli? 40 true/pause 500/speak Juliet \"{{i18n:HectorWedding.7}}\"/faceDirection Eloise 2/emote Eloise 8/advancedMove Eloise false -1 0 0 1 2 1/proceedPosition Eloise/pause 500/faceDirection Juliet 0/faceDirection Rosa 0/speak Eloise \"{{i18n:HectorWedding.8{{HectorPronouns}}}}\"/textAboveHead Rosa \"{{i18n:HectorWedding.9}}\"/pause 1000/speak Eloise \"{{i18n:HectorWedding.10}}\"/textAboveHead Juliet \"{{i18n:HectorWedding.11}}\"/advancedMove Eloise false 0 -1 -2 0 4 1/proceedPosition Eloise/faceDirection Hector 2/faceDirection farmer 2 true/speak Hector \"{{i18n:HectorWedding.12}}\"/emote farmer 20 true/speak Eloise \"{{i18n:HectorWedding.13}}\"/speak Hector \"{{i18n:HectorWedding.14}}\"/faceDirection Eloise 2/proceedPosition Eloise/textAboveHead Eloise \"{{i18n:HectorWedding.15}}\"/pause 1000/speak Eloise \"{{i18n:HectorWedding.16}}\"/emote Nova.Eli? 8 true/faceDirection Nova.Eli? 0/faceDirection Nova.Dylan? 0/faceDirection FC.John? 0/emote Aideen 8 true/faceDirection Jacob 0/emote Jasper 8/pause 1000/speak Eloise \"{{i18n:HectorWedding.17}}\"/faceDirection Eloise 0/pause 500/speak Eloise \"{{i18n:HectorWedding.18}}\"/emote Hector 20/textAboveHead Hector \"{{i18n:HectorWedding.1}}\"/pause 500/textAboveHead Jacob \"{{i18n:HectorWedding.19}}\" /pause 500/speak Eloise \"{{i18n:HectorWedding.20}}\"/emote farmer 20/{{HectorWeddingQQ}}/pause 1000/speak Eloise \"{{i18n:HectorWedding.21}}\"/advancedMove Eloise false 0 3 4 1/pause 500/speak Hector \"{{i18n:HectorWedding.22}}\"/textAboveHead BookDryad \"{{i18n:HectorWedding.23}}\"/pause 1000/speak Hector \"{{i18n:HectorWedding.24}}\"/pause 500/positionOffset Hector 16 0/faceDirection farmer 3 true/showFrame farmer 101 true/showFrame Hector 28/specificTemporarySprite heart 21 106/pause 2000/viewport move 0 -1 6000/globalFade/viewport -1000 -1000/end wedding",
        "Cirrus": "sweet/-1000 -1000/farmer -100 -100 0 Cirrus -100 -100 0 Hector -100 -100 0 Mateo -100 -100 0 Juliet -100 -100 0 Rosa -100 -100 0 Jessie -100 -100 0 MadDog.HashtagBearFam.Sigurd? -100 -100 0 MadDog.HashtagBearFam.Teren? -100 -100 0 MadDog.HashtagBearFam.Gunnar? -100 -100 0 RodneyOBrien? -100 -100 0 SenS? -100 -100 0 Krobus -100 -100 0 Nova.Eli? -100 -100 0 Nova.Dylan? -100 -100 0 Aideen -100 -100 0 Jacob -100 -100 0 Eloise -100 -100 0 ToriLK -100 -100 0 Nora? -100 -100 0 FC.Barron? -100 -100 0 FC.John? -100 -100 0 Fievel? -100 -100 0 OliverK -100 -100 0 JosephineK -100 -100 0 Beatrice -100 -100 0 Jasper -100 -100 0 VivienneLK -100 -100 0 KennedyLK? -100 -100 0 EnderTedi.JSE.Toil? -100 -100 2 EnderTedi.JSE.Trouble? -100 -100 2/changeToTemporaryMap EastScarp_Village/viewport -1000 -1000/addTemporaryActor WeddingArch 125 80 17 106 0 false Character/positionOffset WeddingArch 8 0/addTemporaryActor MateoEmeritus 32 32 16 108 1 true Character/addTemporaryActor BookDryad 16 32 20 115 2 true Character/positionOffset BookDryad 32 0/changeName BookDryad Book/warp farmer 20 107/warp Cirrus 21 107/faceDirection farmer 1 true/faceDirection Cirrus 3 true/positionOffset farmer 0 16/warp Rosa 24 110/warp ToriLK 24 111/warp Nova.Dylan? 24 112/warp Beatrice 24 113/warp Juliet 23 110/warp Jasper 23 111/warp Fievel? 23 112/warp RodneyOBrien? 23 113/warp Jessie 22 110/warp VivienneLK 22 111/warp Nova.Eli? 22 112/warp SenS? 22 113/warp Hector 19 110/warp MadDog.HashtagBearFam.Teren? 19 111/warp FC.John? 19 112/warp KennedyLK? 19 113/warp Jacob 19 114/warp Mateo 18 110/warp Krobus 18 111/warp JosephineK 18 112/warp OliverK 18 113/warp Eloise 18 114/warp Aideen 17 110/warp MadDog.HashtagBearFam.Sigurd? 17 111/warp FC.Barron? 17 112/warp MadDog.HashtagBearFam.Gunnar? 17 113/warp Nora? 17 114//positionOffset FC.Barron? -32 0/faceDirection FC.Barron? 1 true/faceDirection FC.Barron? 0 true/faceDirection Mateo 0/faceDirection Hector 0/warp EnderTedi.JSE.Toil? 26 103/warp EnderTedi.JSE.Trouble? 25 103/viewport 20 110 true/advancedMove BookDryad false 0 -7 4 1/emote Cirrus 40 true/pause 500/emote farmer 40 true/waitForAllStationary/emote BookDryad 40 true/pause 1000/faceDirection farmer 2/faceDirection Cirrus 2 true/pause 500/speak BookDryad \"{{i18n:CirrusWedding.1}}\"/emote Cirrus 32 true/pause 500/emote farmer 32/pause 2000/textAboveHead Cirrus \"{{i18n:CirrusWedding.2}}\"/emote BookDryad 32 true/pause 1000/speak BookDryad \"{{i18n:CirrusWedding.3}}\"/emote farmer 8 true/pause 800/textAboveHead Cirrus \"{{i18n:CirrusWedding.4}}\"/pause 500/emote BookDryad 32 true/pause 1000/faceDirection BookDryad 2/pause 500/advancedMove BookDryad false 0 1 2 1/waitForAllStationary/textAboveHead BookDryad \"{{i18n:CirrusWedding.5}}\"/pause 500/speak BookDryad \"{{i18n:CirrusWedding.6}}\"/emote BookDryad 40/speak BookDryad \"{{i18n:CirrusWedding.7}}\"/pause 500/showFrame BookDryad 16/pause 500/speak BookDryad \"{{i18n:CirrusWedding.8}}\"/emote Cirrus 16 true/pause 500/emote farmer 16/stopMusic/pause 500/animate BookDryad false true 200 16 16 17 17 18 18 19 19 20 20 21 21 22 22 23 23 24 24 25 25/playMusic SnS.VulnerableTheme/pause 2000/textAboveHead Cirrus \"{{i18n:CirrusWedding.9}}\"/pause 3000/emote farmer 32/pause 5000/textAboveHead Cirrus \"{{i18n:CirrusWedding.10}}\"/pause 5000/textAboveHead BookDryad \"{{i18n:CirrusWedding.11}}\"/pause 15000/stopAnimation BookDryad 17/pause 200/stopMusic/showFrame BookDryad 16/pause 1000/faceDirection BookDryad 0/playMusic sweet/speak BookDryad \"{{i18n:CirrusWedding.12}}\"/pause 500/emote Cirrus 60/emote farmer 20/pause 1000/textAboveHead Cirrus \"{{i18n:CirrusWedding.13}}\"/speak BookDryad \"{{i18n:CirrusWedding.14}}\"/pause 500/faceDirection BookDryad 2/speak BookDryad \"{{i18n:CirrusWedding.15}}\"/emote BookDryad 40 true/emote Jessie 20 true/pause 500/emote Fievel? 32 true/emote SenS? 20 true/pause 500/emote Nora? 32 true/pause 750/emote FC.Barron? 32 true/pause 500/emote Nova.Eli? 20 true/emote MateoEmeritus 20 true/emote Aideen 32 true/pause 1000/faceDirection BookDryad 0/speak BookDryad \"{{i18n:CirrusWedding.16}}\"/pause 500/positionOffset Cirrus -16 0/showFrame farmer 101/showFrame Cirrus 28/specificTemporarySprite heart 21 106/pause 2000/viewport move 0 -1 6000/globalFade/viewport -1000 -1000/end wedding"
      }
    }
  ]
}