{
   "Changes": [
      //Edits Data for Mr Ginger installed
      {
         "LogName": "Edits Dialogue",
         "Action": "EditData",
         "Target": "Characters/Dialogue/MisterGinger",
         "Entries": {
            "Resort_Entering": "{{i18n:Dialogue.Tristan.Resort_Entering}}",
            "Resort_Leaving": "{{i18n:Dialogue.Tristan.Resort_Leaving}}",
            "Resort_Shore": "{{i18n:Dialogue.Tristan.Resort_Shore}}",
            "Resort_Umbrella": "{{i18n:Dialogue.Tristan.Resort_Umbrella}}",
            "Resort_Wander": "{{i18n:Dialogue.Tristan.Resort_Wander}}",
            "Resort_Bar": "{{i18n:Dialogue.Tristan.Resort_Bar}}",
            "Resort": "{{i18n:Dialogue.Tristan.Resort}}",
            "FarmHouse_Entry": "{{i18n:Dialogue.Tristan.FarmHouse_Entry}}",
            "danceRejection": "{{i18n:Dialogue.Tristan.danceRejection}}",
            "FlowerDance_Accept_Spouse": "{{i18n:Dialogue.Tristan.FlowerDance_Accept_Spouse}}",
            "divorced": "{{i18n:Dialogue.Tristan.divorced}}",
            "breakUp": "{{i18n:Dialogue.Tristan.breakUp}}",
            "spring_28_2": "{{i18n:Dialogue.Tristan.spring_28_2}}",
            "Mon": "{{i18n:Dialogue.Tristan.Mon}}",
            "Mon6": "{{i18n:Dialogue.Tristan.Mon6}}",
            "Mon8": "{{i18n:Dialogue.Tristan.Mon8}}",
            "Tue": "{{i18n:Dialogue.Tristan.Tue}}",
            "Tue6": "{{i18n:Dialogue.Tristan.Tue6}}",
            "Tue8": "{{i18n:Dialogue.Tristan.Tue8}}",
            "Wed": "{{i18n:Dialogue.Tristan.Wed}}",
            "Wed8": "{{i18n:Dialogue.Tristan.Wed8}}",
            "Thu": "{{i18n:Dialogue.Tristan.Thu}}",
            "Thu6": "{{i18n:Dialogue.Tristan.Thu6}}",
            "Thu8": "{{i18n:Dialogue.Tristan.Thu8}}",
            "Fri": "{{i18n:Dialogue.Tristan.Fri}}",
            "Fri6": "{{i18n:Dialogue.Tristan.Fri6}}",
            "Fri8": "{{i18n:Dialogue.Tristan.Fri8}}",
            "Sat": "{{i18n:Dialogue.Tristan.Sat}}",
            "Sat8": "{{i18n:Dialogue.Tristan.Sat8}}",
            "Sun": "{{i18n:Dialogue.Tristan.Sun}}",
            "Sun8": "{{i18n:Dialogue.Tristan.Sun8}}",
            "Mon10": "{{i18n:Dialogue.Tristan.Mon10}}",
            "Tue10": "{{i18n:Dialogue.Tristan.Tue10}}",
            "Wed10": "{{i18n:Dialogue.Tristan.Wed10}}",
            "Thu10": "{{i18n:Dialogue.Tristan.Thu10}}",
            "Fri10": "{{i18n:Dialogue.Tristan.Fri10}}",
            "Sat10": "{{i18n:Dialogue.Tristan.Sat10}}",
            "Sun10": "{{i18n:Dialogue.Tristan.Sun10}}",
            "summer_Mon": "{{i18n:Dialogue.Tristan.summer_Mon}}",
            "summer_Mon8": "{{i18n:Dialogue.Tristan.summer_Mon8}}",
            "summer_Tue": "{{i18n:Dialogue.Tristan.summer_Tue}}",
            "summer_Tue6": "{{i18n:Dialogue.Tristan.summer_Tue6}}",
            "summer_Tue8": "{{i18n:Dialogue.Tristan.summer_Tue8}}",
            "summer_Wed": "{{i18n:Dialogue.Tristan.summer_Wed}}",
            "summer_Wed6": "{{i18n:Dialogue.Tristan.summer_Wed6}}",
            "summer_Wed10": "{{i18n:Dialogue.Tristan.summer_Wed10}}",
            "summer_Thu": "{{i18n:Dialogue.Tristan.summer_Thu}}",
            "summer_Thu6": "{{i18n:Dialogue.Tristan.summer_Thu6}}",
            "summer_Thu10": "{{i18n:Dialogue.Tristan.summer_Thu10}}",
            "summer_Fri": "{{i18n:Dialogue.Tristan.summer_Fri}}",
            "summer_Fri6": "{{i18n:Dialogue.Tristan.summer_Fri6}}",
            "summer_Fri10": "{{i18n:Dialogue.Tristan.summer_Fri10}}",
            "summer_Sat": "{{i18n:Dialogue.Tristan.summer_Sat}}",
            "summer_Sat6": "{{i18n:Dialogue.Tristan.summer_Sat6}}",
            "summer_Sat10": "{{i18n:Dialogue.Tristan.summer_Sat10}}",
            "summer_Sun": "{{i18n:Dialogue.Tristan.summer_Sun}}",
            "summer_Sun4": "{{i18n:Dialogue.Tristan.summer_Sun4}}",
            "summer_Sun8": "{{i18n:Dialogue.Tristan.summer_Sun8}}",
            "summer_Sun10": "{{i18n:Dialogue.Tristan.summer_Sun10}}",
            "fall_Mon8": "{{i18n:Dialogue.Tristan.fall_Mon8}}",
            "fall_Mon": "{{i18n:Dialogue.Tristan.fall_Mon}}",
            "fall_Tue6": "{{i18n:Dialogue.Tristan.fall_Tue6}}",
            "fall_Wed": "{{i18n:Dialogue.Tristan.fall_Wed}}",
            "fall_Wed8": "{{i18n:Dialogue.Tristan.fall_Wed8}}",
            "fall_Thu": "{{i18n:Dialogue.Tristan.fall_Thu}}",
            "fall_Fri": "{{i18n:Dialogue.Tristan.fall_Fri}}",
            "fall_Fri6": "{{i18n:Dialogue.Tristan.fall_Fri6}}",
            "fall_Sat": "{{i18n:Dialogue.Tristan.fall_Sat}}",
            "fall_Sun6": "{{i18n:Dialogue.Tristan.fall_Sun6}}",
            "winter_Mon": "{{i18n:Dialogue.Tristan.winter_Mon}}",
            "winter_Tue": "{{i18n:Dialogue.Tristan.winter_Tue}}",
            "winter_Tue8": "{{i18n:Dialogue.Tristan.winter_Tue8}}",
            "winter_Wed": "{{i18n:Dialogue.Tristan.winter_Wed}}",
            "winter_Wed6": "{{i18n:Dialogue.Tristan.winter_Wed6}}",
            "winter_Wed8": "{{i18n:Dialogue.Tristan.winter_Wed8}}",
            "winter_Thu": "{{i18n:Dialogue.Tristan.winter_Thu}}",
            "Winter_Thu6": "{{i18n:Dialogue.Tristan.Winter_Thu6}}",
            "winter_Thu8": "{{i18n:Dialogue.Tristan.winter_Thu8}}",
            "winter_Fri": "{{i18n:Dialogue.Tristan.winter_Fri}}",
            "winter_Sat8": "{{i18n:Dialogue.Tristan.winter_Sat8}}",
            "winter_Sun": "{{i18n:Dialogue.Tristan.winter_Sun}}",
            "winter_Sun8": "{{i18n:Dialogue.Tristan.winter_Sun8}}",
            "winter_Sat": "{{i18n:Dialogue.Tristan.winter_Sat}}",
            "winter_Sat10": "{{i18n:Dialogue.Tristan.winter_Sat10}}",
            "fall_26_2": "{{i18n:Dialogue.Tristan.fall_26_2}}",
            "AnimalShop_3_7": "{{i18n:Dialogue.Tristan.AnimalShop_3_7}}",
            "AnimalShop_5_6": "{{i18n:Dialogue.Tristan.AnimalShop_5_6}}",
            "spring_12_2": "{{i18n:Dialogue.Tristan.spring_12_2}}",
            "spring_Sun_inlaw_Shane": "{{i18n:Dialogue.Tristan.spring_Sun_inlaw_Shane}}",
            "spring_Sun_inlaw_Emily": "{{i18n:Dialogue.Tristan.spring_Sun_inlaw_Emily}}",
            "spring_Sun_inlaw_Abigail": "{{i18n:Dialogue.Tristan.spring_Sun_inlaw_Abigail}}",
            "spring_Sun_inlaw_Sebastian": "{{i18n:Dialogue.Tristan.spring_Sun_inlaw_Sebastian}}",
            "spring_Sun_inlaw_Sam": "{{i18n:Dialogue.Tristan.spring_Sun_inlaw_Sam}}",
            "spring_Sun_inlaw_Elliot": "{{i18n:Dialogue.Tristan.spring_Sun_inlaw_Elliot}}",
            "spring_Sun_inlaw_Penny": "{{i18n:Dialogue.Tristan.spring_Sun_inlaw_Penny}}",
            "spring_Sun_inlaw_Maru": "{{i18n:Dialogue.Tristan.spring_Sun_inlaw_Maru}}",
            "spring_Sun_inlaw_Krobus": "{{i18n:Dialogue.Tristan.spring_Sun_inlaw_Krobus}}",
            "spring_Sun_inlaw_Leah": "{{i18n:Dialogue.Tristan.spring_Sun_inlaw_Leah}}",
            "spring_Sun_inlaw_Harvey": "{{i18n:Dialogue.Tristan.spring_Sun_inlaw_Harvey}}",
            "spring_Sun_inlaw_Haley": "{{i18n:Dialogue.Tristan.spring_Sun_inlaw_Haley}}",
            "spring_Sun_inlaw_Alex": "{{i18n:Dialogue.Tristan.spring_Sun_inlaw_Alex}}",
            "spring_Sun_inlaw_Sophia": "{{i18n:Dialogue.Tristan.spring_Sun_inlaw_Sophia}}",
            "spring_Sun_inlaw_Victor": "{{i18n:Dialogue.Tristan.spring_Sun_inlaw_Victor}}",
            "spring_Sun_inlaw_Olivia": "{{i18n:Dialogue.Tristan.spring_Sun_inlaw_Olivia}}",
            "spring_Sun_inlaw_Nikolai": "{{i18n:Dialogue.Tristan.spring_Sun_inlaw_Nikolai}}",
            "spring_Sun_inlaw_Denver": "{{i18n:Dialogue.Tristan.spring_Sun_inlaw_Denver}}",
            "spring_Sun_inlaw_Wizard": "{{i18n:Dialogue.Tristan.spring_Sun_inlaw_Wizard}}",
            "spring_Wed_inlaw_Jasper": "{{i18n:Dialogue.Tristan.spring_Wed_inlaw_Jasper}}",
            "Spring_Sun_inlaw_Mando": "{{i18n:Dialogue.Tristan.Spring_Sun_inlaw_Mando}}",
            "spring_Sun_inlaw_Luckiel": "{{i18n:Dialogue.Tristan.spring_Sun_inlaw_Luckiel}}",
            "summer_Tue_inlaw_Marlon": "{{i18n:Dialogue.Tristan.summer_Tue_inlaw_Marlon}}",
            "Tristan_Fire": "{{i18n:Dialogue.Tristan.Tristan_Fire}}",
            "Tristan_Snuggle": "{{i18n:Dialogue.Tristan.Tristan_Snuggle}}",
            "Tristan_cabin1": "{{i18n:Dialogue.Tristan.Tristan_cabin1}}",
            "Tristan_cabin2": "{{i18n:Dialogue.Tristan.Tristan_cabin2}}",
            "EastScarp_House1_13_4": "{{i18n:Dialogue.Tristan.EastScarp_House1_13_4}}",
            "EastScarp_House1_23_4": "{{i18n:Dialogue.Tristan.EastScarp_House1_23_4}}",
            "Saloon_20_19": "{{i18n:Dialogue.Tristan.Saloon_20_19}}",
            "AquariumDonated:Tuna": "{{i18n:Dialogue.Tristan.AquariumDonated:Tuna}}",
            "ShaneTrissRH2": "{{i18n:Dialogue.Tristan.ShaneTrissRH2}}",
            "SterlingShaneParty": "{{i18n:Dialogue.Tristan.SterlingShaneParty}}",
            "give_flowersA": "{{i18n:Dialogue.Tristan.give_flowersA}}",
            "give_flowersB": "{{i18n:Dialogue.Tristan.give_flowersB}}",
            "give_pendant": "{{i18n:Dialogue.Tristan.give_pendant}}",
            "stardrop_gift": "{{i18n:Dialogue.Tristan.stardrop_gift}}",
            "reject_two_heartA": "{{i18n:Dialogue.Tristan.reject_two_heartA}}",
            "reject_two_heartB": "{{i18n:Dialogue.Tristan.reject_two_heartB}}",
            "reject_four_heartA": "{{i18n:Dialogue.Tristan.reject_four_heartA}}",
            "reject_four_heartB": "{{i18n:Dialogue.Tristan.reject_four_heartB}}",
            "engageA": "{{i18n:Dialogue.Tristan.engageA}}",
            "engageB": "{{i18n:Dialogue.Tristan.engageB}}",
            "marriedA": "{{i18n:Dialogue.Tristan.marriedA}}",
            "marriedB": "{{i18n:Dialogue.Tristan.marriedB}}",
            "refusal_no_heartsA": "{{i18n:Dialogue.Tristan.refusal_no_heartsA}}",
            "refusal_no_heartsB": "{{i18n:Dialogue.Tristan.refusal_no_heartsB}}",
            "refusal_knownA": "{{i18n:Dialogue.Tristan.refusal_knownA}}",
            "refusal_knownB": "{{i18n:Dialogue.Tristan.refusal_knownB}}",
            "refusal_botherA": "{{i18n:Dialogue.Tristan.refusal_botherA}}",
            "refusal_botherB": "{{i18n:Dialogue.Tristan.refusal_botherB}}",
            "giftquestion_yes": "{{i18n:Dialogue.Tristan.giftquestion_yes}}",
            "giftquestion_lie": "{{i18n:Dialogue.Tristan.giftquestion_lie}}",
            "Aideen_Garden": "{{i18n:Dialogue.Tristan.Aideen_Garden}}",
            "Event.cs.1501": "{{i18n:Dialogue.Tristan.Event.cs.1501}}",
            "Event.cs.1504": "{{i18n:Dialogue.Tristan.Event.cs.1504}}",
         }
      },
      {
         "LogName": "Marriage Dialogue",
         "Action": "EditData",
         "Target": "Characters/Dialogue/MarriageDialogueMisterGinger",
         "Entries": {
            "Rainy_Day_0": "{{i18n:MarriageDialogue.Tristan.Rainy_Day_0}}",
            "Rainy_Day_1": "{{i18n:MarriageDialogue.Tristan.Rainy_Day_1}}",
            "Rainy_Day_2": "{{i18n:MarriageDialogue.Tristan.Rainy_Day_2}}",
            "Rainy_Day_3": "{{i18n:MarriageDialogue.Tristan.Rainy_Day_3}}",
            "Rainy_Day_4": "{{i18n:MarriageDialogue.Tristan.Rainy_Day_4}}",
            "Rainy_Day_MisterGinger": "{{i18n:MarriageDialogue.Tristan.Rainy_Day_MisterGinger}}",
            "patio_MisterGinger": "{{i18n:MarriageDialogue.Tristan.patio_MisterGinger}}",
            "spouseRoom_MisterGinger": "{{i18n:MarriageDialogue.Tristan.spouseRoom_MisterGinger}}",
            "Rainy_Night_MisterGinger": "{{i18n:MarriageDialogue.Tristan.Rainy_Night_MisterGinger}}",
            "Rainy_Night_1": "{{i18n:MarriageDialogue.Tristan.Rainy_Night_1}}",
            "Rainy_Night_2": "{{i18n:MarriageDialogue.Tristan.Rainy_Night_2}}",
            "Rainy_Night_3": "{{i18n:MarriageDialogue.Tristan.Rainy_Night_3}}",
            "Rainy_Night_4": "{{i18n:MarriageDialogue.Tristan.Rainy_Night_4}}",
            "Rainy_Night_5": "{{i18n:MarriageDialogue.Tristan.Rainy_Night_5}}",
            "Indoor_Day_MisterGinger": "{{i18n:MarriageDialogue.Tristan.Indoor_Day_MisterGinger}}",
            "Indoor_Day_0": "{{i18n:MarriageDialogue.Tristan.Indoor_Day_0}}",
            "Indoor_Day_1": "{{i18n:MarriageDialogue.Tristan.Indoor_Day_1}}",
            "Indoor_Day_2": "{{i18n:MarriageDialogue.Tristan.Indoor_Day_2}}",
            "Indoor_Day_3": "{{i18n:MarriageDialogue.Tristan.Indoor_Day_3}}",
            "Indoor_Day_4": "{{i18n:MarriageDialogue.Tristan.Indoor_Day_4}}",
            "Indoor_Night_MisterGinger": "{{i18n:MarriageDialogue.Tristan.Indoor_Night_MisterGinger}}",
            "Indoor_Night_0": "{{i18n:MarriageDialogue.Tristan.Indoor_Night_0}}",
            "Indoor_Night_1": "{{i18n:MarriageDialogue.Tristan.Indoor_Night_1}}",
            "Indoor_Night_2": "{{i18n:MarriageDialogue.Tristan.Indoor_Night_2}}",
            "Indoor_Night_3": "{{i18n:MarriageDialogue.Tristan.Indoor_Night_3}}",
            "Indoor_Night_4": "{{i18n:MarriageDialogue.Tristan.Indoor_Night_4}}",
            "Outdoor_0": "{{i18n:MarriageDialogue.Tristan.Outdoor_0}}",
            "Outdoor_1": "{{i18n:MarriageDialogue.Tristan.Outdoor_1}}",
            "Outdoor_2": "{{i18n:MarriageDialogue.Tristan.Outdoor_2}}",
            "Outdoor_3": "{{i18n:MarriageDialogue.Tristan.Outdoor_3}}",
            "Outdoor_4": "{{i18n:MarriageDialogue.Tristan.Outdoor_4}}",
            "funLeave_MisterGinger": "{{i18n:MarriageDialogue.Tristan.funLeave_MisterGinger}}",
            "funReturn_MisterGinger": "{{i18n:MarriageDialogue.Tristan.funReturn_MisterGinger}}",
            "OneKid_0": "{{i18n:MarriageDialogue.Tristan.OneKid_0}}",
            "OneKid_1": "{{i18n:MarriageDialogue.Tristan.OneKid_1}}",
            "OneKid_2": "{{i18n:MarriageDialogue.Tristan.OneKid_2}}",
            "OneKid_3": "{{i18n:MarriageDialogue.Tristan.OneKid_3}}",
            "TwoKids_0": "{{i18n:MarriageDialogue.Tristan.TwoKids_0}}",
            "TwoKids_1": "{{i18n:MarriageDialogue.Tristan.TwoKids_1}}",
            "TwoKids_2": "{{i18n:MarriageDialogue.Tristan.TwoKids_2}}",
            "TwoKids_3": "{{i18n:MarriageDialogue.Tristan.TwoKids_3}}",
            "Good_0": "{{i18n:MarriageDialogue.Tristan.Good_0}}",
            "Good_1": "{{i18n:MarriageDialogue.Tristan.Good_1}}",
            "Good_2": "{{i18n:MarriageDialogue.Tristan.Good_2}}",
            "Good_3": "{{i18n:MarriageDialogue.Tristan.Good_3}}",
            "Good_4": "{{i18n:MarriageDialogue.Tristan.Good_4}}",
            "Good_5": "{{i18n:MarriageDialogue.Tristan.Good_5}}",
            "Good_6": "{{i18n:MarriageDialogue.Tristan.Good_6}}",
            "Good_7": "{{i18n:MarriageDialogue.Tristan.Good_7}}",
            "Neutral_0": "{{i18n:MarriageDialogue.Tristan.Neutral_0}}",
            "Neutral_1": "{{i18n:MarriageDialogue.Tristan.Neutral_1}}",
            "Neutral_5": "{{i18n:MarriageDialogue.Tristan.Neutral_5}}",
            "Neutral_6": "{{i18n:MarriageDialogue.Tristan.Neutral_6}}",
            "Neutral_7": "{{i18n:MarriageDialogue.Tristan.Neutral_7}}",
            "Neutral_8": "{{i18n:MarriageDialogue.Tristan.Neutral_8}}",
            "Neutral_9": "{{i18n:MarriageDialogue.Tristan.Neutral_9}}",
            "Bad_0": "{{i18n:MarriageDialogue.Tristan.Bad_0}}",
            "Bad_3": "{{i18n:MarriageDialogue.Tristan.Bad_3}}",
            "Bad_5": "{{i18n:MarriageDialogue.Tristan.Bad_5}}",
            "Bad_8": "{{i18n:MarriageDialogue.Tristan.Bad_8}}",
            "Bad_9": "{{i18n:MarriageDialogue.Tristan.Bad_9}}",
            "spring_1": "{{i18n:MarriageDialogue.Tristan.spring_1}}",
            "spring_12": "{{i18n:MarriageDialogue.Tristan.spring_12}}",
            "spring_23": "{{i18n:MarriageDialogue.Tristan.spring_23}}",
            "spring_24": "{{i18n:MarriageDialogue.Tristan.spring_24}}",
            "spring_28": "{{i18n:MarriageDialogue.Tristan.spring_28}}",
            "summer_1": "{{i18n:MarriageDialogue.Tristan.summer_1}}",
            "summer_4": "{{i18n:MarriageDialogue.Tristan.summer_4}}",
            "summer_10": "{{i18n:MarriageDialogue.Tristan.summer_10}}",
            "summer_27": "{{i18n:MarriageDialogue.Tristan.summer_27}}",
            "fall_1": "{{i18n:MarriageDialogue.Tristan.fall_1}}",
            "fall_15": "{{i18n:MarriageDialogue.Tristan.fall_15}}",
            "fall_17": "{{i18n:MarriageDialogue.Tristan.fall_17}}",
            "winter_1": "{{i18n:MarriageDialogue.Tristan.winter_1}}",
            "winter_28": "{{i18n:MarriageDialogue.Tristan.winter_28}}",
         }
      }
   ]
}