{
    "Changes": [
        {
            "Action": "EditData",
            "Target": "Data/TriggerActions",
            "Entries": {
                "Lemurkat.Tristan_JasLetter": {
                    "ID": "mail.Lemurkat.Tristan_JasLetter",
                    "Trigger": "LocationChanged",
                    "Location": "Farm",
                    "Condition": "PLAYER_HAS_SEEN_EVENT Current 50706126",
                    "Actions": [
                        "AddMail Current Jas_Letter Now",
                        "MarkEventSeen 50706127"
                    ]
                },
                "Lemurkat.Tristan_CatPicnicInvite": {
                    "ID": "mail.Lemurkat.Tristan_CatPicnic",
                    "Trigger": "LocationChanged",
                    "Location": "Farm",
                    "Condition": "PLAYER_HAS_SEEN_EVENT Current 50706127, PLAYER_HAS_SEEN_EVENT Current 50706133",
                    "Action": "AddMail Current Wizard_CatPicnic Now"
                }
            }
        },
        {
            "Action": "EditData",
            "Target": "Data/TriggerActions",
            "when": {
                "HasSeenEvent:hostPlayer": "5295000",
                "HasConversationTopic |contains=TristanReturns": false
            },
            "Entries": {
                "Lemurkat.Tristan_RequestBakedFish": {
                    "ID": "mail.Lemurkat.Tristan_RequestBakedFish",
                    "Trigger": "LocationChanged",
                    "Location": "Farm",
                    "Condition": "PLAYER_FRIENDSHIP_POINTS Current Willy 1500",
                    "Action": "AddMail Current Tristan_BakedFishGift Now"
                },
                "Lemurkat.Tristan_MtEvermoreDate": {
                    "ID": "mail.Lemurkat.Tristan_MtEvermoreDate",
                    "Trigger": "LocationChanged",
                    "Location": "Farm",
                    "Condition": "PLAYER_NPC_RELATIONSHIP Current MisterGinger Dating Engaged Married, PLAYER_FRIENDSHIP_POINTS Current MisterGinger 2500, !LOCATION_SEASON Here winter",
                    "Action": "AddMail Current Tristan_MtEvermore Tomorrow"
                },
            }
        },
        //letters and Farm events        
        {
            "Action": "EditData",
            "Target": "Data/Events/Farm",
            "Entries": {
                //"50706128/e 50706127/e 50706133/x Wizard_CatPicnic": "null",
                "5295001/e 5295000/o Shane/t 600 2300/H": "continue/64 15/farmer 64 16 2 MisterGinger 64 18 0/broadcastEvent/pause 1500/speak MisterGinger \"{{i18n:5295001.0}}\"/pause 500/speak MisterGinger \"{{i18n:5295001.1}}\"/pause 300/faceDirection MisterGinger 2/pause 500/faceDirection MisterGinger 0/speak MisterGinger \"{{i18n:5295001.2}}\"/pause 500/speak MisterGinger \"{{i18n:5295001.3}}\"/end invisible MisterGinger",
                "5295021/e 5295000/e 5295001/O Shane/t 600 2300/H": "continue/64 15/farmer 64 16 2 MisterGinger 64 18 0/broadcastEvent/pause 1500/speak MisterGinger \"{{i18n:5295021.0}}\"/pause 500/speak MisterGinger \"{{i18n:5295021.1}}\"/pause 300/faceDirection MisterGinger 2/pause 500/faceDirection MisterGinger 0/speak MisterGinger \"{{i18n:5295021.2}}\"/pause 500/speak MisterGinger \"{{i18n:5295021.3}}\"/end invisible MisterGinger",
                // "5295009/e 5295000/A TristanReturns/x Tristan_BakedFishGift": "null",
                // "5295011/e 5295000/f MisterGinger 2500/A TristanReturns/D MisterGinger/z winter/x Tristan_MtEvermore": "null"
            }
        },
        {
            "Action": "EditData",
            "Target": "Data/mail",
            "Entries": {
                "Jas_Letter": "{{i18n:mail.Jas_Letter.text}}[#]{{i18n:mail.Jas_Letter.title}}",
                "Tristan_BakedFishGift": "{{i18n:mail.Tristan_BakedFishGift.text}}[#]{{i18n:mail.Tristan_BakedFishGift.title}}",
                "Tristan_MtEvermore": "{{i18n:mail.Tristan_MtEvermore.text}}[#]{{i18n:mail.Tristan_MtEvermore.title}}"
            }
        },
        {
            "Action": "EditData",
            "Target": "Data/mail",
            "Entries": {
                "Wizard_CatPicnic": "{{i18n:mail.Wizard.Wizard_CatPicnic.text}}[#]{{i18n:mail.Wizard.Wizard_CatPicnic.title}}"
            },
            "When": {
                "HasMod |contains=Ran.HarvestGoddess": false
            }
        },
        //10 Heart Event
        {
            "Action": "EditData",
            "Target": "Data/mail",
            "Entries": {
                "Wizard_CatPicnic": "{{i18n:mail.HarvestGoddess.Wizard_CatPicnic.text}}[#]{{i18n:mail.HarvestGoddess.Wizard_CatPicnic.title}}"
            },
            "When": {
                "HasMod |contains=Ran.HarvestGoddess": true
            }
        },
        {
            "Action": "Load",
            "Target": "characters/MrGPicnicRug",
            "FromFile": "assets/Characters/PicnicRug.png"
        },
        {
            "LogName": "10-heart Event",
            "Action": "EditData",
            "Target": "Data/Events/Woods",
            "Entries": {
                "50706129/n Wizard_CatPicnic/Hl Tristan_Returns/t 1800 2200/w sunny": "woodsTheme/-100 -100/farmer 16 13 3 MisterGinger 8 8 0/skippable/addTemporaryActor MrGPicnicRug 48 48 8 10 2 false/addLantern 735 10 7 4/viewport 14 13/pause 500/speak MisterGinger \"{{i18n:50706129.0}}\"/pause 250/move farmer -2 0 3/playSound woodyStep/pause 250/faceDirection MisterGinger 1/jump MisterGinger 3/pause 250/textAboveHead MisterGinger \"{{i18n:50706129.1}}\"/speed MisterGinger 4/move MisterGinger 3 0 1/speed MisterGinger 4/move MisterGinger 0 5 1/move farmer -2 0 3/pause 250/emote farmer 32/speak MisterGinger \"{{i18n:50706129.2}}\"/pause 250/faceDirection MisterGinger 3/pause 250/faceDirection MisterGinger 1/pause 500/speak MisterGinger \"{{i18n:50706129.3}}\"/pause 500/move MisterGinger -3 0 0/move farmer -3 0 0/move MisterGinger 0 -1 0/move farmer 0 -1 0/pause 500/speak MisterGinger \"{{i18n:50706129.4}}\"/pause 500/quickQuestion {{i18n:50706129.5}}(break)speak MisterGinger \"Not bad for someone with no thumbs, right?$1#$b#I had Jas to help me.$4\"(break)speak MisterGinger \"{{i18n:50706129.6}}\"(break)speak MisterGinger \"{{i18n:50706129.7}}\"(break)speak MisterGinger \"{{i18n:50706129.8}}\"(break)speak MisterGinger \"{{i18n:50706129.9}}\"/pause 500/stopMusic/playMusic echos/speak MisterGinger \"{{i18n:50706129.10}}\"/faceDirection MisterGinger 1/faceDirection farmer 3/pause 250/speak MisterGinger \"{{i18n:50706129.11}}\"/pause 500/showFrame MisterGinger 25/pause 250/speak MisterGinger \"{{i18n:50706129.12}}\"/pause 250/speak MisterGinger \"{{i18n:50706129.13}}\"/fork 50700001 MrG_Ridic/pause 500/showFrame MisterGinger 28/positionOffset farmer -4 0/specificTemporarySprite heart 8 11/pause 2000/end warpOut",
                "MrG_Ridic": "pause 500/animate MisterGinger false false 250 12 20 21 20 21/pause 2000/move MisterGinger -3 0 0/pause 1000/end warpOut"
            }
        },
        {
            "LogName": "10-heart Event",
            "Action": "EditData",
            "Target": "Data/Events/Woods",
            "Entries": {
                "50706129/n Wizard_CatPicnic/Hl Tristan_Returns/t 1800 2200/w sunny": "woodsTheme/-100 -100/farmer 8 16 0 MisterGinger 8 8 0/skippable/addTemporaryActor MrGPicnicRug 48 48 8 10 2 false/positionOffset MrGPicnicRug -26 20 true/addLantern 735 10 6 4/viewport 9 10 clamp/pause 500/speak MisterGinger \"{{i18n:50706129.0}}\"/pause 250/move farmer 0 -4 0/playSound woodyStep/pause 250/faceDirection MisterGinger 1 true/faceDirection MisterGinger 2 true/pause 300/jump MisterGinger/pause 250/textAboveHead MisterGinger \"{{i18n:50706129.1}}\"/pause 1000/emote farmer 32/pause 300/speak MisterGinger \"{{i18n:50706129.2}}\"/pause 250/faceDirection MisterGinger 3/pause 250/faceDirection MisterGinger 2/pause 500/speak MisterGinger \"{{i18n:50706129.3}}\"/pause 500/globalFade/viewport -1000 -1000/warp farmer 9 8/faceDirection farmer 2 true/faceDirection MisterGinger 2 true/viewport 9 10 clamp true/pause 1150/speak MisterGinger \"{{i18n:50706129.4}}\"/pause 500/quickQuestion {{i18n:50706129.5}}(break)speak MisterGinger \"Not bad for someone with no thumbs, right?$1#$b#I had Jas to help me.$4\"(break)speak MisterGinger \"{{i18n:50706129.6}}\"(break)speak MisterGinger \"{{i18n:50706129.7}}\"(break)speak MisterGinger \"{{i18n:50706129.8}}\"(break)speak MisterGinger \"{{i18n:50706129.9}}\"/pause 500/stopMusic/playMusic echos/speak MisterGinger \"{{i18n:50706129.10}}\"/faceDirection MisterGinger 1/faceDirection farmer 3/pause 250/speak MisterGinger \"{{i18n:50706129.11}}\"/pause 500/showFrame MisterGinger 25/pause 250/speak MisterGinger \"{{i18n:50706129.12}}\"/pause 250/speak MisterGinger \"{{i18n:50706129.13}}\"/fork 50700002 MrG_Ridic/pause 500/showFrame MisterGinger 28/positionOffset farmer -4 0/specificTemporarySprite heart 8 11/pause 2000/end warpOut"
            },
            "When": {
                "HasMod": "FlashShifter.StardewValleyExpandedCP"
            }
        },
        //Initiation event (Has seen all of Jas's, Mr Ginger's events, plus Shane's 8 heart)
        {
            "LogName": "Initiating event",
            "Action": "EditData",
            "Target": "Data/Events/AnimalShop",
            "Entries": {
                "5295003/e 50706129/e 50706116/e 3900074/e 50706127/p Jas/H": "jaunty/-200 -200/Jas 5 5 3 MisterGinger 4 5 1 farmer 9 18 3/addTemporaryActor MonaCute 16 16 -100 -101 2 false/addTemporaryActor TristanCute 16 16 -99 -101 2 false/addTemporaryActor WitchCute 16 32 -1000 -1000 2 false/addTemporaryActor GingerCute 16 16 -1000 -1000 2 false/addTemporaryActor JasCute 16 16 -1000 -1000 2 false/addTemporaryActor MarnShane 32 16 -1000 -1000 2 false/addTemporaryActor MarnCute 16 16 -1000 -1000 2 false/addConversationTopic Tristan_Discuss 5/skippable/viewport 5 7 clamp true/pause 500/speak Jas \"{{i18n:5295003.0}}\"/pause 500/move farmer -3 0 0/pause 500/playSound cat/pause 500/speak Jas \"{{i18n:5295003.1}}\"/move farmer 0 -5 0/faceDirection Jas 2/pause 500/textAboveHead Jas \"{{i18n:5295003.2}}\"/pause 1000/faceDirection Jas 3/speak Jas \"{{i18n:5295003.3}}\"/pause 500/playSound cat/showFrame MisterGinger 28/positionOffset Jas -12 0/pause 1000/emote MisterGinger 20/pause 1000/faceDirection MisterGinger 2/warp Jas 5 5/faceDirection Jas 2/pause 500/doAction 6 12/playSound doorOpen/move farmer 0 -5 0/pause 500/emote Jas 32/move MisterGinger 0 2 1/speak Jas \"{{i18n:5295003.4}}\"/emote farmer 56/pause 500/emote Jas 32/move MisterGinger 0 -1 1/move farmer 0 -2 3/pause 500/speak Jas \"{{i18n:5295003.5}}\"/pause 500/speak MisterGinger \"{{i18n:5295003.6}}\"/stopMusic/pause 500/fade/viewport -100 -100/warp MisterGinger -1000 -100/warp Jas -1000 -100/warp farmer -1000 -100/speak Jas \"{{i18n:5295003.7}}\"/pause 500/faceDirection MonaCute 1/faceDirection TristanCute 3/speak Jas \"{{i18n:5295003.8}}\"/pause 500/showFrame TristanCute 16/showFrame MonaCute 16/showFrame TristanCute 17/showFrame MonaCute 17/pause 500/emote TristanCute 20/emote MonaCute 20/pause 500/speak Jas \"{{i18n:5295003.9}}\"/faceDirection MonaCute 0/animate MonaCute false true 250 8 9 10 11/animate TristanCute false true 250 8 9 10 11/pause 1000/speak Jas \"{{i18n:5295003.10}}\"/pause 500/stopAnimation MonaCute/faceDirection MonaCute 1/stopAnimation TristanCute/faceDirection TristanCute 3/emote TristanCute 16/pause 1000/changeLocation WitchSwamp/viewport -1000 -1000/warp MonaCute 20 21/warp TristanCute 21 21/fade/playMusic Overcast/viewport 20 23/pause 500/faceDirection MonaCute 0/playSound stoneStep/pause 250/playSound stoneStep/textAboveHead MonaCute \"{{i18n:5295003.11}}\"/pause 500/faceDirection MonaCute 1/textAboveHead MonaCute \"{{i18n:5295003.12}}\"/pause 5000/emote TristanCute 60/pause 500/textAboveHead MonaCute \"{{i18n:5295003.13}}\"/pause 500/faceDirection MonaCute 0/pause 500/playSound openChest/pause 1000/emote TristanCute 28/pause 1000/fade/viewport -1000 -1000/changeLocation WitchHut/viewport -1000 -1000/warp MonaCute 7 11/warp TristanCute 8 11/pause 500/fade/viewport 9 9/move MonaCute 0 -5 0/faceDirection TristanCute 1/pause 1250/faceDirection TristanCute 0/pause 1250/faceDirection TristanCute 3/pause 500/textAboveHead MonaCute \"{{i18n:5295003.14}}\"/move MonaCute 4 0 1/pause 400/textAboveHead MonaCute \"{{i18n:5295003.15}}\"/pause 1500/textAboveHead MonaCute \"{{i18n:5295003.16}}\"/pause 250/playSound dwoop/pause 1500/playSound shadowHit/pause 500/jump TristanCute 3/textAboveHead TristanCute \"{{i18n:5295003.17}}\"/pause 1500/playSound cacklingWitch/pause 500/emote MonaCute 16/speed MonaCute 4/move MonaCute -4 0 2/pause 250/speed MonaCute 4/move MonaCute 0 9 2/warp MonaCute -1000 -1000/speed TristanCute 4/speed TristanCute 4/move TristanCute -1 0 2/speed TristanCute 4/move TristanCute 0 4 2/fade/viewport -1000 -1000/changeLocation WitchSwamp/viewport -1000 -1000/warp MonaCute 20 25/warp TristanCute 21 24/viewport 19 25/pause 500/playSound swordswipe/warp WitchCute 20 21/faceDirection MonaCute 0/faceDirection TristanCute 0/pause 500/shake MonaCute 250/jump TristanCute 3/textAboveHead WitchCute \"{{i18n:5295003.18}}\"/pause 500/showFrame TristanCute 18/move MonaCute 0 -1 0/showFrame MonaCute 18/pause 500/shake WitchCute 350/pause 500/animate WitchCute false false 350 4 5 6 7 8/pause 1250/warp TristanCute 20 23/pause 500/screenFlash 1/warp TristanCute -1000 -1000/warp GingerCute 20 23/pause 1000/emote MonaCute 16/faceDirection MonaCute 2/speed MonaCute 8/move MonaCute 0 7 2/pause 500/warp MonaCute -1000 -1000/animate GingerCute false true 250 0 1 0 1/playSound cacklingWitch/fade fadeOut/warp WitchCute -1000 -1000/warp GingerCute -1000 -1000/viewport -1000 -1000/pause 500/stopMusic/changeLocation AnimalShop/warp MisterGinger 4 6/warp Jas 5 5/warp farmer 6 6/viewport 5 7 clamp true/pause 500/emote farmer 16/animate MisterGinger true false 350 23 29 30 31 30 23/pause 500/speak Jas \"{{i18n:5295003.19}}\"/stopAnimation MisterGinger/pause 500/speak MisterGinger \"{{i18n:5295003.20}}\"/question fork1 \"{{i18n:5295003.21}}\"/fork BreakCurse/pause 500/speak MisterGinger \"{{i18n:5295003.22}}\"/pause 500/faceDirection Jas 3/emote Jas 20/pause 500/emote MisterGinger 32/pause 500/viewport -100 -100/playMusic AbigailFlute/warp MisterGinger -1000 -1000/warp farmer -1000 -1000/warp Jas -1000 -1000/warp GingerCute -100 -100/animate GingerCute false true 250 0 1 3 12 13 14 15/emote GingerCute 24/speak MisterGinger \"{{i18n:5295003.23}}\"/changeLocation Town/viewport -100 -100/warp MarnShane 47 88/stopAnimation GingerCute/warp GingerCute 45 91/showFrame GingerCute 12/speak MisterGinger \"{{i18n:5295003.24}}\"/playMusic desolate/viewport 45 89 true/pause 2500/animate MarnShane false false 450 0 1 2/showFrame MarnShane 2/pause 2500/animate GingerCute false false 350 16 17 18 19 19 19/pause 2000/showFrame GingerCute 19/fade/viewport -100 -100/pause 1000/warp MarnShane -1000 -1000/speak MisterGinger \"{{i18n:5295003.25}}\"/stopMusic/warp MarnCute 49 33 false/showFrame MarnCute 0/warp JasCute 50 33/warp GingerCute 50 37/showFrame JasCute 0/pause 500/viewport -100 -100/fade/viewport 50 34 true/pause 1000/animate GingerCute false false 250 12 13 14 15/pause 1000/showFrame JasCute 1/emote JasCute 20/pause 500/textAboveHead JasCute \"{{i18n:5295003.26}}\"/pause 500/showFrame GingerCute 0/pause 500/faceDirection GingerCute 0/pause 500/animate JasCute false false 250 1 2 3/emote GingerCute 16/pause 500/move GingerCute 0 -3 2/showFrame JasCute 2/showFrame GingerCute 18/pause 500/faceDirection MarnCute 1/pause 250/emote GingerCute 20/emote MarnCute 32/pause 1000/viewport -100 -100/speak MisterGinger \"{{i18n:5295003.27}}\"/pause 500/changeLocation AnimalShop/warp MisterGinger 4 6/warp Jas 5 5/warp farmer 6 6/viewport 11 11/pause 500/emote MisterGinger 20/emote Jas 20/pause 1500/faceDirection Jas 1/speak Jas \"{{i18n:5295003.28}}\"/pause 500/emote farmer 32/switchEvent BreakCurse",
                "BreakCurse": "pause 500/speak Jas \"{{i18n:BreakCurse.0}}\"/pause 500/emote farmer 28/speak Jas \"{{i18n:BreakCurse.1}}\"/playSound cat/faceDirection Jas 2/pause 500/speak Jas \"{{i18n:BreakCurse.2}}\"/pause 500/emote farmer 32/pause 1500/emote farmer 8/pause 500/speak Jas \"{{i18n:BreakCurse.3}}\"/pause 500/speak MisterGinger \"{{i18n:BreakCurse.4}}\"/pause 500/speak Jas \"{{i18n:BreakCurse.5}}\"/pause 500/emote farmer 28/pause 1000/Message \"{{i18n:5295003.endmessage}}\"/pause 1000/end",
                "5295002/A TristanReturns/e 5295000/t 1700 2000": "50s/11 13/Marnie 13 14 2 farmer 13 16 0 Jas 2 7 3 MisterGinger 3 7 3 Shane -100 -100 0/addConversationTopic TristanShane{{i18n:5295002.18}} 7/skippable/pause 500/speak MisterGinger \"{{i18n:5295002.0}}\"/pause 500/emote Jas 56/pause 1500/speak Jas \"{{i18n:5295002.1}}\"/pause 500/speak MisterGinger \"{{i18n:5295002.2}}\"/pause 500/speak Jas \"{{i18n:5295002.3}}\"/pause 500/showFrame Jas 25/emote MisterGinger 20/playSound doorClose/warp Shane 13 19/move Shane 0 -1 0/faceDirection farmer 2/textAboveHead Marnie \"{{i18n:5295002.4}}\"/textAboveHead Shane \"{{i18n:5295002.5}}\"/move Shane -7 0 0 true/faceDirection farmer 0/advancedMove MisterGinger false 3 0 0 4/pause 1000/move Shane 0 -3 0/doAction 6 12/playSound doorOpen/move MisterGinger 0 1 2/pause 500/jump Shane 5/textAboveHead MisterGinger \"{{i18n:5295002.6}}\"/move Shane 1 0 3/emote Shane 12/move MisterGinger 0 3 1/speak Shane \"{{i18n:5295002.7}}\"/shake MisterGinger 240/speak MisterGinger \"{{i18n:5295002.8}}\"/speak Shane \"{{i18n:5295002.9}}\"/speak MisterGinger \"{{i18n:5295002.10}}\"/move MisterGinger -1 0 1/speak MisterGinger \"{{i18n:5295002.11}}\"/faceDirection MisterGinger 3/speak MisterGinger \"{{i18n:5295002.12}}\"/emote Shane 16/speak Shane \"{{i18n:5295002.13}}\"/faceDirection MisterGinger 1/pause 500/speak MisterGinger \"{{i18n:5295002.14}}\"/faceDirection Shane 1/pause 500/speak MisterGinger \"{{i18n:5295002.15}}\"/speak Shane \"{{i18n:5295002.16}}\"/shake Shane 300/jump MisterGinger 3/move MisterGinger 1 0 1/pause 500/speak MisterGinger \"{{i18n:5295002.17}}\"/faceDirection Shane 3/emote Shane 40/pause 1000/textAboveHead Shane \"{{i18n:5295002.19}}\"/animate Shane true true 1000 26 26/speak MisterGinger \"{{i18n:5295002.20}}\"/end"
            }
        },
        // Granny and Jas 
        {
            "Action": "EditData",
            "Target": "Data/Events/JoshHouse",
            "Entries": {
                "5295005/e 5295003/k 5295000/p Evelyn": "jaunty/11 17/Evelyn 7 19 2 farmer 9 24 0 Jas 1 20 1 MisterGinger 2 17 2 George 16 22 0/skippable/animate MisterGinger false false 120 23 23 29 29 30 30 31 31 30 30 23 23 27/pause 500/speak Evelyn \"{{i18n:5295005.0}}\"/move farmer 0 -5 3/faceDirection Evelyn 1/emote farmer 32/move Evelyn -3 0 1 true/move farmer -4 0 3 true/pause 500/speak Evelyn \"{{i18n:5295005.1}}\"/pause 500/speak Jas \"{{i18n:5295005.2}}\"/speak Evelyn \"{{i18n:5295005.3}}\"/emote farmer 40/speak Evelyn \"{{i18n:5295005.4}}\"/emote farmer 32/pause 500/move Evelyn 0 -2 0/move farmer 0 1 3/pause 500/playSound wateringCan/pause 500/faceDirection Evelyn 2/move Evelyn 0 2 2/pause 500/farmerEat 614/pause 1000/faceDirection farmer 3/move Evelyn -1 0 2/pause 500/speak Jas \"{{i18n:5295005.5}}\"/stopMusic/playSound cat/pause 500/faceDirection Evelyn 0/pause 500/animate MisterGinger false false 120 56 56 57 57 58 58 59 59 58 58 56 27/faceDirection Evelyn 2/pause 500/playMusic echos/speak Evelyn \"{{i18n:5295005.6}}\"/pause 500/showFrame MisterGinger 27/faceDirection Jas 0/pause 500/faceDirection Jas 1/pause 500/speak Evelyn \"{{i18n:5295005.7}}\"/pause 500/speak Evelyn \"{{i18n:5295005.8}}\"/emote farmer 8/speak Evelyn \"{{i18n:5295005.9}}\"/playSound cat/pause 500/faceDirection Evelyn 0/speak Evelyn \"{{i18n:5295005.10}}\"/playSound cat/pause 500/speak Evelyn \"{{i18n:5295005.11}}\"/pause 500/move MisterGinger 0 2 2/showFrame MisterGinger 27/faceDirection Evelyn 3/pause 500/speak Evelyn \"{{i18n:5295005.12}}\"/faceDirection Evelyn 2/faceDirection MisterGinger 3 true/faceDirection Jas 0 true/pause 500/faceDirection Jas 1/speak MisterGinger \"{{i18n:5295005.13}}\"/faceDirection MisterGinger 1/pause 500/textAboveHead Jas \"{{i18n:5295005.14}}\"/pause 500/speak Evelyn \"{{i18n:5295005.15}}\"/pause 500/playSound cat/speak Evelyn \"{{i18n:5295005.16}}\"/pause 500/faceDirection Evelyn 3/speak Evelyn \"{{i18n:5295005.17}}\"/emote Evelyn 16/speak Evelyn \"{{i18n:5295005.18}}\"/emote Jas 56/move Evelyn 0 -2 0/textAboveHead Evelyn \"{{i18n:5295005.19}}\"/textAboveHead Evelyn \"{{i18n:5295005.20}}\"/move Evelyn -1 0 0/pause 1000/playSound openChest/pause 500/textAboveHead Evelyn \"{{i18n:5295005.21}}\"/faceDirection Evelyn 2/addObject 2 15 425 1/playSound discoverMineral/pause 1000/removeSprite 2 15/move MisterGinger -1 0 2/move Evelyn 0 2 3/speak Jas \"{{i18n:5295005.22}}\"/emote farmer 32/pause 500/speak Evelyn \"{{i18n:5295005.23}}\"/faceDirection Evelyn 1/move Evelyn 2 0 2/pause 500/speak Evelyn \"{{i18n:5295005.24}}\"/pause 500/emote farmer 20/faceDirection Evelyn 3/pause 500/speak Evelyn \"{{i18n:5295005.25}}\"/speak Jas \"{{i18n:5295005.26}}\"/pause 1000/fade/end warpout/"
            }
        },
        //The Wizard reveals more
        {
            "LogName": "Talking to the Wizard",
            "Action": "EditData",
            "Target": "Data/Events/WizardHouse",
            "Entries": {
                "5295006/e 5295003/k 5295000/t 1200 2400": "WizardSong/-100 -100/farmer 8 22 0 MisterGinger 8 20 2 Wizard 8 5 0/addConversationTopic Tristan_Spell/skippable/addLantern 735 3 5 3/playSound doorOpen/pause 500/playSound woodyStep/viewport 7 18 true/pause 500/move Wizard -3 0 0 true/jump MisterGinger 3/pause 500/textAboveHead MisterGinger \"{{i18n:5295006.0}}\"/pause 500/faceDirection MisterGinger 0/pause 500/faceDirection MisterGinger 2/move Wizard 3 0 0/pause 500/textAboveHead MisterGinger \"{{i18n:5295006.1}}\"/pause 500/move MisterGinger 0 -9 0 true/advancedMove farmer false 0 -9 -1 0 0 -1/viewport move 0 -5 2000 true/pause 1500/faceDirection Wizard 2/pause 500/speak Wizard \"{{i18n:5295006.2}}\"/pause 1500/playSound cat/stopAdvancedMoves/move farmer 0 -1 0/speak Wizard \"{{i18n:5295006.3}}\"/pause 500/move MisterGinger 0 -5 0/speak MisterGinger \"{{i18n:5295006.4}}\"/emote farmer 60/move farmer 0 -5 0/pause 500/faceDirection Wizard 0/pause 500/speak Wizard \"{{i18n:5295006.5}}\"/pause 500/playSound cat/faceDirection Wizard 2/pause 500/speak Wizard \"{{i18n:5295006.6}}\"/pause 500/emote MisterGinger 40/faceDirection MisterGinger 3/pause 500/faceDirection farmer 1/pause 500/emote farmer 32/pause 500/faceDirection MisterGinger 0 true/faceDirection farmer 0 true/speak MisterGinger \"{{i18n:5295006.7}}\"/pause 500/move Wizard -3 0 0/speak Wizard \"{{i18n:5295006.8}}\"/pause 500/emote MisterGinger 12/speed MisterGinger 5/move MisterGinger 0 -1 3/speed MisterGinger 5/move MisterGinger -2 0 3/faceDirection farmer 3/speak MisterGinger \"{{i18n:5295006.9}}\"/pause 500/speak Wizard \"{{i18n:5295006.10}}\"/pause 500/speak MisterGinger \"{{i18n:5295006.11}}\"/move Wizard 0 1 1/pause 500/speak Wizard \"{{i18n:5295006.12}}\"/emote farmer 16/faceDirection MisterGinger 2/showFrame MisterGinger 27/pause 500/speak MisterGinger \"{{i18n:5295006.13}}\"/pause 500/fork 5295061 BreakSpell_Continue/pause 500/move MisterGinger 0 2 3/pause 500/animate MisterGinger false false 250 20 21/pause 500/faceDirection MisterGinger 1/pause 500/move MisterGinger 2 0 2/move MisterGinger 0 17 0 true/faceDirection farmer 2/pause 500/emote farmer 28/pause 500/speak Wizard \"{{i18n:5295006.14}}\"/pause 500/faceDirection farmer 3/pause 500/emote farmer 60/pause 500/speak Wizard \"{{i18n:5295006.15}}\"/pause 500/faceDirection Wizard 3/pause 500/speak Wizard \"{{i18n:5295006.16}}\"/pause 500/faceDirection Wizard 1/speak Wizard \"{{i18n:5295006.17}}\"/switchEvent BreakSpell_Continue2",
                "BreakSpell_Continue": "pause 500/speak MisterGinger \"{{i18n:BreakSpell_Continue.0}}\"/pause 500/move Wizard 0 -1 0/speak Wizard \"{{i18n:BreakSpell_Continue.1}}\"/playSound shwip/pause 500/faceDirection Wizard 2/move Wizard 0 1 1/playSound newRecipe/speak Wizard \"{{i18n:BreakSpell_Continue.2}}\"/faceDirection farmer 0/faceDirection MisterGinger 2/emote farmer 20/pause 500/emote MisterGinger 32/speak MisterGinger \"{{i18n:BreakSpell_Continue.3}}\"/pause 500/faceDirection farmer 3/speak Wizard \"{{i18n:BreakSpell_Continue.4}}\"/pause 500/speak Wizard \"{{i18n:BreakSpell_Continue.5}}\"/pause 500/playSound cacklingWitch/pause 500/shake MisterGinger 250/emote Wizard 12/pause 500/textAboveHead MisterGinger \"{{i18n:BreakSpell_Continue.6}}\"/pause 500/speak Wizard \"{{i18n:BreakSpell_Continue.7}}\"/pause 500/playSound cacklingWitch/shake Wizard 1000/pause 500/speak Wizard \"{{i18n:BreakSpell_Continue.8}}\"/move farmer -1 0 3/emote farmer 8/speak Wizard \"{{i18n:BreakSpell_Continue.9}}\"/faceDirection farmer 0/faceDirection MisterGinger 2/pause 1000/end dialogue Wizard \"{{i18n:BreakSpell_Continue.10}}\"",
                "BreakSpell_Continue2": "pause 500/pause 500/move Wizard 0 -1 0/speak Wizard \"{{i18n:BreakSpell_Continue2.0}}\"/playSound shwip/pause 500/faceDirection Wizard 2/move Wizard 0 1 1/playSound newRecipe/speak Wizard \"{{i18n:BreakSpell_Continue2.1}}\"/pause 500/speak Wizard \"{{i18n:BreakSpell_Continue2.2}}\"/pause 500/playSound cacklingWitch/pause 500/emote Wizard 12/pause 500/speak Wizard \"{{i18n:BreakSpell_Continue2.3}}\"/pause 500/playSound cacklingWitch/shake Wizard 1000/pause 500/speak Wizard \"{{i18n:BreakSpell_Continue2.4}}\"/move farmer -1 0 3/emote farmer 8/speak Wizard \"{{i18n:BreakSpell_Continue2.5}}\"/pause 1000/faceDirection farmer 2/end dialogue Wizard \"{{i18n:BreakSpell_Continue2.6}}\""
            },
            "When": {
                "HasMod |contains=FlashShifter.StardewValleyExpandedCP": false
            }
        },
        //Events if Garden Village Installed
        {
            "LogName": "Talking to the Witch",
            "Action": "EditData",
            "Target": "Data/Events/Artisanry",
            "Entries": {
                "5295007/e 5295006/k 5295000": "XOR/7 6/Hekate 7 7 3 farmer 6 12 0/skippable/pause 500/move farmer 0 -1 1/move farmer 1 0 0/pause 500/faceDirection Hekate 2/pause 500/emote Hekate 12/pause 500/textAboveHead Hekate \"{{i18n:5295007.0}}\"/pause 500/jump farmer 5/emote farmer 16/pause 500/move Hekate 0 2 2/pause 500/speak Hekate \"{{i18n:5295007.1}}\"/pause 500/emote farmer 8/pause 1000/speak Hekate \"{{i18n:5295007.2}}\"/pause 500/emote farmer 40/pause 500/emote Hekate 28/pause 500/speak Hekate \"{{i18n:5295007.3}}\"/pause 500/emote farmer 60/pause 500/speak Hekate \"{{i18n:5295007.4}}\"/pause 500/emote Hekate 40/pause 1000/textAboveHead Hekate \"{{i18n:5295007.5}}\"/pause 500/jump farmer 5/pause 500/emote farmer 12/pause 500/speak Hekate \"{{i18n:5295007.6}}\"/pause 500/emote farmer 40/pause 500/speak Hekate \"{{i18n:5295007.7}}\"/pause 500/emote farmer 12/faceDirection farmer 2/pause 500/emote Hekate 40/pause 1000/textAboveHead Hekate \"{{i18n:5295007.8}}\"/pause 500/jump farmer 3/faceDirection farmer 0/pause 500/speak Hekate \"{{i18n:5295007.9}}\"/pause 500/emote farmer 8/pause 500/speak Hekate \"{{i18n:5295007.10}}\"/pause 500/emote farmer 32/pause 500/speak Hekate \"{{i18n:5295007.11}}\"/pause 500/emote farmer 8/pause 500/speak Hekate \"{{i18n:5295007.12}}\"/pause 500/emote farmer 12/pause 1000/end",
                "5295008/e 5295007/e 5295000/A TristanReturns": "XOR/7 6/Hekate 10 5 2 MisterGinger 8 11 3 farmer 7 11 1/skippable/pause 500/speak MisterGinger \"{{i18n:5295008.0}}\"/pause 500/emote farmer 40/pause 500/speak MisterGinger \"{{i18n:5295008.1}}\"/pause 500/move MisterGinger 2 0 0/move farmer 2 0 0/move MisterGinger 0 -4 0 true/move farmer 0 -4 0 true/pause 500/speak MisterGinger \"{{i18n:5295008.2}}\"/pause 500/emote Hekate 40/pause 500/textAboveHead Hekate \"{{i18n:5295008.3}}\"/pause 2500/jump Hekate 5/pause 500/emote Hekate 16/pause 500/speak MisterGinger \"{{i18n:5295008.4}}\"/pause 500/emote Hekate 28/pause 1500/move Hekate 0 -1 2/speak Hekate \"{{i18n:5295008.5}}\"/pause 500/emote MisterGinger 8/pause 1500/speak MisterGinger \"{{i18n:5295008.6}}\"/pause 500/speak Hekate \"{{i18n:5295008.7}}\"/pause 500/emote MisterGinger 12/pause 1500/faceDirection MisterGinger 3 true/faceDirection farmer 1 true/speak MisterGinger \"{{i18n:5295008.8}}\"/pause 500/faceDirection MisterGinger 0/pause 500/faceDirection farmer 0/speak MisterGinger \"{{i18n:5295008.9}}\"/stopMusic/pause 1000/textAboveHead Hekate \"{{i18n:5295008.10}}\"/pause 2500/playMusic desolate/speak Hekate \"{{i18n:5295008.11}}\"/emote MisterGinger 40/pause 2500/emote Hekate 12/pause 2500/textAboveHead Hekate \"{{i18n:5295008.12}}\"/pause 1500/faceDirection Hekate 0/pause 500/move Hekate -2 0 1/move Hekate 2 0 2/pause 500/move Hekate 0 1 2/speak Hekate \"{{i18n:5295008.13}}\"/pause 1500/speak MisterGinger \"{{i18n:5295008.14}}\"/pause 2500/faceDirection MisterGinger 2/pause 500/speak MisterGinger \"{{i18n:5295008.15}}\"/pause 500/move MisterGinger 0 4 2 true/move farmer 0 4 2 true/speak Hekate \"{{i18n:5295008.16}}\"/pause 500/faceDirection MisterGinger 0/faceDirection farmer 1/pause 500/speak MisterGinger \"{{i18n:5295008.17}}\"/faceDirection MisterGinger 3/emote farmer 20/pause 500/end dialogue Hekate \"{{i18n:5295008.18}}\""
            },
            "When": {
                "HasMod": "Tarniyar.NPC.GV"
            }
        },
        //Breaking the curse
        {
            "Action": "EditData",
            "Target": "Data/Events/Lemurkat_FairyPool",
            "Entries": {
                "5295000/i 577/i 595/i 795/e 5295003/t 2350 2410/H": "woodsTheme/24 26/farmer 39 25 0 MisterGinger -100 -100 3 Jas -100 -100 3 Wizard -100 -100 2/removeItem 577/removeItem 795/removeItem 595/addConversationTopic TristanReturns 7/addMailReceived Tristan_Returns/skippable/addLantern 735 32 22 4/pause 500/move farmer -8 0 0/pause 500/faceDirection farmer 3/pause 500/faceDirection farmer 2/pause 500/emote farmer 8/pause 500/move farmer 0 -2 0/pause 500/faceDirection farmer 3/pause 500/faceDirection farmer 2/playSound cat/jump farmer 3/speed farmer 3/move farmer 0 2 1/pause 500/warp MisterGinger 39 25/move MisterGinger -2 0 3/warp Jas 39 26/pause 500/speak MisterGinger \"{{i18n:5295000.0}}\"/pause 500/speak Jas \"{{i18n:5295000.1}}\"/pause 500/move MisterGinger -5 0 3 true/move Jas -5 0 3 true/pause 1500/speak MisterGinger \"{{i18n:5295000.2}}\"/pause 500/move farmer 0 -1 2/emote farmer 32/pause 500/jump MisterGinger 3/pause 500/speak MisterGinger \"{{i18n:5295000.3}}\"/move MisterGinger -3 0 3/pause 500/speak MisterGinger \"{{i18n:5295000.4}}\"/shake MisterGinger 240/pause 500/move Jas -4 0 3/move Jas 0 -1 3/pause 500/speak Jas \"{{i18n:5295000.5}}\"/pause 500/pause 500/showFrame MisterGinger 20/pause 500/showFrame MisterGinger 21/pause 500/textAboveHead MisterGinger \"{{i18n:5295000.6}}\"/pause 1500/speak MisterGinger \"{{i18n:5295000.7}}\"/pause 500/faceDirection MisterGinger 1/speak MisterGinger \"{{i18n:5295000.8}}\"/pause 500/jump farmer 3/move farmer -2 0 3/animate farmer true true 500 30/addObject 29 22 595 1/speak Jas \"{{i18n:5295000.9}}\"/pause 500/faceDirection MisterGinger 3/animate farmer true false 250 31 32 33/removeSprite 29 22/playSound dropItemInWater/jump MisterGinger/pause 500/glow 1 80 80 true/move Jas 0 2 3/move Jas -1 0 3/textAboveHead Jas \"{{i18n:5295000.10}}\"/pause 500/shake MisterGinger 340/pause 500/animate farmer true true 500 30/addObject 29 22 795 1/speak MisterGinger \"{{i18n:5295000.11}}\"/pause 500/animate farmer true false 250 31 32 33/removeSprite 29 22/playSound dropItemInWater/pause 500/glow 80 80 1 true/pause 500/textAboveHead Jas \"{{i18n:5295000.12}}\"/pause 500/animate farmer true true 500 30/addObject 29 22 577 1/speak MisterGinger \"{{i18n:5295000.13}}\"/pause 500/animate farmer true false 250 31 32 33/removeSprite 29 22/playSound dropItemInWater/glow 80 1 80 true/pause 500/textAboveHead MisterGinger \"{{i18n:5295000.14}}\"/pause 500/faceDirection farmer 2/faceDirection MisterGinger 0/pause 500/speak MisterGinger \"{{i18n:5295000.15}}\"/pause 500/faceDirection MisterGinger 2 true/faceDirection Jas 0 true/speak MisterGinger \"{{i18n:5295000.16}}\"/emote Jas 20/pause 500/faceDirection MisterGinger 3/jump MisterGinger 7/screenFlash 1 1/playSound healSound/fade/viewport -100 -100/move MisterGinger -2 0 2/faceDirection Jas 3/warp MisterGinger -100 -100/addTemporaryActor Tristan 16 32 25 25 1 true/swimming Tristan/faceDirection farmer 3/viewport 24 26/pause 500/textAboveHead Jas \"{{i18n:5295000.17}}\"/emote farmer 16 true/pause 500/faceDirection Tristan 1/speak Tristan \"{{i18n:5295000.18}}\"/pause 1500/playSound wand/warp Wizard 27 22/showFrame Tristan 8/faceDirection Jas 0 true/faceDirection farmer 0/speak Wizard \"{{i18n:5295000.19}}\"/move farmer 0 -2 3/pause 500/faceDirection Wizard 1/speak Wizard \"{{i18n:5295000.20}}\"/pause 500/jump Jas 5/speed Jas 3/move Jas 0 -2 0/emote Jas 12/speak Jas \"{{i18n:5295000.21}}\"/pause 500/faceDirection Wizard 2/emote Wizard 40/pause 500/speak Wizard \"{{i18n:5295000.22}}\"/move Tristan 2 0 1/pause 500/faceDirection Jas 3/pause 500/speak Tristan \"{{i18n:5295000.23}}\"/pause 500/textAboveHead Jas \"{{i18n:5295000.24}}\"/pause 1500/textAboveHead Tristan \"{{i18n:5295000.25}}\"/pause 1500/emote Jas 40/pause 1500/textAboveHead Jas \"{{i18n:5295000.26}}\"/pause 500/faceDirection Jas 0/faceDirection farmer 2/speak Jas \"{{i18n:5295000.27}}\"/emote farmer 32/pause 500/faceDirection farmer 3/emote Tristan 20/pause 1000/fade/viewport -1000 -1000/stopSwimming Tristan/end invisibleWarpOut MisterGinger"
            }
        }, //
        //Tristan takes a gift to Willy    
        {
            "Action": "EditData",
            "Target": "Data/Events/Beach",
            "Entries": {
                "5295010/n Tristan_BakedFishGift/e 5295000/i 198/f Willy 1000/w sunny/t 1000 1600": "archaeo/24 35/farmer 26 28 2 MisterGinger 27 35 1 Willy -100 -100 2/skippable/pause 500/move farmer 0 5 2/faceDirection MisterGinger 3/pause 500/speak MisterGinger \"{{i18n:5295010.0}}\"/pause 500/emote farmer 8/pause 500/speak MisterGinger \"{{i18n:5295010.1}}\"/emote farmer 32/pause 500/move farmer 0 2 1/pause 500/playSound purchase/removeItem 198/money 500/pause 500/speak MisterGinger \"{{i18n:5295010.2}}\"/pause 500/move MisterGinger 4 0 3/textAboveHead MisterGinger \"{{i18n:5295010.3}}\"/jump farmer 4/move MisterGinger 0 -1 0/pause 500/playSound doorOpen/warp MisterGinger -100 -100/speed farmer 5/speed farmer 5/move farmer 4 0 0/move farmer 0 -1 0/playSound doorOpen/globalFade/viewport -1000 -1000/changeLocation FishShop/warp Willy 4 4/warp MisterGinger 5 9/viewport 7 5/pause 500/textAboveHead Willy \"{{i18n:5295010.4}}\"/pause 500/move MisterGinger 0 -2 0/pause 500/speak Willy \"{{i18n:5295010.5}}\"/pause 500/textAboveHead MisterGinger \"{{i18n:5295010.6}}\"/pause 1500/playSound doorOpen/warp farmer 5 9/pause 500/faceDirection MisterGinger 2/emote MisterGinger 32/textAboveHead Willy \"{{i18n:5295010.7}}\"/pause 500/move farmer 0 -1 0/move farmer -1 0 0/faceDirection MisterGinger 0/move farmer 0 -1 0/faceDirection MisterGinger 3/pause 500/faceDirection MisterGinger 0/speak MisterGinger \"{{i18n:5295010.8}}\"/emote MisterGinger 28/pause 1500/speak Willy \"{{i18n:5295010.9}}\"/pause 500/speak MisterGinger \"{{i18n:5295010.10}}\"/pause 500/speak Willy \"{{i18n:5295010.11}}\"/move MisterGinger 0 -1 0/addObject 4 4 198 1/speak MisterGinger \"{{i18n:5295010.12}}\"/pause 500/emote MisterGinger 28/pause 500/emote Willy 40/pause 2000/textAboveHead Willy \"{{i18n:5295010.13}}\"/pause 500/speak MisterGinger \"{{i18n:5295010.14}}\"/pause 500/emote Willy 40/pause 500/speak MisterGinger \"{{i18n:5295010.15}}\"/move MisterGinger 0 1 3/speak MisterGinger \"{{i18n:5295010.16}}\"/pause 500/emote farmer 32/pause 500/faceDirection MisterGinger 0/speak Willy \"{{i18n:5295010.17}}\"/pause 500/pause 500/speak MisterGinger \"{{i18n:5295010.18}}\"/pause 1500/end warpOut"
            }
        },
        //10-heart event
        {
            "Action": "EditData",
            "Target": "Data/Events/EastScarp_Village",
            "Entries": {
                "5295012/n Tristan_MtEvermore/D MisterGinger/t 1700 1800/d sun/w sunny": "archaeo/62 35/MisterGinger 64 35 0 farmer 61 41 0/skippable/pause 500/emote MisterGinger 56/pause 500/move farmer 0 -6 1/pause 500/faceDirection MisterGinger 3/speak MisterGinger \"{{i18n:5295012.0}}\"/pause 500/emote farmer 32/pause 500/speak MisterGinger \"{{i18n:5295012.1}}\"/move farmer 2 0 0/pause 500/move MisterGinger 0 -3 0 true/move farmer 0 -3 0 true/pause 3000/fade/viewport -1000 -1000/stopMusic/changeToTemporaryMap MtEvermore/viewport -1000 -1000/warp farmer 15 25/warp MisterGinger 16 25/message \"{{i18n:5295012.2}}\"/pause 500/viewport 16 19 clamp true/ambientLight 50 120 80/move MisterGinger 0 -8 3 true/move farmer 0 -8 1 true/pause 2000/speak MisterGinger \"{{i18n:5295012.3}}\"/viewport move 0 -3 3000/move MisterGinger 0 -8 3 true/move farmer 0 -8 0 true/pause 2000/speak MisterGinger \"{{i18n:5295012.4}}\"/faceDirection farmer 0/pause 500/emote farmer 28/pause 500/emote MisterGinger 8/faceDirection MisterGinger 0/pause 1000/jump MisterGinger 5/screenFlash 1/emote MisterGinger 16/faceDirection MisterGinger 3 true/faceDirection farmer 1 true/playSound thunder/speak MisterGinger \"{{i18n:5295012.5}}\"/speed MisterGinger 5/move MisterGinger 0 8 2 true/pause 500/speed farmer 5/move farmer 0 6 2/fade/viewport -1000 -1000/warp MisterGinger -1000 -1000/warp farmer -1000 -1000/playSound doorOpen/speak MisterGinger \"{{i18n:5295012.6}}\"/pause 500/playSound doorClose/playSound rain/fade/viewport -1000 -1000/changeToTemporaryMap MtCabin/viewport -1000 -1000/warp farmer 5 8/warp MisterGinger 4 9/faceDirection MisterGinger 0/addLantern 735 6 6 1/viewport 5 6/ambientLight 200 200 200/speak MisterGinger \"{{i18n:5295012.7}}\"/pause 500/faceDirection MisterGinger 3 true/faceDirection farmer 1/pause 500/move MisterGinger 0 -1 1/faceDirection farmer 3/speak MisterGinger \"{{i18n:5295012.8}}\"/pause 500/speak MisterGinger \"{{i18n:5295012.9}}\"/fork 529597 Tristan_FireLight/pause 500/speak MisterGinger \"{{i18n:5295012.10}}\"/faceDirection farmer 1/positionOffset farmer -10 0/showFrame MisterGinger 28/speak MisterGinger \"{{i18n:5295012.11}}\"/pause 500/speak MisterGinger \"{{i18n:5295012.12}}\"/fork Tristan_FireLight/pause 500/emote MisterGinger 20/pause 500/faceDirection farmer 3/positionOffset MisterGinger 10 0/textAboveHead MisterGinger \"{{i18n:5295012.13}}\"/pause 2000/end"
            }
        },
        {
            "Action": "EditData",
            "Target": "Data/Events/Temp",
            "Entries": {
                "Tristan_FireLight": "pause 500/speak MisterGinger \"{{i18n:Tristan_FireLight.0}}\"/faceDirection MisterGinger 0/pause 500/fade/viewport -1000 -1000/warp MisterGinger 3 6/faceDirection MisterGinger 2/warp farmer 4 6/addLantern 114 3 4 2/addTemporaryActor MtFire 16 16 3 4 2 false/positionOffset MtFire 0 10 2/animate MtFire false true 1000 0 1 2 3/viewport 5 6/pause 500/speak MisterGinger \"{{i18n:Tristan_FireLight.1}}\"/pause 500/faceDirection MisterGinger 1/emote farmer 32/pause 500/speak MisterGinger \"{{i18n:Tristan_FireLight.2}}\"/fade/viewport -1000 -1000/end dialogue MisterGinger \"{{i18n:Tristan_FireLight.3}}\""
            }
        },
        //Harvest Goddess Patch
        {
            "LogName": "Initiating event - Harvest Goddess",
            "Action": "EditData",
            "Target": "Data/Events/AnimalShop",
            "Entries": {
                "BreakCurse": "pause 500/speak Jas \"{{i18n:HarvestGoddess.BreakCurse.0}}\"/pause 500/emote farmer 28/speak Jas \"{{i18n:HarvestGoddess.BreakCurse.1}}\"/pause 500/emote farmer 32/pause 1500/emote farmer 8/pause 500/speak Jas \"{{i18n:HarvestGoddess.BreakCurse.2}}\"/pause 500/speak MisterGinger \"{{i18n:HarvestGoddess.BreakCurse.3}}\"/pause 500/speak Jas \"{{i18n:HarvestGoddess.BreakCurse.4}}\"/pause 500/emote farmer 28/pause 1000/end"
            },
            "When": {
                "HasMod": "Ran.HarvestGoddess"
            }
        },
        //SVE version of Wizard event
        {
            "LogName": "Talking to the Wizard",
            "Action": "EditData",
            "Target": "Data/Events/WizardHouse",
            "Entries": {
                "5295006/e 5295003/k 5295000/t 1200 2400": "WizardSong/-100 -100/farmer 8 22 0 MisterGinger 8 20 2 Wizard 6 15 0/addConversationTopic Tristan_Spell/skippable/addLantern 735 3 5 3/playSound doorOpen/pause 500/playSound woodyStep/viewport 7 18 true/pause 500/move Wizard -3 0 0 true/jump MisterGinger 3/pause 500/textAboveHead MisterGinger \"{{i18n:5295006.0}}\"/pause 500/faceDirection MisterGinger 0/pause 500/faceDirection MisterGinger 2/move Wizard 1 0 0/pause 500/textAboveHead MisterGinger \"{{i18n:5295006.1}}\"/pause 500/move MisterGinger 0 -5 3 true/move farmer 0 -6 3 true/pause 1500/faceDirection Wizard 1/pause 500/speak Wizard \"{{i18n:5295006.2}}\"/pause 1500/playSound cat/move farmer -1 0 3/speak Wizard \"{{i18n:5295006.3}}\"/pause 500/move MisterGinger -3 0 3/speak MisterGinger \"{{i18n:5295006.4}}\"/emote farmer 60/move farmer -2 0 3/pause 500/faceDirection Wizard 0/pause 500/speak Wizard \"{{i18n:5295006.5}}\"/pause 500/playSound cat/faceDirection Wizard 1/pause 500/speak Wizard \"{{i18n:5295006.6}}\"/pause 500/emote MisterGinger 40/faceDirection MisterGinger 2/pause 500/faceDirection farmer 0/pause 500/emote farmer 32/pause 500/faceDirection MisterGinger 3 true/faceDirection farmer 3 true/speak MisterGinger \"{{i18n:5295006.7}}\"/pause 500/move Wizard 0 2 2/speak Wizard \"{{i18n:5295006.8}}\"/pause 500/faceDirection farmer 2/emote MisterGinger 12/speed MisterGinger 5/move MisterGinger 1 0 3/speed MisterGinger 5/move MisterGinger 0 2 2/speed MisterGinger 5/move MisterGinger -1 0 3/faceDirection farmer 2/speak MisterGinger \"{{i18n:5295006.9}}\"/pause 500/speak Wizard \"{{i18n:5295006.10}}\"/pause 500/speak MisterGinger \"{{i18n:5295006.11}}\"/move Wizard 0 -1 1/pause 500/faceDirection farmer 3/speak Wizard \"{{i18n:5295006.12}}\"/emote farmer 16/faceDirection MisterGinger 0/pause 500/speak MisterGinger \"{{i18n:5295006.13}}\"/pause 500/fork 5295061 BreakSpell_Continue/pause 500/move MisterGinger 0 2 3/pause 500/animate MisterGinger false false 250 20 21/pause 500/faceDirection MisterGinger 1/pause 500/move MisterGinger 4 0 2/move MisterGinger 0 15 0 true/faceDirection farmer 2/pause 500/emote farmer 28/pause 500/speak Wizard \"{{i18n:5295006.14}}\"/pause 500/faceDirection farmer 3/pause 500/emote farmer 60/pause 500/speak Wizard \"{{i18n:5295006.15}}\"/pause 500/faceDirection Wizard 3/pause 500/speak Wizard \"{{i18n:5295006.16}}\"/pause 500/faceDirection Wizard 1/speak Wizard \"{{i18n:5295006.17}}\"/switchEvent BreakSpell_Continue2",
                "BreakSpell_Continue": "pause 500/speak MisterGinger \"{{i18n:BreakSpell_Continue.0}}\"/pause 500/move Wizard -2 0 3/speak Wizard \"{{i18n:BreakSpell_Continue.1}}\"/playSound shwip/pause 500/faceDirection Wizard 2/move Wizard 2 0 1/playSound newRecipe/speak Wizard \"{{i18n:BreakSpell_Continue.2}}\"/faceDirection farmer 2/faceDirection MisterGinger 0/emote farmer 20/pause 500/emote MisterGinger 32/speak MisterGinger \"{{i18n:BreakSpell_Continue.3}}\"/pause 500/faceDirection farmer 3/speak Wizard \"{{i18n:BreakSpell_Continue.4}}\"/faceDirection MisterGinger 3/pause 500/speak Wizard \"{{i18n:BreakSpell_Continue.5}}\"/pause 500/playSound cacklingWitch/pause 500/shake MisterGinger 250/emote Wizard 12/pause 500/textAboveHead MisterGinger \"{{i18n:BreakSpell_Continue.6}}\"/pause 500/speak Wizard \"{{i18n:BreakSpell_Continue.7}}\"/pause 500/playSound cacklingWitch/shake Wizard 1000/pause 500/speak Wizard \"{{i18n:BreakSpell_Continue.8}}\"/emote farmer 8/speak Wizard \"{{i18n:BreakSpell_Continue.9}}\"/faceDirection farmer 2/faceDirection MisterGinger 0/pause 1000/end dialogue Wizard \"{{i18n:BreakSpell_Continue.10}}\"",
                "BreakSpell_Continue2": "pause 500/pause 500/move Wizard -2 0 3/speak Wizard \"{{i18n:BreakSpell_Continue2.0}}\"/playSound shwip/pause 500/faceDirection Wizard 2/move Wizard 2 0 1/playSound newRecipe/speak Wizard \"{{i18n:BreakSpell_Continue2.1}}\"/pause 500/speak Wizard \"{{i18n:BreakSpell_Continue2.2}}\"/pause 500/playSound cacklingWitch/pause 500/emote Wizard 12/pause 500/speak Wizard \"{{i18n:BreakSpell_Continue2.3}}\"/pause 500/playSound cacklingWitch/shake Wizard 1000/pause 500/speak Wizard \"{{i18n:BreakSpell_Continue2.4}}\"/emote farmer 8/speak Wizard \"{{i18n:BreakSpell_Continue2.5}}\"/pause 1000/faceDirection farmer 2/end dialogue Wizard \"{{i18n:BreakSpell_Continue2.6}}\""
            },
            "When": {
                "HasMod |contains=FlashShifter.StardewValleyExpandedCP": true
            }
        }
    ]
}