{
    "Changes": [
        {
            "LogName": "Loads temp portrait",
            "Action": "Load",
            "Target": "Portraits/MrGinger",
            "FromFile": "assets/Portraits/MisterGingerCat.png"
        },
        {
            "LogName": "Initiating event",
            "Action": "EditData",
            "Target": "Data/Events/AnimalShop",
            "Entries": {
                "5295003": "jaunty/-200 -200/Jas 5 5 3 farmer 9 18 3/addTemporaryActor MrGinger 16 32 4 5 1 false/changeName MrGinger Mr.Ginger/addTemporaryActor MonaCute 16 16 -100 -101 2 false/addTemporaryActor TristanCute 16 16 -99 -101 2 false/addTemporaryActor WitchCute 16 32 -1000 -1000 2 false/addTemporaryActor GingerCute 16 16 -1000 -1000 2 false/addTemporaryActor JasCute 16 16 -1000 -1000 2 false/addTemporaryActor MarnShane 32 16 -1000 -1000 2 false/addTemporaryActor MarnCute 16 16 -1000 -1000 2 false/addConversationTopic Tristan_Discuss 5/skippable/viewport 5 7 clamp true/pause 500/speak Jas \"{{i18n:5295003.0}}\"/pause 500/move farmer -3 0 0/pause 500/playSound cat/pause 500/speak Jas \"{{i18n:5295003.1}}\"/move farmer 0 -5 0/faceDirection Jas 2/pause 500/textAboveHead Jas \"{{i18n:5295003.2}}\"/pause 1000/faceDirection Jas 3/speak Jas \"{{i18n:5295003.3}}\"/pause 500/playSound cat/showFrame MrGinger 28/positionOffset Jas -12 0/pause 1000/emote MrGinger 20/pause 1000/faceDirection MrGinger 2/warp Jas 5 5/faceDirection Jas 2/pause 500/doAction 6 12/playSound doorOpen/move farmer 0 -5 0/pause 500/emote Jas 32/move MrGinger 0 2 1/speak Jas \"{{i18n:5295003.4}}\"/emote farmer 56/pause 500/emote Jas 32/move MrGinger 0 -1 1/move farmer 0 -2 3/pause 500/speak Jas \"{{i18n:5295003.5}}\"/pause 500/speak MrGinger \"{{i18n:5295003.6}}\"/stopMusic/pause 500/fade/viewport -100 -98/warp MrGinger -1000 -1000/warp Jas -1000 -1000/warp farmer -1000 -1000/speak Jas \"{{i18n:5295003.7}}\"/pause 500/faceDirection MonaCute 1/faceDirection TristanCute 3/speak Jas \"{{i18n:5295003.8}}\"/pause 500/showFrame TristanCute 16/showFrame MonaCute 16/showFrame TristanCute 17/showFrame MonaCute 17/pause 500/emote TristanCute 20/emote MonaCute 20/pause 500/speak Jas \"{{i18n:5295003.9}}\"/faceDirection MonaCute 0/animate MonaCute false true 250 8 9 10 11/animate TristanCute false true 250 8 9 10 11/pause 1000/speak Jas \"{{i18n:5295003.10}}\"/pause 500/stopAnimation MonaCute/faceDirection MonaCute 1/stopAnimation TristanCute/faceDirection TristanCute 3/emote TristanCute 16/pause 1000/changeLocation WitchSwamp/viewport -1000 -1000/warp MonaCute 20 21/warp TristanCute 21 21/fade/playMusic Overcast/viewport 20 23/pause 500/faceDirection MonaCute 0/playSound stoneStep/pause 250/playSound stoneStep/textAboveHead MonaCute \"{{i18n:5295003.11}}\"/pause 500/faceDirection MonaCute 1/textAboveHead MonaCute \"{{i18n:5295003.12}}\"/pause 5000/emote TristanCute 60/pause 500/textAboveHead MonaCute \"{{i18n:5295003.13}}\"/pause 500/faceDirection MonaCute 0/pause 500/playSound openChest/pause 1000/emote TristanCute 28/pause 1000/fade/viewport -1000 -1000/changeLocation WitchHut/viewport -1000 -1000/warp MonaCute 7 11/warp TristanCute 8 11/pause 500/fade/viewport 9 9/move MonaCute 0 -5 0/faceDirection TristanCute 1/pause 1250/faceDirection TristanCute 0/pause 1250/faceDirection TristanCute 3/pause 500/textAboveHead MonaCute \"{{i18n:5295003.14}}\"/move MonaCute 4 0 1/pause 400/textAboveHead MonaCute \"{{i18n:5295003.15}}\"/pause 1500/textAboveHead MonaCute \"{{i18n:5295003.16}}\"/pause 250/playSound dwoop/pause 1500/playSound shadowHit/pause 500/jump TristanCute 3/textAboveHead TristanCute \"{{i18n:5295003.17}}\"/pause 1500/playSound cacklingWitch/pause 500/emote MonaCute 16/speed MonaCute 4/move MonaCute -4 0 2/pause 250/speed MonaCute 4/move MonaCute 0 9 2/warp MonaCute -1000 -1000/speed TristanCute 4/speed TristanCute 4/move TristanCute -1 0 2/speed TristanCute 4/move TristanCute 0 4 2/fade/viewport -1000 -1000/changeLocation WitchSwamp/viewport -1000 -1000/warp MonaCute 20 25/warp TristanCute 21 24/viewport 19 25/pause 500/playSound swordswipe/warp WitchCute 20 21/faceDirection MonaCute 0/faceDirection TristanCute 0/pause 500/shake MonaCute 250/jump TristanCute 3/textAboveHead WitchCute \"{{i18n:5295003.18}}\"/pause 500/showFrame TristanCute 18/move MonaCute 0 -1 0/showFrame MonaCute 18/pause 500/shake WitchCute 350/pause 500/animate WitchCute false false 350 4 5 6 7 8/pause 1250/warp TristanCute 20 23/pause 500/screenFlash 1/warp TristanCute -1000 -1000/warp GingerCute 20 23/pause 1000/emote MonaCute 16/faceDirection MonaCute 2/speed MonaCute 8/move MonaCute 0 7 2/pause 500/warp MonaCute -1000 -1000/animate GingerCute false true 250 0 1 0 1/playSound cacklingWitch/fade fadeOut/warp WitchCute -1000 -1000/warp GingerCute -1000 -1000/viewport -1000 -1000/pause 500/stopMusic/changeLocation AnimalShop/warp MrGinger 4 6/warp Jas 5 5/warp farmer 6 6/viewport 5 7 clamp true/pause 500/emote farmer 16/animate MrGinger true false 350 23 29 30 31 30 23/pause 500/speak Jas \"{{i18n:5295003.19}}\"/stopAnimation MrGinger/pause 500/speak MrGinger \"{{i18n:5295003.20}}\"/question fork1 \"{{i18n:5295003.21}}\"/fork BreakCurse/pause 500/speak MrGinger \"{{i18n:5295003.22}}\"/pause 500/faceDirection Jas 3/emote Jas 20/pause 500/emote MrGinger 32/pause 500/viewport -1000 -1000/playMusic AbigailFlute/warp MrGinger -1000 -1000/warp farmer -1000 -1000/warp Jas -1000 -1000/warp GingerCute -100 -100/animate GingerCute false true 250 0 1 3 12 13 14 15/emote GingerCute 24/speak MrGinger \"{{i18n:5295003.23}}\"/changeLocation Town/viewport -1000 -1000/warp MarnShane 47 88/stopAnimation GingerCute/warp GingerCute 45 91/showFrame GingerCute 12/speak MrGinger \"{{i18n:5295003.24}}\"/playMusic desolate/viewport 45 89 true/pause 2500/animate MarnShane false false 450 0 1 2/showFrame MarnShane 2/pause 2500/animate GingerCute false false 350 16 17 18 19 19 19/pause 2000/showFrame GingerCute 19/fade/viewport -1000 -1000/pause 1000/warp MarnShane -1000 -1000/speak MrGinger \"{{i18n:5295003.25}}\"/stopMusic/warp MarnCute 49 33 2 false/showFrame MarnCute 0/warp JasCute 50 33/warp GingerCute 50 37/showFrame JasCute 0/pause 500/viewport -1000 -1000/fade/viewport 50 34 true/pause 1000/animate GingerCute false false 250 12 13 14 15/pause 1000/showFrame JasCute 1/emote JasCute 20/pause 500/textAboveHead JasCute \"{{i18n:5295003.26}}\"/pause 500/showFrame GingerCute 0/pause 500/faceDirection GingerCute 0/pause 500/animate JasCute false false 250 1 2 3/emote GingerCute 16/pause 500/move GingerCute 0 -3 2/showFrame Jas 2/showFrame GingerCute 18/pause 500/faceDirection MarnCute 1/pause 250/emote GingerCute 20/emote MarnCute 32/pause 1000/viewport -1000 -1000/speak MrGinger \"{{i18n:5295003.27}}\"/pause 500/changeLocation AnimalShop/warp MrGinger 4 6/warp Jas 5 5/warp farmer 6 6/viewport 11 11/pause 500/emote MrGinger 20/emote Jas 20/pause 1500/faceDirection Jas 1/speak Jas \"{{i18n:5295003.28}}\"/pause 500/emote farmer 32/switchEvent BreakCurse",
                "BreakCurse": "pause 500/speak Jas \"{{i18n:BreakCurse.0}}\"/pause 500/emote farmer 28/speak Jas \"{{i18n:BreakCurse.1}}\"/playSound cat/pause 500/speak Jas \"{{i18n:BreakCurse.2}}\"/pause 500/emote farmer 32/pause 1500/emote farmer 8/pause 500/speak Jas \"{{i18n:BreakCurse.3}}\"/pause 500/speak MrGinger \"{{i18n:BreakCurse.4}}\"/pause 500/speak Jas \"{{i18n:BreakCurse.5}}\"/pause 500/emote farmer 28/pause 1000/Message \"I wonder if anyone else remembers Tristan?\"/pause 1000/end",
            }
        },
        {
            "Action": "EditData",
            "Target": "Data/Events/Lemurkat_FairyPool",
            "Entries": {
                "5295000/Hn Tristan_Returns/t 1800 2600": "woodsTheme/24 26/farmer 39 25 0 Jas -1000 -1000 3 Wizard -1000 -1000 2/addTemporaryActor MrGinger 16 32 -1000 -1000 3 false/addConversationTopic TristanReturns 7/addMailReceived Tristan_Returns/skippable/addLantern 735 32 22 4/pause 500/move farmer -8 0 0/pause 500/faceDirection farmer 3/pause 500/faceDirection farmer 2/pause 500/emote farmer 8/pause 500/move farmer 0 -2 0/pause 500/faceDirection farmer 3/pause 500/faceDirection farmer 2/playSound cat/jump farmer 3/speed farmer 3/move farmer 0 2 1/pause 500/warp MrGinger 39 25/move MrGinger -2 0 3/warp Jas 39 26/pause 500/speak MrGinger \"{{i18n:5295000.0}}\"/pause 500/speak Jas \"{{i18n:5295000.1}}\"/pause 500/move MrGinger -5 0 3 true/move Jas -5 0 3 true/pause 1500/speak MrGinger \"{{i18n:5295000.2}}\"/pause 500/move farmer 0 -1 2/emote farmer 32/pause 500/jump MrGinger 3/pause 500/speak MrGinger \"{{i18n:5295000.3}}\"/move MrGinger -3 0 3/pause 500/speak MrGinger \"{{i18n:5295000.4}}\"/shake MrGinger 240/pause 500/move Jas -4 0 3/move Jas 0 -1 3/pause 500/speak Jas \"{{i18n:5295000.5}}\"/pause 500/pause 500/showFrame MrGinger 20/pause 500/showFrame MrGinger 21/pause 500/textAboveHead MrGinger \"{{i18n:5295000.6}}\"/pause 1500/speak MrGinger \"{{i18n:5295000.7}}\"/pause 500/faceDirection MrGinger 1/speak MrGinger \"{{i18n:5295000.8}}\"/pause 500/jump farmer 3/move farmer -2 0 3/animate farmer true true 500 30/addObject 29 22 595 1/speak Jas \"{{i18n:5295000.9}}\"/pause 500/faceDirection MrGinger 3/animate farmer true false 250 31 32 33/removeSprite 29 22/playSound dropItemInWater/jump MrGinger/pause 500/glow 1 80 80 true/move Jas 0 2 3/move Jas -1 0 3/textAboveHead Jas \"{{i18n:5295000.10}}\"/pause 500/shake MrGinger 340/pause 500/animate farmer true true 500 30/addObject 29 22 795 1/speak MrGinger \"{{i18n:5295000.11}}\"/pause 500/animate farmer true false 250 31 32 33/removeSprite 29 22/playSound dropItemInWater/pause 500/glow 80 80 1 true/pause 500/textAboveHead Jas \"{{i18n:5295000.12}}\"/pause 500/animate farmer true true 500 30/addObject 29 22 577 1/speak MrGinger \"{{i18n:5295000.13}}\"/pause 500/animate farmer true false 250 31 32 33/removeSprite 29 22/playSound dropItemInWater/glow 80 1 80 true/pause 500/textAboveHead MrGinger \"{{i18n:5295000.14}}\"/pause 500/faceDirection farmer 2/faceDirection MrGinger 0/pause 500/speak MrGinger \"{{i18n:5295000.15}}\"/pause 500/faceDirection MrGinger 2 true/faceDirection Jas 0 true/speak MrGinger \"{{i18n:5295000.16}}\"/emote Jas 20/pause 500/faceDirection MrGinger 3/jump MrGinger 7/screenFlash 1 1/playSound healSound/fade/viewport -1000 -1000/move MrGinger -2 0 2/faceDirection Jas 3/warp MrGinger -1000 -1000/addTemporaryActor Tristan 16 32 25 25 1 true/swimming Tristan/faceDirection farmer 3/viewport 24 26/pause 500/textAboveHead Jas \"{{i18n:5295000.17}}\"/emote farmer 16 true/pause 500/faceDirection Tristan 1/speak Tristan \"{{i18n:5295000.18}}\"/pause 1500/playSound wand/warp Wizard 27 22/showFrame Tristan 8/faceDirection Jas 0 true/faceDirection farmer 0/speak Wizard \"{{i18n:5295000.19}}\"/move farmer 0 -2 3/pause 500/faceDirection Wizard 1/speak Wizard \"{{i18n:5295000.20}}\"/pause 500/jump Jas 5/speed Jas 3/move Jas 0 -2 0/emote Jas 12/speak Jas \"{{i18n:5295000.21}}\"/pause 500/faceDirection Wizard 2/emote Wizard 40/pause 500/speak Wizard \"{{i18n:5295000.22}}\"/move Tristan 2 0 1/pause 500/faceDirection Jas 3/pause 500/speak Tristan \"{{i18n:5295000.23}}\"/pause 500/textAboveHead Jas \"{{i18n:5295000.24}}\"/pause 1500/textAboveHead Tristan \"{{i18n:5295000.25}}\"/pause 1500/emote Jas 40/pause 1500/textAboveHead Jas \"{{i18n:5295000.26}}\"/pause 500/faceDirection Jas 0/faceDirection farmer 2/speak Jas \"{{i18n:5295000.27}}\"/emote farmer 32/pause 500/faceDirection farmer 3/emote Tristan 20/pause 1000/fade/viewport -1000 -1000/stopSwimming Tristan/end"
            }
        },
    ]
}