{
    "Changes": [
        {
            "LogName": "Loads sprites",
            "Action": "Load",
            "Target": "Characters/MisterGinger",
            "FromFile": "assets/Characters/{{TristanVariant}}/Tristan_fall.png"
        },
        {
            "LogName": "Loads sprites",
            "Action": "Load",
            "Target": "Portraits/MisterGinger",
            "FromFile": "assets/Portraits/{{TristanVariant}}/Tristan_fall.png"
        },
        {
            "LogName": "Loads Blanks",
            "Action": "Load",
            "Target": "Characters/Dialogue/MisterGinger, Characters/schedules/MisterGinger, Characters/Dialogue/MarriageDialogueMisterGinger",
            "FromFile": "assets/blank.json"
        },
        {
            "LogName": "NPC Manifestation",
            "Action": "EditData",
            "Target": "Data/Characters",
            "Entries": {
                "MisterGinger": {
                    "DisplayName": "{{i18n:NPCD.Name.Tristan}}",
                    "BirthSeason": "Summer",
                    "BirthDay": 20,
                    "HomeRegion": "Town",
                    "Gender": "Male",
                    "Age": "Adult",
                    "Manner": "Rude",
                    "SocialAnxiety": "Outgoing",
                    "Optimism": "Neutral",
                }
            }
        }
    ]
}