{
    "Changes": 

        [

            {
                //Directions: 0 = UP, 1 = RIGHT, 2 = DOWN, 3 = LEFT
                
                //Main Schedule

                "LogName": "Dylan Main Schedule",
                "Action": "EditData",
                "Target": "Characters/Schedules/Nova.Dylan",
                "Entries": {

                    "rain": "{{Random:{{DylanRain_A}}++{{DylanRain_B}}|InputSeparator=++}}",
                    "spring": "{{Random:{{DylanMonday_A}}++{{DylanMonday_B}}|InputSeparator=++}}",
                    "Tue": "{{Random:{{DylanTuesday_A}}++{{DylanTuesday_B}}|InputSeparator=++}}",
                    "Wed": "{{Random:{{DylanWednesday_A}}++{{DylanWednesday_B}}|InputSeparator=++}}",
                    "Thu": "{{Random:{{DylanThursday_A}}++{{DylanThursday_B}}|InputSeparator=++}}",
                    "Thu_noBridge": "610 12 8 3/630 24 23 1/0730 24 23 1/0800 Beach 53 6 2 Dylan_Sit/1330 54 24 1 Dylan_WritingRight/1500 24 27 3 Dylan_WritingLeft/1600 EastScarp_VillageInn 25 8 2 Dylan_Sit/2300 {{ModID}}_ESEDHouse 17 5 1 nova.dylan_sleep",
                    "Fri": "{{Random:{{DylanFriday_A}}++{{DylanFriday_B}}|InputSeparator=++}}",
                    "Sat": "{{Random:{{DylanSaturday_A}}++{{DylanSaturday_B}}|InputSeparator=++}}",
                    "Sun": "{{Random:{{DylanSunday_A}}++{{DylanSunday_B}}|InputSeparator=++}}",
                    "DesertFestival_1": "610 BusStop 32 22 3/1130 Desert 32 55 2/2000 {{ModID}}_ESEDHouse 17 5 1 nova.dylan_sleep",
                    "DesertFestival_2": "GOTO DesertFestival_1",
                    "DesertFestival_3": "GOTO DesertFestival_1",
                    "TroutDerby_1": "610 {{ModID}}_ESEDHouse 16 22 3/0800 Forest 96 38 1/2000 {{ModID}}_ESEDHouse 17 5 1 nova.dylan_sleep",
                    "TroutDerby_2": "GOTO TroutDerby_1",
                    "fall_27": "610 12 8 3/630 24 23 1/0730 24 24 1/0800 EastScarp_Village 31 63 3/1030 40 67 2/1120 EastScarp_VillageInn 25 27 2/2000 Town 0 0 0",
                    "winter_6": "610 12 8 3/630 23 22 0/0730 24 23 1/0800 Beach 40 36 2/1330 56 11 1/1700 Saloon 26 18 3 Dylan_Drink/2100 {{ModID}}_ESEDHouse 17 5 1 nova.dylan_sleep",
                    "winter_7": "610 Town 33 57 2/1030 Hospital 12 14 2/1250 10 15 0/1330 4 6 1/1600 Town 50 68 1/1730 Saloon 40 19 2 Dylan_Drink/2200 {{ModID}}_ESEDHouse 17 5 1 nova.dylan_sleep",
                    "SquidFest_1": "610 Beach 55 22 1 Dylan_WritingRight/2000 {{ModID}}_ESEDHouse 17 5 1 nova.dylan_sleep",
                    "SquidFest_2": "GOTO SquidFest_1",
                    "NightMarket_1": "0 Submarine 9 5 1/1700 9 4 1 Dylan_WritingRight/2000 20 4 3 Dylan_WritingLeft/2300 9 4 1 Dylan_WritingRight",
                    "NightMarket_2": "GOTO NightMarket_1",
                    "NightMarket_3": "GOTO NightMarket_1",
                    "GreenRain": "610 Beach 44 35 1 Dylan_WritingRight/2100 {{ModID}}_ESEDHouse 17 5 1 nova.dylan_sleep"
                }
            },

            //Schedules for Dylan's annual checkup.
            {
                "LogName": "Harvey Dylan Appointment",
                "Action": "EditData",
                "Target": "Characters/Schedules/Harvey",
                "Entries": {
                    "winter_7": "GOTO Tue"
                }
            },
            {
                "LogName": "Maru Dylan Appointment",
                "Action": "EditData",
                "Target": "Characters/Schedules/Maru",
                "Entries": {
                    "winter_7": "GOTO Tue"
                }
            },

            //Pride Festival!

            {
                "LogName": "Pride Festival",
                "Action": "EditData",
                "Target": "Characters/Schedules/Nova.Dylan",
                "Entries": {
                    "summer_16": "610 CommunityCenter 49 7 2/2130 {{ModID}}_ESEDHouse 17 5 1 nova.dylan_sleep"
                },
                "When": {
                    "HasMod |contains=sapphicsaph_pitv": true,
                    "IsCommunityCenterComplete": true
                }
            }
    ]
}

