{
  "Changes": [
    {
      "Action": "EditData",
      "Target": "Characters/Dialogue/Roslin",
      "Entries": { // CUSTOM GIFT DIALOGUE
        // STARDROP TEA 
        "AcceptGift_(O)StardropTea": "{{i18n:Gifts.Roslin.GiftReaction.StardropTea}}",
        // ANCIENT SWEET TEA
        "AcceptGift_(O){{ModID}}_ancientsweettea": "{{i18n:Gifts.Roslin.GiftReaction.AncientSweetTea}}",
        // ARTISANAL GOODS
        "AcceptGift_category_artisan_goods": "{{i18n:Gifts.Roslin.GiftReaction.CategoryArtisanalGoods}}",
        // TRASH
        "AcceptGiftCategory_trash": "{{i18n:Gifts.Roslin.GiftReaction.CategoryTrash}}",
        // MINERALS & GEMS
        "AcceptGiftCategory_minerals": "{{i18n:Gifts.Roslin.GiftReaction.CategoryGemsMinerals}}",
        // LOVES
        "AcceptGift_(O)768": "{{i18n:Gifts.Roslin.GiftReaction.SolarEssence}}",
        "AcceptGift_(O)769": "{{i18n:Gifts.Roslin.GiftReaction.VoidEssence}}",
        "AcceptGift_(O){{ModID}}_verdantpotion": "{{i18n:Gifts.Roslin.GiftReaction.Potions}}",
        "AcceptGift_(O){{ModID}}_scarletpotion": "{{i18n:Gifts.Roslin.GiftReaction.Potions}}",
        "AcceptGift_(O){{ModID}}_heatherpotion": "{{i18n:Gifts.Roslin.GiftReaction.Potions}}",
        "AcceptGift_(O){{ModID}}_zydratepotion": "{{i18n:Gifts.Roslin.GiftReaction.Potions}}",
        "AcceptGift_(O){{ModID}}_pistachiopotion": "{{i18n:Gifts.Roslin.GiftReaction.Potions}}",
        "AcceptGift_(O){{ModID}}_dahliapotion": "{{i18n:Gifts.Roslin.GiftReaction.Potions}}",
        "AcceptGift_(O){{ModID}}_slushiepotion": "{{i18n:Gifts.Roslin.GiftReaction.Potions}}",
        "AcceptGift_(O){{ModID}}_matrixpotion": "{{i18n:Gifts.Roslin.GiftReaction.Potions}}",
        "AcceptGift_(O){{ModID}}_mcdougalpotion": "{{i18n:Gifts.Roslin.GiftReaction.Potions}}",
        "AcceptGift_(O){{ModID}}_toirneachpotion": "{{i18n:Gifts.Roslin.GiftReaction.Potions}}",
        // LIKES
        "AcceptGift_(O)807": "{{i18n:Gifts.Roslin.GiftReaction.DinosaurMayo}}",
        "AcceptGift_(O)308": "{{i18n:Gifts.Roslin.GiftReaction.VoidMayo}}",
        "AcceptGift_(O)74": "{{i18n:Gifts.Roslin.GiftReaction.PrismaticShard}}",
        "AcceptGift_(O)446": "{{i18n:Gifts.Roslin.GiftReaction.RabbitsFoot}}",
        // NEUTRAL 
        "AcceptGift_(O)373": "{{i18n:Gifts.Roslin.GiftReaction.GoldenPumpkin}}",
        "AcceptGift_(O)797": "{{i18n:Gifts.Roslin.GiftReaction.Pearl}}",
        "AcceptGift_(O)279": "{{i18n:Gifts.Roslin.GiftReaction.MagicRockCandy}}",
        // ITEM REJECTIONS 
        "RejectItem_(O)458": "{{i18n:Gifts.Roslin.GiftReject.Bouquet}}",
        "RejectItem_(O)460": "{{i18n:Gifts.Roslin.GiftReject.MermaidPendant}}",
      }
    },
    {
      "Action": "EditData",
      "Target": "Characters/Dialogue/Roslin",
      "Entries": { // CUSTOM GIFT DIALOGUE - BIRTHDAY
        "AcceptGift_(O)768": "{{i18n:Gifts.Roslin.GiftReaction.SolarEssence.Birthday}}",
        "AcceptGift_(O)769": "{{i18n:Gifts.Roslin.GiftReaction.VoidEssence.Birthday}}",
      },
      "When": {
        "Season": "spring",
        "Day": "26"
      }
    },
  ]
}