{
    "Changes": [
        {
            "Action": "Load",
            "Target": "Maps/ESSplitScreen_AideenMateo",
            "FromFile": "assets/Maps/SplitScreen.tmx"
        },
        {
            "LogName": "Mateo and Aideen meet",
            "Action": "EditData",
            "Target": "Data/Events/EastScarp_Village",
            "Entries": {
                "57871050/f Mateo 250/f Aideen 1000/A MateoPain/o Aideen/o Mateo/t 1200 1800/w sunny": "ocean/44 88/Aideen 45 88 1 Mateo -100 -100 2 farmer 49 77 2/skippable/addConversationTopic MateoAideenScene1 7/addObject 46 88 394 0/pause 1000/textAboveHead Aideen \"{{i18n:57871050.01}}\"/pause 1500/playSound swordswipe/pause 500/playSound stairsdown/pause 500/warp Mateo 44 85/speed Mateo 5/move Mateo 0 5 2 true/emote Aideen 16/Jump Aideen 5/faceDirection Aideen 2/speak Aideen \"{{i18n:57871050.02}}\"/faceDirection Mateo 0/move Aideen 0 2 3/faceDirection Mateo 1/advancedMove farmer false 0 11 -2 0 2 1000/textAboveHead Mateo \"{{i18n:57871050.03}}\"/pause 500/speak Mateo \"{{i18n:57871050.04}}\"/emote farmer 8/speak Aideen \"{{i18n:57871050.05}}\"/pause 1000/emote Mateo 28/speak Mateo \"{{i18n:57871050.06}}\"/pause 500/emote Aideen 12/pause 500/advancedMove Mateo false -3 0 0 14 -6 0 2 1000/pause 4000/advancedMove farmer false 0 2 3 1000/faceDirection Aideen 1/speak Aideen \"{{i18n:57871050.07}}\"/quickQuestion #{{i18n:57871050.08}}#{{i18n:57871050.09}}#{{i18n:57871050.10}}(break)speak Aideen \"{{i18n:57871050.11}}\"(break)speak Aideen \"{{i18n:57871050.12}}\"(break)speak Aideen \"{{i18n:57871050.13}}\"/speak Aideen \"{{i18n:57871050.14}}\"/advancedMove Aideen true -3 0 0 11/pause 2000/faceDirection farmer 2/emote farmer 8/pause 1000/end",
                "57871051/e 57871050/f Mateo 500/A MateoPain/o Aideen/o Mateo/A MateoAideenScene1/t 800 1200/w sunny": "{{season}}_day_ambient/16 54/Aideen 19 50 0 farmer 9 55 1 Mateo 38 59 3/addConversationTopic MateoAideenScene2 7/skippable/move farmer 7 0 0/emote farmer 56/faceDirection Aideen 2/emote Aideen 32/move Aideen -3 0 2/advancedMove Mateo false 0 -2 -10 0 3 1000/shake Mateo 50000/move Aideen 0 3 2/pause 1000/speak Aideen \"{{i18n:57871051.01}}\"/pause 500/emote farmer 32/pause 500/advancedMove Mateo false -11 0 4 2000/speak Aideen \"{{i18n:57871051.02}}\"/pause 500/emote farmer 40/pause 2000/jump Aideen 5/pause 1500/textAboveHead Aideen \"{{i18n:57871051.03}}\"/faceDirection farmer 2/jump farmer 5/pause 500/speed farmer 5/speed Aideen 5/move farmer 0 3 1 true/move Aideen 0 3 1 true/pause 500/speak Aideen \"{{i18n:57871051.04}}\"/pause 500/faceDirection Mateo 3/speak Mateo \"{{i18n:57871051.05}}\"/pause 500/textAboveHead Aideen \"{{i18n:57871051.06}}\"/speak Aideen \"{{i18n:57871051.07}}\"/shake Mateo 5000/pause 500/textAboveHead Mateo \"{{i18n:57871051.08}}\"/pause 500/faceDirection Aideen 2/faceDirection farmer 0/speak Aideen \"{{i18n:57871051.09}}\"/pause 500/move farmer 1 0 0 true/move Aideen 1 0 2 true/pause 1000/fade/stopMusic/viewport -100 -100/changeLocation EastScarp_House1/viewport -100 -100/speak Mateo \"{{i18n:57871051.10}}\"/pause 500/speak Aideen \"{{i18n:57871051.11}}\"/playSound thudStep/pause 500/warp Mateo 6 18 true/warp Aideen 6 19 true/faceDirection Aideen 0 true/showFrame Mateo 17/warp farmer 13 19/faceDirection farmer 3/addTemporaryActor Munchboi 32 32 11 19 1 false/positionOffset Mateo 0 8/viewport 8 19 clamp true/pause 1500/move Aideen 0 1 0/speak Aideen \"{{i18n:57871051.12}}\"/pause 500/speak Mateo \"{{i18n:57871051.13}}\"/pause 500/speak Aideen \"{{i18n:57871051.14}}\"/pause 500/speak Mateo \"{{i18n:57871051.15}}\"/pause 500/emote Aideen 60/pause 500/faceDirection Munchboi 3/emote farmer 16/pause 1000/end",
                "57871052/e 57871051/f Mateo 1000/A MateoPain/o Aideen/o Mateo/A MateoAideenScene2/w sunny/t 1100 1600": "{{season}}_day_ambient/-100 -100/farmer 8 71 1 Aideen 17 63 2 Mateo 25 103 2 LadySheba 26 104 3/skippable/addTemporaryActor Munchboi 32 32 24 104 1 false/viewport 16 71 clamp true/move farmer 8 0 1 true/move Aideen 0 8 3 true/pause 2500/textAboveHead Aideen \"{{playername}}!\"/pause 1000/speak Aideen \"{{i18n:57871052.02}}\"/emote farmer 8/pause 500/speak Aideen \"{{i18n:57871052.03}}\"/pause 500/quickQuestion #{{i18n:57871052.04}}#{{i18n:57871052.05}}#{{i18n:57871052.06}}#{{i18n:57871052.07}}(break)speak Aideen \"{{i18n:57871052.08}}\"\\pause 500\\speak Aideen \"{{i18n:57871052.09}}\"(break)speak Aideen \"{{i18n:57871052.10}}\"(break)speak Aideen \"{{i18n:57871052.11}}\"(break)speak Aideen \"{{i18n:57871052.12}}\"/pause 500/speak Aideen \"{{i18n:57871052.13}}\"/pause 500/emote farmer 56/pause 500/emote Aideen 32/pause 500/faceDirection Aideen 2/faceDirection farmer 2/pause 500/move Aideen 0 30 2 true/move farmer 0 30 2 true/fade/viewport -100 -100/showFrame Mateo 16/viewport 20 104/pause 2000/speak Mateo \"{{i18n:57871052.14}}\"/pause 1000/playSound cat/emote Munchboi 16/speak Mateo \"{{i18n:57871052.15}}\"/pause 500/emote LadySheba 12/playSound cat/pause 2000/faceDirection Aideen 3 true/faceDirection farmer 1/emote Aideen 40/pause 500/speak Mateo \"{{i18n:57871052.16}}\"/pause 1000/faceDirection Aideen 2/emote Aideen 12/speed Aideen 4/move Aideen 0 4 1/textAboveHead Aideen \"{{i18n:57871052.17}}\"/speed Aideen 4/move Aideen 3 0 1/speak Aideen \"{{i18n:57871052.18}}\"/emote Mateo 16/jump Mateo 5/speed Mateo 5/move Mateo 0 2 3/speed LadySheba 5/advancedMove LadySheba false 2 0 0 -2 -1 0 0 -2 -8 0 2 1000/emote Mateo 28/move Munchboi -4 0 2/animate Munchboi false false 120 16 17 18 18 18/pause 560/showFrame Munchboi 18/animate Munchboi false true 240 19 20 21 22 23 19 19 19 19 19 19 19 19 19 19 19 19/speak Mateo \"{{i18n:57871052.19}}\"/speak Aideen \"{{i18n:57871052.20}}\"/move Aideen 4 0 1/speak Aideen \"{{i18n:57871052.21}}\"/pause 500/speak Mateo \"{{i18n:57871052.22}}\"/emote Aideen 16/speed LadySheba 2/advancedMove LadySheba false -2 0 0 1 3 1000/pause 100/faceDirection farmer 1/pause 500/speak Aideen \"{{i18n:57871052.23}}\"/stopAnimation Munchboi 19/pause 500/speak Mateo \"{{i18n:57871052.24}}\"/speak Aideen \"{{i18n:57871052.25}}\"/pause 500/emote Mateo 28/pause 500/speak Mateo \"{{i18n:57871052.26}}\"/textAboveHead Aideen \"{{i18n:57871052.27}}\"/pause 500/message \"{{i18n:57871052.28}}\"/pause 1000/end",
                "57871053/f Mateo 2000/e 57871008/A MateoPain/o Aideen/o Mateo/d Mon Tue Wed/e 57871052/t 1000 1700": "{{season}}_day_ambient/16 103/farmer 16 103 1 Mateo 17 103 3 Aideen 17 89 2/skippable/advancedMove Aideen false 0 10 2 1000/emote Mateo 40/pause 500/emote farmer 16/pause 500/faceDirection farmer 2/animate farmer false true 200 102 103/pause 500/emote Aideen 8/pause 1500/stopAnimation farmer/faceDirection farmer 1/pause 500/speak Mateo \"{{i18n:57871053.01}}\"/pause 500/faceDirection Mateo 0/speak Mateo \"{{i18n:57871053.02}}\"/emote Aideen 60/pause 500/advancedMove Mateo false 0 12 -9 0 0 10/pause 1000/advancedMove Aideen false 0 4 2 1000/faceDirection farmer 0/pause 1000/faceDirection farmer 1/pause 1500/faceDirection Aideen 3/speak Aideen \"{{i18n:57871053.03}}\"/quickQuestion #{{i18n:57871053.04}}#{{i18n:57871053.05}}#{{i18n:57871053.06}}#{{i18n:57871053.07}}(break)textAboveHead Aideen \"{{i18n:57871053.08}}\"\\speak Aideen \"{{i18n:57871053.09}}\"\\switchEvent 57871053_MateoRomance(break)jump Aideen 5\\textAboveHead Aideen \"{{i18n:57871053.10}}\"\\switchEvent 57871053_AideenRomance(break)speak Aideen \"{{i18n:57871053.11}}\"\\emote farmer 16\\switchEvent 57871053_AMRH(break)speak Aideen \"{{i18n:57871053.12}}\"\\switchEvent 57871053_AMRH",
                "57871053_MateoRomance": "pause 500/emote Aideen 28/speak Aideen \"{{i18n:57871053.57871053_MateoRomance.01}}\"/advancedMove Aideen false 0 -2 2 1000/pause 500/faceDirection farmer 0/speak Aideen \"{{i18n:57871053.57871053_MateoRomance.02}}\"/pause 100/speed Aideen 3/advancedMove Aideen false 0 -20/pause 1000/emote farmer 8/pause 1000/end",
                "57871053_AideenRomance": "pause 500/speak Aideen \"{{i18n:57871053.57871053_AideenRomance.01}}\"/advancedMove Aideen false 0 -2 2 1000/pause 500/faceDirection farmer 0/speak Aideen \"{{i18n:57871053.57871053_AideenRomance.02}}\"/pause 1000/emote farmer 32/pause 500/emote Aideen 20/pause 1000/end",
                "57871053_AMRH": "pause 500/speak Aideen \"{{i18n:57871053.57871053_AMRH.01}}\"/pause 500/emote farmer 8/pause 500/faceDirection Aideen 2/emote Aideen 28/pause 500/faceDirection Aideen 3/pause 500/speak Aideen \"{{i18n:57871053.57871053_AMRH.02}}\"/quickQuestion #{{i18n:57871053.57871053_AMRH.03}}#{{i18n:57871053.57871053_AMRH.04}}#{{i18n:57871053.57871053_AMRH.05}}#{{i18n:57871053.57871053_AMRH.06}}(break)emote Aideen 20\\friendship Aideen 50\\speak Aideen \"{{i18n:57871053.57871053_AMRH.07}}\"\\switchEvent 57871053_AMRH2(break)emote Aideen 20\\friendship Aideen 50\\speak Aideen \"{{i18n:57871053.57871053_AMRH.08}}\"\\switchEvent 57871053_AMRH2(break)emote Aideen 12\\friendship Aideen -50\\speak Aideen \"{{i18n:57871053.57871053_AMRH.09}}\"(break)emote Aideen 12\\friendship Aideen -25\\speak Aideen \"{{i18n:57871053.57871053_AMRH.10}}\"/pause 1000/speak Aideen \"{{i18n:57871053.57871053_AMRH.11}}\"/advancedMove Aideen false 0 -20/pause 500/faceDirection farmer 0/emote farmer 28/pause 1000/end",
                "57871053_AMRH2": "pause 500/addMailReceived RivalHearts_AideenMateo/addConversationTopic Mateo_No10HeartToday 0/speak Aideen \"{{i18n:57871053.57871053_AMRH2.01}}\"/advancedMove Aideen false 0 -2 2 1000/pause 500/faceDirection farmer 0/speak Aideen \"{{i18n:57871053.57871053_AMRH2.02}}\"/pause 1000/emote farmer 32/pause 1000/end",
                "57871055/n RivalHearts_AideenMateo/e SnS.Ch1.Mateo.9/k SnS.Ch1.Mateo.12/A MateoPain/o Aideen/o Mateo": "none/-100 -100/Aideen 28 15 1 Mateo 16 15 0 farmer -1000 -1000 2/addTemporaryActor Munchboi 32 32 29 15 3 false/skippable/changeToTemporaryMap ESSplitScreen_AideenMateo/viewport 23 15/pause 1000/speak Aideen \"{{i18n:57871055.01}}\"/playSound cat/pause 500/faceDirection Aideen 2/emote Aideen 28/speak Aideen \"{{i18n:57871055.02}}\"/faceDirection Aideen 1/pause 500/playSound cat/animate Munchboi false false 240 16 17 18 19 19 19 19 19/pause 900/stopAnimation Munchboi 18/pause 500/speak Aideen \"{{i18n:57871055.03}}\"/animate Munchboi false true 240 20 21 22 23 20 19 18 18 18 18 18 18 18 18 18/pause 1000/move Mateo 0 1 1/move Mateo 3 0 2/move Mateo 0 1 2/pause 500/speak Mateo \"{{i18n:57871055.04}}\"/move Mateo -2 0 1/shake Mateo 500 true/emote Mateo 12 true/pause 250/speak Mateo \"{{i18n:57871055.05}}\"/move Mateo 1 0 3/shake Mateo 500 true/emote Mateo 12 true/pause 250/speak Mateo \"{{i18n:57871055.06}}\"/move Mateo 1 0 3/faceDirection Mateo 2/shake Mateo 500 true/emote Mateo 28 true/pause 250/speak Mateo \"{{i18n:57871055.07}}\"/faceDirection Mateo 0/emote Mateo 40/pause 1000/facedirection Aideen 2 true/faceDirection Mateo 2 true/pause 1000/emote Aideen 28 true/emote Mateo 28 true/advancedMove Mateo false -2 0 0 2 1 1000/advancedMove Aideen false 0 1 2 0 0 4 3 1000/pause 1000/fade/viewport -100 -100/stopAdvancedMoves/changeLocation EastScarp_Village/viewport -100 -100/playMusic starshoot/warp Aideen 20 115/warp Mateo 13 115/faceDirection Aideen 3/faceDirection Mateo 1/viewport 17 115/pause 1000/textAboveHead Aideen \"{{i18n:57871055.08}}\"/speed Aideen 5/advancedMove Aideen false -3 0 3 1000/advancedMove Mateo false 3 0 1 1000/emote Mateo 60/speak Aideen \"{{i18n:57871055.09}}\"/shake Mateo 240/speak Mateo \"{{i18n:57871055.10}}\"/pause 500/textAboveHead Aideen \"{{i18n:57871055.11}}\"/pause 500/speak Aideen \"{{i18n:57871055.12}}\"/pause 500/emote Mateo 60/speak Mateo \"{{i18n:57871055.13}}\"/faceDirection Mateo 0/emote Mateo 40/pause 250/faceDirection Mateo 3/speak Aideen \"{{i18n:57871055.14}}\"/faceDirection Mateo 1/pause 250/speak Mateo \"{{i18n:57871055.15}}\"/pause 500/emote Aideen 20/positionOffset Aideen -2 0/pause 50/positionOffset Aideen -2 0/pause 50/positionOffset Aideen -2 0/pause 50/positionOffset Aideen -2 0/pause 50/showFrame Aideen 30/pause 250/showFrame Mateo 28/showFrame Aideen 31/positionOffset Mateo 2 0/pause 100/specificTemporarySprite heart 45 26/positionOffset Mateo 2 0/positionOffset farmer -2 0/pause 100/positionOffset Mateo 2 0/positionOffset Aideen -2 0/pause 5000/faceDirection Mateo 1/showFrame Aideen 30/textAboveHead Mateo \"{{i18n:57871055.16}}\"/pause 250/speak Aideen \"{{i18n:57871055.17}}\"/speak Mateo \"{{i18n:57871055.18}}\"/emote Aideen 20/pause 2000/end"
            }
        }, //
        {
            "LogName": "Mateo and Aideen meet",
            "Action": "EditData",
            "Target": "Data/Events/Saloon",
            "Entries": {
                "57871054/n RivalHearts_AideenMateo/A MateoPain/o Aideen/o Mateo/d Thu Fri Sat Sun/t 1800 2300": "Saloon1/-100 -100/farmer 10 20 0 Shane 20 17 3 Gus 10 18 2 Emily 18 17 1 Pam 7 18 1 Lewis 9 22 1 Clint 19 23 3 Willy 18 22 2 Aideen -100 -100 0 Mateo -100 -100 0/skippable/viewport 11 20 clamp true/pause 500/emote Gus 40/pause 500/textAboveHead Shane \"{{i18n:57871054.01}}\"/pause 1500/emote Emily 32/playSound doorOpen/warp Aideen 14 24/move Aideen 0 -3 0/faceDirection farmer 2/pause 500/emote farmer 8/pause 500/faceDirection Aideen 1/pause 500/emote Aideen 28/pause 500/emote farmer 56/jump Aideen 5/faceDirection Aideen 3/speak Aideen \"{{i18n:57871054.02}}\"/speed Aideen 3/move Aideen -3 0 0/move Aideen 0 -1 3/faceDirection farmer 1/quickQuestion #{{i18n:57871054.03}}#{{i18n:57871054.04}}(break)speak Aideen \"{{i18n:57871054.05}}\"\\pause 500\\textAboveHead Aideen \"{{i18n:57871054.06}}\"(break)emote Aideen 28\\textAboveHead Aideen \"{{i18n:57871054.07}}\"/speak Aideen \"{{i18n:57871054.08}}\"/pause 500/textAboveHead Gus \"{{i18n:57871054.09}}\"/jump Aideen 3/faceDirection Aideen 0 true/faceDirection farmer 0 true/speak Gus \"{{i18n:57871054.10}}\"/faceDirection Aideen 3 true/faceDirection farmer 1 true/emote Aideen 40/pause 500/faceDirection Aideen 0/faceDirection farmer 0/speak Aideen \"{{i18n:57871054.11}}\"/pause 1000/faceDirection Aideen 3/faceDirection farmer 1/pause 1000/speak Aideen \"{{i18n:57871054.12}}\"/playSound doorOpen/faceDirection Aideen 2/faceDirection farmer 2/warp Mateo 14 24/move Mateo 0 -3 3/emote Mateo 32/move Aideen 0 1 1/emote Aideen 16/pause 500/speak Aideen \"{{i18n:57871054.13}}\"/advancedMove farmer false -2 0 0 2 1 2000/move Mateo -2 0 3/speak Mateo \"{{i18n:57871054.14}}\"/showFrame Mateo 16/pause 500/emote Aideen 20/pause 500/speak Aideen \"{{i18n:57871054.15}}\"/emote Mateo 60/faceDirection Lewis 3/pause 500/speak Mateo \"{{i18n:57871054.16}}\"/pause 500/emote Aideen 60/pause 500/speak Aideen \"{{i18n:57871054.17}}\"/showFrame Aideen 29/pause 500/emote Mateo 16/pause 1500/playSound shwip/showFrame Aideen 4/showFrame Mateo 12/pause 500/speak Gus \"{{i18n:57871054.18}}\"/faceDirection Aideen 0 true/faceDirection Mateo 0 true/pause 500/textAboveHead Mateo \"{{i18n:57871054.19}}\"/pause 500/emote Gus 32/advancedMove Gus false 0 -1 -5 0 2 2000/advancedMove Aideen false 0 -1 -6 0 4 2000/advancedMove Mateo false 0 -1 -6 0 4 2000/pause 3000/advancedMove Gus false -2 0 4 1000/pause 500/doAction 3 16/doAction 4 16/pause 1500/advancedMove Gus false 0 -5 2 1000 1 0 0 -1 7 0 3 1000/advancedMove Aideen false 0 -2 1 1000 -2 0 0 -4 1 500/advancedMove Mateo false 0 -2 3 1000 -2 0 0 -4 3 500/pause 1000/speak Lewis \"{{i18n:57871054.20}}\"/pause 500/emote farmer 20/pause 1000/end",
            }
        },
        {
            "LogName": "Mateo's Schedule",
            "Action": "EditData",
            "Target": "Characters/Schedules/Aideen",
            "When": {
                "HasSeenEvent": "57871054"
            },
            "Entries": {
                // "Tue": "700 EastScarp_House1 19 19 0/800 EastScarp_House1 19 20 2/1000 EastScarp_Village 12 50 square_5_2/1300 EastScarp_Village 44 91 square_5_5/1620 EastScarp_Village 42 88 0/1640 EastScarp_Village 34 98 2/2000 EastScarp_Village 9 112 3/2100 EastScarp_House1 6 8 3 aideen_sleep",
                // "Thu": "GOTO Tue",
                "winter_17": "700 EastScarp_House1 19 19 0/800 EastScarp_House1 19 20 2/1000 EastScarp_House1 3 19 0/1100 EastScarp_House1 5 11 1/1200 EastScarp_House1 3 11 2/1300 EastScarp_House1 3 11 square_4_1_2/1600 Beach 43 24 2/2200 EastScarp_House1 6 8 3 aideen_sleep",
            }
        },
        {
            "LogName": "Aideen becomes non-datable",
            "Action": "EditData",
            "Target": "Data/Characters",
            "TargetField": [
                "Aideen"
            ],
            "Entries": {
                "CanBeRomanced": false,
                "LoveInterest": "Mateo"
            },
            "When": {
                "HasSeenEvent |contains=57871054": true
            }
        }
        
    ]
}