{
    "Changes": [
        {
            "Action": "EditData",
            "Target": "Data/FarmAnimals",
            "Entries": {
                "{{ModId}}.Wyatt": {
                    "DisplayName": "{{i18n:Strings.Names.Wyatt}}",
                    "House": "Barn",
                    "Texture": "Characters/MateoWyatt_MEEP",
                    "SpriteWidth": 16,
                    "SpriteHeight": 32,
                    "SleepFrame": 24,
                    "UseFlippedRightForLeft": false,
                    "UseDoubleUniqueAnimationFrames": true,
                    "ShadowWhenBaby": { "Visible": false },
                    "ShadowWhenAdult": { "Visible": false }
                }
            }
        },
        {
            "Action": "EditData",
            "Target": "MEEP/FarmAnimals/SpawnData",
            "Entries": {
                "{{ModId}}.WyattSpawn": {
                    "AnimalId": "{{ModId}}.Wyatt",
                    "Age": 1,
                    "LocationId": "EastScarp_CoastalGuild",
                    "DisplayName": "{{i18n:Strings.Names.Wyatt}}",
                    "PortraitTexture": "Portraits/MateoWyatt",
                    "PetMessage": [
                        "{{i18n:MEEP.MateoWyatt.{{Random: {{Range: 1, 20}}|key=WyDialogue}}}}"
                    ],
                    "HomeTileX": 30,
                    "HomeTileY": 5,
                    "Condition": "PLAYER_HAS_SEEN_EVENT Any SnS.Ch5.Mateo, DAY_OF_WEEK Thu Fri Sat"
                }            
            }
        }
    ]
}