{
    "Changes": [
        {
            "LogName": "Dialogue",
            "Action": "EditData",
            "Target": "Characters/Dialogue/Aideen",
            "Entries": {
                "Introduction": "{{i18n:Aideen_Introduction}}",
                "Resort_Entering": "{{i18n:Aideen_Resort_Entering}}",
                "Resort_Leaving": "{{i18n:Aideen_Resort_Leaving}}",
                "Resort_Shore": "{{i18n:Aideen_Resort_Shore}}",
                "Resort_Umbrella": "{{i18n:Aideen_Resort_Umbrella}}",
                "Resort_Wander": "{{i18n:Aideen_Resort_Wander}}",
                "Resort_Bar": "{{i18n:Aideen_Resort_Bar}}",
                "Resort": "{{i18n:Aideen_Resort}}",
                "GreenRain": "{{i18n:Aideen_GreenRain}}",
                "GreenRain_2": "{{i18n:Aideen_GreenRain_2}}",
                //daily	
                "Mon": "{{i18n:Aideen_Mon}}",
                "Tue": "{{i18n:Aideen_Tue}}",
                "Wed": "{{i18n:Aideen_Wed}}",
                "Thu": "{{i18n:Aideen_Thu}}",
                "Fri": "{{i18n:Aideen_Fri}}",
                "Sat": "{{i18n:Aideen_Sat}}",
                "Sun": "{{i18n:Aideen_Sun}}",
                "danceRejection": "{{i18n:Aideen_danceRejection}}",
                "divorced": "{{i18n:Aideen_divorced}}",
                "dumped_Girls": "{{i18n:Aideen_dumped_Girls}}",
                "breakUp": "{{i18n:Aideen_breakUp}}",
                "Mon2": "{{i18n:Aideen_Mon2}}",
                "Tue2": "{{i18n:Aideen_Tue2}}",
                "Fri2": "{{i18n:Aideen_Fri2}}",
                "Sun2": "{{i18n:Aideen_Sun2}}",
                "Wed2": "{{i18n:Aideen_Wed2}}",
                "Tue4": "{{i18n:Aideen_Tue4}}",
                "spring_Sat6": "{{i18n:Aideen_spring_Sat6}}",
                "Mon8": "{{i18n:Aideen_Mon8}}",
                "Thu10": "{{i18n:Aideen_Thu10}}",
                "Fri6": "{{i18n:Aideen_Fri6}}",
                "summer_1": "{{i18n:Aideen_summer_1}}",
                "summer_Mon": "{{i18n:Aideen_summer_Mon}}",
                "summer_Tue": "{{i18n:Aideen_summer_Tue}}",
                "summer_Wed": "{{i18n:Aideen_summer_Wed}}",
                "summer_Thu": "{{i18n:Aideen_summer_Thu}}",
                "summer_Fri": "{{i18n:Aideen_summer_Fri}}",
                "summer_Fri4": "{{i18n:Aideen_summer_Fri4}}",
                "summer_Sat": "{{i18n:Aideen_summer_Sat}}",
                "summer_Sat4": "{{i18n:Aideen_summer_Sat4}}",
                "summer_Sun": "{{i18n:Aideen_summer_Sun}}",
                "summer_Sun4": "{{i18n:Aideen_summer_Sun4}}",
                "summer_Wed2": "{{i18n:Aideen_summer_Wed2}}",
                "summer_Tue4": "{{i18n:Aideen_summer_Tue4}}",
                "summer_Sat6": "{{i18n:Aideen_summer_Sat6}}",
                "summer_Thu10": "{{i18n:Aideen_summer_Thu10}}",
                "summer_Fri10": "{{i18n:Aideen_summer_Fri10}}",
                "fall_1": "{{i18n:Aideen_fall_1}}",
                "fall_Mon": "{{i18n:Aideen_fall_Mon}}",
                "fall_Tue": "{{i18n:Aideen_fall_Tue}}",
                "fall_Wed": "{{i18n:Aideen_fall_Wed}}",
                "fall_Wed4": "{{i18n:Aideen_fall_Wed4}}",
                "fall_Thu": "{{i18n:Aideen_fall_Thu}}",
                "fall_Sat": "{{i18n:Aideen_fall_Sat}}",
                "fall_Wed2": "{{i18n:Aideen_fall_Wed2}}",
                "fall_Sun6": "{{i18n:Aideen_fall_Sun6}}",
                "fall_Mon8": "{{i18n:Aideen_fall_Mon8}}",
                "fall_Thu6": "{{i18n:Aideen_fall_Thu6}}",
                "fall_Thu8": "{{i18n:Aideen_fall_Thu8}}",
                "fall_Fri10": "{{i18n:Aideen_fall_Fri10}}",
                "winter_1": "{{i18n:Aideen_winter_1}}",
                "winter_Mon": "{{i18n:Aideen_winter_Mon}}",
                "winter_Tue": "{{i18n:Aideen_winter_Tue}}",
                "winter_Wed": "{{i18n:Aideen_winter_Wed}}",
                "winter_Thu": "{{i18n:Aideen_winter_Thu}}",
                "winter_Fri": "{{i18n:Aideen_winter_Fri}}",
                "winter_Sat4": "{{i18n:Aideen_winter_Sat4}}",
                "winter_Sun8": "{{i18n:Aideen_winter_Sun8}}",
                "winter_Wed2": "{{i18n:Aideen_winter_Wed2}}",
                "winter_Thu10": "{{i18n:Aideen_winter_Thu10}}",
                "winter_Fri10": "{{i18n:Aideen_winter_Fri10}}",
                "spring_12": "{{i18n:Aideen_spring_12}}",
                "spring_12_2": "{{i18n:Aideen_spring_12_2}}",
                "spring_23": "{{i18n:Aideen_spring_23}}",
                "spring_23_2": "{{i18n:Aideen_spring_23_2}}",
                "winter_7": "{{i18n:Aideen_winter_7}}",
                "winter_7_2": "{{i18n:Aideen_winter_7_2}}",
                "fall_26": "{{i18n:Aideen_fall_26}}",
                "summer_10": "{{i18n:Aideen_summer_10}}",
                "summer_27": "{{i18n:Aideen_summer_27}}",
                "winter_24": "{{i18n:Aideen_winter_24}}",
                //Event responses	
                "Ai2_1": "{{i18n:Aideen_Ai2_1}}",
                "Ai2_2": "{{i18n:Aideen_Ai2_2}}",
                "Ai2_3": "{{i18n:Aideen_Ai2_3}}",
                "Ai2_4": "{{i18n:Aideen_Ai2_4}}",
                "//Unique Courtship Dialogue": "{{i18n:Aideen_//Unique Courtship Dialogue}}",
                "rejectNPCA": "{{i18n:Aideen_rejectNPCA}}",
                "rejectNPCB": "{{i18n:Aideen_rejectNPCB}}",
                "refusal_no_heartsA": "{{i18n:Aideen_refusal_no_heartsA}}",
                "refusal_no_heartsB": "{{i18n:Aideen_refusal_no_heartsB}}",
                "engageA": "{{i18n:Aideen_engageA}}",
                "engageB": "{{i18n:Aideen_engageB}}",
                "marriedA": "{{i18n:Aideen_marriedA}}",
                "give_flowersA": "{{i18n:Aideen_give_flowersA}}",
                "give_flowersB": "{{i18n:Aideen_give_flowersB}}",
                "give_pendant": "{{i18n:Aideen_give_pendant}}",
                "reject_four_heartA": "{{i18n:Aideen_reject_four_heartA}}",
                "reject_four_heartB": "{{i18n:Aideen_reject_four_heartB}}",
                "refusal_knownA": "{{i18n:Aideen_refusal_knownA}}",
                "refusal_knownB": "{{i18n:Aideen_refusal_knownB}}",
                //question responses": "{{i18n:Aideen_//question responses}}",
                "Aideen_102": "{{i18n:Aideen_102}}",
                "Aideen_103": "{{i18n:Aideen_103}}",
                "Aideen_104": "{{i18n:Aideen_104}}",
                "Aideen_105": "{{i18n:Aideen_105}}",
                //Unique Gift Tastes		
                "GiftReaction_Ancient_Flower": "{{i18n:Aideen_GiftReaction_Ancient_Flower}}",
                "AcceptGift_category_flowers": "{{i18n:Aideen_AcceptGift_category_flowers}}",
                "AcceptGift_(O)597": "{{i18n:Aideen_AcceptGift_(O)597}}",
                "GiftReaction_An_autographed_photo": "{{i18n:Aideen_GiftReaction_An_autographed_photo}}",
                "AcceptGift_(O)167": "{{i18n:Aideen_AcceptGift_(O)167}}",
                "AcceptGift_(O)StardropTea": "{{i18n:Aideen_AcceptGift_(O)StardropTea}}",
                "reject_534": "{{i18n:Aideen_reject_534}}",
                "//Conversation Topics": "{{i18n:Aideen_//Conversation Topics}}",
                "MateoAideenScene1": "{{i18n:Aideen_MateoAideenScene1}}",
                "Aideen_Garden": "{{i18n:Aideen_Aideen_Garden}}",
                "ShearwaterBridgeRenovationStart": "{{i18n:Aideen_ShearwaterBridgeRenovationStart}}",
            }
        },
        {
            "LogName": "Dialogue",
            "Action": "EditData",
            "Target": "Characters/Dialogue/Aideen",
            "Entries": {
                "spring_23_2": "{{i18n:Aideen_spring_23_2.dating}}",
                "winter_Thu10": "{{i18n:Aideen_winter_Thu10.dating}}",
                "Thu10": "{{i18n:Aideen_Thu10.dating}}",
            },
            "When": {
                "Relationship:Aideen": "dating"
            }
        },
        {
            "LogName": "Dialogue",
            "Action": "EditData",
            "Target": "Characters/Dialogue/MarriageDialogueAideen",
            "Entries": {
                "Rainy_Day_0": "{{i18n:Aideen_Marriage_Rainy_Day_0}}",
                "Rainy_Day_1": "{{i18n:Aideen_Marriage_Rainy_Day_1}}",
                "Rainy_Day_2": "{{i18n:Aideen_Marriage_Rainy_Day_2}}",
                "Rainy_Day_3": "{{i18n:Aideen_Marriage_Rainy_Day_3}}",
                "Rainy_Day_4": "{{i18n:Aideen_Marriage_Rainy_Day_4}}",
                "patio_Aideen": "{{i18n:Aideen_Marriage_patio_Aideen}}",
                "spouseRoom_Aideen": "{{i18n:Aideen_Marriage_spouseRoom_Aideen}}",
                "Rainy_Day_Aideen": "{{i18n:Aideen_Marriage_Rainy_Day_Aideen}}",
                "Rainy_Night_0": "{{i18n:Aideen_Marriage_Rainy_Night_0}}",
                "Rainy_Night_1": "{{i18n:Aideen_Marriage_Rainy_Night_1}}",
                "Rainy_Night_2": "{{i18n:Aideen_Marriage_Rainy_Night_2}}",
                "Rainy_Night_3": "{{i18n:Aideen_Marriage_Rainy_Night_3}}",
                "Rainy_Night_4": "{{i18n:Aideen_Marriage_Rainy_Night_4}}",
                "Rainy_Night_5": "{{i18n:Aideen_Marriage_Rainy_Night_5}}",
                "Rainy_Night_Aideen": "{{i18n:Aideen_Marriage_Rainy_Night_Aideen}}",
                "Indoor_Day_0": "{{i18n:Aideen_Marriage_Indoor_Day_0}}",
                "Indoor_Day_1": "{{i18n:Aideen_Marriage_Indoor_Day_1}}",
                "Indoor_Day_2": "{{i18n:Aideen_Marriage_Indoor_Day_2}}",
                "Indoor_Day_3": "{{i18n:Aideen_Marriage_Indoor_Day_3}}",
                "Indoor_Day_4": "{{i18n:Aideen_Marriage_Indoor_Day_4}}",
                //"Indoor_Day_Aideen": "{{i18n://"Indoor_Day_Aideen}}",		
                "Indoor_Night_Aideen": "{{i18n:Aideen_Marriage_Indoor_Night_Aideen}}",
                "Indoor_Night_0": "{{i18n:Aideen_Marriage_Indoor_Night_0}}",
                "Indoor_Night_1": "{{i18n:Aideen_Marriage_Indoor_Night_1}}",
                "Indoor_Night_2": "{{i18n:Aideen_Marriage_Indoor_Night_2}}",
                "Indoor_Night_3": "{{i18n:Aideen_Marriage_Indoor_Night_3}}",
                "Outdoor_0": "{{i18n:Aideen_Marriage_Outdoor_0}}",
                "Outdoor_1": "{{i18n:Aideen_Marriage_Outdoor_1}}",
                "Outdoor_2": "{{i18n:Aideen_Marriage_Outdoor_2}}",
                "Outdoor_3": "{{i18n:Aideen_Marriage_Outdoor_3}}",
                "Outdoor_4": "{{i18n:Aideen_Marriage_Outdoor_4}}",
                "Outdoor_Aideen": "{{i18n:Aideen_Marriage_Outdoor_Aideen}}",
                "funLeave_Aideen": "{{i18n:Aideen_Marriage_funLeave_Aideen}}",
                "funReturn_Aideen": "{{i18n:Aideen_Marriage_funReturn_Aideen}}",
                "OneKid_0": "{{i18n:Aideen_Marriage_OneKid_0}}",
                "OneKid_1": "{{i18n:Aideen_Marriage_OneKid_1}}",
                "OneKid_2": "{{i18n:Aideen_Marriage_OneKid_2}}",
                "OneKid_3": "{{i18n:Aideen_Marriage_OneKid_3}}",
                "TwoKids_1": "{{i18n:Aideen_Marriage_TwoKids_1}}",
                "TwoKids_2": "{{i18n:Aideen_Marriage_TwoKids_2}}",
                "TwoKids_3": "{{i18n:Aideen_Marriage_TwoKids_3}}",
                "spring_22": "{{i18n:Aideen_Marriage_spring_22}}",
                "spring_24": "{{i18n:Aideen_Marriage_spring_24}}",
                "spring_1": "{{i18n:Aideen_Marriage_spring_1}}",
                "summer_3": "{{i18n:Aideen_Marriage_summer_3}}",
                "summer_8": "{{i18n:Aideen_Marriage_summer_8}}",
                "summer_15": "{{i18n:Aideen_Marriage_summer_15}}",
                "fall_2": "{{i18n:Aideen_Marriage_fall_2}}",
                "fall_1": "{{i18n:Aideen_Marriage_fall_1}}",
                "winter_14": "{{i18n:Aideen_Marriage_winter_14}}",
                "winter_2": "{{i18n:Aideen_Marriage_winter_2}}",
                "Good_1": "{{i18n:Aideen_Marriage_Good_1}}",
                "Good_2": "{{i18n:Aideen_Marriage_Good_2}}",
                //"Good_3": "{{i18n://"Good_3}}",		
                //"Good_4": "{{i18n://"Good_4}}",		
                //"Good_5": "{{i18n://"Good_5}}",		
                //"Good_6": "{{i18n://"Good_6}}",		
                //"Good_7": "{{i18n://"Good_7}}",		
                "Neutral_0": "{{i18n:Aideen_Marriage_Neutral_0}}",
                "Neutral_1": "{{i18n:Aideen_Marriage_Neutral_1}}",
                "Neutral_6": "{{i18n:Aideen_Marriage_Neutral_6}}",
                //"Neutral_7": "{{i18n://"Neutral_7}}",		
                //"Neutral_8": "{{i18n://"Neutral_8}}",		
                "Bad_5": "{{i18n:Aideen_Marriage_Bad_5}}",
                "Bad_6": "{{i18n:Aideen_Marriage_Bad_6}}",
                "Bad_7": "{{i18n:Aideen_Marriage_Bad_7}}",
                "Bad_8": "{{i18n:Aideen_Marriage_Bad_8}}",
                "Bad_9": "{{i18n:Aideen_Marriage_Bad_9}}",
            }
        }
    ]
}