{
    "Changes": [
        {
            "LogName": "Dialogue",
            "Action": "EditData",
            "Target": "Characters/Dialogue/Beatrice",
            "Entries": {
                "Introduction": "{{i18n:Beatrice_Introduction}}",
                "Resort_Entering": "{{i18n:Beatrice_Resort_Entering}}",
                "Resort_Leaving": "{{i18n:Beatrice_Resort_Leaving}}",
                "Resort_Shore": "{{i18n:Beatrice_Resort_Shore}}",
                "Resort_Umbrella": "{{i18n:Beatrice_Resort_Umbrella}}",
                "Resort_Wander": "{{i18n:Beatrice_Resort_Wander}}",
                "Resort_Bar": "{{i18n:Beatrice_Resort_Bar}}",
                "Resort": "{{i18n:Beatrice_Resort}}",
                "GreenRain": "{{i18n:Beatrice_GreenRain}}",
                "GreenRain_2": "{{i18n:Beatrice_GreenRain_2}}",
                "Mon": "{{i18n:Beatrice_Mon}}",
                "Mon2": "{{i18n:Beatrice_Mon2}}",
                "Mon4": "{{i18n:Beatrice_Mon4}}",
                "Mon6": "{{i18n:Beatrice_Mon6}}",
                "Mon8": "{{i18n:Beatrice_Mon8}}",
                "Mon10": "{{i18n:Beatrice_Mon10}}",
                "Tue": "{{i18n:Beatrice_Tue}}",
                "Tue2": "{{i18n:Beatrice_Tue2}}",
                "Tue6": "{{i18n:Beatrice_Tue6}}",
                "Wed": "{{i18n:Beatrice_Wed}}",
                "Tue10": "{{i18n:Beatrice_Tue10}}",
                "Tue4": "{{i18n:Beatrice_Tue4}}",
                "Wed2": "{{i18n:Beatrice_Wed2}}",
                "Wed4": "{{i18n:Beatrice_Wed4}}",
                "Wed6": "{{i18n:Beatrice_Wed6}}",
                "Wed10": "{{i18n:Beatrice_Wed10}}",
                "Tue8": "{{i18n:Beatrice_Tue8}}",
                "Thu": "{{i18n:Beatrice_Thu}}",
                "Thu2": "{{i18n:Beatrice_Thu2}}",
                "Thu4": "{{i18n:Beatrice_Thu4}}",
                "Thu6": "{{i18n:Beatrice_Thu6}}",
                "Thu8": "{{i18n:Beatrice_Thu8}}",
                "Thu10": "{{i18n:Beatrice_Thu10}}",
                "Fri": "{{i18n:Beatrice_Fri}}",
                "Fri2": "{{i18n:Beatrice_Fri2}}",
                "Fri4": "{{i18n:Beatrice_Fri4}}",
                "Fri8": "{{i18n:Beatrice_Fri8}}",
                "Fri10": "{{i18n:Beatrice_Fri10}}",
                "Sat": "{{i18n:Beatrice_Sat}}",
                "Sat2": "{{i18n:Beatrice_Sat2}}",
                "Sat4": "{{i18n:Beatrice_Sat4}}",
                "Sat6": "{{i18n:Beatrice_Sat6}}",
                "Fri6": "{{i18n:Beatrice_Fri6}}",
                "Wed8": "{{i18n:Beatrice_Wed8}}",
                "Sat8": "{{i18n:Beatrice_Sat8}}",
                "Sat10": "{{i18n:Beatrice_Sat10}}",
                "Sun": "{{i18n:Beatrice_Sun}}",
                "Sun2": "{{i18n:Beatrice_Sun2}}",
                "Sun4": "{{i18n:Beatrice_Sun4}}",
                "Sun6": "{{i18n:Beatrice_Sun6}}",
                "Sun8": "{{i18n:Beatrice_Sun8}}",
                "Sun10": "{{i18n:Beatrice_Sun10}}",
                "Mon_summer": "{{i18n:Beatrice_Mon_summer}}",
                "Wed_summer": "{{i18n:Beatrice_Wed_summer}}",
                "Fri_summer": "{{i18n:Beatrice_Fri_summer}}",
                "Mon_fall": "{{i18n:Beatrice_Mon_fall}}",
                "Fri_fall": "{{i18n:Beatrice_Fri_fall}}",
                "Mon_winter": "{{i18n:Beatrice_Mon_winter}}",
                "Wed_fall": "{{i18n:Beatrice_Wed_fall}}",
                "Wed_winter": "{{i18n:Beatrice_Wed_winter}}",
                "Fri_winter": "{{i18n:Beatrice_Fri_winter}}",
                "spring_12": "{{i18n:Beatrice_spring_12}}",
                "spring_23": "{{i18n:Beatrice_spring_23}}",
                "summer_10": "{{i18n:Beatrice_summer_10}}",
                "summer_27": "{{i18n:Beatrice_summer_27}}",
                "fall_15": "{{i18n:Beatrice_fall_15}}",
                "fall_26": "{{i18n:Beatrice_fall_26}}",
                "winter_7": "{{i18n:Beatrice_winter_7}}",
                "winter_24": "{{i18n:Beatrice_winter_24}}",
                "AcceptGift_(O)StardropTea": "{{i18n:Beatrice_AcceptGift_(O)StardropTea}}",
            }
        },
        {
            "LogName": "Dialogue",
            "Action": "EditData",
            "Target": "Strings/schedules/Beatrice",
            "Entries": {
                "read.001": "{{i18n:Beatrice.strings.read.001}}",
                "read.002": "{{i18n:Beatrice.strings.read.002}}",
                "light.001": "{{i18n:Beatrice.strings.light.001}}",
                "rain.001": "{{i18n:Beatrice.strings.rain.001}}",
                "telescope.001": "{{i18n:Beatrice.strings.telescope.001}}",
                "telescope.002": "{{i18n:Beatrice.strings.telescope.002}}",
                "boat.001": "{{i18n:Beatrice.strings.boat.001}}",
                "saloon.001": "{{i18n:Beatrice.strings.saloon.001}}",
                "checkup": "{{i18n:Beatrice.strings.checkup}}",
                "sleep": "{{i18n:Beatrice.strings.sleep}}",
            }
        }
    ]
}