{
    "Changes": [
        {
            "LogName": "Dialogue",
            "Action": "EditData",
            "Target": "Characters/Dialogue/Eloise",
            "Entries": {
                "Resort_Entering": "{{i18n:Eloise_Resort_Entering}}",
                "Resort_Leaving": "{{i18n:Eloise_Resort_Leaving}}",
                "Resort_Shore": "{{i18n:Eloise_Resort_Shore}}",
                "Resort_Umbrella": "{{i18n:Eloise_Resort_Umbrella}}",
                "Resort_Towel": "{{i18n:Eloise_Resort_Towel}}",
                "Resort_Wander": "{{i18n:Eloise_Resort_Wander}}",
                "Resort_Bar": "{{i18n:Eloise_Resort_Bar}}",
                "Resort": "{{i18n:Eloise_Resort}}",
                "GreenRain": "{{i18n:Eloise_GreenRain}}",
                "GreenRain_2": "{{i18n:Eloise_GreenRain_2}}",
                "Introduction": "{{i18n:Eloise_Introduction}}",
                "Mon": "{{i18n:Eloise_Mon}}",
                "Mon2": "{{i18n:Eloise_Mon2}}",
                "Mon4": "{{i18n:Eloise_Mon4}}",
                "Mon6": "{{i18n:Eloise_Mon6}}",
                "Mon8": "{{i18n:Eloise_Mon8}}",
                "Mon10": "{{i18n:Eloise_Mon10}}",
                "Tue": "{{i18n:Eloise_Tue}}",
                "Tue2": "{{i18n:Eloise_Tue2}}",
                "Tue4": "{{i18n:Eloise_Tue4}}",
                "Tue6": "{{i18n:Eloise_Tue6}}",
                "Tue8": "{{i18n:Eloise_Tue8}}",
                "Tue10": "{{i18n:Eloise_Tue10}}",
                "Wed": "{{i18n:Eloise_Wed}}",
                "Wed2": "{{i18n:Eloise_Wed2}}",
                "Wed4": "{{i18n:Eloise_Wed4}}",
                "Wed6": "{{i18n:Eloise_Wed6}}",
                "Wed8": "{{i18n:Eloise_Wed8}}",
                "Wed10": "{{i18n:Eloise_Wed10}}",
                "Thu": "{{i18n:Eloise_Thu}}",
                "Thu2": "{{i18n:Eloise_Thu2}}",
                "Thu4": "{{i18n:Eloise_Thu4}}",
                "Thu6": "{{i18n:Eloise_Thu6}}",
                "Thu8": "{{i18n:Eloise_Thu8}}",
                "Fri": "{{i18n:Eloise_Fri}}",
                "Fri2": "{{i18n:Eloise_Fri2}}",
                "Fri4": "{{i18n:Eloise_Fri4}}",
                "Fri6": "{{i18n:Eloise_Fri6}}",
                "Sat": "{{i18n:Eloise_Sat}}",
                "Sat2": "{{i18n:Eloise_Sat2}}",
                "Sat4": "{{i18n:Eloise_Sat4}}",
                "Sun": "{{i18n:Eloise_Sun}}",
                "Sun2": "{{i18n:Eloise_Sun2}}",
                "Sun4": "{{i18n:Eloise_Sun4}}",
                "summer_Mon": "{{i18n:Eloise_summer_Mon}}",
                "summer_12": "{{i18n:Eloise_summer_12}}",
                "ArchaeologyHouse": "{{i18n:Eloise_ArchaeologyHouse}}",
                "spring_1_2": "{{i18n:Eloise_spring_1_2}}",
                "winter_16_2": "{{i18n:Eloise_winter_16_2}}",
                "winter_24": "{{i18n:Eloise_winter_24}}",
                "winter_24_2": "{{i18n:Eloise_winter_24_2}}",
                "summer_28": "{{i18n:Eloise_summer_28}}",
                "winter_Mon": "{{i18n:Eloise_winter_Mon}}",
                "winter_Thu": "{{i18n:Eloise_winter_Thu}}",
                "JasperGone1": "{{i18n:Eloise_JasperGone1}}",
                "GOABB": "{{i18n:Eloise_GOABB}}",
                "LucikielArrives": "{{i18n:Eloise_LucikielArrives}}",
                //Answers to Event Questions
                "Eloise_Duck_Y": "{{i18n:Eloise_Eloise_Duck_Y}}",
                "Eloise_Duck_W": "{{i18n:Eloise_Eloise_Duck_W}}",
                "Eloise_Duck_G": "{{i18n:Eloise_Eloise_Duck_G}}",
                "Eloise_Duck_N": "{{i18n:Eloise_Eloise_Duck_N}}",
                "Is_Sora_Dead": "{{i18n:Eloise_Is_Sora_Dead}}",
                "//courtship responses": "{{i18n://courtship responses}}",
                "rejectNPCA": "{{i18n:Eloise_rejectNPCA}}",
                "rejectNPCB": "{{i18n:Eloise_rejectNPCB}}",
                "refusal_no_heartsA": "{{i18n:Eloise_refusal_no_heartsA}}",
                "refusal_no_heartsB": "{{i18n:Eloise_refusal_no_heartsB}}",
                "engageA": "{{i18n:Eloise_engageA}}",
                "engageB": "{{i18n:Eloise_engageB}}",
                "marriedA": "{{i18n:Eloise_marriedA}}",
                "marriedB": "{{i18n:Eloise_marriedB}}",
                "winter_Tue2": "{{i18n:Eloise_winter_Tue2}}",
                "Parents_proud": "{{i18n:Eloise_Parents_proud}}",
                "Parents_love": "{{i18n:Eloise_Parents_love}}",
                "Parents_good": "{{i18n:Eloise_Parents_good}}",
                "Parents_personal": "{{i18n:Eloise_Parents_personal}}",
                "Parents_rude": "{{i18n:Eloise_Parents_rude}}",
                "winter_TueBack": "{{i18n:Eloise_winter_TueBack}}",
                "//New Dialogue": "{{i18n://New Dialogue}}",
                "spring_Fri10": "{{i18n:Eloise_spring_Fri10}}",
                "Sat10": "{{i18n:Eloise_Sat10}}",
                "Sun10": "{{i18n:Eloise_Sun10}}",
                "summer_Mon10": "{{i18n:Eloise_summer_Mon10}}",
                "summer_Tue10": "{{i18n:Eloise_summer_Tue10}}",
                "summer_Wed10": "{{i18n:Eloise_summer_Wed10}}",
                "summer_Thu10": "{{i18n:Eloise_summer_Thu10}}",
                "summer_Fri10": "{{i18n:Eloise_summer_Fri10}}",
                "summer_Sat10": "{{i18n:Eloise_summer_Sat10}}",
                "summer_Sun10": "{{i18n:Eloise_summer_Sun10}}",
                "fall_Mon10": "{{i18n:Eloise_fall_Mon10}}",
                "fall_Tue10": "{{i18n:Eloise_fall_Tue10}}",
                "fall_Wed10": "{{i18n:Eloise_fall_Wed10}}",
                "fall_Thu10": "{{i18n:Eloise_fall_Thu10}}",
                "fall_Fri10": "{{i18n:Eloise_fall_Fri10}}",
                "fall_Sat10": "{{i18n:Eloise_fall_Sat10}}",
                "fall_Sun10": "{{i18n:Eloise_fall_Sun10}}",
                "winter_Mon10": "{{i18n:Eloise_winter_Mon10}}",
                "winter_Tue10": "{{i18n:Eloise_winter_Tue10}}",
                "winter_Wed10": "{{i18n:Eloise_winter_Wed10}}",
                "winter_Thu10": "{{i18n:Eloise_winter_Thu10}}",
                "winter_Fri10": "{{i18n:Eloise_winter_Fri10}}",
                "winter_Sat10": "{{i18n:Eloise_winter_Sat10}}",
                "winter_Sun10": "{{i18n:Eloise_winter_Sun10}}",
                //Unique Gift Responses
                "GiftReaction_Duck_Feather": "{{i18n:Eloise_GiftReaction_Duck_Feather}}",
                "GiftReaction_Rice_Pudding": "{{i18n:Eloise_GiftReaction_Rice_Pudding}}",
                "GiftReaction_Dinosaur_Egg": "{{i18n:Eloise_GiftReaction_Dinosaur_Egg}}",
                "GiftReaction_Dinosaur_Egg~1": "{{i18n:Eloise_GiftReaction_Dinosaur_Egg~1}}",
                "GiftReaction_Void_Egg": "{{i18n:Eloise_GiftReaction_Void_Egg}}",
                "GiftReaction_Blobfish": "{{i18n:Eloise_GiftReaction_Blobfish}}",
                "AcceptGift_An_autographed_photo": "{{i18n:Eloise_AcceptGift_An_autographed_photo}}",
                "AcceptGift_JojaBinoculars": "{{i18n:Eloise_AcceptGift_JojaBinoculars}}",
                "AcceptGift_AntiqueBinoculars": "{{i18n:Eloise_AcceptGift_AntiqueBinoculars}}",
                "AcceptGift_ProBinoculars": "{{i18n:Eloise_AcceptGift_ProBinoculars}}",
                "AcceptGift_(O)167": "{{i18n:Eloise_AcceptGift_(O)167}}",
                "AcceptGift_(O)StardropTea": "{{i18n:Eloise_AcceptGift_(O)StardropTea}}",
                "GiftReaction_Kiwi": "{{i18n:Eloise_GiftReaction_Kiwi}}",
                "reject_EastScarp_Vintage_Ruby_Ring": "{{i18n:Eloise_reject_EastScarp_Vintage_Ruby_Ring}}",
                //Conversation Topics
                "AbyssRoosterGrow": "{{i18n:Eloise_AbyssRoosterGrow}}",
                "PepperPupHome": "{{i18n:Eloise_PepperPupHome}}",
                "Aideen_Garden": "{{i18n:Eloise_Aideen_Garden}}",
                "EloiseSora_Positive": "{{i18n:Eloise_EloiseSora_Positive}}",
                "EloiseSora_Real": "{{i18n:Eloise_EloiseSora_Real}}",
                "EloiseSora_Negative": "{{i18n:Eloise_EloiseSora_Negative}}",
            }
        },        {
            "LogName": "Eloise plays mute",
            "Action": "EditData",
            "Target": "Characters/Dialogue/Eloise",
            "Entries": {
                "{{season}}_Mon8": "{{i18n:Eloise.Mute.Mon8}}",
                "{{season}}_Tue8": "{{i18n:Eloise.Mute.Tue8}}",
                "{{season}}_Wed8": "{{i18n:Eloise.Mute.Wed8}}",
                "{{season}}_Thu8": "{{i18n:Eloise.Mute.Thu8}}",
                "{{season}}_Fri8": "{{i18n:Eloise.Mute.Fri8}}",
                "{{season}}_Sat8": "{{i18n:Eloise.Mute.Sat8}}",
                "{{season}}_Sun8": "{{i18n:Eloise.Mute.Sun8}}"
            },
            "When": {
                "HasSeenEvent |contains=57870014": true,
                "HasSeenEvent |contains=57870015, 69660015": false
            }
        },
        {
            "LogName": "Dialogue",
            "Action": "EditData",
            "Target": "Strings/schedules/Eloise",
            "Entries": {
                "tuesday.000": "{{i18n:eloise.strings.tuesday.000}}",
                "tuesday.001": "{{i18n:eloise.strings.tuesday.001}}",
                "tuesday.002": "{{i18n:eloise.strings.tuesday.002}}",
                "tuesday.003": "{{i18n:eloise.strings.tuesday.003}}",
                "tuesday.004": "{{i18n:eloise.strings.tuesday.004}}",
                "tuesday.005": "{{i18n:eloise.strings.tuesday.005}}",
                "vethouse.000": "{{i18n:eloise.strings.vethouse.000}}",
                "vethouse.001": "{{i18n:eloise.strings.vethouse.001}}",
                "schoolday.000": "{{i18n:eloise.strings.schoolday.000}}",
                "schoolday.001": "{{i18n:eloise.strings.schoolday.001}}",
                "winter_17.000": "{{i18n:eloise.strings.winter_17.000}}",
                "winter_17.100": "{{i18n:eloise.strings.winter_17.100}}",
            }
        }
    ]
}