{
    "Changes": [
        {
            "LogName": "Dialogue",
            "Action": "EditData",
            "Target": "Characters/Dialogue/Eyvinder",
            "Entries": {
                "IntroEyvindr": "{{i18n:Eyvinder_IntroEyvindr}}",
                "Resort_Entering": "{{i18n:Eyvinder_Resort_Entering}}",
                "Resort_Leaving": "{{i18n:Eyvinder_Resort_Leaving}}",
                "Resort_Shore": "{{i18n:Eyvinder_Resort_Shore}}",
                "Resort_Umbrella": "{{i18n:Eyvinder_Resort_Umbrella}}",
                "Resort_Wander": "{{i18n:Eyvinder_Resort_Wander}}",
                "Resort_Bar": "{{i18n:Eyvinder_Resort_Bar}}",
                "Resort": "{{i18n:Eyvinder_Resort}}",
                "GreenRain": "{{i18n:Eyvinder_GreenRain}}",
                "GreenRain_2": "{{i18n:Eyvinder_GreenRain_2}}",
                "Mon": "{{i18n:Eyvinder_Mon}}",
                "LittleGruffTalk": "{{i18n:Eyvinder_LittleGruffTalk}}",
                "Tue": "{{i18n:Eyvinder_Tue}}",
                "Wed": "{{i18n:Eyvinder_Wed}}",
                "Thu": "{{i18n:Eyvinder_Thu}}",
                "Fri": "{{i18n:Eyvinder_Fri}}",
                "Sat": "{{i18n:Eyvinder_Sat}}",
                "Sun": "{{i18n:Eyvinder_Sun}}",
                "Wed2": "{{i18n:Eyvinder_Wed2}}",
                "danceRejection": "{{i18n:Eyvinder_danceRejection}}",
                "divorced": "{{i18n:Eyvinder_divorced}}",
                "dumped_Guys": "{{i18n:Eyvinder_dumped_Guys}}",
                "breakUp": "{{i18n:Eyvinder_breakUp}}",
                "Mon2": "{{i18n:Eyvinder_Mon2}}",
                "Tue2": "{{i18n:Eyvinder_Tue2}}",
                "Fri2": "{{i18n:Eyvinder_Fri2}}",
                "Sun2": "{{i18n:Eyvinder_Sun2}}",
                "Tue4": "{{i18n:Eyvinder_Tue4}}",
                "Mon8": "{{i18n:Eyvinder_Mon8}}",
                "Tue8": "{{i18n:Eyvinder_Tue8}}",
                "Wed8": "{{i18n:Eyvinder_Wed8}}",
                "Thu8": "{{i18n:Eyvinder_Thu8}}",
                "Fri8": "{{i18n:Eyvinder_Fri8}}",
                "Sat8": "{{i18n:Eyvinder_Sat8}}",
                "Sun8": "{{i18n:Eyvinder_Sun8}}",
                "//Thu10": "{{i18n:Eyvinder_//Thu10}}",
                "Fri6": "{{i18n:Eyvinder_Fri6}}",
                "summer_Mon": "{{i18n:Eyvinder_summer_Mon}}",
                "summer_Tue": "{{i18n:Eyvinder_summer_Tue}}",
                "summer_Wed": "{{i18n:Eyvinder_summer_Wed}}",
                "summer_Thu": "{{i18n:Eyvinder_summer_Thu}}",
                "summer_Thu4": "{{i18n:Eyvinder_summer_Thu4}}",
                "summer_Fri": "{{i18n:Eyvinder_summer_Fri}}",
                "summer_Sat": "{{i18n:Eyvinder_summer_Sat}}",
                "summer_Sun": "{{i18n:Eyvinder_summer_Sun}}",
                "summer_Sun4": "{{i18n:Eyvinder_summer_Sun4}}",
                "summer_Wed2": "{{i18n:Eyvinder_summer_Wed2}}",
                "summer_Tue4": "{{i18n:Eyvinder_summer_Tue4}}",
                "summer_Sat6": "{{i18n:Eyvinder_summer_Sat6}}",
                "summer_Mon8": "{{i18n:Eyvinder_summer_Mon8}}",
                "summer_Tue8": "{{i18n:Eyvinder_summer_Tue8}}",
                "summer_Wed8": "{{i18n:Eyvinder_summer_Wed8}}",
                "summer_Thu8": "{{i18n:Eyvinder_summer_Thu8}}",
                "summer_Fri8": "{{i18n:Eyvinder_summer_Fri8}}",
                "summer_Sat8": "{{i18n:Eyvinder_summer_Sat8}}",
                "summer_Sun8": "{{i18n:Eyvinder_summer_Sun8}}",
                "//summer_Thu10": "{{i18n:Eyvinder_//summer_Thu10}}",
                "//summer_Fri10": "{{i18n:Eyvinder_//summer_Fri10}}",
                "fall_Mon": "{{i18n:Eyvinder_fall_Mon}}",
                "fall_Tue": "{{i18n:Eyvinder_fall_Tue}}",
                "fall_Wed": "{{i18n:Eyvinder_fall_Wed}}",
                "fall_Thu6": "{{i18n:Eyvinder_fall_Thu6}}",
                "fall_Sat": "{{i18n:Eyvinder_fall_Sat}}",
                "fall_Sun": "{{i18n:Eyvinder_fall_Sun}}",
                "fall_Wed2": "{{i18n:Eyvinder_fall_Wed2}}",
                "fall_Tue4": "{{i18n:Eyvinder_fall_Tue4}}",
                "fall_Sat6": "{{i18n:Eyvinder_fall_Sat6}}",
                "fall_Mon8": "{{i18n:Eyvinder_fall_Mon8}}",
                "fall_Tue8": "{{i18n:Eyvinder_fall_Tue8}}",
                "fall_Wed8": "{{i18n:Eyvinder_fall_Wed8}}",
                "fall_Thu8": "{{i18n:Eyvinder_fall_Thu8}}",
                "fall_Fri8": "{{i18n:Eyvinder_fall_Fri8}}",
                "//fall_Sat8": "{{i18n:Eyvinder_//fall_Sat8}}",
                "fall_Sun8": "{{i18n:Eyvinder_fall_Sun8}}",
                "//fall_Thu10": "{{i18n:Eyvinder_//fall_Thu10}}",
                "fall_Fri6": "{{i18n:Eyvinder_fall_Fri6}}",
                "//fall_Fri10": "{{i18n:Eyvinder_//fall_Fri10}}",
                "winter_Mon": "{{i18n:Eyvinder_winter_Mon}}",
                "winter_Tue": "{{i18n:Eyvinder_winter_Tue}}",
                "winter_Wed": "{{i18n:Eyvinder_winter_Wed}}",
                "winter_Thu": "{{i18n:Eyvinder_winter_Thu}}",
                "winter_Fri2": "{{i18n:Eyvinder_winter_Fri2}}",
                "winter_Sat": "{{i18n:Eyvinder_winter_Sat}}",
                "winter_Sun2": "{{i18n:Eyvinder_winter_Sun2}}",
                "winter_Wed2": "{{i18n:Eyvinder_winter_Wed2}}",
                "winter_Tue4": "{{i18n:Eyvinder_winter_Tue4}}",
                "winter_Sat6": "{{i18n:Eyvinder_winter_Sat6}}",
                "winter_Thu10": "{{i18n:Eyvinder_winter_Thu10}}",
                "winter_Wed6": "{{i18n:Eyvinder_winter_Wed6}}",
                "winter_Mon8": "{{i18n:Eyvinder_winter_Mon8}}",
                "winter_Tue8": "{{i18n:Eyvinder_winter_Tue8}}",
                "winter_Wed8": "{{i18n:Eyvinder_winter_Wed8}}",
                "winter_Thu8": "{{i18n:Eyvinder_winter_Thu8}}",
                "winter_Fri8": "{{i18n:Eyvinder_winter_Fri8}}",
                "winter_Sat8": "{{i18n:Eyvinder_winter_Sat8}}",
                "winter_Sun8": "{{i18n:Eyvinder_winter_Sun8}}",
                "//winter_Fri10": "{{i18n:Eyvinder_//winter_Fri10}}",
                "spring_12_2": "{{i18n:Eyvinder_spring_12_2}}",
                "spring_23_2": "{{i18n:Eyvinder_spring_23_2}}",
                "winter_7_2": "{{i18n:Eyvinder_winter_7_2}}",
                "fall_15_2": "{{i18n:Eyvinder_fall_15_2}}",
                "fall_26_2": "{{i18n:Eyvinder_fall_26_2}}",
                "summer_10_2": "{{i18n:Eyvinder_summer_10_2}}",
                "summer_27_2": "{{i18n:Eyvinder_summer_27_2}}",
                "winter_24_2": "{{i18n:Eyvinder_winter_24_2}}",
                "election": "{{i18n:Eyvinder_election}}",
                "// Unique Gift Responses": "{{i18n:Eyvinder_// Unique Gift Responses}}",
                "Reject_EastScarp_Vintage_Ruby_Ring": "{{i18n:Eyvinder_Reject_EastScarp_Vintage_Ruby_Ring}}",
                "AcceptGift_category_vegetable": "{{i18n:Eyvinder_AcceptGift_category_vegetable}}",
                "AcceptGift_category_fruit": "{{i18n:Eyvinder_AcceptGift_category_fruit}}",
                "AcceptGift_category_flower": "{{i18n:Eyvinder_AcceptGift_category_flower}}",
                "AcceptGift_(O)459": "{{i18n:Eyvinder_AcceptGift_(O)459}}",
                "AcceptGift_(O)StardropTea": "{{i18n:Eyvinder_AcceptGift_(O)StardropTea}}",
            }
        },
        {
            "LogName": "Dialogue",
            "Action": "EditData",
            "Target": "Characters/Dialogue/Eyvinder",
            "Entries": {
                "IntroEyvindr": "{{i18n:IntroEyvindr}}",
                "fall_Thu2": "{{i18n:fall_Thu2}}",
            },
            "When": {
                "HasFlag": "Eyvindr_GoatFriend"
            }
        },
    ]
}