{
    "Changes": [
        {
            "LogName": "Dialogue",
            "Action": "EditData",
            "Target": "Characters/Dialogue/Jacob",
            "Entries": {
                "Introduction": "{{i18n:Jacob_Introduction}}",
                "Resort_Entering": "{{i18n:Jacob_Resort_Entering}}",
                "Resort_Leaving": "{{i18n:Jacob_Resort_Leaving}}",
                "Resort_Shore": "{{i18n:Jacob_Resort_Shore}}",
                "Resort_Umbrella": "{{i18n:Jacob_Resort_Umbrella}}",
                "Resort_Wander": "{{i18n:Jacob_Resort_Wander}}",
                "Resort_Bar": "{{i18n:Jacob_Resort_Bar}}",
                "Resort": "{{i18n:Jacob_Resort}}",
                "danceRejection": "{{i18n:Jacob_danceRejection}}",
                "GreenRain": "{{i18n:Jacob_GreenRain}}",
                "GreenRain_2": "{{i18n:Jacob_GreenRain_2}}",
                "Mon": "{{i18n:Jacob_Mon}}",
                "Mon2": "{{i18n:Jacob_Mon2}}",
                "Mon2_Y": "{{i18n:Jacob_Mon2_Y}}",
                "Mon2_S": "{{i18n:Jacob_Mon2_S}}",
                "Mon2_N": "{{i18n:Jacob_Mon2_N}}",
                "Mon1": "{{i18n:Jacob_Mon1}}",
                "Mon4": "{{i18n:Jacob_Mon4}}",
                "Mon6": "{{i18n:Jacob_Mon6}}",
                "Mon8": "{{i18n:Jacob_Mon8}}",
                "Mon10": "{{i18n:Jacob_Mon10}}",
                "Tue2": "{{i18n:Jacob_Tue2}}",
                "Fri2": "{{i18n:Jacob_Fri2}}",
                "spring_Sat6": "{{i18n:Jacob_spring_Sat6}}",
                "Thu10": "{{i18n:Jacob_Thu10}}",
                "Fri6": "{{i18n:Jacob_Fri6}}",
                "Tue": "{{i18n:Jacob_Tue}}",
                "Tue4": "{{i18n:Jacob_Tue4}}",
                "Wed": "{{i18n:Jacob_Wed}}",
                "Wed2": "{{i18n:Jacob_Wed2}}",
                "Wed4": "{{i18n:Jacob_Wed4}}",
                "Wed6": "{{i18n:Jacob_Wed6}}",
                "Wed8": "{{i18n:Jacob_Wed8}}",
                //summer_1": "{{i18n:Jacob_summer_1}}",
                "summer_Mon": "{{i18n:Jacob_summer_Mon}}",
                //summer_Tue": "{{i18n:Jacob_summer_Tue}}",
                "summer_Thu": "{{i18n:Jacob_summer_Thu}}",
                "summer_Thu4": "{{i18n:Jacob_summer_Thu4}}",
                "summer_Fri": "{{i18n:Jacob_summer_Fri}}",
                "summer_Sat": "{{i18n:Jacob_summer_Sat}}",
                //summer_Sun": "{{i18n:Jacob_summer_Sun}}",
                "summer_Tue4": "{{i18n:Jacob_summer_Tue4}}",
                "summer_Sat6": "{{i18n:Jacob_summer_Sat6}}",
                "summer_Mon8": "{{i18n:Jacob_summer_Mon8}}",
                "summer_Thu10": "{{i18n:Jacob_summer_Thu10}}",
                "summer_Fri10": "{{i18n:Jacob_summer_Fri10}}",
                //fall_1": "{{i18n:Jacob_fall_1}}",
                //fall_Tue": "{{i18n:Jacob_fall_Tue}}",
                "fall_Wed": "{{i18n:Jacob_fall_Wed}}",
                "fall_Thu": "{{i18n:Jacob_fall_Thu}}",
                //fall_Sat": "{{i18n:Jacob_fall_Sat}}",
                //fall_Sun": "{{i18n:Jacob_fall_Sun}}",
                "fall_Wed2": "{{i18n:Jacob_fall_Wed2}}",
                "fall_Sat6": "{{i18n:Jacob_fall_Sat6}}",
                //fall_Mon8": "{{i18n:Jacob_fall_Mon8}}",
                "fall_12_2": "{{i18n:Jacob_fall_12_2}}",
                "fall_Fri6": "{{i18n:Jacob_fall_Fri6}}",
                "fall_Fri10": "{{i18n:Jacob_fall_Fri10}}",
                //winter_Tue": "{{i18n:Jacob_winter_Tue}}",
                "winter_Wed": "{{i18n:Jacob_winter_Wed}}",
                //spring_12_2": "{{i18n:Jacob_spring_12_2}}",
                //spring_23_2": "{{i18n:Jacob_spring_23_2}}",
                //winter_7_2": "{{i18n:Jacob_winter_7_2}}",
                //fall_26": "{{i18n:Jacob_fall_26}}",
                "summer_11_2": "{{i18n:Jacob_summer_11_2}}",
                //summer_27_2": "{{i18n:Jacob_summer_27_2}}",
                "winter_Thu": "{{i18n:Jacob_winter_Thu}}",
                "winter_Fri": "{{i18n:Jacob_winter_Fri}}",
                "winter_Sat": "{{i18n:Jacob_winter_Sat}}",
                "winter_Sun": "{{i18n:Jacob_winter_Sun}}",
                "winter_Wed2": "{{i18n:Jacob_winter_Wed2}}",
                "winter_Sat6": "{{i18n:Jacob_winter_Sat6}}",
                "winter_Thu10": "{{i18n:Jacob_winter_Thu10}}",
                "winter_Wed6": "{{i18n:Jacob_winter_Wed6}}",
                "summer_Wed": "{{i18n:Jacob_summer_Wed}}",
                "summer_Wed2": "{{i18n:Jacob_summer_Wed2}}",
                "summer_Wed10": "{{i18n:Jacob_summer_Wed10}}",
                "Thu": "{{i18n:Jacob_Thu}}",
                "Thu4": "{{i18n:Jacob_Thu4}}",
                "Thu8": "{{i18n:Jacob_Thu8}}",
                "Fri": "{{i18n:Jacob_Fri}}",
                "Fri4": "{{i18n:Jacob_Fri4}}",
                "Fri8": "{{i18n:Jacob_Fri8}}",
                "Sat": "{{i18n:Jacob_Sat}}",
                "Sat4": "{{i18n:Jacob_Sat4}}",
                "Sun": "{{i18n:Jacob_Sun}}",
                "Sun2": "{{i18n:Jacob_Sun2}}",
                "Sun4": "{{i18n:Jacob_Sun4}}",
                "Sun10": "{{i18n:Jacob_Sun10}}",
                "spring_1_2": "{{i18n:Jacob_spring_1_2}}",
                "winter_Mon": "{{i18n:Jacob_winter_Mon}}",
                "winter_Tue4": "{{i18n:Jacob_winter_Tue4}}",
                "winter_Fri10": "{{i18n:Jacob_winter_Fri10}}",
                "fall_Mon": "{{i18n:Jacob_fall_Mon}}",
                "fall_11_2": "{{i18n:Jacob_fall_11_2}}",
                "fall_Tue4": "{{i18n:Jacob_fall_Tue4}}",
                "fall_Thu2": "{{i18n:Jacob_fall_Thu2}}",
                "summer_Wed6": "{{i18n:Jacob_summer_Wed6}}",
                "winter_24": "{{i18n:Jacob_winter_24}}",
                "winter_24_2": "{{i18n:Jacob_winter_24_2}}",
                //courtship dialogue": "{{i18n:Jacob_courtship dialogue}}",
                "rejectNPCA": "{{i18n:Jacob_rejectNPCA}}",
                "rejectNPCB": "{{i18n:Jacob_rejectNPCB}}",
                "refusal_no_heartsA": "{{i18n:Jacob_refusal_no_heartsA}}",
                "refusal_no_heartsB": "{{i18n:Jacob_refusal_no_heartsB}}",
                "engageA": "{{i18n:Jacob_engageA}}",
                "engageB": "{{i18n:Jacob_engageB}}",
                "marriedA": "{{i18n:Jacob_marriedA}}",
                "marriedB": "{{i18n:Jacob_marriedB}}",
                //Conversation Topics": "{{i18n:Jacob_Conversation Topics}}",
                "Is_Sora_Dead": "{{i18n:Jacob_Is_Sora_Dead}}",
                "Jacob_DinnerDate": "{{i18n:Jacob_Jacob_DinnerDate}}",
                "Jacob_Date": "{{i18n:Jacob_Jacob_Date}}",
                "Jacob_Friendzone": "{{i18n:Jacob_Jacob_Friendzone}}",
                "Jacob_Ditched": "{{i18n:Jacob_Jacob_Ditched}}",
                "Jacob_KidsRight": "{{i18n:Jacob_Jacob_KidsRight}}",
                "reject_EastScarp_Vintage_Ruby_Ring": "{{i18n:Jacob_reject_EastScarp_Vintage_Ruby_Ring}}",
                "IntroEyvindr": "{{i18n:Jacob_IntroEyvindr}}",
                //Talk about something other than being a vet or Eloise? Uh..... {{random": "{{i18n:Jacob_Talk about something other than being a vet or Eloise? Uh..... {{random}}",
                "AbyssRoosterGrow": "{{i18n:Jacob_AbyssRoosterGrow}}",
                "PepperPupHome": "{{i18n:Jacob_PepperPupHome}}",
                "Aideen_Garden": "{{i18n:Jacob_Aideen_Garden}}",
                "ShearwaterBridgeRenovationStart": "{{i18n:Jacob_ShearwaterBridgeRenovationStart}}",
                //gift reactions": "{{i18n:Jacob_gift reactions}}",
                "AcceptGift_(O)167": "{{i18n:Jacob_AcceptGift_(O)167}}",
                "AcceptGift_(O)StardropTea": "{{i18n:Jacob_AcceptGift_(O)StardropTea}}",
            }
        },
        {
            "Action": "EditData",
            "Target": "Strings/schedules/Jacob",
            "Entries": {
                "tuesday.000": "{{i18n:jacob.strings.tue000}}",
                "tuesday.001": "{{i18n:jacob.strings.tue001}}",
                "friday.001": "{{i18n:jacob.strings.fri001}}",
                "friday.002": "{{i18n:jacob.strings.fri002}}",
                "saturday.001": "{{i18n:jacob.strings.sat001}}",
                "winter_17.000": "{{i18n:jacob.strings.winter17}}"
            }
        }
    ]
}