{
    "Changes": [
        {
            "LogName": "Dialogue",
            "Action": "EditData",
            "Target": "Characters/Dialogue/JosephineK",
            "Entries": {
                "Resort_Entering": "{{i18n:Josephine_Resort_Entering}}",
                "Resort_Leaving": "{{i18n:Josephine_Resort_Leaving}}",
                "Resort_Shore": "{{i18n:Josephine_Resort_Shore}}",
                "Resort_Umbrella": "{{i18n:Josephine_Resort_Umbrella}}",
                "Resort_Wander": "{{i18n:Josephine_Resort_Wander}}",
                "Resort_Bar": "{{i18n:Josephine_Resort_Bar}}",
                "Resort": "{{i18n:Josephine_Resort}}",
                "Josephine_Arrives": "{{i18n:Josephine_Josephine_Arrives}}",
                "GreenRain_2": "{{i18n:Josephine_GreenRain_2}}",
                "Mon": "{{i18n:Josephine_Mon}}",
                "Mon2": "{{i18n:Josephine_Mon2}}",
                "Mon6": "{{i18n:Josephine_Mon6}}",
                "Tue": "{{i18n:Josephine_Tue}}",
                "Tue4": "{{i18n:Josephine_Tue4}}",
                "Tue8": "{{i18n:Josephine_Tue8}}",
                "Wed": "{{i18n:Josephine_Wed}}",
                "Wed4": "{{i18n:Josephine_Wed4}}",
                "Wed8": "{{i18n:Josephine_Wed8}}",
                "Thu": "{{i18n:Josephine_Thu}}",
                "Thu4": "{{i18n:Josephine_Thu4}}",
                "Thu8": "{{i18n:Josephine_Thu8}}",
                "Fri": "{{i18n:Josephine_Fri}}",
                "Fri6": "{{i18n:Josephine_Fri6}}",
                "Fri8": "{{i18n:Josephine_Fri8}}",
                "Sat": "{{i18n:Josephine_Sat}}",
                "Sat6": "{{i18n:Josephine_Sat6}}",
                "Sat8": "{{i18n:Josephine_Sat8}}",
                "Sun": "{{i18n:Josephine_Sun}}",
                "Sun2": "{{i18n:Josephine_Sun2}}",
                "Sun4": "{{i18n:Josephine_Sun4}}",
                "Sun6": "{{i18n:Josephine_Sun6}}",
                "fall_Mon8": "{{i18n:Josephine_fall_Mon8}}",
                "winter_Mon": "{{i18n:Josephine_winter_Mon}}",
                "winter_Wed": "{{i18n:Josephine_winter_Wed}}",
                "winter_Fri": "{{i18n:Josephine_winter_Fri}}",
                "winter_Mon8": "{{i18n:Josephine_winter_Mon8}}",
                "spring_23_2": "{{i18n:Josephine_spring_23_2}}",
                "winter_16_2": "{{i18n:Josephine_winter_16_2}}",
                "SeedShop_Mon": "{{i18n:Josephine_SeedShop_Mon}}",
                "SeedShop_Wed": "{{i18n:Josephine_SeedShop_Wed}}",
                "SeedShop_Fri": "{{i18n:Josephine_SeedShop_Fri}}",
                "election": "{{i18n:Josephine_election}}",
                "reject_EastScarp_Vintage_Ruby_Ring": "{{i18n:Josephine_reject_EastScarp_Vintage_Ruby_Ring}}",
                "ShearwaterBridgeRenovationStart": "{{i18n:Josephine_ShearwaterBridgeRenovationStart}}",
                "AcceptGift_(O)167": "{{i18n:Josephine_AcceptGift_(O)167}}",
                "AcceptGift_(O)344": "{{i18n:Josephine_AcceptGift_(O)J44}}",
                "AcceptGift_(O)342": "{{i18n:Josephine_AcceptGift_(O)342}}",
                "AcceptGift_(O)StardropTea": "{{i18n:Josephine_AcceptGift_(O)StardropTea}}",
            }
        }
    ]
}