{
    "Changes": [
        {
            "LogName": "Dialogue",
            "Action": "EditData",
            "Target": "Characters/Dialogue/KatarynaLK",
            "Entries": {
                "fall_15_2": "{{i18n:Kataryna_fall_15_2}}",
                "Mon": "{{i18n:Kataryna_Mon}}",
                "Mon4": "{{i18n:Kataryna_Mon4}}",
                "Mon6": "{{i18n:Kataryna_Mon6}}",
                "summer_Mon": "{{i18n:Kataryna_summer_Mon}}",
                "winter_Mon": "{{i18n:Kataryna_winter_Mon}}",
                "fall_Mon": "{{i18n:Kataryna_fall_Mon}}",
                "summer_Mon8": "{{i18n:Kataryna_summer_Mon8}}",
                "GreenRain": "{{i18n:Kataryna_GreenRain}}",
                "GreenRain_2": "{{i18n:Kataryna_GreenRain_2}}",
                "Tue": "{{i18n:Kataryna_Tue}}",
                "Tue4": "{{i18n:Kataryna_Tue4}}",
                "Tue6": "{{i18n:Kataryna_Tue6}}",
                "summer_Tue": "{{i18n:Kataryna_summer_Tue}}",
                "winter_Tue": "{{i18n:Kataryna_winter_Tue}}",
                "fall_Tue": "{{i18n:Kataryna_fall_Tue}}",
                "Wed": "{{i18n:Kataryna_Wed}}",
                "Wed4": "{{i18n:Kataryna_Wed4}}",
                "Wed6": "{{i18n:Kataryna_Wed6}}",
                "summer_Wed": "{{i18n:Kataryna_summer_Wed}}",
                "fall_Wed": "{{i18n:Kataryna_fall_Wed}}",
                "winter_Wed": "{{i18n:Kataryna_winter_Wed}}",
                "fall_Wed4": "{{i18n:Kataryna_fall_Wed4}}",
                "Thu": "{{i18n:Kataryna_Thu}}",
                "Thu4": "{{i18n:Kataryna_Thu4}}",
                "Thu6": "{{i18n:Kataryna_Thu6}}",
                "summer_Thu": "{{i18n:Kataryna_summer_Thu}}",
                "winter_Thu": "{{i18n:Kataryna_winter_Thu}}",
                "fall_Thu": "{{i18n:Kataryna_fall_Thu}}",
                "Fri": "{{i18n:Kataryna_Fri}}",
                "Fri4": "{{i18n:Kataryna_Fri4}}",
                "Fri6": "{{i18n:Kataryna_Fri6}}",
                "summer_Fri": "{{i18n:Kataryna_summer_Fri}}",
                "fall_Fri": "{{i18n:Kataryna_fall_Fri}}",
                "winter_Fri": "{{i18n:Kataryna_winter_Fri}}",
                "winter_Fri8": "{{i18n:Kataryna_winter_Fri8}}",
                "summer_Fri_inlaw_Jasper": "{{i18n:Kataryna_summer_Fri_inlaw_Jasper}}",
                "Sat": "{{i18n:Kataryna_Sat}}",
                "Sat4": "{{i18n:Kataryna_Sat4}}",
                "summer_Sat": "{{i18n:Kataryna_summer_Sat}}",
                "winter_Sat": "{{i18n:Kataryna_winter_Sat}}",
                "fall_Sat": "{{i18n:Kataryna_fall_Sat}}",
                "fall_Sat_inlaw_Jasper": "{{i18n:Kataryna_fall_Sat_inlaw_Jasper}}",
                "Sun": "{{i18n:Kataryna_Sun}}",
                "Sun4": "{{i18n:Kataryna_Sun4}}",
                "summer_Sun": "{{i18n:Kataryna_summer_Sun}}",
                "winter_Sun": "{{i18n:Kataryna_winter_Sun}}",
                "fall_Sun": "{{i18n:Kataryna_fall_Sun}}",
                "summer_Sun6": "{{i18n:Kataryna_summer_Sun6}}",
                "AcceptGift_(O)WWWA.GenuineAutograph": "{{i18n:Kataryna_AcceptGift_(O)WWWA.GenuineAutograph}}",
                "AcceptGift_(O)167": "{{i18n:Kataryna_AcceptGift_(O)167}}",
                "AcceptGift_(O)StardropTea": "{{i18n:Kataryna_AcceptGift_(O)StardropTea}}",
                "reject_EastScarp_Vintage_Ruby_Ring": "{{i18n:Kataryna_reject_EastScarp_Vintage_Ruby_Ring}}",
            }
        },
        {
            "LogName": "Dialogue",
            "Action": "EditData",
            "Target": "Characters/Dialogue/MarriageDialogueKatarynaLK",
            "Entries": {
                "Rainy_Day_0": "{{i18n:Kataryna_Marriage_Rainy_Day_0}}",
                "Rainy_Day_1": "{{i18n:Kataryna_Marriage_Rainy_Day_1}}",
                "Rainy_Day_2": "{{i18n:Kataryna_Marriage_Rainy_Day_2}}",
                "Rainy_Day_3": "{{i18n:Kataryna_Marriage_Rainy_Day_3}}",
                "Rainy_Day_4": "{{i18n:Kataryna_Marriage_Rainy_Day_4}}",
                "Rainy_Day_5": "{{i18n:Kataryna_Marriage_Rainy_Day_5}}",
                "Rainy_Day_6": "{{i18n:Kataryna_Marriage_Rainy_Day_6}}",
                "Rainy_Day_KatarynaLK": "{{i18n:Kataryna_Marriage_Rainy_Day_KatarynaLK}}",
                "Rainy_Night_0": "{{i18n:Kataryna_Marriage_Rainy_Night_0}}",
                "Rainy_Night_1": "{{i18n:Kataryna_Marriage_Rainy_Night_1}}",
                "Rainy_Night_2": "{{i18n:Kataryna_Marriage_Rainy_Night_2}}",
                "Rainy_Night_3": "{{i18n:Kataryna_Marriage_Rainy_Night_3}}",
                "Rainy_Night_4": "{{i18n:Kataryna_Marriage_Rainy_Night_4}}",
                "Rainy_Night_5": "{{i18n:Kataryna_Marriage_Rainy_Night_5}}",
                "Rainy_Night_6": "{{i18n:Kataryna_Marriage_Rainy_Night_6}}",
                "Rainy_Night_KatarynaLK": "{{i18n:Kataryna_Marriage_Rainy_Night_KatarynaLK}}",
                "patio_KatarynaLK": "{{i18n:Kataryna_Marriage_patio_KatarynaLK}}",
                "Indoor_Day_0": "{{i18n:Kataryna_Marriage_Indoor_Day_0}}",
                "Indoor_Day_1": "{{i18n:Kataryna_Marriage_Indoor_Day_1}}",
                "Indoor_Day_2": "{{i18n:Kataryna_Marriage_Indoor_Day_2}}",
                "Indoor_Day_3": "{{i18n:Kataryna_Marriage_Indoor_Day_3}}",
                "Indoor_Day_4": "{{i18n:Kataryna_Marriage_Indoor_Day_4}}",
                "Indoor_Day_5": "{{i18n:Kataryna_Marriage_Indoor_Day_5}}",
                "Indoor_Day_6": "{{i18n:Kataryna_Marriage_Indoor_Day_6}}",
                "Indoor_Night_0": "{{i18n:Kataryna_Marriage_Indoor_Night_0}}",
                "Indoor_Night_1": "{{i18n:Kataryna_Marriage_Indoor_Night_1}}",
                "Indoor_Night_2": "{{i18n:Kataryna_Marriage_Indoor_Night_2}}",
                "Indoor_Night_3": "{{i18n:Kataryna_Marriage_Indoor_Night_3}}",
                "Indoor_Night_4": "{{i18n:Kataryna_Marriage_Indoor_Night_4}}",
                "Indoor_Night_5": "{{i18n:Kataryna_Marriage_Indoor_Night_5}}",
                "Indoor_Night_6": "{{i18n:Kataryna_Marriage_Indoor_Night_6}}",
                "Indoor_Night_KatarynaLK": "{{i18n:Kataryna_Marriage_Indoor_Night_KatarynaLK}}",
                "Outdoor_0": "{{i18n:Kataryna_Marriage_Outdoor_0}}",
                "Outdoor_1": "{{i18n:Kataryna_Marriage_Outdoor_1}}",
                "Outdoor_3": "{{i18n:Kataryna_Marriage_Outdoor_3}}",
                "Outdoor_4": "{{i18n:Kataryna_Marriage_Outdoor_4}}",
                "funLeave_KatarynaLK": "{{i18n:Kataryna_Marriage_funLeave_KatarynaLK}}",
                "funReturn_KatarynaLK": "{{i18n:Kataryna_Marriage_funReturn_KatarynaLK}}",
                "OneKid_0": "{{i18n:Kataryna_Marriage_OneKid_0}}",
                "OneKid_1": "{{i18n:Kataryna_Marriage_OneKid_1}}",
                "OneKid_2": "{{i18n:Kataryna_Marriage_OneKid_2}}",
                "OneKid_3": "{{i18n:Kataryna_Marriage_OneKid_3}}",
                "OneKid_4": "{{i18n:Kataryna_Marriage_OneKid_4}}",
                "OneKid_5": "{{i18n:Kataryna_Marriage_OneKid_5}}",
                "TwoKids_0": "{{i18n:Kataryna_Marriage_TwoKids_0}}",
                "TwoKids_1": "{{i18n:Kataryna_Marriage_TwoKids_1}}",
                "TwoKids_2": "{{i18n:Kataryna_Marriage_TwoKids_2}}",
                "TwoKids_3": "{{i18n:Kataryna_Marriage_TwoKids_3}}",
                "TwoKids_4": "{{i18n:Kataryna_Marriage_TwoKids_4}}",
                "TwoKids_5": "{{i18n:Kataryna_Marriage_TwoKids_5}}",
                "Good_0": "{{i18n:Kataryna_Marriage_Good_0}}",
                "Good_1": "{{i18n:Kataryna_Marriage_Good_1}}",
                "Good_2": "{{i18n:Kataryna_Marriage_Good_2}}",
                "Good_3": "{{i18n:Kataryna_Marriage_Good_3}}",
                "Good_4": "{{i18n:Kataryna_Marriage_Good_4}}",
                "Neutral_0": "{{i18n:Kataryna_Marriage_Neutral_0}}",
                "Neutral_1": "{{i18n:Kataryna_Marriage_Neutral_1}}",
                "Neutral_2": "{{i18n:Kataryna_Marriage_Neutral_2}}",
                "Neutral_3": "{{i18n:Kataryna_Marriage_Neutral_3}}",
                "Neutral_4": "{{i18n:Kataryna_Marriage_Neutral_4}}",
                "Neutral_5": "{{i18n:Kataryna_Marriage_Neutral_5}}",
                "Neutral_6": "{{i18n:Kataryna_Marriage_Neutral_6}}",
                "Neutral_7": "{{i18n:Kataryna_Marriage_Neutral_7}}",
                "Neutral_8": "{{i18n:Kataryna_Marriage_Neutral_8}}",
                "Neutral_9": "{{i18n:Kataryna_Marriage_Neutral_9}}",
                "Bad_0": "{{i18n:Kataryna_Marriage_Bad_0}}",
                "Bad_1": "{{i18n:Kataryna_Marriage_Bad_1}}",
                "Bad_2": "{{i18n:Kataryna_Marriage_Bad_2}}",
                "Bad_3": "{{i18n:Kataryna_Marriage_Bad_3}}",
                "Bad_4": "{{i18n:Kataryna_Marriage_Bad_4}}",
                "Bad_5": "{{i18n:Kataryna_Marriage_Bad_5}}",
                "Bad_6": "{{i18n:Kataryna_Marriage_Bad_6}}",
                "Bad_7": "{{i18n:Kataryna_Marriage_Bad_7}}",
                "Bad_8": "{{i18n:Kataryna_Marriage_Bad_8}}",
                "Bad_9": "{{i18n:Kataryna_Marriage_Bad_9}}",
                "spring_1": "{{i18n:Kataryna_Marriage_spring_1}}",
                "spring_12": "{{i18n:Kataryna_Marriage_spring_12}}",
                "spring_23": "{{i18n:Kataryna_Marriage_spring_23}}",
                "summer_1": "{{i18n:Kataryna_Marriage_summer_1}}",
                "summer_11": "{{i18n:Kataryna_Marriage_summer_11}}",
                "fall_1": "{{i18n:Kataryna_Marriage_fall_1}}",
                "fall_8": "{{i18n:Kataryna_Marriage_fall_8}}",
                "fall_26": "{{i18n:Kataryna_Marriage_fall_26}}",
                "winter_1": "{{i18n:Kataryna_Marriage_winter_1}}",
                "winter_24": "{{i18n:Kataryna_Marriage_winter_24}}",
                "winter_25": "{{i18n:Kataryna_Marriage_winter_25}}",
                "winter_28": "{{i18n:Kataryna_Marriage_winter_28}}",
                "spouseRoom_KatarynaLK": "{{i18n:Kataryna_Marriage_spouseRoom_KatarynaLK}}",
            }
        },
        {
            "LogName": "Dialogue",
            "Action": "EditData",
            "Target": "Strings/schedules/KatarynaLK",
            "Entries": {
                "Museum_GuntherA": "{{i18n:kataryna.strings.Museum_GuntherA}}",
                "Museum_GuntherB": "{{i18n:kataryna.strings.Museum_GuntherB}}",
                "Museum_GuntherC": "{{i18n:kataryna.strings.Museum_GuntherC}}",
                "Museum_GuntherD": "{{i18n:kataryna.strings.Museum_GuntherD}}",
                "Museum_GuntherE": "{{i18n:kataryna.strings.Museum_GuntherE}}",
                "Forest_Jasper": "{{i18n:kataryna.strings.Forest_Jasper}}",
                "Saloon_Gus": "{{i18n:kataryna.strings.Saloon_Gus}}",
                "Beach": "{{i18n:kataryna.strings.Beach}}",
                "MinesEntrance": "{{i18n:kataryna.strings.MinesEntrance}}",
                "AdvGuild": "{{i18n:kataryna.strings.AdvGuild}}",
                "Winter_Market": "{{i18n:kataryna.strings.Winter_Market}}",
            }
        }
    ]
}