{
    "Changes": [
        {
            "LogName": "Dialogue",
            "Action": "EditData",
            "Target": "Characters/Dialogue/KennedyLK",
            "Entries": {
                "Introduction": "",
                "Resort_Entering": "",
                "Resort_Leaving": "",
                "Resort_Shore": "",
                "Resort_Umbrella": "",
                "Resort_Wander": "",
                "Resort_Bar": "",
                "Resort": "",
                "Mon": "",
                "Tue": "",
                "Wed": "",
                "Thu": "",
                "Fri": "",
                "Sat": "",
                "Sun": "",
                "Mon2": "",
                "Tue2": "",
                "Fri2": "",
                "Sun2": "",
                "Wed2": "",
                "Tue4": "",
                "Mon8": "",
                "Thu10": "",
                "Fri6": "",
                "summer_1": "",
                "summer_Mon": "",
                "summer_Tue": "",
                "summer_Wed": "",
                "summer_Thu": "",
                "summer_Thu4": "",
                "summer_Fri": "",
                "summer_Sat": "",
                "summer_Sun": "",
                "summer_Wed2": "",
                "summer_Tue4": "",
                "summer_Sat6": "",
                "summer_Mon8": "",
                "summer_Thu10": "",
                "summer_Fri10": "",
                "fall_1": "",
                "fall_Mon": "",
                "fall_Tue": "",
                "fall_Wed": "",
                "fall_Thu": "",
                "fall_Sat": "",
                "fall_Sun": "",
                "fall_Wed2": "",
                "fall_Tue4": "",
                "fall_Sat6": "",
                "fall_Mon8": "",
                "fall_Thu10": "",
                "fall_Fri6": "",
                "fall_Fri10": "",
                "winter_1": "",
                "winter_Mon": "",
                "winter_Tue": "?",
                "winter_Wed": "",
                "spring_12": "",
                "spring_23": "",
                "winter_7": "",
                "fall_26": "",
                "summer_10": "",
                "summer_27": "",
                "winter_24": "",
                "winter_Thu": "",
                "winter_Fri": "",
                "winter_Sat": "",
                "winter_Sun": "",
                "winter_Wed2": "",
                "winter_Tue4": "",
                "winter_Sat6": "",
                "winter_Thu10": "",
                "winter_Wed6": "",
                "winter_Fri10": "",
            }
        }
    ]
}