{
    "Changes": [
        {
            "LogName": "Dialogue",
            "Action": "EditData",
            "Target": "Characters/Dialogue/Leximonster",
            "Entries": {
                "Mon": "{{i18n:Lexi_Mon}}",
                "Mon4": "{{i18n:Lexi_Mon4}}",
                "Mon8": "{{i18n:Lexi_Mon8}}",
                "winter_Mon4": "{{i18n:Lexi_winter_Mon4}}",
                "summer_Mon": "{{i18n:Lexi_summer_Mon}}",
                "Tue": "{{i18n:Lexi_Tue}}",
                "Tue4": "{{i18n:Lexi_Tue4}}",
                "Tue6": "{{i18n:Lexi_Tue6}}",
                "summer_Tue10": "{{i18n:Lexi_summer_Tue10}}",
                "summer_Tue6": "{{i18n:Lexi_summer_Tue6}}",
                "Tue10": "{{i18n:Lexi_Tue10}}",
                "Wed": "{{i18n:Lexi_Wed}}",
                "summer_Wed4": "{{i18n:Lexi_summer_Wed4}}",
                "Wed6": "{{i18n:Lexi_Wed6}}",
                "Wed10": "{{i18n:Lexi_Wed10}}",
                "fall_Wed2": "{{i18n:Lexi_fall_Wed2}}",
                "Thu": "{{i18n:Lexi_Thu}}",
                "Thu8": "{{i18n:Lexi_Thu8}}",
                "winter_Thu": "{{i18n:Lexi_winter_Thu}}",
                "Fri": "{{i18n:Lexi_Fri}}",
                "Fri4": "{{i18n:Lexi_Fri4}}",
                "Fri8": "{{i18n:Lexi_Fri8}}",
                "summer_Fri4": "{{i18n:Lexi_summer_Fri4}}",
                "winter_Fri6": "{{i18n:Lexi_winter_Fri6}}",
                "Sat": "{{i18n:Lexi_Sat}}",
                "Sat4": "{{i18n:Lexi_Sat4}}",
                "Sat8": "{{i18n:Lexi_Sat8}}",
                "winter_Sat": "{{i18n:Lexi_winter_Sat}}",
                "Sun": "{{i18n:Lexi_Sun}}",
                "Sun8": "{{i18n:Lexi_Sun8}}",
                "winter_Sun": "{{i18n:Lexi_winter_Sun}}",
                "GiftReaction_-74": "{{i18n:Lexi_GiftReaction_-74}}",
                "GiftReaction_Beer": "{{i18n:Lexi_GiftReaction_Beer}}",
                "GiftReaction_Mead": "{{i18n:Lexi_GiftReaction_Mead}}",
                "AcceptGift_Plush_Sea_Monster": "{{i18n:Lexi_AcceptGift_Plush_Sea_Monster}}",
                "AcceptGift_(O)167": "{{i18n:Lexi_AcceptGift_(O)167}}",
                "AcceptGift_(O)StardropTea": "{{i18n:Lexi_AcceptGift_(O)StardropTea}}",
                "reject_EastScarp_Vintage_Ruby_Ring": "{{i18n:Lexi_reject_EastScarp_Vintage_Ruby_Ring}}",
                "ShearwaterBridgeRenovationStart": "{{i18n:Lexi_ShearwaterBridgeRenovationStart}}",
            }
        }
    ]
}