{
    "Changes": [
        {
            "LogName": "Dialogue",
            "Action": "EditData",
            "Target": "Characters/Dialogue/LumaJunimo",
            "Entries": { //Most dialogue written by RainydayJules (and some by Kat)
                "LumaIntro": "{{i18n:Luma_LumaIntro}}",
                "Mon": "{{i18n:Luma_Mon}}",
                "Mon2": "{{i18n:Luma_Mon2}}",
                "fall_Mon": "{{i18n:Luma_fall_Mon}}",
                "summer_Mon": "{{i18n:Luma_summer_Mon}}",
                "winter_Mon": "{{i18n:Luma_winter_Mon}}",
                "Mon6": "{{i18n:Luma_Mon6}}",
                "Mon8": "{{i18n:Luma_Mon8}}",
                "Mon10": "{{i18n:Luma_Mon10}}",
                "summer_Mon10": "{{i18n:Luma_summer_Mon10}}",
                "Tue": "{{i18n:Luma_Tue}}",
                "Tue4": "{{i18n:Luma_Tue4}}",
                "Tue6": "{{i18n:Luma_Tue6}}",
                "Tue8": "{{i18n:Luma_Tue8}}",
                "summer_Tue4": "{{i18n:Luma_summer_Tue4}}",
                "summer_Tue2": "{{i18n:Luma_summer_Tue2}}",
                "winter_Tue6": "{{i18n:Luma_winter_Tue6}}",
                "winter_Tue8": "{{i18n:Luma_winter_Tue8}}",
                "winter_Tue10": "{{i18n:Luma_winter_Tue10}}",
                "Wed": "{{i18n:Luma_Wed}}",
                "summer_Wed2": "{{i18n:Luma_summer_Wed2}}",
                "Wed4": "{{i18n:Luma_Wed4}}",
                "Wed6": "{{i18n:Luma_Wed6}}",
                "summer_Wed4": "{{i18n:Luma_summer_Wed4}}",
                "Wed10": "{{i18n:Luma_Wed10}}",
                "Thu": "{{i18n:Luma_Thu}}",
                "Thu2": "{{i18n:Luma_Thu2}}",
                "Thu4": "{{i18n:Luma_Thu4}}",
                "fall_Thu4": "{{i18n:Luma_fall_Thu4}}",
                "Thu6": "{{i18n:Luma_Thu6}}",
                "Thu10": "{{i18n:Luma_Thu10}}",
                "Fri": "{{i18n:Luma_Fri}}",
                "Fri2": "{{i18n:Luma_Fri2}}",
                "summer_Fri2": "{{i18n:Luma_summer_Fri2}}",
                "Fri4": "{{i18n:Luma_Fri4}}",
                "fall_Fri4": "{{i18n:Luma_fall_Fri4}}",
                "Fri8": "{{i18n:Luma_Fri8}}",
                "summer_Fri6": "{{i18n:Luma_summer_Fri6}}",
                "spring_Sat": "{{i18n:Luma_spring_Sat}}",
                "Sat": "{{i18n:Luma_Sat}}",
                "Sat4": "{{i18n:Luma_Sat4}}",
                "winter_Sat6": "{{i18n:Luma_winter_Sat6}}",
                "Sat6": "{{i18n:Luma_Sat6}}",
                "Sat8": "{{i18n:Luma_Sat8}}",
                "Sat10": "{{i18n:Luma_Sat10}}",
                "Sun": "{{i18n:Luma_Sun}}",
                "sun4": "{{i18n:Luma_sun4}}",
                "Sun6": "{{i18n:Luma_Sun6}}",
                "fall_Sun6": "{{i18n:Luma_fall_Sun6}}",
                "fall_Sun8": "{{i18n:Luma_fall_Sun8}}",
                "fall_Sun10": "{{i18n:Luma_fall_Sun10}}",
                "Sun8": "{{i18n:Luma_Sun8}}",
                "summer_Sun4": "{{i18n:Luma_summer_Sun4}}",
                "fall_Sun4": "{{i18n:Luma_fall_Sun4}}",
                "joja_begin": "{{i18n:Luma_joja_begin}}",
                "AcceptGift_(O)Raisins": "{{i18n:Luma_AcceptGift_(O)Raisins}}",
            }
        }
    ]
}