{
    "Changes": [
        {
            "LogName": "Dialogue",
            "Action": "EditData",
            "Target": "Characters/Dialogue/OliverK",
            "Entries": {
                "Josephine_Arrives": "{{i18n:Oliver_Josephine_Arrives}}",
                "Resort_Entering": "{{i18n:Oliver_Resort_Entering}}",
                "Resort_Leaving": "{{i18n:Oliver_Resort_Leaving}}",
                "Resort_Shore": "{{i18n:Oliver_Resort_Shore}}",
                "Resort_Wander": "{{i18n:Oliver_Resort_Wander}}",
                "Resort": "{{i18n:Oliver_Resort}}",
                "GreenRain_2": "{{i18n:Oliver_GreenRain_2}}",
                "Mon": "{{i18n:Oliver_Mon}}",
                "Tue": "{{i18n:Oliver_Tue}}",
                "Wed": "{{i18n:Oliver_Wed}}",
                "Thu": "{{i18n:Oliver_Thu}}",
                "Fri": "{{i18n:Oliver_Fri}}",
                "Sat": "{{i18n:Oliver_Sat}}",
                "Sun": "{{i18n:Oliver_Sun}}",
                "Oliver_VidGames_Love": "{{i18n:Oliver_Oliver_VidGames_Love}}",
                "Oliver_VidGames_Like": "{{i18n:Oliver_Oliver_VidGames_Like}}",
                "Oliver_VidGames_Neutral": "{{i18n:Oliver_Oliver_VidGames_Neutral}}",
                "Oliver_VidGames_Dislike": "{{i18n:Oliver_Oliver_VidGames_Dislike}}",
                "Oliver_VidGames": "{{i18n:Oliver_Oliver_VidGames}}",
                "Tue2": "{{i18n:Oliver_Tue2}}",
                "Thu2": "{{i18n:Oliver_Thu2}}",
                "Sat2": "{{i18n:Oliver_Sat2}}",
                "summer_Sun2": "{{i18n:Oliver_summer_Sun2}}",
                "Mon4": "{{i18n:Oliver_Mon4}}",
                "Fri4": "{{i18n:Oliver_Fri4}}",
                "winter_Sat4": "{{i18n:Oliver_winter_Sat4}}",
                "fall_Sun4": "{{i18n:Oliver_fall_Sun4}}",
                "Tue6": "{{i18n:Oliver_Tue6}}",
                "Wed6": "{{i18n:Oliver_Wed6}}",
                "Fri6": "{{i18n:Oliver_Fri6}}",
                "Mon8": "{{i18n:Oliver_Mon8}}",
                "Wed8": "{{i18n:Oliver_Wed8}}",
                "fall_Sat10": "{{i18n:Oliver_fall_Sat10}}",
                "summer_Sat8": "{{i18n:Oliver_summer_Sat8}}",
                "summer_Sat10": "{{i18n:Oliver_summer_Sat10}}",
                "winter_Mon8": "{{i18n:Oliver_winter_Mon8}}",
                "winter_Fri8": "{{i18n:Oliver_winter_Fri8}}",
                "summer_Tue8": "{{i18n:Oliver_summer_Tue8}}",
                "summer_Fri8": "{{i18n:Oliver_summer_Fri8}}",
                "summer_Fri10": "{{i18n:Oliver_summer_Fri10}}",
                "summer_Mon8": "{{i18n:Oliver_summer_Mon8}}",
                "summer_Thu8": "{{i18n:Oliver_summer_Thu10}}",
                "winter_Sat10": "{{i18n:Oliver_winter_Sat10}}",
                "winter_Sun10": "{{i18n:Oliver_winter_Sun10}}",
                "fall_Mon8": "{{i18n:Oliver_fall_Mon8}}",
                "fall_Thu10": "{{i18n:Oliver_fall_Thu10}}",
                "fall_Fri6": "{{i18n:Oliver_fall_Fri6}}",
                "summer_10_2": "{{i18n:Oliver_summer_10_2}}",
                "spring_23_2": "{{i18n:Oliver_spring_23_2}}",
                "spring_12_2": "{{i18n:Oliver_spring_12_2}}",
                "winter_7_2": "{{i18n:Oliver_winter_7_2}}",
                "Oliver_Wrong": "{{i18n:Oliver_Oliver_Wrong}}",
                "Oliver_Right1": "{{i18n:Oliver_Oliver_Right1}}",
                "Oliver_Right2": "{{i18n:Oliver_Oliver_Right2}}",
                "Oliver_Right3": "{{i18n:Oliver_Oliver_Right3}}",
                "OliverLexi_A": "{{i18n:Oliver_OliverLexi_A}}",
                "OliverLexi_B": "{{i18n:Oliver_OliverLexi_B}}",
                "OliverLexi_C": "{{i18n:Oliver_OliverLexi_C}}",
                "TalkOllyLexi": "{{i18n:Oliver_TalkOllyLexi}}",
                "election": "{{i18n:Oliver_election}}",
                "reject_EastScarp_Vintage_Ruby_Ring": "{{i18n:Oliver_reject_EastScarp_Vintage_Ruby_Ring}}",
                "KatarynaStillHere": "{{i18n:Oliver_KatarynaStillHere}}",
                "AbyssRoosterGrow": "{{i18n:Oliver_AbyssRoosterGrow}}",
                "GiftReaction_An_autographed_photo": "{{i18n:Oliver_GiftReaction_An_autographed_photo}}",
                "GiftReaction_A_genuine_autograph": "{{i18n:Oliver_GiftReaction_A_genuine_autograph}}",
                "AcceptGift_fossil_item": "{{i18n:Oliver_AcceptGift_fossil_item}}",
                "AcceptGift_(O)557": "{{i18n:Oliver_AcceptGift_(O)557}}",
                "AcceptGift_(O)167": "{{i18n:Oliver_AcceptGift_(O)167}}",
                "AcceptGift_(O)StardropTea": "{{i18n:Oliver_AcceptGift_(O)StardropTea}}",
            }
        },
        {
            "Action": "EditData",
            "Target": "Characters/Dialogue/OliverK",
            "When": {
                "HasSeenEvent": "57873021"
            },
            "Entries": {
                "Wed6": "{{i18n:Oliver_vet_Wed6}}",
                "summer_Wed6": "{{i18n:Oliver_vet_summer_Wed6}}",
                "fall_Wed6": "{{i18n:Oliver_vet_fall_Wed6}}",
                "winter_Wed6": "{{i18n:Oliver_vet_winter_Wed6}}",
                "summer_Wed10": "{{i18n:Oliver_vet_summer_Wed10}}",
                "Wed10": "{{i18n:Oliver_vet_Wed10}}",
                "winter_Wed10": "{{i18n:Oliver_vet_winter_Wed10}}",
                "fall_Wed10": "{{i18n:Oliver_vet_fall_Wed10}}",
                "winter_Thu10": "{{i18n:Oliver_winter_Thu10}}",
                "fall_Mon10": "{{i18n:Oliver_fall_Mon10}}",
            }
        },
        {
            "Action": "EditData",
            "Target": "Characters/Dialogue/OliverK",
            "When": {
                "HasSeenEvent": "57873005"
            },
            "Entries": {
                "fall_Fri10": "{{i18n:Oliver_fall_Fri10}}", 
                "winter_Fri10": "{{i18n:Oliver_winter_Fri10}}", 
                "summer_Thu10": "{{i18n:Oliver_summer_Thu10}}" 
            }
        }
    ]
}