{
    "Changes": [
        {
            "LogName": "Schedule",
            "Action": "EditData",
            "Target": "Characters/Dialogue/Rosa",
            "Entries": {
                "Introduction": "{{i18n:Rosa_Introduction}}",
                "GreenRain": "{{i18n:Rosa_GreenRain}}",
                "GreenRain_2": "{{i18n:Rosa_GreenRain_2}}",
                "Mon": "{{i18n:Rosa_Mon}}",
                "Mon4": "{{i18n:Rosa_Mon4}}",
                "winter_Mon4": "{{i18n:Rosa_winter_Mon4}}",
                "summer_Mon": "{{i18n:Rosa_summer_Mon}}",
                "summer_Mon10": "{{i18n:Rosa_summer_Mon10}}",
                "fall_Mon": "{{i18n:Rosa_fall_Mon}}",
                "fall_Mon4": "{{i18n:Rosa_fall_Mon4}}",
                "fall_Mon10": "{{i18n:Rosa_fall_Mon10}}",
                "winter_Mon": "{{i18n:Rosa_winter_Mon}}",
                "winter_Mon6": "{{i18n:Rosa_winter_Mon6}}",
                "winter_Mon10": "{{i18n:Rosa_winter_Mon10}}",
                "Tue": "{{i18n:Rosa_Tue}}",
                "Tue2": "{{i18n:Rosa_Tue2}}",
                "fall_Tue2": "{{i18n:Rosa_fall_Tue2}}",
                "Tue8": "{{i18n:Rosa_Tue8}}",
                "summer_Tue4": "{{i18n:Rosa_summer_Tue4}}",
                "summer_Tue10": "{{i18n:Rosa_summer_Tue10}}",
                "summer_Tue": "{{i18n:Rosa_summer_Tue}}",
                "fall_Tue": "{{i18n:Rosa_fall_Tue}}",
                "fall_Tue6": "{{i18n:Rosa_fall_Tue6}}",
                "winter_Tue": "{{i18n:Rosa_winter_Tue}}",
                "winter_Tue6": "{{i18n:Rosa_winter_Tue6}}",
                "Wed": "{{i18n:Rosa_Wed}}",
                "Wed2": "{{i18n:Rosa_Wed2}}",
                "summer_Wed6": "{{i18n:Rosa_summer_Wed6}}",
                "Wed8": "{{i18n:Rosa_Wed8}}",
                "fall_Wed4": "{{i18n:Rosa_fall_Wed4}}",
                "summer_Wed": "{{i18n:Rosa_summer_Wed}}",
                "summer_Wed4": "{{i18n:Rosa_summer_Wed4}}",
                "fall_Wed": "{{i18n:Rosa_fall_Wed}}",
                "winter_Wed": "{{i18n:Rosa_winter_Wed}}",
                "winter_Wed6": "{{i18n:Rosa_winter_Wed6}}",
                "Thu": "{{i18n:Rosa_Thu}}",
                "JojaMart": "{{i18n:Rosa_JojaMart}}",
                "SeedShop": "{{i18n:Rosa_SeedShop}}",
                "Thu4": "{{i18n:Rosa_Thu4}}",
                "spring_Thu6": "{{i18n:Rosa_spring_Thu6}}",
                "fall_Thu4": "{{i18n:Rosa_fall_Thu4}}",
                "summer_Thu": "{{i18n:Rosa_summer_Thu}}",
                "fall_Thu": "{{i18n:Rosa_fall_Thu}}",
                "winter_Thu": "{{i18n:Rosa_winter_Thu}}",
                "winter_Thu6": "{{i18n:Rosa_winter_Thu6}}",
                "winter_Thu10": "{{i18n:Rosa_winter_Thu10}}",
                "Fri": "{{i18n:Rosa_Fri}}",
                "Fri4": "{{i18n:Rosa_Fri4}}",
                "Fri8": "{{i18n:Rosa_Fri8}}",
                "summer_Fri8": "{{i18n:Rosa_summer_Fri8}}",
                "summer_Fri": "{{i18n:Rosa_summer_Fri}}",
                "fall_Fri": "{{i18n:Rosa_fall_Fri}}",
                "winter_Fri": "{{i18n:Rosa_winter_Fri}}",
                "EastScarp_VillageInn_Sat": "{{i18n:Rosa_EastScarp_VillageInn_Sat}}",
                "Sat": "{{i18n:Rosa_Sat}}",
                "Sat_4": "{{i18n:Rosa_Sat_4}}",
                "Sat4": "{{i18n:Rosa_Sat4}}",
                "summer_Sat2": "{{i18n:Rosa_summer_Sat2}}",
                "winter_Sat6": "{{i18n:Rosa_winter_Sat6}}",
                "summer_Sat": "{{i18n:Rosa_summer_Sat}}",
                "fall_Sat": "{{i18n:Rosa_fall_Sat}}",
                "winter_Sat": "{{i18n:Rosa_winter_Sat}}",
                "Sun": "{{i18n:Rosa_Sun}}",
                "Sun6": "{{i18n:Rosa_Sun6}}",
                "winter_Sun4": "{{i18n:Rosa_winter_Sun4}}",
                "summer_Sun": "{{i18n:Rosa_summer_Sun}}",
                "summer_Sun2": "{{i18n:Rosa_summer_Sun2}}",
                "fall_Sun": "{{i18n:Rosa_fall_Sun}}",
                "winter_Sun": "{{i18n:Rosa_winter_Sun}}",
                "spring_23": "{{i18n:Rosa_spring_23}}",
                "spring_23_2": "{{i18n:Rosa_spring_23_2}}",
                "fall_26_2": "{{i18n:Rosa_fall_26_2}}",
                "Josephine_Arrives": "{{i18n:Rosa_Josephine_Arrives}}",
                "Tristan_Returns": "{{i18n:Rosa_Tristan_Returns}}",
                "cc_Complete": "{{i18n:Rosa_cc_Complete}}",
                "CherryOrchard_Rosa": "{{i18n:Rosa_CherryOrchard_Rosa}}",
                "spring_15_2": "{{i18n:Rosa_spring_15_2}}",
                "Resort_Entering": "{{i18n:Rosa_Resort_Entering}}",
                "Resort": "{{i18n:Rosa_Resort}}",
                "Resort_Shore": "{{i18n:Rosa_Resort_Shore}}",
                "AbyssRoosterGrow": "{{i18n:Rosa_AbyssRoosterGrow}}",
                "rejectNPCA": "{{i18n:Rosa_rejectNPCA}}",
                "rejectNPCB": "{{i18n:Rosa_rejectNPCB}}",
                "reject_EastScarp_Vintage_Ruby_Ring": "{{i18n:Rosa_reject_EastScarp_Vintage_Ruby_Ring}}",
                "GiftReaction_An_autographed_photo": "{{i18n:Rosa_GiftReaction_An_autographed_photo}}",
                "AcceptGift_(O)167": "{{i18n:Rosa_AcceptGift_(O)167}}",
                "AcceptGift_(O)StardropTea": "{{i18n:Rosa_AcceptGift_(O)StardropTea}}",
                "Aideen_Garden": "{{i18n:Rosa_Aideen_Garden}}",
                "RosaLilyAnne3": "{{i18n:Rosa_RosaLilyAnne3}}",
                "ShearwaterBridgeRenovationStart": "{{i18n:Rosa_ShearwaterBridgeRenovationStart}}",
                "RosaJuliet_official": "{{i18n:Rosa_RosaJuliet_official}}",
                "SpecialOrder_SlayCrabs": "{{i18n:Rosa_SpecialOrder_SlayCrabs}}"
            }
        },
        {
            "LogName": "Schedule",
            "Action": "EditData",
            "Target": "Characters/Dialogue/Rosa",
            "When": {
                "HasMod": "LemurKat.JulietHouse.NPC"
            },
            "Entries": {
                "cc_Complete": "{{i18n:Rosa_Juliet_cc_Complete}}",
                "summer_Tue": "{{i18n:Rosa_Juliet_summer_Tue}}",
            }
        },
        {
            "LogName": "Schedule",
            "Action": "EditData",
            "Target": "Characters/Dialogue/Rosa",
            "When": {
                "HasMod": "LemurKat.JulietHouse.NPC",
                "HasSeenEvent": "57874020"
            },
            "Entries": {
                "Resort_Wander": "{{i18n:Rosa_Juliet_Resort_Wander}}",
                "winter_Fri10": "{{i18n:Rosa_Juliet_winter_Fri10}}",
                "fall_Fri6": "{{i18n:Rosa_Juliet_fall_Fri6}}",
                "Sun6": "{{i18n:Rosa_Juliet_Sun6}}",
                "fall_Fri10": "{{i18n:Rosa_Juliet_fall_Fri10}}",
            }
        }
    ]
}