{
    "Changes": [
        {
            "LogName": "Dialogue",
            "Action": "EditData",
            "Target": "Characters/Dialogue/ToriLK",
            "Entries": {
                "Introduction": "{{i18n:Tori_Introduction}}",
                "Resort_Entering": "{{i18n:Tori_Resort_Entering}}",
                "Resort_Leaving": "{{i18n:Tori_Resort_Leaving}}",
                "Resort_Shore": "{{i18n:Tori_Resort_Shore}}",
                "Resort_Umbrella": "{{i18n:Tori_Resort_Umbrella}}",
                "Resort_Wander": "{{i18n:Tori_Resort_Wander}}",
                "Resort_Bar": "{{i18n:Tori_Resort_Bar}}",
                "Resort": "{{i18n:Tori_Resort}}",
                "GreenRain": "{{i18n:Tori_GreenRain}}",
                "GreenRain_2": "{{i18n:Tori_GreenRain_2}}",
                "14": "{{i18n:Tori_14}}",
                "14_2": "{{i18n:Tori_14_2}}",
                "Mon": "{{i18n:Tori_Mon}}",
                "Tue": "{{i18n:Tori_Tue}}",
                "Wed": "{{i18n:Tori_Wed}}",
                "Thu": "{{i18n:Tori_Thu}}",
                "Fri": "{{i18n:Tori_Fri}}",
                "Sat": "{{i18n:Tori_Sat}}",
                "Sun": "{{i18n:Tori_Sun}}",
                "danceRejection": "{{i18n:Tori_danceRejection}}",
                "divorced": "{{i18n:Tori_divorced}}",
                "dumped_Girls": "{{i18n:Tori_dumped_Girls}}",
                "breakUp": "{{i18n:Tori_breakUp}}",
                "Mon2": "{{i18n:Tori_Mon2}}",
                "Tue2": "{{i18n:Tori_Tue2}}",
                "Fri2": "{{i18n:Tori_Fri2}}",
                "Sat2": "{{i18n:Tori_Sat2}}",
                "Sun2": "{{i18n:Tori_Sun2}}",
                "Wed2": "{{i18n:Tori_Wed2}}",
                "Tue4": "{{i18n:Tori_Tue4}}",
                "Sun4": "{{i18n:Tori_Sun4}}",
                "Sat6": "{{i18n:Tori_Sat6}}",
                "Mon8": "{{i18n:Tori_Mon8}}",
                "Thu10": "{{i18n:Tori_Thu10}}",
                "Fri6": "{{i18n:Tori_Fri6}}",
                "spring_1_2": "{{i18n:Tori_spring_1_2}}",
                "summer_1": "{{i18n:Tori_summer_1}}",
                "summer_Mon": "{{i18n:Tori_summer_Mon}}",
                "summer_Tue": "{{i18n:Tori_summer_Tue}}",
                "summer_Wed": "{{i18n:Tori_summer_Wed}}",
                "summer_Thu": "{{i18n:Tori_summer_Thu}}",
                "summer_Thu4": "{{i18n:Tori_summer_Thu4}}",
                "summer_Fri": "{{i18n:Tori_summer_Fri}}",
                "summer_Sat": "{{i18n:Tori_summer_Sat}}",
                "summer_Sun": "{{i18n:Tori_summer_Sun}}",
                "summer_Wed2": "{{i18n:Tori_summer_Wed2}}",
                "summer_Tue4": "{{i18n:Tori_summer_Tue4}}",
                "summer_Sat6": "{{i18n:Tori_summer_Sat6}}",
                "summer_Mon8": "{{i18n:Tori_summer_Mon8}}",
                //"summer_Thu10": "{{i18n:Tori_summer_Thu10}}",
                //"summer_Fri10": "{{i18n:Tori_summer_Fri10}}",
                "fall_1": "{{i18n:Tori_fall_1}}",
                "fall_Mon": "{{i18n:Tori_fall_Mon}}",
                "fall_Tue": "{{i18n:Tori_fall_Tue}}",
                "fall_Wed": "{{i18n:Tori_fall_Wed}}",
                "fall_Thu": "{{i18n:Tori_fall_Thu}}",
                "fall_Sat": "{{i18n:Tori_fall_Sat}}",
                "fall_Sun": "{{i18n:Tori_fall_Sun}}",
                "fall_Wed2": "{{i18n:Tori_fall_Wed2}}",
                "fall_Tue4": "{{i18n:Tori_fall_Tue4}}",
                "fall_Sat6": "{{i18n:Tori_fall_Sat6}}",
                "fall_Mon8": "{{i18n:Tori_fall_Mon8}}",
                //"fall_Thu10": "{{i18n:Tori_fall_Thu10}}",
                "fall_Fri6": "{{i18n:Tori_fall_Fri6}}",
                //"fall_Fri10": "{{i18n:Tori_fall_Fri10}}",
                "winter_1_2": "{{i18n:Tori_winter_1_2}}",
                "winter_Mon": "{{i18n:Tori_winter_Mon}}",
                "winter_Tue": "{{i18n:Tori_winter_Tue}}",
                "winter_Wed": "{{i18n:Tori_winter_Wed}}",
                "spring_12": "{{i18n:Tori_spring_12}}",
                "spring_23": "{{i18n:Tori_spring_23}}",
                "spring_23_2": "{{i18n:Tori_spring_23_2}}",
                "winter_7": "{{i18n:Tori_winter_7}}",
                "fall_26": "{{i18n:Tori_fall_26}}",
                "fall_27_2": "{{i18n:Tori_fall_27_2}}",
                "summer_10": "{{i18n:Tori_summer_10}}",
                "summer_27": "{{i18n:Tori_summer_27}}",
                "winter_24": "{{i18n:Tori_winter_24}}",
                "winter_Thu": "{{i18n:Tori_winter_Thu}}",
                "winter_Fri": "{{i18n:Tori_winter_Fri}}",
                "winter_Sat": "{{i18n:Tori_winter_Sat}}",
                "winter_Sun": "{{i18n:Tori_winter_Sun}}",
                "winter_Wed2": "{{i18n:Tori_winter_Wed2}}",
                "winter_Tue4": "{{i18n:Tori_winter_Tue4}}",
                "winter_Sat6": "{{i18n:Tori_winter_Sat6}}",
                //"winter_Thu10": "{{i18n:Tori_winter_Thu10}}",
                "winter_Wed6": "{{i18n:Tori_winter_Wed6}}",
                //"winter_Fri10": "{{i18n:Tori_winter_Fri10}}",
                "AcceptGift_(O)167": "{{i18n:Tori_AcceptGift_(O)167}}",
                "AcceptGift_slime_egg_item": "{{i18n:Tori_AcceptGift_slime_egg_item}}",
                "AcceptGift_(O)557": "{{i18n:Tori_AcceptGift_(O)557}}",
                "AcceptGift_(O)766": "{{i18n:Tori_AcceptGift_(O)766}}",
                "AcceptGift_(O)876": "{{i18n:Tori_AcceptGift_(O)876}}",
                "AcceptGift_(O)StardropTea": "{{i18n:Tori_AcceptGift_(O)StardropTea}}",
                "reject_EastScarp_Vintage_Ruby_Ring": "{{i18n:Tori_reject_EastScarp_Vintage_Ruby_Ring}}",
                "Tori_PrismaticSlime.Active": "{{i18n:Tori_Tori_PrismaticSlime.Active}}",
                "Tori_PrismaticSlime.Complete": "{{i18n:Tori_Tori_PrismaticSlime.Complete}}",
                "HappySlimeRescue": "{{i18n:Tori_HappySlimeRescue}}",
            }
        }
    ]
}