{
    "Changes": [
        {
            "LogName": "Dialogue",
            "Action": "EditData",
            "Target": "Characters/Dialogue/VivienneLK",
            "Entries": {
                "Resort_Entering": "{{i18n:Vivienne_Resort_Entering}}",
                "Resort_Leaving": "{{i18n:Vivienne_Resort_Leaving}}",
                "Resort_Shore": "{{i18n:Vivienne_Resort_Shore}}",
                "Resort_Umbrella": "{{i18n:Vivienne_Resort_Umbrella}}",
                "Resort_Wander": "{{i18n:Vivienne_Resort_Wander}}",
                "Resort_Bar": "{{i18n:Vivienne_Resort_Bar}}",
                "Resort": "{{i18n:Vivienne_Resort}}",
                "dumped_Girls": "{{i18n:Vivienne_dumped_Girls}}",
                "Mon": "{{i18n:Vivienne_Mon}}",
                "Tue": "{{i18n:Vivienne_Tue}}",
                "Wed": "{{i18n:Vivienne_Wed}}",
                "Thu": "{{i18n:Vivienne_Thu}}",
                "Fri": "{{i18n:Vivienne_Fri}}",
                "Sat": "{{i18n:Vivienne_Sat}}",
                "Sun": "{{i18n:Vivienne_Sun}}",
                "Mon2": "{{i18n:Vivienne_Mon2}}",
                "Tue2": "{{i18n:Vivienne_Tue2}}",
                "Fri2": "{{i18n:Vivienne_Fri2}}",
                "Sun2": "{{i18n:Vivienne_Sun2}}",
                "Wed2": "{{i18n:Vivienne_Wed2}}",
                "Tue4": "{{i18n:Vivienne_Tue4}}",
                "spring_Sat6": "{{i18n:Vivienne_spring_Sat6}}",
                "Mon8": "{{i18n:Vivienne_Mon8}}",
                //"Thu10": "{{i18n:Vivienne_Thu10}}",
                "Fri6": "{{i18n:Vivienne_Fri6}}",
                "summer_1_2": "{{i18n:Vivienne_summer_1_2}}",
                "summer_Mon": "{{i18n:Vivienne_summer_Mon}}",
                "summer_Tue": "{{i18n:Vivienne_summer_Tue}}",
                "summer_Wed": "{{i18n:Vivienne_summer_Wed}}",
                "summer_Thu": "{{i18n:Vivienne_summer_Thu}}",
                "summer_Thu4": "{{i18n:Vivienne_summer_Thu4}}",
                "summer_Fri": "{{i18n:Vivienne_summer_Fri}}",
                //"summer_Sat": "{{i18n:Vivienne_summer_Sat}}",
                //"summer_Sun": "{{i18n:Vivienne_summer_Sun}}",
                "summer_Wed2": "{{i18n:Vivienne_summer_Wed2}}",
                "summer_Tue4": "{{i18n:Vivienne_summer_Tue4}}",
                "summer_Sat6": "{{i18n:Vivienne_summer_Sat6}}",
                "summer_Mon8": "{{i18n:Vivienne_summer_Mon8}}",
                //"summer_Thu10": "{{i18n:Vivienne_summer_Thu10}}",
                //"summer_Fri10": "{{i18n:Vivienne_summer_Fri10}}",
                //"fall_1": "{{i18n:Vivienne_fall_1}}",
                "fall_Mon": "{{i18n:Vivienne_fall_Mon}}",
                //"fall_Tue": "{{i18n:Vivienne_fall_Tue}}",
                //"fall_Wed": "{{i18n:Vivienne_fall_Wed}}",
                "fall_Thu": "{{i18n:Vivienne_fall_Thu}}",
                //"fall_Sat": "{{i18n:Vivienne_fall_Sat}}",
                //"fall_Sun": "{{i18n:Vivienne_fall_Sun}}",
                "fall_Wed2": "{{i18n:Vivienne_fall_Wed2}}",
                "fall_Tue4": "{{i18n:Vivienne_fall_Tue4}}",
                "fall_Sat6": "{{i18n:Vivienne_fall_Sat6}}",
                "fall_Mon8": "{{i18n:Vivienne_fall_Mon8}}",
                "fall_Thu10": "{{i18n:Vivienne_fall_Thu10}}",
                "fall_Fri6": "{{i18n:Vivienne_fall_Fri6}}",
                //"fall_Fri10": "{{i18n:Vivienne_fall_Fri10}}",
                //"winter_1": "{{i18n:Vivienne_winter_1}}",
                "winter_Mon": "{{i18n:Vivienne_winter_Mon}}",
                "winter_Tue": "{{i18n:Vivienne_winter_Tue}}",
                "winter_Wed": "{{i18n:Vivienne_winter_Wed}}",
                "winter_Thu": "{{i18n:Vivienne_winter_Thu}}",
                "winter_Fri": "{{i18n:Vivienne_winter_Fri}}",
                "winter_Sat": "{{i18n:Vivienne_winter_Sat}}",
                "winter_Sun": "{{i18n:Vivienne_winter_Sun}}",
                "winter_Wed2": "{{i18n:Vivienne_winter_Wed2}}",
                "winter_Tue4": "{{i18n:Vivienne_winter_Tue4}}",
                "winter_Sat6": "{{i18n:Vivienne_winter_Sat6}}",
                "winter_Thu10": "{{i18n:Vivienne_winter_Thu10}}",
                "winter_Wed6": "{{i18n:Vivienne_winter_Wed6}}",
                "winter_Fri10": "{{i18n:Vivienne_winter_Fri10}}",
                "Saloon2": "{{i18n:Vivienne_Saloon2}}",
                "Saloon6": "{{i18n:Vivienne_Saloon6}}",
                "spring_12_2": "{{i18n:Vivienne_spring_12_2}}",
                "spring_23_2": "{{i18n:Vivienne_spring_23_2}}",
                "winter_7_2": "{{i18n:Vivienne_winter_7_2}}",
                "fall_26_2": "{{i18n:Vivienne_fall_26_2}}",
                "summer_10_2": "{{i18n:Vivienne_summer_10_2}}",
                "summer_28_2": "{{i18n:Vivienne_summer_28_2}}",
                "winter_24_2": "{{i18n:Vivienne_winter_24_2}}",
                "rejectNPCA": "{{i18n:Vivienne_rejectNPCA}}",
                "rejectNPCB": "{{i18n:Vivienne_rejectNPCB}}",
                "refusal_no_heartsA": "{{i18n:Vivienne_refusal_no_heartsA}}",
                "refusal_no_heartsB": "{{i18n:Vivienne_refusal_no_heartsB}}",
                "engageA": "{{i18n:Vivienne_engageA}}",
                "engageB": "{{i18n:Vivienne_engageB}}",
                "marriedA": "{{i18n:Vivienne_marriedA}}",
                "marriedB": "{{i18n:Vivienne_marriedB}}",
                "cc_Bus": "{{i18n:Vivienne_cc_Bus}}",
                "cc_Minecart": "{{i18n:Vivienne_cc_Minecart}}",
                "cc_Complete": "{{i18n:Vivienne_cc_Complete}}",
                "AcceptGift_(O)EastScarp_Vintage_Ruby_Ring": "{{i18n:Vivienne_AcceptGift_(O)EastScarp_Vintage_Ruby_Ring}}",
                "AcceptGift_(O)167": "{{i18n:Vivienne_AcceptGift_(O)167}}",
                "AcceptGift_(O)StardropTea": "{{i18n:Vivienne_AcceptGift_(O)StardropTea}}",
            }
        }
    ]
}