{
    "Name": "JupiterSleep",
    "Type": "Walking",
    "EnableFarmerCollision": true,
    "EnableShadow": false,
    "TravelSpeed": 1,
    "SpawnOffsetX": 0,
    "SpawnOffsetY": 0,
    "MaxIdleDistance": -1,
    "MaxDistanceBeforeTeleport": -1,
    "InspectionDialogue": "Jupiter's sleeping face lulls you into a false sense of security.",
    "Portrait": {
        "PortraitDisplayName": "Jupiter",
        "FrameSizeWidth": 64,
        "FrameSizeHeight": 64,
        "FrameIndex": 0
    },
    "IdleBehavior": "Nothing",
    "FrameSizeWidth": 32,
    "FrameSizeHeight": 32,
    "UniformAnimation": {
        "StartingFrame": 28,
        "NumberOfFrames": 2,
        "Duration": 500
    }
}