{
  "Changes": [
    {
      "Action": "EditData",
      "Target": "Data/Objects",
      "Entries": {
        "{{ModID}}_ExquisiteEmerald": {
          "Name": "{{ModID}}_ExquisiteEmerald",
          "DisplayName": "{{i18n: arsenal.exquisite-emerald.name}}",
          "Description": "{{i18n: arsenal.exquisite-emerald.description}}",
          "Type": "Basic",
          "Category": 0,
          "Price": 2500,
          "Texture": "Textures/DN.SnS/SnSArsenal",
          "SpriteIndex": 0,
          "ExcludeFromRandomSale": true,
          "ContextTags": [
            "item_exquisite_emerald",
            "exquisite_gem",
            "not_museum_donatable",
            "color_green"
          ]
        },
        "{{ModID}}_ExquisiteRuby": {
          "Name": "{{ModID}}_ExquisiteRuby",
          "DisplayName": "{{i18n: arsenal.exquisite-ruby.name}}",
          "Description": "{{i18n: arsenal.exquisite-ruby.description}}",
          "Type": "Basic",
          "Category": 0,
          "Price": 2500,
          "Texture": "Textures/DN.SnS/SnSArsenal",
          "SpriteIndex": 2,
          "ExcludeFromRandomSale": true,
          "ContextTags": [
            "item_exquisite_ruby",
            "exquisite_gem",
            "not_museum_donatable",
            "color_red"
          ]
        },
        "{{ModID}}_ExquisiteTopaz": {
          "Name": "{{ModID}}_ExquisiteTopaz",
          "DisplayName": "{{i18n: arsenal.exquisite-topaz.name}}",
          "Description": "{{i18n: arsenal.exquisite-topaz.description}}",
          "Type": "Basic",
          "Category": 0,
          "Price": 800,
          "Texture": "Textures/DN.SnS/SnSArsenal",
          "SpriteIndex": 1,
          "ExcludeFromRandomSale": true,
          "ContextTags": [
            "item_exquisite_topaz",
            "exquisite_gem",
            "not_museum_donatable",
            "color_dark_orange"
          ]
        },
        "{{ModID}}_ExquisiteJade": {
          "Name": "{{ModID}}_ExquisiteJade",
          "DisplayName": "{{i18n: arsenal.exquisite-jade.name}}",
          "Description": "{{i18n: arsenal.exquisite-jade.description}}",
          "Type": "Basic",
          "Category": 0,
          "Price": 2000,
          "Texture": "Textures/DN.SnS/SnSArsenal",
          "SpriteIndex": 3,
          "ExcludeFromRandomSale": true,
          "ContextTags": [
            "item_exquisite_jade",
            "exquisite_gem",
            "not_museum_donatable",
            "color_jade"
          ]
        },
        "{{ModID}}_ExquisiteAquamarine": {
          "Name": "{{ModID}}_ExquisiteAquamarine",
          "DisplayName": "{{i18n: arsenal.exquisite-aquamarine.name}}",
          "Description": "{{i18n: arsenal.exquisite-aquamarine.description}}",
          "Type": "Basic",
          "Category": 0,
          "Price": 1800,
          "Texture": "Textures/DN.SnS/SnSArsenal",
          "SpriteIndex": 6,
          "ExcludeFromRandomSale": true,
          "ContextTags": [
            "item_exquisite_aquamarine",
            "exquisite_gem",
            "not_museum_donatable",
            "color_aqua"
          ]
        },
        "{{ModID}}_ExquisiteAmethyst": {
          "Name": "{{ModID}}_ExquisiteAmethyst",
          "DisplayName": "{{i18n: arsenal.exquisite-amethyst.name}}",
          "Description": "{{i18n: arsenal.exquisite-amethyst.description}}",
          "Type": "Basic",
          "Category": 0,
          "Price": 1000,
          "Texture": "Textures/DN.SnS/SnSArsenal",
          "SpriteIndex": 4,
          "ExcludeFromRandomSale": true,
          "ContextTags": [
            "item_exquisite_amethyst",
            "exquisite_gem",
            "not_museum_donatable",
            "color_dark_purple"
          ]
        },
        "{{ModID}}_ExquisiteDiamond": {
          "Name": "{{ModID}}_ExquisiteDiamond",
          "DisplayName": "{{i18n: arsenal.exquisite-diamond.name}}",
          "Description": "{{i18n: arsenal.exquisite-diamond.description}}",
          "Type": "Basic",
          "Category": 0,
          "Price": 7500,
          "Texture": "Textures/DN.SnS/SnSArsenal",
          "SpriteIndex": 5,
          "ExcludeFromRandomSale": true,
          "ContextTags": [
            "item_exquisite_diamond",
            "exquisite_gem",
            "not_museum_donatable",
              "color_white"
          ]
        },
        /*
        "{{ModID}}_ArcanePrimer": {
          "Name": "{{ModID}}_ArcanePrimer",
          "DisplayName": "{{i18n: arsenal.arcane-primer.name}}",
          "Description": "{{i18n: arsenal.arcane-primer.description}}",
          "Type": "Crafting",
          "Category": -8,
          "Price": 10000,
          "Texture": "Textures/DN.SnS/SnSArsenal",
          "SpriteIndex": 7,
          "ExcludeFromShippingCollection": true,
          "ExcludeFromRandomSale": true
        },
        */
        "{{ModID}}_PureCopperOre": {
          "Name": "{{ModID}}_PureCopperOre",
          "DisplayName": "{{i18n: arsenal.pure-copper-ore.name}}",
          "Description": "{{i18n: arsenal.pure-copper-ore.description}}",
          "Type": "Basic",
          "Category": -15,
          "Price": 50,
          "Texture": "Textures/DN.SnS/SnSArsenal",
          "SpriteIndex": 18,
          "ExcludeFromRandomSale": true,
          "ContextTags": [
            "ore_item",
            "pure_ore",
            "color_copper"
          ]
        },
        "{{ModID}}_PureIronOre": {
          "Name": "{{ModID}}_PureIronOre",
          "DisplayName": "{{i18n: arsenal.pure-iron-ore.name}}",
          "Description": "{{i18n: arsenal.pure-iron-ore.description}}",
          "Type": "Basic",
          "Category": -15,
          "Price": 75,
          "Texture": "Textures/DN.SnS/SnSArsenal",
          "SpriteIndex": 19,
          "ExcludeFromRandomSale": true,
          "ContextTags": [
            "ore_item",
            "pure_ore",
            "color_iron"
          ]
        },
        "{{ModID}}_PureGoldOre": {
          "Name": "{{ModID}}_PureGoldOre",
          "DisplayName": "{{i18n: arsenal.pure-gold-ore.name}}",
          "Description": "{{i18n: arsenal.pure-gold-ore.description}}",
          "Type": "Basic",
          "Category": -15,
          "Price": 125,
          "Texture": "Textures/DN.SnS/SnSArsenal",
          "SpriteIndex": 20,
          "ExcludeFromRandomSale": true,
          "ContextTags": [
            "ore_item",
            "pure_ore",
            "color_gold"
          ]
        },
        "{{ModID}}_PureIridiumOre": {
          "Name": "{{ModID}}_PureIridiumOre",
          "DisplayName": "{{i18n: arsenal.pure-iridium-ore.name}}",
          "Description": "{{i18n: arsenal.pure-iridium-ore.description}}",
          "Type": "Basic",
          "Category": -15,
          "Price": 500,
          "Texture": "Textures/DN.SnS/SnSArsenal",
          "SpriteIndex": 21,
          "ExcludeFromRandomSale": true,
          "ContextTags": [
            "ore_item",
            "pure_ore",
            "color_iridium"
          ]
        },
        "{{ModID}}_PureRadioactiveOre": {
          "Name": "{{ModID}}_PureRadioactiveOre",
          "DisplayName": "{{i18n: arsenal.pure-radioactive-ore.name}}",
          "Description": "{{i18n: arsenal.pure-radioactive-ore.description}}",
          "Type": "Basic",
          "Category": -15,
          "Price": 1500,
          "Texture": "Textures/DN.SnS/SnSArsenal",
          "SpriteIndex": 22,
          "ExcludeFromRandomSale": true,
          "ContextTags": [
            "ore_item",
            "pure_ore",
            "color_lime"
          ]
        },
        "{{ModID}}_ClothArmor": {
          "Name": "{{ModID}}_ClothArmor",
          "DisplayName": "{{i18n: arsenal.cloth-armor.name}}",
          "Description": "{{i18n: arsenal.cloth-armor.description}}",
          "Type": "Basic",
          "Category": -29,
          "Price": 250,
          "Texture": "Textures/DN.SnS/SnSArsenal",
          "SpriteIndex": 23,
          "ExcludeFromShippingCollection": true,
          "ExcludeFromRandomSale": true,
          "ContextTags": [
            "armor_item",
            "color_brown"
          ],
          "CustomFields": {
            "ArmorValue": 25
          }
        },
        "{{ModID}}_CopperArmor": {
          "Name": "{{ModID}}_CopperArmor",
          "DisplayName": "{{i18n: arsenal.copper-armor.name}}",
          "Description": "{{i18n: arsenal.copper-armor.description}}",
          "Type": "Basic",
          "Category": -29,
          "Price": 500,
          "Texture": "Textures/DN.SnS/SnSArsenal",
          "SpriteIndex": 24,
          "ExcludeFromShippingCollection": true,
          "ExcludeFromRandomSale": true,
          "ContextTags": [
            "armor_item",
            "color_copper"
          ],
          "CustomFields": {
            "ArmorValue": 50
          }
        },
        "{{ModID}}_IronArmor": {
          "Name": "{{ModID}}_IronArmor",
          "DisplayName": "{{i18n: arsenal.iron-armor.name}}",
          "Description": "{{i18n: arsenal.iron-armor.description}}",
          "Type": "Basic",
          "Category": -29,
          "Price": 750,
          "Texture": "Textures/DN.SnS/SnSArsenal",
          "SpriteIndex": 25,
          "ExcludeFromShippingCollection": true,
          "ExcludeFromRandomSale": true,
          "ContextTags": [
            "armor_item",
            "color_iron"
          ],
          "CustomFields": {
            "ArmorValue": 75
          }
        },
        "{{ModID}}_GoldArmor": {
          "Name": "{{ModID}}_GoldArmor",
          "DisplayName": "{{i18n: arsenal.gold-armor.name}}",
          "Description": "{{i18n: arsenal.gold-armor.description}}",
          "Type": "Basic",
          "Category": -29,
          "Price": 1000,
          "Texture": "Textures/DN.SnS/SnSArsenal",
          "SpriteIndex": 26,
          "ExcludeFromShippingCollection": true,
          "ExcludeFromRandomSale": true,
          "ContextTags": [
            "armor_item",
            "color_gold"
          ],
          "CustomFields": {
            "ArmorValue": 100
          }
        },
        "{{ModID}}_IridiumArmor": {
          "Name": "{{ModID}}_IridiumArmor",
          "DisplayName": "{{i18n: arsenal.iridium-armor.name}}",
          "Description": "{{i18n: arsenal.iridium-armor.description}}",
          "Type": "Basic",
          "Category": -29,
          "Price": 1250,
          "Texture": "Textures/DN.SnS/SnSArsenal",
          "SpriteIndex": 27,
          "ExcludeFromShippingCollection": true,
          "ExcludeFromRandomSale": true,
          "ContextTags": [
            "armor_item",
            "color_iridium"
          ],
          "CustomFields": {
            "ArmorValue": 125
          }
        },
        "{{ModID}}_RadioactiveArmor": {
          "Name": "{{ModID}}_RadioactiveArmor",
          "DisplayName": "{{i18n: arsenal.radioactive-armor.name}}",
          "Description": "{{i18n: arsenal.radioactive-armor.description}}",
          "Type": "Basic",
          "Category": -29,
          "Price": 1500,
          "Texture": "Textures/DN.SnS/SnSArsenal",
          "SpriteIndex": 28,
          "ExcludeFromShippingCollection": true,
          "ExcludeFromRandomSale": true,
          "ContextTags": [
            "armor_item",
            "color_lime"
          ],
          "CustomFields": {
            "ArmorValue": 150
          }
        },
        "{{ModID}}_StygiumArmor": {
          "Name": "{{ModID}}_StygiumArmor",
          "DisplayName": "{{i18n: arsenal.stygium-armor.name}}",
          "Description": "{{i18n: arsenal.stygium-armor.description}}",
          "Type": "Basic",
          "Category": -29,
          "Price": 1750,
          "Texture": "Textures/DN.SnS/SnSArsenal",
          "SpriteIndex": 49,
          "ExcludeFromShippingCollection": true,
          "ExcludeFromRandomSale": true,
          "ContextTags": [
            "armor_item",
            "color_dark_blue"
          ],
          "CustomFields": {
            "ArmorValue": 175
          }
        },
        "{{ModID}}_ElysiumArmor": {
          "Name": "{{ModID}}_ElysiumArmor",
          "DisplayName": "{{i18n: arsenal.elysium-armor.name}}",
          "Description": "{{i18n: arsenal.elysium-armor.description}}",
          "Type": "Basic",
          "Category": -29,
          "Price": 2000,
          "Texture": "Textures/DN.SnS/SnSArsenal",
          "SpriteIndex": 50,
          "ExcludeFromShippingCollection": true,
          "ExcludeFromRandomSale": true,
          "ContextTags": [
            "armor_item",
            "color_light_cyan"
          ],
          "CustomFields": {
            "ArmorValue": 200
          }
        },
        "{{ModID}}_Arrow": {
          "Name": "{{ModID}}_Arrow",
          "DisplayName": "{{i18n: arsenal.arrow.name}}",
          "Description": "{{i18n: arsenal.arrow.description}}",
          "Type": "Basic",
          "Category": -29,
          "Price": 5,
          "Texture": "Textures/DN.SnS/SnSArsenal",
          "SpriteIndex": 29,
          "ExcludeFromShippingCollection": true,
          "ExcludeFromRandomSale": true,
          "ContextTags": [
            "arrow_item",
            "color_gray"
          ]
        },
        "{{ModID}}_FirestormArrow": {
          "Name": "{{ModID}}_FirestormArrow",
          "DisplayName": "{{i18n: arsenal.firestorm-arrow.name}}",
          "Description": "{{i18n: arsenal.firestorm-arrow.description}}",
          "Type": "Basic",
          "Category": -29,
          "Price": 10,
          "Texture": "Textures/DN.SnS/SnSArsenal",
          "SpriteIndex": 30,
          "ExcludeFromShippingCollection": true,
          "ExcludeFromRandomSale": true,
          "ContextTags": [
            "arrow_item",
            "color_orange"
          ]
        },
        "{{ModID}}_IcicleArrow": {
          "Name": "{{ModID}}_IcicleArrow",
          "DisplayName": "{{i18n: arsenal.icicle-arrow.name}}",
          "Description": "{{i18n: arsenal.icicle-arrow.description}}",
          "Type": "Basic",
          "Category": -29,
          "Price": 10,
          "Texture": "Textures/DN.SnS/SnSArsenal",
          "SpriteIndex": 31,
          "ExcludeFromShippingCollection": true,
          "ExcludeFromRandomSale": true,
          "ContextTags": [
            "arrow_item",
            "color_blue"
          ]
        },
        "{{ModID}}_WindwakerArrow": {
          "Name": "{{ModID}}_WindwakerArrow",
          "DisplayName": "{{i18n: arsenal.windwaker-arrow.name}}",
          "Description": "{{i18n: arsenal.windwaker-arrow.description}}",
          "Type": "Basic",
          "Category": -29,
          "Price": 10,
          "Texture": "Textures/DN.SnS/SnSArsenal",
          "SpriteIndex": 33,
          "ExcludeFromShippingCollection": true,
          "ExcludeFromRandomSale": true,
          "ContextTags": [
            "arrow_item",
            "color_dark_blue"
          ]
        },
        "{{ModID}}_RicochetArrow": {
          "Name": "{{ModID}}_RicochetArrow",
          "DisplayName": "{{i18n: arsenal.ricochet-arrow.name}}",
          "Description": "{{i18n: arsenal.ricochet-arrow.description}}",
          "Type": "Basic",
          "Category": -29,
          "Price": 10,
          "Texture": "Textures/DN.SnS/SnSArsenal",
          "SpriteIndex": 35,
          "ExcludeFromShippingCollection": true,
          "ExcludeFromRandomSale": true,
          "ContextTags": [
            "arrow_item",
            "color_gray"
          ]
        },
        "{{ModID}}_LightbringerArrow": {
          "Name": "{{ModID}}_LightbringerArrow",
          "DisplayName": "{{i18n: arsenal.lightbringer-arrow.name}}",
          "Description": "{{i18n: arsenal.lightbringer-arrow.description}}",
          "Type": "Basic",
          "Category": -29,
          "Price": 10,
          "Texture": "Textures/DN.SnS/SnSArsenal",
          "SpriteIndex": 36,
          "ExcludeFromShippingCollection": true,
          "ExcludeFromRandomSale": true,
          "ContextTags": [
            "arrow_item",
            "color_yellow"
          ]
        },
        "{{ModID}}_Bullet": {
          "Name": "{{ModID}}_Bullet",
          "DisplayName": "{{i18n: arsenal.bullet.name}}",
          "Description": "{{i18n: arsenal.bullet.description}}",
          "Type": "Basic",
          "Category": -29,
          "Price": 5,
          "Texture": "Textures/DN.SnS/SnSArsenal",
          "SpriteIndex": 39,
          "ExcludeFromShippingCollection": true,
          "ExcludeFromRandomSale": true,
          "ContextTags": [
            "bullet_item",
            "color_gray"
          ]
        },
        "{{ModID}}_FirestormBullet": {
          "Name": "{{ModID}}_FirestormBullet",
          "DisplayName": "{{i18n: arsenal.firestorm-bullet.name}}",
          "Description": "{{i18n: arsenal.firestorm-bullet.description}}",
          "Type": "Basic",
          "Category": -29,
          "Price": 10,
          "Texture": "Textures/DN.SnS/SnSArsenal",
          "SpriteIndex": 40,
          "ExcludeFromShippingCollection": true,
          "ExcludeFromRandomSale": true,
          "ContextTags": [
            "bullet_item",
            "color_orange"
          ]
        },
        "{{ModID}}_IcicleBullet": {
          "Name": "{{ModID}}_IcicleBullet",
          "DisplayName": "{{i18n: arsenal.icicle-bullet.name}}",
          "Description": "{{i18n: arsenal.icicle-bullet.description}}",
          "Type": "Basic",
          "Category": -29,
          "Price": 10,
          "Texture": "Textures/DN.SnS/SnSArsenal",
          "SpriteIndex": 41,
          "ExcludeFromShippingCollection": true,
          "ExcludeFromRandomSale": true,
          "ContextTags": [
            "bullet_item",
            "color_blue"
          ]
        },
        "{{ModID}}_WindwakerBullet": {
          "Name": "{{ModID}}_WindwakerBullet",
          "DisplayName": "{{i18n: arsenal.windwaker-bullet.name}}",
          "Description": "{{i18n: arsenal.windwaker-bullet.description}}",
          "Type": "Basic",
          "Category": -29,
          "Price": 10,
          "Texture": "Textures/DN.SnS/SnSArsenal",
          "SpriteIndex": 43,
          "ExcludeFromShippingCollection": true,
          "ExcludeFromRandomSale": true,
          "ContextTags": [
            "bullet_item",
            "color_dark_blue"
          ]
        },
        "{{ModID}}_RicochetBullet": {
          "Name": "{{ModID}}_RicochetBullet",
          "DisplayName": "{{i18n: arsenal.ricochet-bullet.name}}",
          "Description": "{{i18n: arsenal.ricochet-bullet.description}}",
          "Type": "Basic",
          "Category": -29,
          "Price": 10,
          "Texture": "Textures/DN.SnS/SnSArsenal",
          "SpriteIndex": 44,
          "ExcludeFromShippingCollection": true,
          "ExcludeFromRandomSale": true,
          "ContextTags": [
            "bullet_item",
            "color_gray"
          ]
        },
        "{{ModID}}_LightbringerBullet": {
          "Name": "{{ModID}}_LightbringerBullet",
          "DisplayName": "{{i18n: arsenal.lightbringer-bullet.name}}",
          "Description": "{{i18n: arsenal.lightbringer-bullet.description}}",
          "Type": "Basic",
          "Category": -29,
          "Price": 10,
          "Texture": "Textures/DN.SnS/SnSArsenal",
          "SpriteIndex": 46,
          "ExcludeFromShippingCollection": true,
          "ExcludeFromRandomSale": true,
          "ContextTags": [
            "bullet_item",
            "color_yellow"
          ]
        }
      }
    },
    {
      "Action": "EditData",
      "Target": "Data/Weapons",
      "Entries": {
        "{{ModID}}_Bow": {
          "Name": "{{ModID}}_Bow",
          "DisplayName": "{{i18n: arsenal.bow.name}}",
          "Description": "{{i18n: arsenal.bow.description}}",
          "Texture": "Textures/DN.SnS/SnSArsenal",
          "SpriteIndex": 37,
          "Speed": 308, // All slingshots have this for some reason?,
          "CustomFields": {
            "Bow": true
          }
        }
      }
    },

    // GEM GIFT TASTES
    {   
        "LogName": "Gift tastes for Gemstones",
        "Action": "EditData",
        "Target": "Data/NPCGiftTastes",
        "TextOperations": [
          {
            "Operation": "Append",
            "Target": ["Entries", "Universal_Like"],
            "Value": "{{ModID}}_ExquisiteEmerald {{ModID}}_ExquisiteRuby {{ModID}}_ExquisiteTopaz {{ModID}}_ExquisiteJade {{ModID}}_ExquisiteAquamarine {{ModID}}_ExquisiteAmethyst",
            "Delimiter": " "
          },
          {
            "Operation": "Append",
            "Target": [ "Entries", "Universal_Love" ],
            "Value": "{{ModID}}_ExquisiteDiamond",
            "Delimiter": " "
          },
          {
            "Operation": "Append",
            "Target": [ "Entries", "Universal_Hate" ],
            "Value": "{{ModID}}_StygiumOre {{ModID}}_StygiumBar",
            "Delimiter": " "
          },
          { 
            "Operation": "Append",
            "Target": [ "Fields", "Clint", 1 ],
            "Value": "{{ModID}}_ExquisiteEmerald {{ModID}}_ExquisiteRuby {{ModID}}_ExquisiteTopaz {{ModID}}_ExquisiteJade {{ModID}}_ExquisiteAquamarine {{ModID}}_ExquisiteAmethyst {{ModID}}_StygiumBar",
            "Delimiter": " "
          },
          { 
            "Operation": "Append",
            "Target": [ "Fields", "Emily", 1 ],
            "Value": "{{ModID}}_ExquisiteEmerald {{ModID}}_ExquisiteRuby {{ModID}}_ExquisiteTopaz {{ModID}}_ExquisiteJade {{ModID}}_ExquisiteAquamarine {{ModID}}_ExquisiteAmethyst",
            "Delimiter": " "
          },
          { 
            "Operation": "Append",
            "Target": [ "Fields", "Dwarf", 1 ],
            "Value": "{{ModID}}_ExquisiteEmerald {{ModID}}_ExquisiteRuby {{ModID}}_ExquisiteTopaz {{ModID}}_ExquisiteJade {{ModID}}_ExquisiteAquamarine {{ModID}}_ExquisiteAmethyst",
            "Delimiter": " "
          },
          { 
            "Operation": "Append",
            "Target": [ "Fields", "Abigail", 1 ],
            "Value": "{{ModID}}_ExquisiteAmethyst",
            "Delimiter": " "
          },
          { 
            "Operation": "Append",
            "Target": [ "Fields", "Penny", 1 ],
            "Value": "{{ModID}}_ExquisiteEmerald",
            "Delimiter": " "
          },
          { 
            "Operation": "Append",
            "Target": [ "Fields", "Maru", 1 ],
            "Value": "{{ModID}}_StygiumBar",
            "Delimiter": " "
          }
        ]
    },
    {   
        "LogName": "Gift tastes for Gemstones",
        "Action": "EditData",
        "Target": "Data/NPCGiftTastes",
          "TextOperations": [
          { 
            "Operation": "Append",
            "Target": [ "Fields", "Scarlett", 1 ],
            "Value": "{{ModID}}_ExquisiteJade",
            "Delimiter": " "
          },
          { 
            "Operation": "Append",
            "Target": [ "Fields", "Olivia", 1 ],
            "Value": "{{ModID}}_ExquisiteEmerald",
            "Delimiter": " "
          }
        ],
        "When": { "HasMod": "FlashShifter.StardewValleyExpandedCP" }

},
    // CRAFTING RECIPES 
    {
      "Action": "EditData",
      "Target": "Data/CraftingRecipes",
      "Entries": {
        /*"{{ModID}}_ExquisiteEmerald": "60 50 74 1/hoot/{{ModID}}_ExquisiteEmerald 1/false/null/{{i18n:arsenal.exquisite-emerald.name}}",
        "{{ModID}}_ExquisiteRuby": "64 50 74 1/hoot/{{ModID}}_ExquisiteRuby 1/false/null/{{i18n:arsenal.exquisite-ruby.name}}",
        "{{ModID}}_ExquisiteTopaz": "68 50 74 1/hoot/{{ModID}}_ExquisiteTopaz 1/false/null/{{i18n:arsenal.exquisite-topaz.name}}",
        "{{ModID}}_ExquisiteAquamarine": "62 50 74 1/hoot/{{ModID}}_ExquisiteAquamarine 1/false/null/{{i18n:arsenal.exquisite-aquamarine.name}}",
        "{{ModID}}_ExquisiteAmethyst": "66 50 74 1/hoot/{{ModID}}_ExquisiteAmethyst 1/false/null/{{i18n:arsenal.exquisite-amethyst.name}}",
        "{{ModID}}_ExquisiteJade": "70 50 74 1/hoot/{{ModID}}_ExquisiteJade 1/false/null/{{i18n:arsenal.exquisite-jade.name}}",
        "{{ModID}}_ExquisiteDiamond": "72 50 74 1/hoot/{{ModID}}_ExquisiteDiamond 1/false/null/{{i18n:arsenal.exquisite-diamond.name}}",
        "{{ModID}}_ArcanePrimer": "797 1 896 1/hoot/{{ModID}}_ArcanePrimer 1/false/null/{{i18n:arsenal.arcane-primer.name}}",*/
        "{{ModID}}_ClothArmor": "428 10/hoot/{{ModID}}_ClothArmor 1/false/null/{{i18n:arsenal.cloth-armor.name}}",
        "{{ModID}}_CopperArmor": "{{ModID}}_PureCopperOre 10 {{ModID}}_ClothArmor 1/hoot/{{ModID}}_CopperArmor 1/false/null/{{i18n:arsenal.copper-armor.name}}",
        "{{ModID}}_IronArmor": "{{ModID}}_PureIronOre 10 {{ModID}}_CopperArmor 1/hoot/{{ModID}}_IronArmor 1/false/null/{{i18n:arsenal.iron-armor.name}}",
        "{{ModID}}_GoldArmor": "{{ModID}}_PureGoldOre 10 {{ModID}}_IronArmor 1/hoot/{{ModID}}_GoldArmor 1/false/null/{{i18n:arsenal.gold-armor.name}}",
        "{{ModID}}_IridiumArmor": "{{ModID}}_PureIridiumOre 10 {{ModID}}_GoldArmor 1/hoot/{{ModID}}_IridiumArmor 1/false/null/{{i18n:arsenal.iridium-armor.name}}",
        "{{ModID}}_RadioactiveArmor": "{{ModID}}_PureRadioactiveOre 10 {{ModID}}_IridiumArmor 1/hoot/{{ModID}}_RadioactiveArmor 1/false/null/{{i18n:arsenal.radioactive-armor.name}}",
        "{{ModID}}_StygiumArmor": "{{ModID}}_StygiumBar 10 {{StygiumArmorIngredient}} 1/hoot/{{ModID}}_StygiumArmor 1/false/null/{{i18n:arsenal.stygium-armor.name}}",
        "{{ModID}}_ElysiumArmor": "{{ModID}}_DuskspireHeart 1 {{ModID}}_StygiumArmor 1/hoot/{{ModID}}_ElysiumArmor 1/false/null/{{i18n:arsenal.elysium-armor.name}}",
        "{{ModID}}_Bow": "709 10/hoot/0 1/false/{{i18n: arsenal.bow.name}}",
        "{{ModID}}_Arrow": "388 1 390 1/hoot/{{ModID}}_Arrow 1/false/null",
        "{{ModID}}_FirestormArrow": "{{ModID}}_Arrow 1 93 10/hoot/{{ModID}}_FirestormArrow 1/false/null",
        "{{ModID}}_IcicleArrow": "{{ModID}}_Arrow 1 84 1/hoot/{{ModID}}_IcicleArrow 1/false/null",
        "{{ModID}}_RicochetArrow": "{{ModID}}_Arrow 1 330 1/hoot/{{ModID}}_RicochetArrow 1/false/null",
        "{{ModID}}_WindwakerArrow": "{{ModID}}_Arrow 1 444 1/hoot/{{ModID}}_WindwakerArrow 1/false/null",
        "{{ModID}}_LightbringerArrow": "{{ModID}}_Arrow 1 768 30/hoot/{{ModID}}_LightbringerArrow 1/false/null",
        "{{ModID}}_Bullet": "335 1/hoot/{{ModID}}_Bullet 3/false/null",
        "{{ModID}}_FirestormBullet": "{{ModID}}_Bullet 1 93 10/hoot/{{ModID}}_FirestormBullet 1/false/null",
        "{{ModID}}_IcicleBullet": "{{ModID}}_Bullet 1 84 1/hoot/{{ModID}}_IcicleBullet 1/false/null",
        "{{ModID}}_RicochetBullet": "{{ModID}}_Bullet 1 330 1/hoot/{{ModID}}_RicochetBullet 1/false/null/{{i18n:arsenal.ricochet-bullet.name}}",
        "{{ModID}}_WindwakerBullet": "{{ModID}}_Bullet 1 444 1/hoot/{{ModID}}_WindwakerBullet 1/false/null/{{i18n:arsenal.windwaker-bullet.name}}",
        "{{ModID}}_LightbringerBullet": "{{ModID}}_Bullet 1 768 30/hoot/{{ModID}}_LightbringerBullet 1/false/null/{{i18n:arsenal.lightbringer-bullet.name}}"
      }
    },
    // CUSTOM MINERAL CATEGORY 
    {
      "Action": "EditData",
      "Target": "spacechase0.SpaceCore/ObjectExtensionData",
      "Entries": {
        "{{ModID}}_ExquisiteEmerald": {
          "CategoryTextOverride": "{{i18n:category.raremineral}}",
          "CategoryColorOverride": {}
        },
        "{{ModID}}_ExquisiteRuby": {
          "CategoryTextOverride": "{{i18n:category.raremineral}}",
          "CategoryColorOverride": {}
        },
        "{{ModID}}_ExquisiteTopaz": {
          "CategoryTextOverride": "{{i18n:category.raremineral}}",
          "CategoryColorOverride": {}
        },
        "{{ModID}}_ExquisiteAquamarin": {
          "CategoryTextOverride": "{{i18n:category.raremineral}}",
          "CategoryColorOverride": {}
        },
        "{{ModID}}_ExquisiteAmethyst": {
          "CategoryTextOverride": "{{i18n:category.raremineral}}",
          "CategoryColorOverride": {}
        },
        "{{ModID}}_ExquisiteJade": {
          "CategoryTextOverride": "{{i18n:category.raremineral}}",
          "CategoryColorOverride": {}
        },
        "{{ModID}}_ExquisiteDiamond": {
          "CategoryTextOverride": "{{i18n:category.raremineral}}",
          "CategoryColorOverride": {}
        }
      }
    },
    //Pure Ore Smelting
    {
      "LogName": "Deep Dark Smelting",
      "Action": "EditData",
      "Target": "Data/Machines",
      "TargetField": [ "(BC)13", "OutputRules" ],
      "Entries": {
          "{{ModID}}_PureCopperOre": {
            "Triggers": [
              {
                "RequiredItemId": "(O){{ModID}}_PureCopperOre",
                "RequiredCount": 1
              }
            ],
            "OutputItem": [
              {
                "Id": "DN.SnS.PureToRegularCopperOutput",
                "ItemId": "(O)378",
                "MinStack": 3,
                "MaxStack": 5
              }
            ],
            "MinutesUntilReady": 30
          },
          "{{ModID}}_PureIronOre": {
            "Triggers": [
              {
                "RequiredItemId": "(O){{ModID}}_PureIronOre",
                "RequiredCount": 1
              }
            ],
            "OutputItem": [
              {
                "Id": "DN.SnS.PureToRegularIronOutput",
                "ItemId": "(O)380",
                "MinStack": 3,
                "MaxStack": 5
              }
            ],
            "MinutesUntilReady": 120
          },
          "{{ModID}}_PureGoldOre": {
            "Triggers": [
              {
                "RequiredItemId": "(O){{ModID}}_PureGoldOre",
                "RequiredCount": 1
              }
            ],
            "OutputItem": [
              {
                "Id": "DN.SnS.PureToRegularGoldOutput",
                "ItemId": "(O)384",
                "MinStack": 3,
                "MaxStack": 5
              }
            ],
            "MinutesUntilReady": 300
          },
          "{{ModID}}_PureIridiumOre": {
            "Triggers": [
              {
                "RequiredItemId": "(O){{ModID}}_PureIridiumOre",
                "RequiredCount": 1
              }
            ],
            "OutputItem": [
              {
                "Id": "DN.SnS.PureToRegularIriOutput",
                "ItemId": "(O)386",
                "MinStack": 3,
                "MaxStack": 5
              }
            ],
            "MinutesUntilReady": 480
          },
          "{{ModID}}_PureRadioactiveOre": {
            "Triggers": [
              {
                "RequiredItemId": "(O){{ModID}}_PureRadioactiveOre",
                "RequiredCount": 1
              }
            ],
            "OutputItem": [
              {
                "Id": "DN.SnS.PureToRegularRadioOutput",
                "ItemId": "(O)909",
                "MinStack": 3,
                "MaxStack": 5
              }
            ],
            "MinutesUntilReady": 560
          }
      }
  },
  //Heavy Furnace
  {
    "LogName": "Pure Ore Heavy Furnace",
    "Action": "EditData",
    "Target": "Data/Machines",
    "TargetField": [ "(BC)HeavyFurnace", "OutputRules" ],
    "Entries": {
        "{{ModID}}_PureCopperOre": {
          "Triggers": [
            {
              "RequiredItemId": "(O){{ModID}}_PureCopperOre",
              "RequiredCount": 25
            }
          ],
          "OutputItem": [
            {
              "Id": "DN.SnS.PureCopper.HeavyFurnace",
              "ItemId": "(O)378",
              "MinStack": 75,
              "MaxStack": 130
            }
          ],
          "MinutesUntilReady": 30
        },
        "{{ModID}}_PureIronOre": {
          "Triggers": [
            {
              "RequiredItemId": "(O){{ModID}}_PureIronOre",
              "RequiredCount": 25
            }
          ],
          "OutputItem": [
            {
              "Id": "DN.SnS.PureIron.HeavyFurnace",
              "ItemId": "(O)380",
              "MinStack": 75,
              "MaxStack": 130
            }
          ],
          "MinutesUntilReady": 120
        },
        "{{ModID}}_PureGoldOre": {
          "Triggers": [
            {
              "RequiredItemId": "(O){{ModID}}_PureGoldOre",
              "RequiredCount": 25
            }
          ],
          "OutputItem": [
            {
              "Id": "DN.SnS.PureGold.HeavyFurnace",
              "ItemId": "(O)384",
              "MinStack": 75,
              "MaxStack": 130
            }
          ],
          "MinutesUntilReady": 300
        },
        "{{ModID}}_PureIridiumOre": {
          "Triggers": [
            {
              "RequiredItemId": "(O){{ModID}}_PureIridiumOre",
              "RequiredCount": 25
            }
          ],
          "OutputItem": [
            {
              "Id": "DN.SnS.PureIridium.HeavyFurnace",
              "ItemId": "(O)386",
              "MinStack": 75,
              "MaxStack": 130
            }
          ],
          "MinutesUntilReady": 480
        },
        "{{ModID}}_PureRadioactiveOre": {
          "Triggers": [
            {
              "RequiredItemId": "(O){{ModID}}_PureRadioactiveOre",
              "RequiredCount": 25
            }
          ],
          "OutputItem": [
            {
              "Id": "DN.SnS.PureRadioactive.HeavyFurnace",
              "ItemId": "(O)909",
              "MinStack": 75,
              "MaxStack": 130
            }
          ],
          "MinutesUntilReady": 560
        }
      }
    }
  ]
}