{
  "Changes": [

  // BOOKS
  {
    "Action": "EditData",
    "Target": "Data/Objects",
    "Entries": {
      "{{ModID}}_artificerbook": {
        "Name": "{{ModID}}_artificerbook",
        "DisplayName": "{{i18n: magicitem.artificerbook.name}}",
        "Description": "{{i18n: magicitem.artificerbook.description}}",
        "Type": "asdf",
        "Category": "{{ArtificerBookCat}}",
        "Price": 500,
        "Edibility": -300,
        "IsDrink": false,
        "ExcludeFromShippingCollection": true,
        "Texture": "Textures/DN.SnS/SnSBooks",
        "SpriteIndex": "{{ArtificerBookSpriteIndex}}",
        "ContextTags": [
          "book_item",
          "DestyNova.SwordAndSorcery.Rogue"
        ]
      },

      "{{ModID}}_druidbook": {
        "Name": "{{ModID}}_druidbook",
        "DisplayName": "{{i18n: magicitem.druidbook.name}}",
        "Description": "{{i18n: magicitem.druidbook.description}}",
        "Type": "asdf",
        "Category": "{{DruidBookCat}}",
        "Price": 500,
        "Edibility": -300,
        "IsDrink": false,
        "ExcludeFromShippingCollection": true,
        "Texture": "Textures/DN.SnS/SnSBooks",
        "SpriteIndex": "{{DruidBookSpriteIndex}}",
        "ContextTags": [
          "book_item",
          "DestyNova.SwordAndSorcery.Druidics"
        ]
      },

      "{{ModID}}_bardbook": {
        "Name": "{{ModID}}_bardbook",
        "DisplayName": "{{i18n: magicitem.bardbook.name}}",
        "Description": "{{i18n: magicitem.bardbook.description}}",
        "Type": "asdf",
        "Category": "{{BardBookCat}}",
        "Price": 500,
        "Edibility": -300,
        "IsDrink": false,
        "ExcludeFromShippingCollection": true,
        "Texture": "Textures/DN.SnS/SnSBooks",
        "SpriteIndex": "{{BardBookSpriteIndex}}",
        "ContextTags": [
          "book_item",
          "DestyNova.SwordAndSorcery.Bardics"
        ]
      },

      "{{ModID}}_sorcerybook": {
        "Name": "{{ModID}}_sorcerybook",
        "DisplayName": "{{i18n: magicitem.sorcerybook.name}}",
        "Description": "{{i18n: magicitem.sorcerybook.description}}",
        "Type": "asdf",
        "Category": "{{SorceryBookCat}}",
        "Price": 500,
        "Edibility": -300,
        "IsDrink": false,
        "ExcludeFromShippingCollection": true,
        "Texture": "Textures/DN.SnS/SnSBooks",
        "SpriteIndex": "{{SorcererBookSpriteIndex}}",
        "ContextTags": [
          "book_item",
          "DestyNova.SwordAndSorcery.Witchcraft"
        ]
      },

      "{{ModID}}_paladinbook": {
        "Name": "{{ModID}}_paladinbook",
        "DisplayName": "{{i18n: magicitem.paladinbook.name}}",
        "Description": "{{i18n: magicitem.paladinbook.description}}",
        "Type": "asdf",
        "Category": "{{PaladinBookCat}}",
        "Price": 500,
        "Edibility": -300,
        "IsDrink": false,
        "ExcludeFromShippingCollection": true,
        "Texture": "Textures/DN.SnS/SnSBooks",
        "SpriteIndex": "{{PaladinBookSpriteIndex}}",
        "ContextTags": [
          "book_item",
          "DestyNova.SwordAndSorcery.Paladin"
        ]
      }
    }
  },
  // SHOP ENTRIES
  // ARTIFICER 
  {
    "LogName": "Artificer skill book shop entry (1)",
    "Action": "EditData",
    "Target": "Data/Shops",
    "TargetField": [
      "Bookseller",
      "Items",
      "RandomSkillBook1",
      "RandomItemId"
    ],
    "Entries": {
      "ID": "(O){{ModID}}_artificerbook"
    },
    "When": {
      "HasSeenEvent": "SnS.Ch1.Mateo.18"
    }
  },
  {
    "LogName": "Artificer skill book shop entry (2)",
    "Action": "EditData",
    "Target": "Data/Shops",
    "TargetField": [
      "Bookseller",
      "Items",
      "RandomSkillBook2",
      "RandomItemId"
    ],
    "Entries": {
      "ID": "(O){{ModID}}_artificerbook"
    },
    "When": {
      "HasSeenEvent": "SnS.Ch1.Mateo.18"
    }
  },
  {
    "LogName": "Artificer skill book shop entry (3)",
    "Action": "EditData",
    "Target": "Data/Shops",
    "TargetField": [
      "Bookseller",
      "Items",
      "RandomSkillBook3",
      "RandomItemId"
    ],
    "Entries": {
      "ID": "(O){{ModID}}_artificerbook"
    },
    "When": {
      "HasSeenEvent": "SnS.Ch1.Mateo.18"
    }
  },
  // DRUID
  {
    "LogName": "Druid skill book shop entry (1)",
    "Action": "EditData",
    "Target": "Data/Shops",
    "TargetField": [
      "Bookseller",
      "Items",
      "RandomSkillBook1",
      "RandomItemId"
    ],
    "Entries": {
      "ID": "(O){{ModID}}_druidbook"
    },
    "When": {
      "HasSeenEvent": "SnS.Ch2.Hector.16"
    }
  },
  {
    "LogName": "Druid skill book shop entry (2)",
    "Action": "EditData",
    "Target": "Data/Shops",
    "TargetField": [
      "Bookseller",
      "Items",
      "RandomSkillBook2",
      "RandomItemId"
    ],
    "Entries": {
      "ID": "(O){{ModID}}_druidbook"
    },
    "When": {
      "HasSeenEvent": "SnS.Ch2.Hector.16"
    }
  },
  {
    "LogName": "Druid skill book shop entry (3)",
    "Action": "EditData",
    "Target": "Data/Shops",
    "TargetField": [
      "Bookseller",
      "Items",
      "RandomSkillBook3",
      "RandomItemId"
    ],
    "Entries": {
      "ID": "(O){{ModID}}_druidbook"
    },
    "When": {
      "HasSeenEvent": "SnS.Ch2.Hector.16"
    }
  },
  // BARD
  {
    "LogName": "Bard skill book shop entry (1)",
    "Action": "EditData",
    "Target": "Data/Shops",
    "TargetField": [
      "Bookseller",
      "Items",
      "RandomSkillBook1",
      "RandomItemId"
    ],
    "Entries": {
      "ID": "(O){{ModID}}_bardbook"
    },
    "When": {
      "HasSeenEvent": "SnS.Ch3.Cirrus.14"
    }
  },
  {
    "LogName": "Bard skill book shop entry (2)",
    "Action": "EditData",
    "Target": "Data/Shops",
    "TargetField": [
      "Bookseller",
      "Items",
      "RandomSkillBook2",
      "RandomItemId"
    ],
    "Entries": {
      "ID": "(O){{ModID}}_bardbook"
    },
    "When": {
      "HasSeenEvent": "SnS.Ch3.Cirrus.14"
    }
  },
  {
    "LogName": "Bard skill book shop entry (3)",
    "Action": "EditData",
    "Target": "Data/Shops",
    "TargetField": [
      "Bookseller",
      "Items",
      "RandomSkillBook3",
      "RandomItemId"
    ],
    "Entries": {
      "ID": "(O){{ModID}}_bardbook"
    },
    "When": {
      "HasSeenEvent": "SnS.Ch3.Cirrus.14"
    }
  },
  // SORCERER
  {
    "LogName": "Sorcerer skill book shop entry (1)",
    "Action": "EditData",
    "Target": "Data/Shops",
    "TargetField": [
      "Bookseller",
      "Items",
      "RandomSkillBook1",
      "RandomItemId"
    ],
    "Entries": {
      "ID": "(O){{ModID}}_sorcerybook"
    },
    "When": {
      "HasSeenEvent": "SnS.Ch4.Dandelion.6"
    }
  },
  {
    "LogName": "Sorcerer skill book shop entry (2)",
    "Action": "EditData",
    "Target": "Data/Shops",
    "TargetField": [
      "Bookseller",
      "Items",
      "RandomSkillBook2",
      "RandomItemId"
    ],
    "Entries": {
      "ID": "(O){{ModID}}_sorcerybook"
    },
    "When": {
      "HasSeenEvent": "SnS.Ch4.Dandelion.6"
    }
  },
  {
    "LogName": "Sorcerer skill book shop entry (3)",
    "Action": "EditData",
    "Target": "Data/Shops",
    "TargetField": [
      "Bookseller",
      "Items",
      "RandomSkillBook3",
      "RandomItemId"
    ],
    "Entries": {
      "ID": "(O){{ModID}}_sorcerybook"
    },
    "When": {
      "HasSeenEvent": "SnS.Ch4.Dandelion.6"
    }
  },
  // PALADIN
  {
    "LogName": "Paladin skill book shop entry (1)",
    "Action": "EditData",
    "Target": "Data/Shops",
    "TargetField": [
      "Bookseller",
      "Items",
      "RandomSkillBook1",
      "RandomItemId"
    ],
    "Entries": {
      "ID": "(O){{ModID}}_paladinbook"
    },
      "When": { "KCC.SnS/PaladinUnlocked": true }
  },
  {
    "LogName": "Paladin skill book shop entry (2)",
    "Action": "EditData",
    "Target": "Data/Shops",
    "TargetField": [
      "Bookseller",
      "Items",
      "RandomSkillBook2",
      "RandomItemId"
    ],
    "Entries": {
      "ID": "(O){{ModID}}_paladinbook"
    },
    "When": { "KCC.SnS/PaladinUnlocked": true }
  },
  {
    "LogName": "Paladin skill book shop entry (3)",
    "Action": "EditData",
    "Target": "Data/Shops",
    "TargetField": [
      "Bookseller",
      "Items",
      "RandomSkillBook3",
      "RandomItemId"
    ],
    "Entries": {
      "ID": "(O){{ModID}}_paladinbook"
    },
    "When": { "KCC.SnS/PaladinUnlocked": true }
  }
]
}