{
  "Changes": [
    // Stops other mods from accessing this data early...
    {
      "Action": "EditData",
      "Target": "Data/Objects",
      "Entries": {
        "{{ModID}}_mushroom1": {
          "Name": "{{ModID}}_mushroom1",
          "DisplayName": "{{i18n: forage.mushroom1.name}}",
          "Description": "{{i18n: forage.mushroom.description}}",
          "Type": "Basic",
          "Category": 0,
          "Price": 200,
          "Edibility": -200,
          "IsDrink": false,
          "ExcludeFromShippingCollection": "{{ExcludeFromPerfection}}",
          "Texture": "Textures/DN.SnS/SnSObjects",
          "SpriteIndex": 110
        },

        "{{ModID}}_mushroom2": {
          "Name": "{{ModID}}_mushroom2",
          "DisplayName": "{{i18n: forage.mushroom2.name}}",
          "Description": "{{i18n: forage.mushroom.description}}",
          "Type": "Basic",
          "Category": 0,
          "Price": 200,
          "Edibility": -200,
          "IsDrink": false,
          "ExcludeFromShippingCollection": "{{ExcludeFromPerfection}}",
          "Texture": "Textures/DN.SnS/SnSObjects",
          "SpriteIndex": 111
        },

        "{{ModID}}_mushroom3": {
          "Name": "{{ModID}}_mushroom3",
          "DisplayName": "{{i18n: forage.mushroom3.name}}",
          "Description": "{{i18n: forage.mushroom.description}}",
          "Type": "Basic",
          "Category": 0,
          "Price": 200,
          "Edibility": -200,
          "IsDrink": false,
          "ExcludeFromShippingCollection": "{{ExcludeFromPerfection}}",
          "Texture": "Textures/DN.SnS/SnSObjects",
          "SpriteIndex": 112
        },

        "{{ModID}}_mushroom4": {
          "Name": "{{ModID}}_mushroom4",
          "DisplayName": "{{i18n: forage.mushroom4.name}}",
          "Description": "{{i18n: forage.mushroom.description}}",
          "Type": "Basic",
          "Category": 0,
          "Price": 200,
          "Edibility": -200,
          "IsDrink": false,
          "ExcludeFromShippingCollection": "{{ExcludeFromPerfection}}",
          "Texture": "Textures/DN.SnS/SnSObjects",
          "SpriteIndex": 113
        },

        "{{ModID}}_taintedcrocus": {
          "Name": "{{ModID}}_taintedcrocus",
          "DisplayName": "{{i18n: forage.taintedcrocus.name}}",
          "Description": "{{i18n: forage.taintedcrocus.description}}",
          "Type": "Basic",
          "Category": 0,
          "Price": 200,
          "Edibility": 15,
          "IsDrink": false,
          "ExcludeFromShippingCollection": "{{ExcludeFromPerfection}}",
          "Texture": "Textures/DN.SnS/SnSObjects",
          "SpriteIndex": 115
        },

        "{{ModID}}_taintedcorn": {
          "Name": "{{ModID}}_taintedcorn",
          "DisplayName": "{{i18n: forage.taintedcorn.name}}",
          "Description": "{{i18n: forage.taintedcorn.description}}",
          "Type": "Basic",
          "Category": 0,
          "Price": 200,
          "Edibility": 15,
          "IsDrink": false,
          "ExcludeFromShippingCollection": "{{ExcludeFromPerfection}}",
          "Texture": "Textures/DN.SnS/SnSObjects",
          "SpriteIndex": 117
        },

        "{{ModID}}_taintedgrasses": {
          "Name": "{{ModID}}_taintedgrasses",
          "DisplayName": "{{i18n: forage.taintedgrasses.name}}",
          "Description": "{{i18n: forage.taintedgrasses.description}}",
          "Type": "Basic",
          "Category": 0,
          "Price": 200,
          "Edibility": 15,
          "IsDrink": false,
          "ExcludeFromShippingCollection": "{{ExcludeFromPerfection}}",
          "Texture": "Textures/DN.SnS/SnSObjects",
          "SpriteIndex": 116
        },

        "{{ModID}}_mushroomtreeseed": {
          "Name": "{{ModID}}_mushroomtreeseed",
          "DisplayName": "{{i18n: food.mushroomtreeseed.name}}",
          "Description": "{{i18n: food.mushroomtreeseed.description}}",
          "Type": "Basic",
          "Category": 0,
          "Price": 100,
          "Edibility": 250,
          "IsDrink": false,
          "ExcludeFromShippingCollection": "{{ExcludeFromPerfection}}",
          "Texture": "Textures/DN.SnS/SnSObjects",
          "SpriteIndex": 114
        }
      }
    },
    {
      "Action": "EditData",
      "Target": "Data/Objects",
      "Entries": {
        "{{ModID}}_mushroom1": {
          "Name": "{{ModID}}_mushroom1",
          "DisplayName": "{{i18n: forage.mushroom1.name}}",
          "Description": "{{i18n: forage.mushroom.description}}",
          "Type": "Forage",
          "Category": -81,
          "Price": 200,
          "Edibility": -200,
          "IsDrink": false,
          "ExcludeFromShippingCollection": "{{ExcludeFromPerfection}}",
          "Texture": "Textures/DN.SnS/SnSObjects",
          "SpriteIndex": 110,
          "ContextTags": [
            "color_dark_blue",
            "forage_item_cave",
            "seedmaker_banned",
            "vpp_forageThrowGame_banned",
            "Kedi_VPP_Poisonous_Mushroom"
          ]
        },

        "{{ModID}}_mushroom2": {
          "Name": "{{ModID}}_mushroom2",
          "DisplayName": "{{i18n: forage.mushroom2.name}}",
          "Description": "{{i18n: forage.mushroom.description}}",
          "Type": "Forage",
          "Category": -81,
          "Price": 200,
          "Edibility": -200,
          "IsDrink": false,
          "ExcludeFromShippingCollection": "{{ExcludeFromPerfection}}",
          "Texture": "Textures/DN.SnS/SnSObjects",
          "SpriteIndex": 111,
          "ContextTags": [
            "color_dark_blue",
            "forage_item_cave",
            "seedmaker_banned",
            "vpp_forageThrowGame_banned",
            "Kedi_VPP_Poisonous_Mushroom"
          ]
        },

        "{{ModID}}_mushroom3": {
          "Name": "{{ModID}}_mushroom3",
          "DisplayName": "{{i18n: forage.mushroom3.name}}",
          "Description": "{{i18n: forage.mushroom.description}}",
          "Type": "Forage",
          "Category": -81,
          "Price": 200,
          "Edibility": -200,
          "IsDrink": false,
          "ExcludeFromShippingCollection": "{{ExcludeFromPerfection}}",
          "Texture": "Textures/DN.SnS/SnSObjects",
          "SpriteIndex": 112,
          "ContextTags": [
            "color_dark_blue",
            "forage_item_cave",
            "seedmaker_banned",
            "vpp_forageThrowGame_banned",
            "Kedi_VPP_Poisonous_Mushroom"          
          ]
        },

        "{{ModID}}_mushroom4": {
          "Name": "{{ModID}}_mushroom4",
          "DisplayName": "{{i18n: forage.mushroom4.name}}",
          "Description": "{{i18n: forage.mushroom.description}}",
          "Type": "Forage",
          "Category": -81,
          "Price": 200,
          "Edibility": -200,
          "IsDrink": false,
          "ExcludeFromShippingCollection": "{{ExcludeFromPerfection}}",
          "Texture": "Textures/DN.SnS/SnSObjects",
          "SpriteIndex": 113,
          "ContextTags": [
            "color_dark_blue",
            "forage_item_cave",
            "seedmaker_banned",
            "vpp_forageThrowGame_banned",
            "Kedi_VPP_Poisonous_Mushroom"
          ]
        },

        "{{ModID}}_taintedcrocus": {
          "Name": "{{ModID}}_taintedcrocus",
          "DisplayName": "{{i18n: forage.taintedcrocus.name}}",
          "Description": "{{i18n: forage.taintedcrocus.description}}",
          "Type": "Forage",
          "Category": -81,
          "Price": 200,
          "Edibility": 15,
          "IsDrink": false,
          "ExcludeFromShippingCollection": "{{ExcludeFromPerfection}}",
          "Texture": "Textures/DN.SnS/SnSObjects",
          "SpriteIndex": 115,
          "ContextTags": [
            "color_dark_blue",
            "forage_item_cave",
            "seedmaker_banned",
            "vpp_forageThrowGame_banned"
          ]
        },

        "{{ModID}}_taintedcorn": {
          "Name": "{{ModID}}_taintedcorn",
          "DisplayName": "{{i18n: forage.taintedcorn.name}}",
          "Description": "{{i18n: forage.taintedcorn.description}}",
          "Type": "Forage",
          "Category": -81,
          "Price": 200,
          "Edibility": 15,
          "IsDrink": false,
          "ExcludeFromShippingCollection": "{{ExcludeFromPerfection}}",
          "Texture": "Textures/DN.SnS/SnSObjects",
          "SpriteIndex": 117,
          "ContextTags": [
            "color_dark_blue",
            "forage_item_cave",
            "seedmaker_banned",
            "vpp_forageThrowGame_banned"
          ]
        },

        "{{ModID}}_taintedgrasses": {
          "Name": "{{ModID}}_taintedgrasses",
          "DisplayName": "{{i18n: forage.taintedgrasses.name}}",
          "Description": "{{i18n: forage.taintedgrasses.description}}",
          "Type": "Forage",
          "Category": -81,
          "Price": 200,
          "Edibility": 15,
          "IsDrink": false,
          "ExcludeFromShippingCollection": "{{ExcludeFromPerfection}}",
          "Texture": "Textures/DN.SnS/SnSObjects",
          "SpriteIndex": 116,
          "ContextTags": [
            "color_dark_blue",
            "forage_item_cave",
            "seedmaker_banned",
            "vpp_forageThrowGame_banned"
          ]
        },

        "{{ModID}}_mushroomtreeseed": {
          "Name": "{{ModID}}_mushroomtreeseed",
          "DisplayName": "{{i18n: food.mushroomtreeseed.name}}",
          "Description": "{{i18n: food.mushroomtreeseed.description}}",
          "Type": "Crafting",
          "Category": -74,
          "Price": 100,
          "Edibility": -300,
          "IsDrink": false,
          "ExcludeFromShippingCollection": "{{ExcludeFromPerfection}}",
          "Texture": "Textures/DN.SnS/SnSObjects",
          "SpriteIndex": 114
        }
      },
      "When": { "HasSeenEvent": "SnS.Ch4.Dandelion.7" }
    },
    {
      "Action": "EditData",
      "Target": "Data/CraftingRecipes",
      "Entries": {
        "{{ModID}}_farafieldsnack": "{{ModID}}_taintedcrocus 1 {{ModID}}_taintedcorn 1 {{ModID}}_taintedgrasses 1/what is this for?/{{ModID}}_farafieldsnack 1/false/{{i18n:food.farafieldsnack.name}}",
        "{{ModID}}_mushroomtreeseed": "{{ModID}}_mushroom1 3 {{ModID}}_mushroom2 3 {{ModID}}_mushroom3 3 {{ModID}}_mushroom4 3/what is this for?/{{ModID}}_mushroomtreeseed 1/false/{{i18n:food.mushroomtreeseed.name}}"
      }
    },
    {
    "Action": "EditData",
    "Target": "Data/WildTrees",
    "Entries": {
    "{{ModID}}_stygiummushroomtree": {
      "Textures": [
        {
          "Condition": null,
          "Season": null,
          "Texture": "Textures/DN.SnS/SnSMushroomTree"
        }
      ],
      "SeedItemId": "(O){{ModID}}_mushroomtreeseed",
      "SeedPlantable": true,
      "GrowthChance": 0.2,
      "FertilizedGrowthChance": 1.0,
      "SeedSpreadChance": 0.15,
      "SeedOnShakeChance": 0.75,
      "SeedOnChopChance": 0.75,
      "DropWoodOnChop": false,
      "DropHardwoodOnLumberChop": false,
      "IsLeafy": false,
      "IsLeafyInWinter": false,
      "IsLeafyInFall": true,
      "PlantableLocationRules": null,
      "GrowsInWinter": false,
      "IsStumpDuringWinter": true,
      "AllowWoodpeckers": true,
      "UseAlternateSpriteWhenNotShaken": false,
      "UseAlternateSpriteWhenSeedReady": false,
      "DebrisColor": "White",
      "SeedDropItems": null,
      "ChopItems": [
        {
          "MinSize": 5,
          "ForStump": false,
          "Season": null,
          "Chance": 1.0,
          "Condition": null,
          "Id": "FromTaintedMushroom1",
          "ItemId": "(O){{ModID}}_mushroom1",
          "RandomItemId": null,
          "MaxItems": null,
          "MinStack": 1,
          "MaxStack": -1,
          "Quality": -1,
          "ObjectInternalName": null,
          "ObjectDisplayName": null,
          "ToolUpgradeLevel": -1,
          "IsRecipe": false,
          "StackModifiers": null,
          "StackModifierMode": 0,
          "QualityModifiers": null,
          "QualityModifierMode": 0,
          "ModData": null,
          "PerItemCondition": null
        },
        {
          "MinSize": 5,
          "ForStump": false,
          "Season": null,
          "Chance": 1.0,
          "Condition": null,
          "Id": "FromTaintedMushroom2",
          "ItemId": "(O){{ModID}}_mushroom2",
          "RandomItemId": null,
          "MaxItems": null,
          "MinStack": 1,
          "MaxStack": -1,
          "Quality": -1,
          "ObjectInternalName": null,
          "ObjectDisplayName": null,
          "ToolUpgradeLevel": -1,
          "IsRecipe": false,
          "StackModifiers": null,
          "StackModifierMode": 0,
          "QualityModifiers": null,
          "QualityModifierMode": 0,
          "ModData": null,
          "PerItemCondition": null
        },
        {
          "MinSize": 5,
          "ForStump": false,
          "Season": null,
          "Chance": 1.0,
          "Condition": null,
          "Id": "FromTaintedMushroom3",
          "ItemId": "(O){{ModID}}_mushroom3",
          "RandomItemId": null,
          "MaxItems": null,
          "MinStack": 1,
          "MaxStack": -1,
          "Quality": -1,
          "ObjectInternalName": null,
          "ObjectDisplayName": null,
          "ToolUpgradeLevel": -1,
          "IsRecipe": false,
          "StackModifiers": null,
          "StackModifierMode": 0,
          "QualityModifiers": null,
          "QualityModifierMode": 0,
          "ModData": null,
          "PerItemCondition": null
        },
        {
          "MinSize": 5,
          "ForStump": false,
          "Season": null,
          "Chance": 1.0,
          "Condition": null,
          "Id": "FromTaintedMushroom4",
          "ItemId": "(O){{ModID}}_mushroom4",
          "RandomItemId": null,
          "MaxItems": null,
          "MinStack": 1,
          "MaxStack": -1,
          "Quality": -1,
          "ObjectInternalName": null,
          "ObjectDisplayName": null,
          "ToolUpgradeLevel": -1,
          "IsRecipe": false,
          "StackModifiers": null,
          "StackModifierMode": 0,
          "QualityModifiers": null,
          "QualityModifierMode": 0,
          "ModData": null,
          "PerItemCondition": null
        }
      ],
      "TapItems": [
        {
          "PreviousItemId": [
            ""
          ],
          "DaysUntilReady": 1,
          "DaysUntilReadyModifiers": null,
          "DaysUntilReadyModifierMode": 0,
          "Season": 2,
          "Chance": 0.25,
          "Condition": null,
          "Id": "FromTaintedMushroom1",
          "ItemId": "(O){{ModID}}_mushroom1",
          "RandomItemId": null,
          "MaxItems": null,
          "MinStack": 1,
          "MaxStack": -1,
          "Quality": -1,
          "ObjectInternalName": null,
          "ObjectDisplayName": null,
          "ToolUpgradeLevel": -1,
          "IsRecipe": false,
          "StackModifiers": null,
          "StackModifierMode": 0,
          "QualityModifiers": null,
          "QualityModifierMode": 0,
          "ModData": null,
          "PerItemCondition": null
        },
        {
          "PreviousItemId": [
            ""
          ],
          "DaysUntilReady": 1,
          "DaysUntilReadyModifiers": null,
          "DaysUntilReadyModifierMode": 0,
          "Season": 2,
          "Chance": 0.25,
          "Condition": null,
          "Id": "FromTaintedMushroom2",
          "ItemId": "(O){{ModID}}_mushroom2",
          "RandomItemId": null,
          "MaxItems": null,
          "MinStack": 1,
          "MaxStack": -1,
          "Quality": -1,
          "ObjectInternalName": null,
          "ObjectDisplayName": null,
          "ToolUpgradeLevel": -1,
          "IsRecipe": false,
          "StackModifiers": null,
          "StackModifierMode": 0,
          "QualityModifiers": null,
          "QualityModifierMode": 0,
          "ModData": null,
          "PerItemCondition": null
        },
        {
          "PreviousItemId": [
            ""
          ],
          "DaysUntilReady": 1,
          "DaysUntilReadyModifiers": null,
          "DaysUntilReadyModifierMode": 0,
          "Season": 2,
          "Chance": 0.25,
          "Condition": null,
          "Id": "FromTaintedMushroom3",
          "ItemId": "(O){{ModID}}_mushroom3",
          "RandomItemId": null,
          "MaxItems": null,
          "MinStack": 1,
          "MaxStack": -1,
          "Quality": -1,
          "ObjectInternalName": null,
          "ObjectDisplayName": null,
          "ToolUpgradeLevel": -1,
          "IsRecipe": false,
          "StackModifiers": null,
          "StackModifierMode": 0,
          "QualityModifiers": null,
          "QualityModifierMode": 0,
          "ModData": null,
          "PerItemCondition": null
        },
        {
          "PreviousItemId": [
            ""
          ],
          "DaysUntilReady": 1,
          "DaysUntilReadyModifiers": null,
          "DaysUntilReadyModifierMode": 0,
          "Season": 2,
          "Chance": 0.25,
          "Condition": null,
          "Id": "FromTaintedMushroom4",
          "ItemId": "(O){{ModID}}_mushroom4",
          "RandomItemId": null,
          "MaxItems": null,
          "MinStack": 1,
          "MaxStack": -1,
          "Quality": -1,
          "ObjectInternalName": null,
          "ObjectDisplayName": null,
          "ToolUpgradeLevel": -1,
          "IsRecipe": false,
          "StackModifiers": null,
          "StackModifierMode": 0,
          "QualityModifiers": null,
          "QualityModifierMode": 0,
          "ModData": null,
          "PerItemCondition": null
        }
      ],
      "ShakeItems": null,
      "CustomFields": null,
      "GrowsMoss": false
    }
  },
  "When": { "HasSeenEvent": "SnS.Ch4.Dandelion.7" }
}
]
}