{
  "Changes": [
    {
      "LogName": "Sword & Shield (S&S hahaha)",
      "Action": "EditData",
      "Target": "Data/Weapons",
      "Entries": {
        //SWORDS
        "{{ModID}}_keytoscarp": {
          "Name": "{{ModID}}_keytoscarp",
          "DisplayName": "{{i18n: weapon.keytoscarp.name}}",
          "Description": "{{i18n: weapon.keytoscarp.description}}",
          "MinDamage": 70,
          "MaxDamage": 100,
          "Knockback": 1,
          "Speed": 4,
          "Precision": 90,
          "Defense": 2,
          "CritChance": 0.07,
          "CritMultiplier": 3.0,
          "Type": 3,
          "Texture": "Textures/DN.SnS/SnSObjects",
          "SpriteIndex": 21,
          "CanBeLostOnDeath": false,
          "Price": "30000"
        },
        "{{ModID}}_twobecomeone": {
          "Name": "{{ModID}}_twobecomeone",
          "DisplayName": "{{i18n: weapon.twobecomeone.name}}",
          "Description": "{{i18n: weapon.twobecomeone.description}}",
          "MinDamage": 100,
          "MaxDamage": 130,
          "Knockback": 1,
          "Speed": 6,
          "Precision": 100,
          "Defense": 3,
          "CritChance": 0.07,
          "CritMultiplier": 3.0,
          "Type": 3,
          "Texture": "Textures/DN.SnS/SnSObjects",
          "SpriteIndex": 22,
          "CanBeLostOnDeath": false,
          "Price": "60000"
        },
        "{{ModID}}_savethequeen": {
          "Name": "{{ModID}}_savethequeen",
          "DisplayName": "{{i18n: weapon.savethequeen.name}}",
          "Description": "{{i18n: weapon.savethequeen.description}}",
          "MinDamage": 60,
          "MaxDamage": 90,
          "Knockback": 0.5,
          "Speed": 8,
          "Precision": 100,
          "Defense": 1,
          "CritChance": 0.1,
          "CritMultiplier": 3.0,
          "Type": 1,
          "Texture": "Textures/DN.SnS/SnSObjects",
          "SpriteIndex": 23,
          "CanBeLostOnDeath": false,
          "Price": "25000"
        },
        "{{ModID}}_oathkeeper": {
          "Name": "{{ModID}}_oathkeeper",
          "DisplayName": "{{i18n: weapon.oathkeeper.name}}",
          "Description": "{{i18n: weapon.oathkeeper.description}}",
          "MinDamage": 80,
          "MaxDamage": 110,
          "Knockback": 0.5,
          "Speed": 10,
          "Precision": 100,
          "Defense": 2,
          "CritChance": 0.1,
          "CritMultiplier": 4.0,
          "Type": 1,
          "Texture": "Textures/DN.SnS/SnSObjects",
          "SpriteIndex": 24,
          "CanBeLostOnDeath": false,
          "Price": "50000"
        },
        "{{ModID}}_savetheking": {
          "Name": "{{ModID}}_savetheking",
          "DisplayName": "{{i18n: weapon.savetheking.name}}",
          "Description": "{{i18n: weapon.savetheking.description}}",
          "MinDamage": 100,
          "MaxDamage": 130,
          "Knockback": 2,
          "Speed": 2,
          "Precision": 80,
          "Defense": 3,
          "CritChance": 0.03,
          "CritMultiplier": 3.0,
          "Type": 2,
          "Texture": "Textures/DN.SnS/SnSObjects",
          "SpriteIndex": 25,
          "CanBeLostOnDeath": false,
          "Price": "25000"
        },
        "{{ModID}}_waytothedawn": {
          "Name": "{{ModID}}_waytothedawn",
          "DisplayName": "{{i18n: weapon.waytothedawn.name}}",
          "Description": "{{i18n: weapon.waytothedawn.description}}",
          "MinDamage": 130,
          "MaxDamage": 160,
          "Knockback": 2,
          "Speed": 4,
          "Precision": 90,
          "Defense": 4,
          "CritChance": 0.03,
          "CritMultiplier": 3.0,
          "Type": 2,
          "Texture": "Textures/DN.SnS/SnSObjects",
          "SpriteIndex": 26,
          "CanBeLostOnDeath": false,
          "Price": "50000"
        },
        "{{ModID}}_eldadagordagger": {
          "Name": "{{ModID}}_eldadagordagger",
          "DisplayName": "{{i18n: weapon.eldadagordagger.name}}",
          "Description": "{{i18n: weapon.eldadagordagger.description}}",
          "MinDamage": 30,
          "MaxDamage": 50,
          "Knockback": 1,
          "Speed": 2,
          "Precision": 70,
          "Defense": 2,
          "CritChance": 0.02,
          "CritMultiplier": 2.0,
          "Type": 2,
          "Texture": "Textures/DN.SnS/SnSObjects",
          "SpriteIndex": 34,
          "MineBaseLevel": 60,
          "MineMinLevel": 60,
          "CanBeLostOnDeath": true,
          "Price": "5000"
        },
        "{{ModID}}_glaewndilsword": {
          "Name": "{{ModID}}_glaewndilsword",
          "DisplayName": "{{i18n: weapon.glaewndilsword.name}}",
          "Description": "{{i18n: weapon.glaewndilsword.description}}",
          "MinDamage": 40,
          "MaxDamage": 60,
          "Knockback": 1,
          "Speed": 2,
          "Precision": 90,
          "Defense": 2,
          "CritChance": 0.02,
          "CritMultiplier": 3.0,
          "Type": 2,
          "Texture": "Textures/DN.SnS/SnSObjects",
          "SpriteIndex": 35,
          "MineBaseLevel": 60,
          "MineMinLevel": 60,
          "CanBeLostOnDeath": true,
          "Price": "5000"
        },
        "{{ModID}}_thondrondhammer": {
          "Name": "{{ModID}}_thondrondhammer",
          "DisplayName": "{{i18n: weapon.thondrondhammer.name}}",
          "Description": "{{i18n: weapon.thondrondhammer.description}}",
          "MinDamage": 50,
          "MaxDamage": 70,
          "Knockback": 1,
          "Speed": -1,
          "Precision": 50,
          "Defense": 3,
          "CritChance": 0.03,
          "CritMultiplier": 3.0,
          "Type": 2,
          "Texture": "Textures/DN.SnS/SnSObjects",
          "SpriteIndex": 36,
          "MineBaseLevel": 60,
          "MineMinLevel": 60,
          "CanBeLostOnDeath": true,
          "Price": "5000"
        },
        "{{ModID}}_longlivetheking": {
          "Name": "{{ModID}}_longlivetheking",
          "DisplayName": "{{i18n: weapon.longlivetheking.name}}",
          "Description": "{{i18n: weapon.longlivetheking.description}}",
          "MinDamage": 125,
          "MaxDamage": 150,
          "Knockback": 1,
          "Speed": 6,
          "Precision": 100,
          "Defense": 3,
          "CritChance": 0.1,
          "CritMultiplier": 3.0,
          "Type": 3,
          "Texture": "Textures/DN.SnS/SnSObjects",
          "SpriteIndex": 45,
          "CanBeLostOnDeath": false
        },
        "{{ModID}}_longlivetheking_gun": {
          "Name": "{{ModID}}_longlivetheking_gun",
          "DisplayName": "{{i18n: weapon.longlivetheking-gun.name}}",
          "Description": "{{i18n: weapon.longlivetheking-gun.description}}",
          "Texture": "Textures/DN.SnS/SnSObjects",
          "SpriteIndex": 90,
          "Speed": 308, // All slingshots have this for some reason?,
          "CustomFields": {
            "Bow": true,
            "Bullets": true
          }
        },
        "{{ModID}}_spellbinder": {
          "Name": "{{ModID}}_spellbinder",
          "DisplayName": "{{i18n: weapon.spellbinder.name}}",
          "Description": "{{i18n: weapon.spellbinder.description}}",
          "MinDamage": 40,
          "MaxDamage": 80,
          "Knockback": 1,
          "Speed": 2,
          "Precision": 50,
          "Defense": 1,
          "CritChance": 0.06,
          "CritMultiplier": 3.0,
          "Type": 3,
          "Texture": "Textures/DN.SnS/SnSObjects",
          "SpriteIndex": 65,
          "CanBeLostOnDeath": true,
          "Price": "15000"
        },
        "{{ModID}}_threewishes": {
          "Name": "{{ModID}}_threewishes",
          "DisplayName": "{{i18n: weapon.threewishes.name}}",
          "Description": "{{i18n: weapon.threewishes.description}}",
          "MinDamage": 70,
          "MaxDamage": 80,
          "Knockback": 1,
          "Speed": 2,
          "Precision": 100,
          "Defense": 1,
          "CritChance": 0.03,
          "CritMultiplier": 3.0,
          "Type": 3,
          "Texture": "Textures/DN.SnS/SnSObjects",
          "SpriteIndex": 66,
          "CanBeLostOnDeath": true,
          "Price": "15000"
        },
        "{{ModID}}_ladyluck": {
          "Name": "{{ModID}}_ladyluck",
          "DisplayName": "{{i18n: weapon.ladyluck.name}}",
          "Description": "{{i18n: weapon.ladyluck.description}}",
          "MinDamage": 70,
          "MaxDamage": 80,
          "Knockback": 1,
          "Speed": 2,
          "Precision": 100,
          "Defense": 1,
          "CritChance": 0.03,
          "CritMultiplier": 3.0,
          "Type": 3,
          "Texture": "Textures/DN.SnS/SnSObjects",
          "SpriteIndex": 67,
          "CanBeLostOnDeath": true,
          "Price": "15000"
        },
        "{{ModID}}_mrhandy": {
          "Name": "{{ModID}}_mrhandy",
          "DisplayName": "{{i18n: weapon.mrhandy.name}}",
          "Description": "{{i18n: weapon.mrhandy.description}}",
          "MinDamage": 30,
          "MaxDamage": 40,
          "Knockback": 3,
          "Speed": -1,
          "Precision": 100,
          "Defense": 1,
          "CritChance": 0.03,
          "CritMultiplier": 3.0,
          "Type": 2,
          "Texture": "Textures/DN.SnS/SnSObjects",
          "SpriteIndex": 68,
          "MineBaseLevel": 60,
          "MineMinLevel": 60,
          "CanBeLostOnDeath": true,
          "Price": "5000"
        },
        "{{ModID}}_bondofflame": {
          "Name": "{{ModID}}_bondofflame",
          "DisplayName": "{{i18n: weapon.bondofflame.name}}",
          "Description": "{{i18n: weapon.bondofflame.description}}",
          "MinDamage": 80,
          "MaxDamage": 90,
          "Knockback": 3,
          "Speed": 3,
          "Precision": 100,
          "Defense": 2,
          "CritChance": 0.03,
          "CritMultiplier": 3.0,
          "Type": 3,
          "Texture": "Textures/DN.SnS/SnSObjects",
          "SpriteIndex": 69,
          "CanBeLostOnDeath": true,
          "Price": "15000"
        },
        "{{ModID}}_destinysembrace": {
          "Name": "{{ModID}}_destinysembrace",
          "DisplayName": "{{i18n: weapon.destinysembrace.name}}",
          "Description": "{{i18n: weapon.destinysembrace.description}}",
          "MinDamage": 60,
          "MaxDamage": 70,
          "Knockback": 1,
          "Speed": 5,
          "Precision": 100,
          "Defense": 1,
          "CritChance": 0.03,
          "CritMultiplier": 3.0,
          "Type": 2,
          "Texture": "Textures/DN.SnS/SnSObjects",
          "SpriteIndex": 70,
          "CanBeLostOnDeath": true,
          "Price": "15000"
        },
        "{{ModID}}_sweetmemories": {
          "Name": "{{ModID}}_sweetmemories",
          "DisplayName": "{{i18n: weapon.sweetmemories.name}}",
          "Description": "{{i18n: weapon.sweetmemories.description}}",
          "MinDamage": 60,
          "MaxDamage": 70,
          "Knockback": 1,
          "Speed": 5,
          "Precision": 100,
          "Defense": 1,
          "CritChance": 0.03,
          "CritMultiplier": 3.0,
          "Type": 2,
          "Texture": "Textures/DN.SnS/SnSObjects",
          "SpriteIndex": 71,
          "CanBeLostOnDeath": true,
          "Price": "15000"
        },
        "{{ModID}}_axewaquestion": {
          "Name": "{{ModID}}_axewaquestion",
          "DisplayName": "{{i18n: weapon.axewaquestion.name}}",
          "Description": "{{i18n: weapon.axewaquestion.description}}",
          "MinDamage": 40,
          "MaxDamage": 70,
          "Knockback": 4,
          "Speed": -1,
          "Precision": 100,
          "Defense": 2,
          "CritChance": 0.03,
          "CritMultiplier": 3.0,
          "Type": 3,
          "Texture": "Textures/DN.SnS/SnSObjects",
          "SpriteIndex": 72,
          "MineBaseLevel": 60,
          "MineMinLevel": 60,
          "CanBeLostOnDeath": true,
          "Price": "5000"
        },
        "{{ModID}}_guardianbell": {
          "Name": "{{ModID}}_guardianbell",
          "DisplayName": "{{i18n: weapon.guardianbell.name}}",
          "Description": "{{i18n: weapon.guardianbell.description}}",
          "MinDamage": 70,
          "MaxDamage": 100,
          "Knockback": 4,
          "Speed": -1,
          "Precision": 100,
          "Defense": 3,
          "CritChance": 0.03,
          "CritMultiplier": 3.0,
          "Type": 2,
          "Texture": "Textures/DN.SnS/SnSObjects",
          "SpriteIndex": 73,
          "CanBeLostOnDeath": true,
          "Price": "15000"
        },
        "{{ModID}}_absolem": {
          "Name": "{{ModID}}_absolem",
          "DisplayName": "{{i18n: weapon.absolem.name}}",
          "Description": "{{i18n: weapon.absolem.description}}",
          "MinDamage": 60,
          "MaxDamage": 80,
          "Knockback": 4,
          "Speed": -1,
          "Precision": 100,
          "Defense": 2,
          "CritChance": 0.03,
          "CritMultiplier": 3.0,
          "Type": 2,
          "Texture": "Textures/DN.SnS/SnSObjects",
          "SpriteIndex": 74,
          "MineBaseLevel": 80,
          "MineMinLevel": 80,
          "CanBeLostOnDeath": true,
          "Price": "5000"
        },
        "{{ModID}}_mallymkun": {
          "Name": "{{ModID}}_mallymkun",
          "DisplayName": "{{i18n: weapon.mallymkun.name}}",
          "Description": "{{i18n: weapon.mallymkun.description}}",
          "MinDamage": 80,
          "MaxDamage": 90,
          "Knockback": 4,
          "Speed": 2,
          "Precision": 100,
          "Defense": 2,
          "CritChance": 0.03,
          "CritMultiplier": 3.0,
          "Type": 2,
          "Texture": "Textures/DN.SnS/SnSObjects",
          "SpriteIndex": 75,
          "MineBaseLevel": 80,
          "MineMinLevel": 80,
          "CanBeLostOnDeath": true,
          "Price": "7000"
        },
        "{{ModID}}_chilisauce": {
          "Name": "{{ModID}}_chilisauce",
          "DisplayName": "{{i18n: weapon.chilisauce.name}}",
          "Description": "{{i18n: weapon.chilisauce.description}}",
          "MinDamage": 40,
          "MaxDamage": 60,
          "Knockback": 1,
          "Speed": 2,
          "Precision": 90,
          "Defense": 2,
          "CritChance": 0.02,
          "CritMultiplier": 3.0,
          "Type": 2,
          "Texture": "Textures/DN.SnS/SnSObjects",
          "SpriteIndex": 51,
          "MineBaseLevel": 60,
          "MineMinLevel": 60,
          "CanBeLostOnDeath": true,
          "Price": "5000"
        },
        "{{ModID}}_StygiumBlade": {
          "Name": "{{ModID}}_StygiumBlade",
          "DisplayName": "{{i18n: weapon.stygium-blade.name}}",
          "Description": "{{i18n: weapon.stygium-blade.description}}",
          "MinDamage": 80,
          "MaxDamage": 100,
          "Knockback": 1,
          "Speed": 4,
          "Precision": 100,
          "Defense": 1,
          "CritChance": 0.275,
          "CritMultiplier": 3.5,
          "Type": 3,
          "Texture": "Textures/DN.SnS/StygiumTools",
          "SpriteIndex": 0,
          "CanBeLostOnDeath": false,
          "Price": 100000
        },
        "{{ModID}}_ElysiumBlade": {
          "Name": "{{ModID}}_ElysiumBlade",
          "DisplayName": "{{i18n: weapon.elysium-blade.name}}",
          "Description": "{{i18n: weapon.elysium-blade.description}}",
          "MinDamage": 100,
          "MaxDamage": 125,
          "Knockback": 1,
          "Speed": 4,
          "Precision": 100,
          "Defense": 1,
          "CritChance": 0.35,
          "CritMultiplier": 4.0,
          "Type": 3,
          "Texture": "Textures/DN.SnS/BlessedTools",
          "SpriteIndex": 0,
          "CanBeLostOnDeath": false,
          "Price": 25000
        },
        "{{ModID}}_StilesBoomerang": {
          "Name": "{{ModID}}_StilesBoomerang",
          "DisplayName": "{{i18n: weapon.stiles-boomerang.name}}",
          "Description": "{{i18n: weapon.stiles-boomerang.description}}",
          "MinDamage": 10,
          "MaxDamage": 15,
          "Type": 3,
          "Texture": "Textures/DN.SnS/SnSObjects",
          "SpriteIndex": 126,
          "CanBeLostOnDeath": false,
          "Price": "150",
          "CustomFields": {
            "{{ModID}}_Shield": true,
            "{{ModID}}_Boomerang": true,
            "ArmorValue": 1
          }
        },
        //SHIELDS
        "{{ModID}}_PaladinShield": {
          "Name": "{{ModID}}_PaladinShield",
          "DisplayName": "{{i18n: weapon.paladin-shield.name}}",
          "Description": "{{i18n: weapon.paladin-shield.description}}",
          "MinDamage": 80,
          "MaxDamage": 100,
          "Knockback": 1,
          "Speed": 2,
          "Precision": 90,
          "Defense": 2,
          "CritChance": 0.02,
          "CritMultiplier": 3.0,
          "Type": 3,
          "Texture": "Textures/DN.SnS/SnSObjects",
          "SpriteIndex": 16,
          "CanBeLostOnDeath": false,
          "Price": "5000",
          "CustomFields": {
            "{{ModID}}_Shield": true,
            "ArmorValue": 35
          }
        },
        "{{ModID}}_ArtificerShield": {
          "Name": "{{ModID}}_ArtificerShield",
          "DisplayName": "{{i18n: weapon.artificer-shield.name}}",
          "Description": "{{i18n: weapon.artificer-shield.description}}",
          "MinDamage": 80,
          "MaxDamage": 100,
          "Knockback": 1,
          "Speed": 2,
          "Precision": 90,
          "Defense": 2,
          "CritChance": 0.02,
          "CritMultiplier": 3.0,
          "Type": 3,
          "Texture": "Textures/DN.SnS/SnSObjects",
          "SpriteIndex": 103,
          "CanBeLostOnDeath": false,
          "Price": "5000",
          "CustomFields": {
            "{{ModID}}_Shield": true,
            "ArmorValue": 35
          }
        },
        "{{ModID}}_DruidShield": {
          "Name": "{{ModID}}_DruidShield",
          "DisplayName": "{{i18n: weapon.druid-shield.name}}",
          "Description": "{{i18n: weapon.druid-shield.description}}",
          "MinDamage": 80,
          "MaxDamage": 100,
          "Knockback": 1,
          "Speed": 2,
          "Precision": 90,
          "Defense": 2,
          "CritChance": 0.02,
          "CritMultiplier": 3.0,
          "Type": 3,
          "Texture": "Textures/DN.SnS/SnSObjects",
          "SpriteIndex": 104,
          "CanBeLostOnDeath": false,
          "Price": "5000",
          "CustomFields": {
            "{{ModID}}_Shield": true,
            "ArmorValue": 35
          }
        },
        "{{ModID}}_BardShield": {
          "Name": "{{ModID}}_BardShield",
          "DisplayName": "{{i18n: weapon.bard-shield.name}}",
          "Description": "{{i18n: weapon.bard-shield.description}}",
          "MinDamage": 80,
          "MaxDamage": 100,
          "Knockback": 1,
          "Speed": 2,
          "Precision": 90,
          "Defense": 2,
          "CritChance": 0.02,
          "CritMultiplier": 3.0,
          "Type": 3,
          "Texture": "Textures/DN.SnS/SnSObjects",
          "SpriteIndex": 105,
          "CanBeLostOnDeath": false,
          "Price": "5000",
          "CustomFields": {
            "{{ModID}}_Shield": true,
            "ArmorValue": 35
          }
        },
        "{{ModID}}_SorcererShield": {
          "Name": "{{ModID}}_SorcererShield",
          "DisplayName": "{{i18n: weapon.sorcerer-shield.name}}",
          "Description": "{{i18n: weapon.sorcerer-shield.description}}",
          "MinDamage": 80,
          "MaxDamage": 100,
          "Knockback": 1,
          "Speed": 2,
          "Precision": 90,
          "Defense": 2,
          "CritChance": 0.02,
          "CritMultiplier": 3.0,
          "Type": 3,
          "Texture": "Textures/DN.SnS/SnSObjects",
          "SpriteIndex": 106,
          "CanBeLostOnDeath": false,
          "Price": "5000",
          "CustomFields": {
            "{{ModID}}_Shield": true,
            "ArmorValue": 35
          }
        },
        /*"{{ModID}}_LltkShield": {
            "Name": "{{ModID}}_LltkShield",
            "DisplayName": "{{i18n: weapon.lltk-shield.name}}",
            "Description": "{{i18n: weapon.lltk-shield.description}}",
            "MinDamage": 100,
            "MaxDamage": 125,
            "Knockback": 1,
            "Speed": 6,
            "Precision": 100,
            "Defense": 3,
            "CritChance": 0.1,
            "CritMultiplier": 3.0,
            "Type": 3,
            "Texture": "Textures/DN.SnS/SnSObjects",
            "SpriteIndex": 108,
            "CanBeLostOnDeath": false,
            "Price": "5000",
            "CustomFields": { "{{ModID}}_Shield": true, "ArmorValue": 35 }
          },*/
        "{{ModID}}_WoodenShield": {
          "Name": "{{ModID}}_WoodenShield",
          "DisplayName": "{{i18n: weapon.wooden-shield.name}}",
          "Description": "{{i18n: weapon.wooden-shield.description}}",
          "MinDamage": 2,
          "MaxDamage": 3,
          "Type": 3,
          "Texture": "Textures/DN.SnS/SnSObjects",
          "SpriteIndex": 128,
          "CanBeLostOnDeath": true,
          "Price": "500",
          "CustomFields": {
            "{{ModID}}_Shield": true,
            "ArmorValue": 2
          }
        },
        "{{ModID}}_CopperShield": {
          "Name": "{{ModID}}_CopperShield",
          "DisplayName": "{{i18n: weapon.copper-shield.name}}",
          "Description": "{{i18n: weapon.copper-shield.description}}",
          "MinDamage": 10,
          "MaxDamage": 15,
          "Type": 3,
          "Texture": "Textures/DN.SnS/SnSObjects",
          "SpriteIndex": 121,
          "CanBeLostOnDeath": false,
          "Price": "5000",
          "CustomFields": {
            "{{ModID}}_Shield": true,
            "ArmorValue": 5
          }
        },
        "{{ModID}}_IronShield": {
          "Name": "{{ModID}}_IronShield",
          "DisplayName": "{{i18n: weapon.steel-shield.name}}",
          "Description": "{{i18n: weapon.steel-shield.description}}",
          "MinDamage": 20,
          "MaxDamage": 25,
          "Type": 3,
          "Texture": "Textures/DN.SnS/SnSObjects",
          "SpriteIndex": 107,
          "CanBeLostOnDeath": false,
          "Price": "5000",
          "CustomFields": {
            "{{ModID}}_Shield": true,
            "ArmorValue": 10
          }
        },
        "{{ModID}}_GoldShield": {
          "Name": "{{ModID}}_GoldShield",
          "DisplayName": "{{i18n: weapon.gold-shield.name}}",
          "Description": "{{i18n: weapon.gold-shield.description}}",
          "MinDamage": 25,
          "MaxDamage": 30,
          "Type": 3,
          "Texture": "Textures/DN.SnS/SnSObjects",
          "SpriteIndex": 122,
          "CanBeLostOnDeath": false,
          "Price": "5000",
          "CustomFields": {
            "{{ModID}}_Shield": true,
            "ArmorValue": 15
          }
        },
        "{{ModID}}_IridiumShield": {
          "Name": "{{ModID}}_IridiumShield",
          "DisplayName": "{{i18n: weapon.iridium-shield.name}}",
          "Description": "{{i18n: weapon.iridium-shield.description}}",
          "MinDamage": 35,
          "MaxDamage": 40,
          "Type": 3,
          "Texture": "Textures/DN.SnS/SnSObjects",
          "SpriteIndex": 123,
          "CanBeLostOnDeath": false,
          "Price": "5000",
          "CustomFields": {
            "{{ModID}}_Shield": true,
            "ArmorValue": 20
          }
        },
        "{{ModID}}_RadioactiveShield": {
          "Name": "{{ModID}}_RadioactiveShield",
          "DisplayName": "{{i18n: weapon.radioactive-shield.name}}",
          "Description": "{{i18n: weapon.radioactive-shield.description}}",
          "MinDamage": 45,
          "MaxDamage": 50,
          "Type": 3,
          "Texture": "Textures/DN.SnS/SnSObjects",
          "SpriteIndex": 124,
          "CanBeLostOnDeath": false,
          "Price": "5000",
          "CustomFields": {
            "{{ModID}}_Shield": true,
            "ArmorValue": 25
          }
        },
        "{{ModID}}_StygiumShield": {
          "Name": "{{ModID}}_StygiumShield",
          "DisplayName": "{{i18n: weapon.stygium-shield.name}}",
          "Description": "{{i18n: weapon.stygium-shield.description}}",
          "MinDamage": 55,
          "MaxDamage": 60,
          "Type": 3,
          "Texture": "Textures/DN.SnS/SnSObjects",
          "SpriteIndex": 125,
          "CanBeLostOnDeath": false,
          "Price": "5000",
          "CustomFields": {
            "{{ModID}}_Shield": true,
            "ArmorValue": 30
          }
        }
      }
    },
    {
      "Action": "EditData",
      "Target": "Data/CraftingRecipes",
      "Entries": {
        "{{ModID}}_ElysiumBlade": "{{ModID}}_StygiumBlade 1 {{ModID}}_DuskspireHeart 1/hoot/{{ModID}}_ElysiumBlade 1/false/none/{{i18n: weapon.elysium-blade.name}}",
        "{{ModID}}_WoodenShield": "388 10/hoot/{{ModID}}_WoodenShield 1/false/default/{{i18n: weapon.wooden-shield.name}}",
        "{{ModID}}_CopperShield": "334 10 {{ModID}}_WoodenShield/hoot/{{ModID}}_CopperShield 1/false/default/{{i18n: weapon.copper-shield.name}}",
        "{{ModID}}_IronShield": "{{ModID}}_CopperShield 1 335 10/hoot/{{ModID}}_IronShield 1/false/default/{{i18n: weapon.steel-shield.name}}",
        "{{ModID}}_GoldShield": "{{ModID}}_IronShield 1 336 10/hoot/{{ModID}}_GoldShield 1/false/default/{{i18n: weapon.gold-shield.name}}",
        "{{ModID}}_IridiumShield": "{{ModID}}_GoldShield 1 337 10/hoot/{{ModID}}_IridiumShield 1/false/default/{{i18n: weapon.iridium-shield.name}}",
        "{{ModID}}_RadioactiveShield": "{{ModID}}_IridiumShield 1 910 10/hoot/{{ModID}}_RadioactiveShield 1/false/default/{{i18n: weapon.radioactive-shield.name}}",
        "{{ModID}}_StygiumShield": "{{ModID}}_RadioactiveShield 1 {{ModID}}_StygiumBar 10/hoot/{{ModID}}_StygiumShield 1/false/default/{{i18n: weapon.stygium-shield.name}}"
      }
    },
    {
      "Action": "EditData",
      "Target": "spacechase0.SpaceCore/CraftingRecipeOverrides",
      "Entries": {
        "{{ModID}}_ElysiumBlade": {
          "ProductQualifiedId": "(W){{ModID}}_ElysiumBlade",
          "ProductAmount": 1,
          "Ingredients": [
            {
              "Type": "Item",
              "Value": "(W){{ModID}}_StygiumBlade",
              "Amount": 1
            },
            {
              "Type": "Item",
              "Value": "(O){{ModID}}_DuskspireHeart",
              "Amount": 1
            }
          ]
        },
        "{{ModID}}_CopperShield": {
          "ProductQualifiedId": "(W){{ModID}}_CopperShield",
          "ProductAmount": 1,
          "Ingredients": [
            {
              "Type": "Item",
              "Value": "(W){{ModID}}_WoodenShield",
              "Amount": 1
            },
            {
              "Type": "Item",
              "Value": "(O)334",
              "Amount": 10
            }
          ]
        },
        "{{ModID}}_IronShield": {
          "ProductQualifiedId": "(W){{ModID}}_IronShield",
          "ProductAmount": 1,
          "Ingredients": [
            {
              "Type": "Item",
              "Value": "(W){{ModID}}_CopperShield",
              "Amount": 1
            },
            {
              "Type": "Item",
              "Value": "(O)335",
              "Amount": 10
            }
          ]
        },
        "{{ModID}}_GoldShield": {
          "ProductQualifiedId": "(W){{ModID}}_GoldShield",
          "ProductAmount": 1,
          "Ingredients": [
            {
              "Type": "Item",
              "Value": "(W){{ModID}}_IronShield",
              "Amount": 1
            },
            {
              "Type": "Item",
              "Value": "(O)336",
              "Amount": 10
            }
          ]
        },
        "{{ModID}}_IridiumShield": {
          "ProductQualifiedId": "(W){{ModID}}_IridiumShield",
          "ProductAmount": 1,
          "Ingredients": [
            {
              "Type": "Item",
              "Value": "(W){{ModID}}_GoldShield",
              "Amount": 1
            },
            {
              "Type": "Item",
              "Value": "(O)337",
              "Amount": 10
            }
          ]
        },
        "{{ModID}}_RadioactiveShield": {
          "ProductQualifiedId": "(W){{ModID}}_RadioactiveShield",
          "ProductAmount": 1,
          "Ingredients": [
            {
              "Type": "Item",
              "Value": "(W){{ModID}}_IridiumShield",
              "Amount": 1
            },
            {
              "Type": "Item",
              "Value": "(O)910",
              "Amount": 10
            }
          ]
        },
        "{{ModID}}_StygiumShield": {
          "ProductQualifiedId": "(W){{ModID}}_StygiumShield",
          "ProductAmount": 1,
          "Ingredients": [
            {
              "Type": "Item",
              "Value": "{{StygiumShieldIngredient}}",
              "Amount": 1
            },
            {
              "Type": "Item",
              "Value": "(O){{ModID}}_StygiumBar",
              "Amount": 10
            }
          ]
        },
        "{{ModID}}_Bow": {
          "ProductQualifiedId": "(W){{ModId}}_Bow",
          "ProductAmount": 1,
          "Ingredients": [
            {
              "Type": "Item",
              "Value": "(O)709",
              "Amount": 10
            }
          ]
        }
      }
    }
  ]
}