{
  "Changes": [
    {
      "Action": "EditData",
      "Target": "Data/Objects",
      "Entries": {
        "{{ModID}}_druidicessence": {
          "Name": "{{ModID}}_druidicessencee",
          "DisplayName": "{{i18n: magicitem.druidicessence.name}}",
          "Description": "{{i18n: magicitem.druidicessence.description}}",
          "Type": "Basic",
          "Category": -29,
          "Price": 0,
          "Edibility": -300,
          "IsDrink": false,
          "ExcludeFromShippingCollection": "{{ExcludeFromPerfection}}",
          "Texture": "Textures/DN.SnS/SnSObjects",
          "SpriteIndex": 5,
          "ContextTags": [ "essence_item", "item_druidic_essence", "sns_essence_item", "color_dark_cyan" ]
        },

        "{{ModID}}_adventureguildbadge": {
          "Name": "{{ModID}}_adventureguildbadge",
          "DisplayName": "{{i18n: magicitem.adventureguildbadge.name}}",
          "Description": "{{i18n: magicitem.adventureguildbadge.description}}",
          "Type": "Ring",
          "Category": -96,
          "Price": 0,
          "Edibility": -300,
          "IsDrink": false,
          "ExcludeFromShippingCollection": true,
          "Texture": "Textures/DN.SnS/SnSObjects",
          "SpriteIndex": 6
        },

        "{{ModID}}_pressedcrocus": {
          "Name": "{{ModID}}_pressedcrocus",
          "DisplayName": "{{i18n: magicitem.pressedcrocus.name}}",
          "Description": "{{i18n: magicitem.pressedcrocus.description}}",
          "Type": "Ring",
          "Category": -96,
          "Price": 0,
          "Edibility": -300,
          "IsDrink": false,
          "ExcludeFromShippingCollection": true,
          "Texture": "Textures/DN.SnS/SnSObjects",
          "SpriteIndex": 133
        },

        "{{ModID}}_destykeychain": {
          "Name": "{{ModID}}_destykeychain",
          "DisplayName": "{{i18n: magicitem.destykeychain.name}}",
          "Description": "{{i18n: magicitem.destykeychain.description}}",
          "Type": "Basic",
          "Price": 0,
          "Edibility": -300,
          "IsDrink": false,
          "ExcludeFromShippingCollection": true,
          "Texture": "Textures/DN.SnS/SnSObjects",
          "ContextTags": [ "keychain_item" ],
          "SpriteIndex": 101
        }

        /*
          "{{ModID}}_brokenshield": {
          "Name": "Broken Argentis Shield",
          "DisplayName": "{{i18n: magicitem.brokenshield.name}}",
          "Description": "{{i18n: magicitem.brokenshield.description}}",
          "Type": "Basic",
          "Price": 0,
          "Edibility": -300,
          "IsDrink": false,
          "ExcludeFromShippingCollection": "{{ExcludeFromPerfection}}",
          "Texture": "Textures/DN.SnS/SnSObjects",
          "SpriteIndex": 14
        },

        "{{ModID}}_repairedshield": {
          "Name": "Repaired Argentis Shield",
          "DisplayName": "{{i18n: magicitem.repairedshield.name}}",
          "Description": "{{i18n: magicitem.repairedshield.description}}",
          "Type": "Basic",
          "Price": 0,
          "Edibility": -300,
          "IsDrink": false,
          "ExcludeFromShippingCollection": "{{ExcludeFromPerfection}}",
          "Texture": "Textures/DN.SnS/SnSObjects",
          "SpriteIndex": 15
      },

        "{{ModID}}_argentisshield": {
          "Name": "Empowered Argentis Shield",
          "DisplayName": "{{i18n: magicitem.argentisshield.name}}",
          "Description": "{{i18n: magicitem.argentisshield.description}}",
          "Type": "Basic",
          "Price": 0,
          "Edibility": -300,
          "IsDrink": false,
          "ExcludeFromShippingCollection": "{{ExcludeFromPerfection}}",
          "Texture": "Textures/DN.SnS/SnSObjects",
          "SpriteIndex": 16,
        },

        "{{ModID}}_druidictotemfetish": {
          "Name": "Druidic Totem Fetish",
          "DisplayName": "{{i18n: magicitem.druidictotemfetish.name}}",
          "Description": "{{i18n: magicitem.druidictotemfetish.description}}",
          "Type": "Basic",
          "Price": 0,
          "Edibility": -300,
          "IsDrink": false,
          "ExcludeFromShippingCollection": "{{ExcludeFromPerfection}}",
          "Texture": "Textures/DN.SnS/SnSObjects",
          "SpriteIndex": 31
        },

        "{{ModID}}_stygiumstatuette": {
          "Name": "Stygium Statuette",
          "DisplayName": "{{i18n: magicitem.stygiumstatuette.name}}",
          "Description": "{{i18n: magicitem.stygiumstatuette.description}}",
          "Type": "Basic",
          "Price": 0,
          "Edibility": -300,
          "IsDrink": false,
          "ExcludeFromShippingCollection": "{{ExcludeFromPerfection}}",
          "Texture": "Textures/DN.SnS/SnSObjects",
          "SpriteIndex": 32
        },

          "{{ModID}}_druidiceldermask": {
            "Name": "Mask of the Thorned Circle Elder",
            "DisplayName": "{{i18n: magicitem.druidiceldermask.name}}",
            "Description": "{{i18n: magicitem.druidiceldermask.description}}",
            "Type": "Basic",
            "Price": 0,
            "Edibility": -300,
            "IsDrink": false,
            "ExcludeFromShippingCollection": "{{ExcludeFromPerfection}}",
            "Texture": "Textures/DN.SnS/SnSObjects",
            "SpriteIndex": 33
          },
        */
      }
    },
    {
      "LogName": "Keychain Buff",
      "Action": "EditData",
      "Target": "spacechase0.SpaceCore/WearableData",
      "Entries": {
        "(O){{ModID}}_destykeychain": {
          "BuffIdToApply": "{{ModID}}_DestysBuff"
        }
      }
    },
    {
      "LogName": "Desty's Buff",
      "Action": "EditData",
      "Target": "Data/Buffs",
      "Entries": {
        "{{ModID}}_DestysBuff": {
          "DisplayName": "{{i18n:buff.destybuff}}",
          "IconTexture": "Textures/DN.SnS/SnSObjects",
          "IconSpriteIndex": 102,
          "Effects": {
            "Attack": 20
          }
        }
      }
    },
    // CRAFTING RECIPES 
    /*
    {
      "Action": "EditData",
      "Target": "Data/CraftingRecipes",
      "Entries": {
        "Druidic Totem Fetish": "{{ModID}}_druidicessence 50/what is this for?/{{ModID}}_druidictotemfetish 1/false/null/{{i18n:magicitem.druidictotemfetish.name}}",
      }
    },
    */
    {
      "Action": "EditData",
      "Target": "spacechase0.SpaceCore/ObjectExtensionData",
      "Entries": {
        "{{ModID}}_ancientazuredetura.seed": {
          "CategoryTextOverride": "{{i18n:category.druidic}}",
          "CategoryColorOverride": {
            "R": 48,
            "G": 162,
            "B": 218,
            "A": 255
          }
        },
        "{{ModID}}_druidicessence": {
          "CategoryTextOverride": "{{i18n:category.druidic}}",
          "CategoryColorOverride": {
            "R": 48,
            "G": 162,
            "B": 218,
            "A": 255
          }
        },
        "{{ModID}}_druidictotemfetish": {
          "CategoryTextOverride": "{{i18n:category.druidic}}",
          "CategoryColorOverride": {
            "R": 48,
            "G": 162,
            "B": 218,
            "A": 255
          }
        },
        "{{ModID}}_druidiceldermask": {
          "CategoryTextOverride": "{{i18n:category.druidic}}",
          "CategoryColorOverride": {
            "R": 48,
            "G": 162,
            "B": 218,
            "A": 255
          }
        },
        "{{ModID}}_brokenshield": {
          "CategoryTextOverride": "{{i18n:category.sheild}}",
          "CanBeShipped": false,
          "CanBeTrashed": false,
          "HideFromShippingCollection": true,
          "MaxStackSizeOverride": 1
        },
        "{{ModID}}_repairedshield": {
          "CategoryTextOverride": "{{i18n:category.sheild}}",
          "CanBeShipped": false,
          "CanBeTrashed": false,
          "HideFromShippingCollection": true,
          "MaxStackSizeOverride": 1
        },
        "{{ModID}}_argentisshield": {
          "CategoryTextOverride": "{{i18n:category.sheild}}",
          "CanBeShipped": false,
          "CanBeTrashed": false,
          "HideFromShippingCollection": true,
          "MaxStackSizeOverride": 1
        },
        "{{ModID}}_stygiumstatuette": {
          "CategoryTextOverride": "{{i18n:category.corruptedobject}}"
        }
      }
    }
  ]
}